RECORD_ID,LOADED_AT,ATHLETE_NAME_RAW,ATHLETE_NAME_ORIGINAL,ATHLETE_LAST_NAME,ATHLETE_FIRST_NAME,ATHLETE_DISPLAY_NAME,RACE_DATE,COMPETITION,PLACE,PHASE,CLASS,COUNTRY,BIB,AGE,RANK,RAW_TIME,TOTAL_PENALTIES,TOTAL_PENALTIES_SECONDS,TOTAL_TIME,TOTAL_TIME_SECONDS,GATE01,GATE02,GATE03,GATE04,GATE05,GATE06,GATE07,GATE08,GATE09,GATE10,GATE11,GATE12,GATE13,GATE14,GATE15,GATE16,GATE17,GATE18,GATE19,GATE20,GATE21,GATE22,GATE23,GATE24,GATE25,GATE_START,GATE_ROLL
f9c4a732efd408d2b5044f9e6d0ceea0,2026-02-03 15:46:38,Hannes AIGNER,Hannes AIGNER,AIGNER,Hannes,"AIGNER, Hannes",2025-09-06,World Cup Final,Augsburg,Final,MK1,GER,24,36,8,98.49,6,6,104.49,104.49,0,0,0,2,0,0,0,0,2,-,-,-,-,-,-,-,-,-,-,-,-,-,2,-,-,-,-
1fb625655e166ff8de610216638ea4b0,2026-02-03 15:46:38,Hannes AIGNER,Hannes AIGNER,AIGNER,Hannes,"AIGNER, Hannes",2025-09-05,World Cup Final,Augsburg,Semi,MK1,GER,24,36,3,95.02,0,0,95.02,95.02,0,0,0,0,0,0,0,0,0,-,-,-,-,-,-,-,-,-,-,-,-,-,-,-,-,-,-
4cfe55650c97e5c4506b32482ccb5e94,2026-02-03 15:46:38,Hannes AIGNER,Hannes AIGNER,AIGNER,Hannes,"AIGNER, Hannes",2025-09-05,World Cup Final,Augsburg,Heats1,MK1,GER,24,36,10,98.42,0,0,98.42,98.42,0,0,0,0,0,0,0,0,0,-,-,-,-,-,-,-,-,-,-,-,-,-,-,-,-,-,-
8e183a0025e36573ae1a407d16510d6f,2026-02-03 15:46:38,Hannes AIGNER,Hannes AIGNER,AIGNER,Hannes,"AIGNER, Hannes",2025-08-30,World Cup #4,Tacen,Final,MK1,GER,23,36,7,74.65,0,0,74.65,74.65,0,0,0,0,0,0,0,0,0,0,-,-,-,-,-,-,-,-,-,-,-,-,-,-,-,-,-
4dde3a0dedf8064f37afa2bdf5381dd0,2026-02-03 15:46:38,Hannes AIGNER,Hannes AIGNER,AIGNER,Hannes,"AIGNER, Hannes",2025-08-29,World Cup #4,Tacen,Heats1,MK1,GER,23,36,9,75.17,0,0,75.17,75.17,0,0,0,0,0,0,0,0,0,0,-,-,-,-,-,-,-,-,-,-,-,-,-,-,-,-,-
55875ceb63330cd9272072cff10fe9c2,2026-02-03 15:46:38,Hannes AIGNER,Hannes AIGNER,AIGNER,Hannes,"AIGNER, Hannes",2025-06-27,World Cup #3,Prague,Heats1,MK1,GER,18,36,46,89.42,50,50,139.42,139.42,0,0,50,0,0,0,0,0,0,0,-,-,-,-,-,-,-,-,-,-,-,-,-,-,-,-,-
3a7b7d66d2eb6c5c416c1a85a81a9bd4,2026-02-03 15:46:38,Hannes AIGNER,Hannes AIGNER,AIGNER,Hannes,"AIGNER, Hannes",2025-06-27,World Cup Grand Prix - short,Prague,Heats1,MK1,GER,18,36,21,53,0,0,53,53,0,0,0,0,0,0,0,0,0,0,-,-,-,-,-,-,-,-,-,-,-,-,-,-,-,-,-
77d77195eda6a6c0d329ded9e4add957,2026-02-03 15:46:38,Hannes AIGNER,Hannes AIGNER,AIGNER,Hannes,"AIGNER, Hannes",2025-05-16,Euros ,Vaires sur Marne,Heats1,MK1,GER,,36,33,86.97,2,2,88.97,88.97,0,0,0,0,0,0,0,0,0,0,0,0,0,0,0,0,0,0,0,0,0,0,2,-,-,-,-
ab2ca2ac0d9ad5d8b80f87f301898d2e,2026-02-03 15:46:27,Hannes AIGNER,Hannes AIGNER,AIGNER,Hannes,"AIGNER, Hannes",2024-06-15,World Cup #3,Krakow,Semi,MK1,GER,,35,0,0,,,DNS,,0,0,0,0,0,0,0,0,0,0,0,0,0,0,0,0,0,0,0,0,0,0,-,-,-,-,-
3d487ef37d3a5229337467d5f27f110e,2026-02-03 15:46:27,Hannes AIGNER,Hannes AIGNER,AIGNER,Hannes,"AIGNER, Hannes",2024-06-14,World Cup #3,Krakow,Heats1,MK1,GER,,35,15,84.17,0,0,84.17,84.17,0,0,0,0,0,0,0,0,0,0,0,0,0,0,0,0,0,0,0,0,0,0,-,-,-,-,-
16c41226a5b1ec4402f2ec77b0017090,2026-02-03 15:46:27,Hannes AIGNER,Hannes AIGNER,AIGNER,Hannes,"AIGNER, Hannes",2024-06-07,World Cup #2,Prague,Heats1,MK1,GER,,35,18,83.25,4,4,87.25,87.25,0,0,0,0,0,0,0,0,0,0,0,0,0,0,2,0,2,0,0,0,0,0,0,0,-,-,-
ef6183e89a6452d61b4420f889501b71,2026-02-03 15:46:27,Hannes AIGNER,Hannes AIGNER,AIGNER,Hannes,"AIGNER, Hannes",2024-06-01,World Cup #1,Augsburg,Semi,MK1,GER,,35,4,99.3,0,0,99.3,99.3,0,0,0,0,0,0,0,0,0,0,-,-,-,-,-,-,-,-,-,-,-,-,-,-,-,-,-
74b41a4a1f1b74e857eed190f945f78f,2026-02-03 15:46:27,Hannes AIGNER,Hannes AIGNER,AIGNER,Hannes,"AIGNER, Hannes",2024-06-01,World Cup #1,Augsburg,Final,MK1,GER,,35,10,99.45,54,54,153.45,153.45,0,0,0,0,0,0,0,0,2,0,-,-,-,-,-,-,-,-,-,-,-,-,-,-,-,-,-
040323dd5311666d020c85c21402f33f,2026-02-03 15:46:27,Hannes AIGNER,Hannes AIGNER,AIGNER,Hannes,"AIGNER, Hannes",2024-05-31,World Cup #1,Augsburg,Heats1,MK1,GER,,35,2,94.1,0,0,94.1,94.1,0,0,0,0,0,0,0,0,0,0,-,-,-,-,-,-,-,-,-,-,-,-,-,-,-,-,-
c022906de916841cb67280affb59052d,2026-02-03 15:46:27,Hannes AIGNER,Hannes AIGNER,AIGNER,Hannes,"AIGNER, Hannes",2024-03-24,ICF World ranking ,Huningue,Semi,MK1,GER,,35,7,84.87,0,0,84.87,84.87,0,0,0,0,0,0,0,0,0,0,0,0,0,0,0,0,0,0,0,0,0,0,0,-,-,-,-
e3bb97108c090796fd96ebc25332a05e,2026-02-03 15:46:27,Hannes AIGNER,Hannes AIGNER,AIGNER,Hannes,"AIGNER, Hannes",2024-03-24,ICF World ranking ,Huningue,Final,MK1,GER,,35,3,84.05,2,2,86.05,86.05,0,0,0,0,0,0,0,0,0,0,0,0,0,0,0,2,0,0,0,0,0,0,0,-,-,-,-
6bca357b67ca08730d0f3db8ba5f6e85,2026-02-03 15:46:27,Hannes AIGNER,Hannes AIGNER,AIGNER,Hannes,"AIGNER, Hannes",2024-03-23,ICF World ranking ,Huningue,Heats1,MK1,GER,,35,3,85.24,0,0,85.24,85.24,0,0,0,0,0,0,0,0,0,0,0,0,0,0,0,0,0,0,0,0,0,-,-,-,-,-,-
39b6628d31cca500b1696049b42430e9,2026-02-03 15:46:27,Hannes AIGNER,Hannes AIGNER,AIGNER,Hannes,"AIGNER, Hannes",2024-02-10,ICF World ranking ,Ile de la Reunion,Heats1,MK1,GER,,35,2,92.86,0,0,92.86,92.86,0,0,0,0,0,0,0,0,0,0,0,0,0,0,0,0,0,0,0,0,0,0,-,-,-,-,-
64d154b1b766753bc98db7d8a9f2fbbe,2026-02-03 15:46:27,Hannes AIGNER,Hannes AIGNER,AIGNER,Hannes,"AIGNER, Hannes",2024-02-10,ICF World ranking ,Ile de la Reunion,Final,MK1,GER,,35,4,93.88,0,0,93.88,93.88,0,0,0,0,0,0,0,0,0,0,0,0,0,0,0,0,0,0,0,0,0,0,-,-,-,-,-
e877a32044cd8bc499b4bb033a806148,2026-02-03 15:46:16,Hannes AIGNER,Hannes AIGNER,AIGNER,Hannes,"AIGNER, Hannes",2023-10-07,World Cup final,Vaires sur Marne,Semi,MK1,GER,,34,2,90.43,0,0,90.43,90.43,0,0,0,0,0,0,0,0,0,0,0,0,0,0,0,0,0,0,0,0,0,-,-,-,-,-,-
7847c9be8126a4eb1fa7b7351655432e,2026-02-03 15:46:16,Hannes AIGNER,Hannes AIGNER,AIGNER,Hannes,"AIGNER, Hannes",2023-10-07,World Cup final,Vaires sur Marne,Final,MK1,GER,,34,11,96.65,4,4,100.65,100.65,0,0,0,0,0,0,0,0,0,0,0,0,0,0,0,0,0,2,0,2,0,-,-,-,-,-,-
24b006f153092051fe1f98a77301a9b4,2026-02-03 15:46:16,Hannes AIGNER,Hannes AIGNER,AIGNER,Hannes,"AIGNER, Hannes",2023-10-06,World Cup final,Vaires sur Marne,Heats2,MK1,GER,,34,47,93.98,50,50,143.98,143.98,0,0,0,0,0,0,0,0,0,0,0,0,0,0,0,0,0,0,0,0,50,-,-,-,-,-,-
247f0b84c5b4558bef24810b88b84a15,2026-02-03 15:46:16,Hannes AIGNER,Hannes AIGNER,AIGNER,Hannes,"AIGNER, Hannes",2023-10-06,World Cup final,Vaires sur Marne,Heats1,MK1,GER,,34,6,91.01,0,0,91.01,91.01,0,0,0,0,0,0,0,0,0,0,0,0,0,0,0,0,0,0,0,0,0,-,-,-,-,-,-
6f143013de8417a3a090af75f43b763a,2026-02-03 15:46:16,Hannes AIGNER,Hannes AIGNER,AIGNER,Hannes,"AIGNER, Hannes",2023-09-23,World Championships ,Lee Valley,Semi,MK1,GER,,34,29,95.42,4,4,99.42,99.42,0,0,0,0,0,2,0,0,0,0,0,0,0,0,0,0,0,0,2,0,0,0,-,-,-,-,-
da9176890f01bb9d5829915f3649f03f,2026-02-03 15:46:16,Hannes AIGNER,Hannes AIGNER,AIGNER,Hannes,"AIGNER, Hannes",2023-09-22,World Championships ,Lee Valley,Heats1,MK1,GER,,34,28,84.11,0,0,84.11,84.11,0,0,0,0,0,0,0,0,0,0,0,0,0,0,0,0,0,0,0,0,0,0,0,-,-,-,-
de60d082e1bc0b2a1d24de5217dfab8b,2026-02-03 15:46:16,Hannes AIGNER,Hannes AIGNER,AIGNER,Hannes,"AIGNER, Hannes",2023-09-01,World Cup #4,La Seu,Heats1,MK1,GER,,34,23,94.7,0,0,94.7,94.7,0,0,0,0,0,0,0,0,0,0,0,0,0,0,0,0,0,0,0,0,0,0,-,-,-,-,-
0dca048b921d7bc57f86be759ec6ddd7,2026-02-03 15:46:16,Hannes AIGNER,Hannes AIGNER,AIGNER,Hannes,"AIGNER, Hannes",2023-07-02,Euros European Games,Krakow,Semi,MK1,GER,,34,12,92.88,0,0,92.88,92.88,0,0,0,0,0,0,0,0,0,0,0,0,0,0,0,0,0,0,0,0,0,-,-,-,-,-,-
d479dc60954b877c99bda4a7db4d3e23,2026-02-03 15:46:16,Hannes AIGNER,Hannes AIGNER,AIGNER,Hannes,"AIGNER, Hannes",2023-06-30,Euros European Games,Krakow,Heats1,MK1,GER,,34,18,88.56,0,0,88.56,88.56,0,0,0,0,0,0,0,0,0,0,0,0,0,0,0,0,0,0,0,0,0,-,-,-,-,-,-
f04162a551230fa705a02eb7d47c0da7,2026-02-03 15:46:16,Hannes AIGNER,Hannes AIGNER,AIGNER,Hannes,"AIGNER, Hannes",2023-06-16,World Cup #3,Tacen,Semi,MK1,GER,,34,7,90.35,0,0,90.35,90.35,0,0,0,0,0,0,0,0,0,0,0,0,0,0,0,0,0,0,0,0,0,0,0,-,-,-,-
d8e6f59083129a4242ce642406f1d86c,2026-02-03 15:46:16,Hannes AIGNER,Hannes AIGNER,AIGNER,Hannes,"AIGNER, Hannes",2023-06-16,World Cup #3,Tacen,Final,MK1,GER,,34,4,90.67,0,0,90.67,90.67,0,0,0,0,0,0,0,0,0,0,0,0,0,0,0,0,0,0,0,0,0,0,0,-,-,-,-
1e17beb0f844df1da7cb05c680562a6f,2026-02-03 15:46:16,Hannes AIGNER,Hannes AIGNER,AIGNER,Hannes,"AIGNER, Hannes",2023-06-15,World Cup #3,Tacen,Heats1,MK1,GER,,34,9,88.02,0,0,88.02,88.02,0,0,0,0,0,0,0,0,0,0,0,0,0,0,0,0,0,0,0,0,0,0,0,-,-,-,-
cf5d431692467c8fb7c35f7e67261053,2026-02-03 15:46:16,Hannes AIGNER,Hannes AIGNER,AIGNER,Hannes,"AIGNER, Hannes",2023-06-09,World Cup #2,Prague,Final,MK1,GER,,34,9,96.01,0,0,96.01,96.01,0,0,0,0,0,0,0,0,0,0,0,0,0,0,0,0,0,0,0,0,0,0,0,0,-,-,-
aad5e2103a34fb0eb0b9a0b6bb1899d5,2026-02-03 15:46:16,Hannes AIGNER,Hannes AIGNER,AIGNER,Hannes,"AIGNER, Hannes",2023-06-09,World Cup #2,Prague,Semi,MK1,GER,,34,10,94.55,0,0,94.55,94.55,0,0,0,0,0,0,0,0,0,0,0,0,0,0,0,0,0,0,0,0,0,0,0,0,-,-,-
b8106f23e3ac50e4ebc7b1f9e9b62056,2026-02-03 15:46:16,Hannes AIGNER,Hannes AIGNER,AIGNER,Hannes,"AIGNER, Hannes",2023-06-08,World Cup #2,Prague,Heats1,MK1,GER,,34,8,85.95,0,0,85.95,85.95,0,0,0,0,0,0,0,0,0,0,0,0,0,0,0,0,0,0,0,0,0,0,0,0,-,-,-
7953a690ba12ca91d3491aa28718d21f,2026-02-03 15:46:16,Hannes AIGNER,Hannes AIGNER,AIGNER,Hannes,"AIGNER, Hannes",2023-06-02,World Cup #1,Augsburg,Final,MK1,GER,,34,3,93.74,0,0,93.74,93.74,0,0,0,0,0,0,0,0,0,0,-,-,-,-,-,-,-,-,-,-,-,-,-,-,-,-,-
8fcc1aac3a21bb12cf3abec1623e63a0,2026-02-03 15:46:16,Hannes AIGNER,Hannes AIGNER,AIGNER,Hannes,"AIGNER, Hannes",2023-06-02,World Cup #1,Augsburg,Semi,MK1,GER,,34,10,93.9,2,2,95.9,95.9,0,0,0,2,0,0,0,0,0,0,-,-,-,-,-,-,-,-,-,-,-,-,-,-,-,-,-
dafeb790544e6c2d95e1ef5b35270051,2026-02-03 15:46:16,Hannes AIGNER,Hannes AIGNER,AIGNER,Hannes,"AIGNER, Hannes",2023-06-01,World Cup #1,Augsburg,Heats1,MK1,GER,,34,13,91.68,0,0,91.68,91.68,0,0,0,0,0,0,0,0,0,0,0,0,0,0,0,0,0,0,0,0,0,0,0,-,-,-,-
92dfd5392e884194514c7a2cb3ee6585,2026-02-03 15:46:16,Hannes AIGNER,Hannes AIGNER,AIGNER,Hannes,"AIGNER, Hannes",2023-02-05,ICF World ranking ,Ile de la Reunion,Semi,MK1,GER,,34,3,95.25,0,0,95.25,95.25,0,0,0,0,0,0,0,0,0,0,0,0,0,0,0,0,0,0,0,0,0,0,-,-,-,-,-
5acfe801af3ec7264e7882521e84a1a4,2026-02-03 15:46:16,Hannes AIGNER,Hannes AIGNER,AIGNER,Hannes,"AIGNER, Hannes",2023-02-05,ICF World ranking ,Ile de la Reunion,Final,MK1,GER,,34,4,94.04,0,0,94.04,94.04,0,0,0,0,0,0,0,0,0,0,0,0,0,0,0,0,0,0,0,0,0,0,-,-,-,-,-
a6464b47c84b7f1a7cc1346d01bba3e3,2026-02-03 15:46:16,Hannes AIGNER,Hannes AIGNER,AIGNER,Hannes,"AIGNER, Hannes",2023-02-04,ICF World ranking ,Ile de la Reunion,Heats1,MK1,GER,,34,12,92.98,2,2,94.98,94.98,0,0,0,0,0,0,0,0,0,0,0,0,0,0,0,0,0,0,0,0,0,0,-,-,-,-,-
9ddd51e827dd76a556a41679dada768f,2026-02-03 15:46:02,Hannes AIGNER,Hannes AIGNER,AIGNER,Hannes,"AIGNER, Hannes",2022-07-31,World Championships ,Augsburg,Semi,MK1,GER,,33,14,97.44,0,0,97.44,97.44,0,0,0,0,0,0,0,0,0,0,0,0,0,0,0,0,0,0,0,0,0,0,-,-,-,-,-
329c5537395f68cbf93ae8d27d4c5b7a,2026-02-03 15:46:02,Hannes AIGNER,Hannes AIGNER,AIGNER,Hannes,"AIGNER, Hannes",2022-07-28,World Championships ,Augsburg,Heats1,MK1,GER,,33,8,89.53,0,0,89.53,89.53,0,0,0,0,0,0,0,0,0,0,0,0,0,0,0,0,0,0,0,0,0,0,-,-,-,-,-
0277c7c80a27980f64db5598025745e1,2026-02-03 15:46:02,Hannes AIGNER,Hannes AIGNER,AIGNER,Hannes,"AIGNER, Hannes",2022-06-17,World Cup #2,Krakow,Heats1,MK1,GER,,33,0,0,,,DNS,,0,0,0,0,0,0,0,0,0,0,0,0,0,0,0,0,0,0,0,0,0,0,-,-,-,-,-
e188c9edc36945a634343617d1656c5b,2026-02-03 15:46:02,Hannes AIGNER,Hannes AIGNER,AIGNER,Hannes,"AIGNER, Hannes",2022-06-17,World Cup #2,Krakow,Heats2,MK1,GER,,33,0,0,,,DNS,,0,0,0,0,0,0,0,0,0,0,0,0,0,0,0,0,0,0,0,0,0,0,-,-,-,-,-
d820618076467de6b2183f3558d0ffa0,2026-02-03 15:46:02,Hannes AIGNER,Hannes AIGNER,AIGNER,Hannes,"AIGNER, Hannes",2022-06-12,World Cup #1,Prague,Final,MK1,GER,,33,5,96.32,2,2,98.32,98.32,0,0,0,0,0,0,0,0,-,-,-,-,-,-,-,-,-,-,-,-,-,-,-,-,-,-,-
28a772172aeb71fef46836f404095a2c,2026-02-03 15:46:02,Hannes AIGNER,Hannes AIGNER,AIGNER,Hannes,"AIGNER, Hannes",2022-06-12,World Cup #1,Prague,Semi,MK1,GER,,33,3,95.44,0,0,95.44,95.44,0,0,0,0,0,0,0,0,-,-,-,-,-,-,-,-,-,-,-,-,-,-,-,-,-,-,-
b566b58f2768b9eec68a61cea471aa3a,2026-02-03 15:46:02,Hannes AIGNER,Hannes AIGNER,AIGNER,Hannes,"AIGNER, Hannes",2022-06-10,World Cup #1,Prague,Heats2,MK1,GER,,33,1,87.07,0,0,87.07,87.07,0,0,0,0,0,0,0,0,-,-,-,-,-,-,-,-,-,-,-,-,-,-,-,-,-,-,-
f517cb582db4d2b1639a65c990c0a9ce,2026-02-03 15:46:02,Hannes AIGNER,Hannes AIGNER,AIGNER,Hannes,"AIGNER, Hannes",2022-06-10,World Cup #1,Prague,Heats1,MK1,GER,,33,60,92.85,56,56,148.85,148.85,0,0,0,50,2,0,0,0,-,-,-,-,2,-,-,-,-,2,-,-,-,-,-,-,-,-,-
22396601445579d10e7af54c8b83318c,2026-02-03 15:46:02,Hannes AIGNER,Hannes AIGNER,AIGNER,Hannes,"AIGNER, Hannes",2022-06-05,ICF World ranking ,Augsburg,Semi,MK1,GER,,33,2,102.01,0,0,102.01,102.01,0,0,0,0,0,0,0,0,0,0,0,0,0,0,0,0,0,0,0,0,0,0,-,-,-,-,-
f33a609dab1f75ad86a1ab983fe426ac,2026-02-03 15:46:02,Hannes AIGNER,Hannes AIGNER,AIGNER,Hannes,"AIGNER, Hannes",2022-06-05,ICF World ranking ,Augsburg,Final,MK1,GER,,33,6,99.62,4,4,103.62,103.62,0,0,0,0,0,0,0,0,0,0,0,0,0,0,0,0,0,0,0,0,0,0,-,-,-,-,-
0e0d7cae59e7c2c96643a9c0d1203dd7,2026-02-03 15:46:02,Hannes AIGNER,Hannes AIGNER,AIGNER,Hannes,"AIGNER, Hannes",2022-06-04,ICF World ranking ,Augsburg,Heats1,MK1,GER,,33,8,89.64,2,2,91.64,91.64,0,0,0,0,0,0,0,0,0,0,0,0,0,0,0,0,0,0,0,0,0,0,-,-,-,-,-
a2dc66548cea67621212580c60997bfb,2026-02-03 15:46:02,Hannes AIGNER,Hannes AIGNER,AIGNER,Hannes,"AIGNER, Hannes",2022-05-29,Euros ,Liptovsky Mikulas,Semi,MK1,GER,,33,7,99.91,0,0,99.91,99.91,0,0,0,0,0,0,0,0,0,0,0,0,0,0,0,0,0,0,0,0,0,0,-,-,-,-,-
a2e1aa5cf149d97d38af68f4d9da8b3a,2026-02-03 15:46:02,Hannes AIGNER,Hannes AIGNER,AIGNER,Hannes,"AIGNER, Hannes",2022-05-29,Euros ,Liptovsky Mikulas,Final,MK1,GER,,33,13,98.65,4,4,102.65,102.65,0,0,0,0,0,0,0,0,0,0,0,0,0,0,0,0,0,0,0,0,0,0,-,-,-,-,-
eaf07a2df57a7274bf16bd746b1008ef,2026-02-03 15:46:02,Hannes AIGNER,Hannes AIGNER,AIGNER,Hannes,"AIGNER, Hannes",2022-05-26,Euros ,Liptovsky Mikulas,Heats1,MK1,GER,,33,17,91.54,0,0,91.54,91.54,0,0,0,0,0,0,0,0,0,0,0,0,0,0,0,0,0,0,0,0,0,0,-,-,-,-,-
4abf2c7e18f00dbd36014da7fd1739e5,2026-02-03 15:45:53,Hannes AIGNER,Hannes AIGNER,AIGNER,Hannes,"AIGNER, Hannes",2021-09-26,World Championships ,Bratislava,Semi,MK1,GER,,32,5,87.09,0,0,87.09,87.09,0,0,0,0,0,0,0,0,0,0,0,0,0,0,0,0,0,0,0,0,0,0,-,-,-,-,-
d8b885cd20b617c899ae321e34d37e60,2026-02-03 15:45:53,Hannes AIGNER,Hannes AIGNER,AIGNER,Hannes,"AIGNER, Hannes",2021-09-26,World Championships ,Bratislava,Final,MK1,GER,,32,9,87.72,52,52,139.72,139.72,0,0,0,0,0,0,0,0,0,0,0,0,0,0,0,0,0,0,0,0,0,0,-,-,-,-,-
c565b04f279bfbc5b73056534e5adf57,2026-02-03 15:45:53,Hannes AIGNER,Hannes AIGNER,AIGNER,Hannes,"AIGNER, Hannes",2021-09-24,World Championships ,Bratislava,Heats1,MK1,GER,,32,18,84.75,0,0,84.75,84.75,0,0,0,0,0,0,0,0,0,0,0,0,0,0,0,0,0,0,0,0,0,0,-,-,-,-,-
8f7226d81363d0e413467d28250272a8,2026-02-03 15:45:53,Hannes AIGNER,Hannes AIGNER,AIGNER,Hannes,"AIGNER, Hannes",2021-07-30,Olympic Games ,Tokyo,Semi,MK1,GER,,32,7,97.97,0,0,97.97,97.97,0,0,0,0,0,0,0,0,0,0,0,0,0,0,0,0,0,0,0,0,0,0,-,-,-,-,-
0f7e685ad319e1e6a092e754af3a37ce,2026-02-03 15:45:53,Hannes AIGNER,Hannes AIGNER,AIGNER,Hannes,"AIGNER, Hannes",2021-07-30,Olympic Games ,Tokyo,Final,MK1,GER,,32,3,97.11,0,0,97.11,97.11,0,0,0,0,0,0,0,0,0,0,0,0,0,0,0,0,0,0,0,0,0,0,-,-,-,-,-
f6bb8087d520b4b25e2aaaed1294948c,2026-02-03 15:45:53,Hannes AIGNER,Hannes AIGNER,AIGNER,Hannes,"AIGNER, Hannes",2021-07-28,Olympic Games ,Tokyo,Heats1,MK1,GER,,32,11,94.51,2,2,96.51,96.51,0,0,0,0,0,0,0,0,0,0,0,0,0,0,0,0,0,0,0,0,0,0,-,-,-,-,-
06214e56e2d0cb710b95433437a4f34c,2026-02-03 15:45:53,Hannes AIGNER,Hannes AIGNER,AIGNER,Hannes,"AIGNER, Hannes",2021-07-28,Olympic Games ,Tokyo,Heats2,MK1,GER,,32,1,90.14,0,0,90.14,90.14,0,0,0,0,0,0,0,0,0,0,0,0,0,0,0,0,0,0,0,0,0,0,-,-,-,-,-
57fea0d31acb7d99b422f884632a4ce1,2026-02-03 15:45:53,Hannes AIGNER,Hannes AIGNER,AIGNER,Hannes,"AIGNER, Hannes",2021-06-20,World Cup ,Markkleeberg,Semi,MK1,GER,,32,15,91.96,2,2,93.96,93.96,0,0,0,0,0,0,0,0,0,0,0,0,0,0,0,0,0,0,0,0,0,0,-,-,-,-,-
a754566e3e43e756598aa6f40dc37b25,2026-02-03 15:45:53,Hannes AIGNER,Hannes AIGNER,AIGNER,Hannes,"AIGNER, Hannes",2021-06-18,World Cup ,Markkleeberg,Heats1,MK1,GER,,32,5,91.54,2,2,93.54,93.54,0,0,0,0,0,0,0,0,0,0,0,0,0,0,0,0,0,0,0,0,0,0,-,-,-,-,-
a02387a185362d04b403954121f978c5,2026-02-03 15:45:53,Hannes AIGNER,Hannes AIGNER,AIGNER,Hannes,"AIGNER, Hannes",2021-06-13,World Cup ,Prague,Semi,MK1,GER,,32,12,92,4,4,96,96,0,0,0,0,0,0,0,0,0,0,0,0,0,0,0,0,0,0,0,0,0,0,-,-,-,-,-
194c39dcdac6365b0c864919bb2bc83f,2026-02-03 15:45:53,Hannes AIGNER,Hannes AIGNER,AIGNER,Hannes,"AIGNER, Hannes",2021-06-11,World Cup ,Prague,Heats1,MK1,GER,,32,4,88.55,0,0,88.55,88.55,0,0,0,0,0,0,0,0,0,0,0,0,0,0,0,0,0,0,0,0,0,0,-,-,-,-,-
771c8927ac2fcc111c3dd4fc429e3524,2026-02-03 15:45:53,Hannes AIGNER,Hannes AIGNER,AIGNER,Hannes,"AIGNER, Hannes",2021-05-09,Euros ,Ivrea,Semi,MK1,GER,,32,11,84.81,0,0,84.81,84.81,0,0,0,0,0,0,0,0,0,0,0,0,0,0,0,0,0,0,0,0,0,0,-,-,-,-,-
d9b6e70bdaf257ee950f3714fa706314,2026-02-03 15:45:53,Hannes AIGNER,Hannes AIGNER,AIGNER,Hannes,"AIGNER, Hannes",2021-05-07,Euros ,Ivrea,Heats1,MK1,GER,,32,18,77.87,2,2,79.87,79.87,0,0,0,0,0,0,0,0,0,0,0,0,0,0,0,0,0,0,0,0,0,0,-,-,-,-,-
590c626f8ee33c13e4306dc089d8c659,2026-02-03 15:45:45,Hannes AIGNER,Hannes AIGNER,AIGNER,Hannes,"AIGNER, Hannes",2020-02-23,Australian Open ,Penrith,Semi,MK1,GER,,31,11,92.33,0,0,92.33,92.33,0,0,0,0,0,0,0,0,0,0,0,0,0,0,0,0,0,0,0,0,0,0,0,-,-,-,-
d4cac8d45b48132dee401bf1e3b6b0c8,2026-02-03 15:45:45,Hannes AIGNER,Hannes AIGNER,AIGNER,Hannes,"AIGNER, Hannes",2020-02-21,Australian Open ,Penrith,Heats1,MK1,GER,,31,9,91.07,0,0,91.07,91.07,0,0,0,0,0,0,0,0,0,0,0,0,0,0,0,0,0,0,0,0,0,0,-,-,-,-,-
d71c526cddb2c78282a6020ccd4f0ae9,2026-02-03 15:45:39,Hannes AIGNER,Hannes AIGNER,AIGNER,Hannes,"AIGNER, Hannes",2019-10-27,Olympic test event ,Tokyo,Heats1,MK1,GER,,30,7,93.82,4,4,97.82,97.82,0,0,0,0,0,0,0,0,0,0,0,0,0,0,0,0,0,0,0,0,0,0,0,0,0,-,-
24a124460019685940acf555377548a2,2026-02-03 15:45:39,Hannes AIGNER,Hannes AIGNER,AIGNER,Hannes,"AIGNER, Hannes",2019-10-27,Olympic test event ,Tokyo,Heats2,MK1,GER,,30,4,91.97,4,4,95.97,95.97,0,0,0,0,0,0,0,0,0,0,0,0,0,0,0,0,0,0,0,0,0,0,0,0,0,-,-
033c70c688e5a7e005afc9b61962a359,2026-02-03 15:45:39,Hannes AIGNER,Hannes AIGNER,AIGNER,Hannes,"AIGNER, Hannes",2019-10-27,Olympic test event ,Tokyo,Semi,MK1,GER,,30,2,93.15,0,0,93.15,93.15,0,0,0,0,0,0,0,0,0,0,0,0,0,0,0,0,0,0,0,0,0,0,0,0,0,-,-
786c877cee0b0c8220fab2063ce159d7,2026-02-03 15:45:39,Hannes AIGNER,Hannes AIGNER,AIGNER,Hannes,"AIGNER, Hannes",2019-10-27,Olympic test event ,Tokyo,Final,MK1,GER,,30,1,93.53,0,0,93.53,93.53,0,0,0,0,0,0,0,0,0,0,0,0,0,0,0,0,0,0,0,0,0,0,0,0,0,-,-
ca825bb922218ed1cc729ee8d19b17d1,2026-02-03 15:45:39,Hannes AIGNER,Hannes AIGNER,AIGNER,Hannes,"AIGNER, Hannes",2019-09-29,World Championships ,La Seu,Semi,MK1,GER,,30,12,85.22,2,2,87.22,87.22,0,0,0,0,0,0,0,0,0,0,0,0,0,0,0,0,0,0,0,0,0,0,-,-,-,-,-
20f7c14243fe81c0ad1b0f5ffd6cf665,2026-02-03 15:45:39,Hannes AIGNER,Hannes AIGNER,AIGNER,Hannes,"AIGNER, Hannes",2019-09-27,World Championships ,La Seu,Heats1,MK1,GER,,30,10,89.89,0,0,89.89,89.89,0,0,0,0,0,0,0,0,0,0,0,0,0,0,0,0,0,0,0,0,0,0,-,-,-,-,-
beddb16e91bf5a0555dbb2c8f3d406c2,2026-02-03 15:45:39,Hannes AIGNER,Hannes AIGNER,AIGNER,Hannes,"AIGNER, Hannes",2019-09-01,World Cup ,Markkleeberg,Semi,MK1,GER,,30,9,90.3,2,2,None,,0,0,0,0,0,0,0,0,0,0,0,0,0,0,0,0,0,0,0,0,0,-,-,-,-,-,-
b3f94d2297041ad7c7aa47fa4d484930,2026-02-03 15:45:39,Hannes AIGNER,Hannes AIGNER,AIGNER,Hannes,"AIGNER, Hannes",2019-09-01,World Cup ,Markkleeberg,Final,MK1,GER,,30,4,90.71,0,0,None,,0,0,0,0,0,0,0,0,0,0,0,0,0,0,0,0,0,0,0,0,0,-,-,-,-,-,-
af5b8d20043891ea4eccec8d2330e5ad,2026-02-03 15:45:39,Hannes AIGNER,Hannes AIGNER,AIGNER,Hannes,"AIGNER, Hannes",2019-08-30,World Cup ,Markkleeberg,Heats1,MK1,GER,,30,8,92.8,0,0,None,,0,0,0,0,0,0,0,0,0,0,0,0,0,0,0,0,0,0,0,0,0,-,-,-,-,-,-
013bb990081e425797a9f2e3fdddd873,2026-02-03 15:45:39,Hannes AIGNER,Hannes AIGNER,AIGNER,Hannes,"AIGNER, Hannes",2019-06-23,World Cup ,Bratislava,Semi,MK1,GER,,30,1,88.86,0,0,88.86,88.86,0,0,0,0,0,0,0,0,0,0,0,0,0,0,0,0,0,0,0,0,0,0,-,-,-,-,-
578434689a347745af824073636f7c0e,2026-02-03 15:45:39,Hannes AIGNER,Hannes AIGNER,AIGNER,Hannes,"AIGNER, Hannes",2019-06-23,World Cup ,Bratislava,Final,MK1,GER,,30,8,93.93,50,50,143.93,143.93,0,0,0,0,0,0,0,0,0,0,0,0,0,0,0,0,0,0,0,0,0,0,-,-,-,-,-
19ce4fe98954838c317c719ccbcb0dad,2026-02-03 15:45:39,Hannes AIGNER,Hannes AIGNER,AIGNER,Hannes,"AIGNER, Hannes",2019-06-21,World Cup ,Bratislava,Heats1,MK1,GER,,30,7,91.42,0,0,91.42,91.42,0,0,0,0,0,0,0,0,0,0,0,0,0,0,0,0,0,0,0,0,0,0,-,-,-,-,-
3492ffd78cbc72539b0854f82b0f2162,2026-02-03 15:45:39,Hannes AIGNER,Hannes AIGNER,AIGNER,Hannes,"AIGNER, Hannes",2019-06-16,World Cup ,Lee Valley,Final,MK1,GER,,30,3,92.04,0,0,92.04,92.04,0,0,0,0,0,0,0,0,0,0,0,0,0,0,0,0,0,0,0,0,0,0,0,0,0,-,-
60cf64d82f2bd4585921281f2018dd90,2026-02-03 15:45:39,Hannes AIGNER,Hannes AIGNER,AIGNER,Hannes,"AIGNER, Hannes",2019-06-16,World Cup ,Lee Valley,Semi,MK1,GER,,30,10,93.5,0,0,93.5,93.5,0,0,0,0,0,0,0,0,0,0,0,0,0,0,0,0,0,0,0,0,0,0,0,0,0,-,-
e2bf74b82454208f873a48426967cc28,2026-02-03 15:45:39,Hannes AIGNER,Hannes AIGNER,AIGNER,Hannes,"AIGNER, Hannes",2019-06-14,World Cup ,Lee Valley,Heats1,MK1,GER,,30,19,91.08,0,0,91.08,91.08,0,0,0,0,0,0,0,0,0,0,0,0,0,0,0,0,0,0,0,0,0,0,0,-,-,-,-
0b8261ebf4c78423f79a429991193705,2026-02-03 15:45:39,Hannes AIGNER,Hannes AIGNER,AIGNER,Hannes,"AIGNER, Hannes",2019-06-02,Euros ,Pau,Semi,MK1,GER,,30,15,95.87,2,2,97.87,97.87,0,0,0,0,0,0,0,0,0,0,0,0,0,0,0,0,0,0,0,0,0,0,0,0,0,-,-
685ada39153a16e1104a8cc105a7d0ea,2026-02-03 15:45:39,Hannes AIGNER,Hannes AIGNER,AIGNER,Hannes,"AIGNER, Hannes",2019-06-02,Euros ,Pau,Final,MK1,GER,,30,13,98.03,4,4,102.03,102.03,0,0,0,0,0,0,0,0,0,0,0,0,0,0,0,0,0,0,0,0,0,0,0,0,0,-,-
f98d82e8df6402982d874662eaec6b5e,2026-02-03 15:45:39,Hannes AIGNER,Hannes AIGNER,AIGNER,Hannes,"AIGNER, Hannes",2019-05-31,Euros ,Pau,Heats1,MK1,GER,,30,16,87.17,4,4,91.17,91.17,0,0,0,0,0,0,0,0,0,0,0,0,0,0,0,0,0,0,0,0,0,0,0,0,-,-,-
f7cdf764814095eef0ad598284424bad,2026-02-03 15:45:39,Hannes AIGNER,Hannes AIGNER,AIGNER,Hannes,"AIGNER, Hannes",2019-05-05,Team trials GER,Augsburg,Semi,MK1,GER,,30,14,110.04,2,2,112.04,112.04,0,0,0,0,0,0,0,0,0,0,0,0,0,0,0,0,0,0,0,0,0,0,0,-,-,-,-
4a5c34abeb6bcdaaf0c6ddef0e01653c,2026-02-03 15:45:39,Hannes AIGNER,Hannes AIGNER,AIGNER,Hannes,"AIGNER, Hannes",2019-05-04,Team trials GER,Augsburg,Semi,MK1,GER,,30,1,106.02,0,0,106.02,106.02,0,0,0,0,0,0,0,0,0,0,0,0,0,0,0,0,0,0,0,0,0,0,0,-,-,-,-
6d311e9ad111d34b1848fdeb7848a2f1,2026-02-03 15:45:39,Hannes AIGNER,Hannes AIGNER,AIGNER,Hannes,"AIGNER, Hannes",2019-05-04,Team trials GER,Augsburg,Final,MK1,GER,,30,1,102.13,2,2,104.13,104.13,0,0,0,0,0,0,0,0,0,0,0,0,0,0,0,0,0,0,0,0,0,0,0,-,-,-,-
258c8fdfa2b332ef9b5ed19098990f28,2026-02-03 15:45:39,Hannes AIGNER,Hannes AIGNER,AIGNER,Hannes,"AIGNER, Hannes",2019-04-28,Team trials GER,Markkleeberg,Semi,MK1,GER,,30,5,98.43,0,0,98.43,98.43,0,0,0,0,0,0,0,0,0,0,0,0,0,0,0,0,0,0,0,0,0,0,0,0,-,-,-
ba0d2cec2a7ac9baefae0394c7e82988,2026-02-03 15:45:39,Hannes AIGNER,Hannes AIGNER,AIGNER,Hannes,"AIGNER, Hannes",2019-04-28,Team trials GER,Markkleeberg,Final,MK1,GER,,30,2,95.64,0,0,95.64,95.64,0,0,0,0,0,0,0,0,0,0,0,0,0,0,0,0,0,0,0,0,0,0,0,0,-,-,-
9f55f38a7d8c7f0a0ce5e1e7c864d903,2026-02-03 15:45:39,Hannes AIGNER,Hannes AIGNER,AIGNER,Hannes,"AIGNER, Hannes",2019-04-27,Team trials GER,Markkleeberg,Semi,MK1,GER,,30,1,96.08,0,0,96.08,96.08,0,0,0,0,0,0,0,0,0,0,0,0,0,0,0,0,0,0,0,0,0,0,0,-,-,-,-
895c43fdad5399c63a70365dad1030ef,2026-02-03 15:45:39,Hannes AIGNER,Hannes AIGNER,AIGNER,Hannes,"AIGNER, Hannes",2019-04-27,Team trials GER,Markkleeberg,Final,MK1,GER,,30,1,94.32,0,0,94.32,94.32,0,0,0,0,0,0,0,0,0,0,0,0,0,0,0,0,0,0,0,0,0,0,0,-,-,-,-
9af8a73e1856a0a1d4234ee21d5a6c47,2026-02-03 15:45:39,Hannes AIGNER,Hannes AIGNER,AIGNER,Hannes,"AIGNER, Hannes",2019-04-07,None,Markkleeberg,Final,MK1,GER,,30,2,98.27,0,0,98.27,98.27,0,0,0,0,0,0,0,0,0,0,0,0,0,0,0,0,0,0,0,0,0,0,0,-,-,-,-
4b071d42409b6a843976850820b996e9,2026-02-03 15:45:39,Hannes AIGNER,Hannes AIGNER,AIGNER,Hannes,"AIGNER, Hannes",2019-04-07,None,Markkleeberg,Semi,MK1,GER,,30,2,101.78,0,0,101.78,101.78,0,0,0,0,0,0,0,0,0,0,0,0,0,0,0,0,0,0,0,0,0,0,0,-,-,-,-
bac01e31971f55a4a62a59563ca08f76,2026-02-03 15:45:39,Hannes AIGNER,Hannes AIGNER,AIGNER,Hannes,"AIGNER, Hannes",2019-04-06,None,Markkleeberg,Heats1,MK1,GER,,30,1,87.48,0,0,87.48,87.48,0,0,0,0,0,0,0,0,0,0,0,0,0,0,0,0,0,0,0,0,0,0,-,-,-,-,-
4f627d0e65cb522bbed82f062ae372af,2026-02-03 15:45:39,Hannes AIGNER,Hannes AIGNER,AIGNER,Hannes,"AIGNER, Hannes",2019-02-24,None,Penrith,Semi,MK1,GER,,30,26,104.01,52,52,None,,0,0,0,0,0,0,0,0,0,0,0,0,0,0,0,0,0,0,0,0,0,0,-,-,-,-,-
18c29f8beab851286316d1928279efe5,2026-02-03 15:45:39,Hannes AIGNER,Hannes AIGNER,AIGNER,Hannes,"AIGNER, Hannes",2019-02-22,None,Penrith,Heats1,MK1,GER,,30,1,98.64,0,0,None,,0,0,0,0,0,0,0,0,0,0,0,0,0,0,0,0,0,0,0,0,0,0,-,-,-,-,-
97a9d4b6cd0c428f21b94bb231a5a94b,2026-02-03 15:45:39,Hannes AIGNER,Hannes AIGNER,AIGNER,Hannes,"AIGNER, Hannes",2019-02-17,None,Penrith,Semi,MK1,GER,,30,6,89.81,0,0,None,,0,0,0,0,0,0,0,0,0,0,0,0,0,0,0,0,0,0,0,0,-,-,-,-,-,-,-
867acd23a9f9ce1760a0e6bf855d7650,2026-02-03 15:45:39,Hannes AIGNER,Hannes AIGNER,AIGNER,Hannes,"AIGNER, Hannes",2019-02-17,None,Penrith,Final,MK1,GER,,30,9,91.01,2,2,None,,0,0,0,0,0,0,0,0,0,0,0,0,0,0,0,0,0,0,0,0,-,-,-,-,-,-,-
e45d5ab12c79273c570a43d06a5b527f,2026-02-03 15:45:39,Hannes AIGNER,Hannes AIGNER,AIGNER,Hannes,"AIGNER, Hannes",2019-02-15,None,Penrith,Heats1,MK1,GER,,30,25,94.7,2,2,None,,0,0,0,0,0,0,0,0,0,0,0,0,0,0,0,0,0,0,0,0,-,-,-,-,-,-,-
955da5aa04490fab31a0b425ebbb6a50,2026-02-03 15:45:29,Hannes AIGNER,Hannes AIGNER,AIGNER,Hannes,"AIGNER, Hannes",2018-09-30,None,"Deodoro, Rio",Final,MK1,GER,,29,1,89.69,0,0,None,,0,0,0,0,0,0,0,0,0,0,0,0,0,0,0,0,0,0,0,0,0,0,0,0,-,-,-
7e3e6842e612c7132336b910409ff3eb,2026-02-03 15:45:29,Hannes AIGNER,Hannes AIGNER,AIGNER,Hannes,"AIGNER, Hannes",2018-09-30,None,"Deodoro, Rio",Semi,MK1,GER,,29,7,93.47,0,0,None,,0,0,0,0,0,0,0,0,0,0,0,0,0,0,0,0,0,0,0,0,0,0,0,0,-,-,-
365f1d90e3b519f9b174960ac3735aec,2026-02-03 15:45:29,Hannes AIGNER,Hannes AIGNER,AIGNER,Hannes,"AIGNER, Hannes",2018-09-28,None,"Deodoro, Rio",Heats1,MK1,GER,,29,7,87.02,0,0,None,,0,0,0,0,0,0,0,0,0,0,0,0,0,0,0,0,0,0,0,0,0,0,0,0,-,-,-
d7560b891aaa581bbe7667f9183ec666,2026-02-03 15:45:29,Hannes AIGNER,Hannes AIGNER,AIGNER,Hannes,"AIGNER, Hannes",2018-09-09,None,La Seu,Semi,MK1,GER,,29,8,94.95,0,0,None,,0,0,0,0,0,0,0,0,0,0,0,0,0,0,0,0,0,0,0,0,0,0,0,-,-,-,-
6132a52b074089c8e1b7101aa9ae8c2d,2026-02-03 15:45:29,Hannes AIGNER,Hannes AIGNER,AIGNER,Hannes,"AIGNER, Hannes",2018-09-09,None,La Seu,Final,MK1,GER,,29,4,95.66,0,0,None,,0,0,0,0,0,0,0,0,0,0,0,0,0,0,0,0,0,0,0,0,0,0,0,-,-,-,-
bf0b00d636dfe619df76b005ede99af3,2026-02-03 15:45:29,Hannes AIGNER,Hannes AIGNER,AIGNER,Hannes,"AIGNER, Hannes",2018-09-07,None,La Seu,Heats1,MK1,GER,,29,17,98.53,0,0,None,,0,0,0,0,0,0,0,0,0,0,0,0,0,0,0,0,0,0,0,0,0,0,0,-,-,-,-
a86f8e82f85b5b02cf160ffef8dc4010,2026-02-03 15:45:29,Hannes AIGNER,Hannes AIGNER,AIGNER,Hannes,"AIGNER, Hannes",2018-08-31,None,Tacen,Heats1,MK1,GER,,29,8,85.18,0,0,None,,0,0,0,0,0,0,0,0,0,0,0,0,0,0,0,0,0,0,0,0,0,-,-,-,-,-,-
076131e8adaa74a42b5563f59f389347,2026-02-03 15:45:29,Hannes AIGNER,Hannes AIGNER,AIGNER,Hannes,"AIGNER, Hannes",2018-07-08,None,Augsburg,Semi,MK1,GER,,29,8,98.01,0,0,None,,0,0,0,0,0,0,0,0,0,0,0,0,0,0,0,0,0,0,0,0,0,0,0,0,-,-,-
cb69ed55a596a01cef14e91d75946ef2,2026-02-03 15:45:29,Hannes AIGNER,Hannes AIGNER,AIGNER,Hannes,"AIGNER, Hannes",2018-07-08,None,Augsburg,Final,MK1,GER,,29,3,95.79,0,0,None,,0,0,0,0,0,0,0,0,0,0,0,0,0,0,0,0,0,0,0,0,0,0,0,0,-,-,-
3570eacb8cfb6f19283f66550eb3314b,2026-02-03 15:45:29,Hannes AIGNER,Hannes AIGNER,AIGNER,Hannes,"AIGNER, Hannes",2018-07-06,None,Augsburg,Heats1,MK1,GER,,29,21,96,4,4,None,,0,0,0,0,0,0,0,0,0,0,0,0,0,0,0,0,0,0,0,0,0,0,0,0,-,-,-
a92def323bc0731fa600d7cb517916f2,2026-02-03 15:45:29,Hannes AIGNER,Hannes AIGNER,AIGNER,Hannes,"AIGNER, Hannes",2018-07-01,None,Krakow,Semi,MK1,GER,,29,37,85.67,50,50,None,,0,0,0,0,0,0,0,0,0,0,0,0,0,0,0,0,0,0,0,0,0,0,-,-,-,-,-
b3aa43540e7530cdf8cff1400761b749,2026-02-03 15:45:29,Hannes AIGNER,Hannes AIGNER,AIGNER,Hannes,"AIGNER, Hannes",2018-06-29,None,Krakow,Heats1,MK1,GER,,29,6,79.49,0,0,None,,0,0,0,0,0,0,0,0,0,0,0,0,0,0,0,0,0,0,0,0,0,0,-,-,-,-,-
572b4188e03ed031ee77f891aaf9febf,2026-02-03 15:45:29,Hannes AIGNER,Hannes AIGNER,AIGNER,Hannes,"AIGNER, Hannes",2018-06-24,None,Liptovsky Mikulas,Semi,MK1,GER,,29,19,94.56,4,4,None,,0,0,0,0,0,0,0,0,0,0,0,0,0,0,0,0,0,0,0,0,0,0,0,-,-,-,-
89ef8a6291af223ec91aacff93d73261,2026-02-03 15:45:29,Hannes AIGNER,Hannes AIGNER,AIGNER,Hannes,"AIGNER, Hannes",2018-06-22,None,Liptovsky Mikulas,Heats1,MK1,GER,,29,20,96.06,2,2,None,,0,0,0,0,0,0,0,0,0,0,0,0,0,0,0,0,0,0,0,0,0,0,0,-,-,-,-
dc46fe46d15851910f86d217396d946c,2026-02-03 15:45:29,Hannes AIGNER,Hannes AIGNER,AIGNER,Hannes,"AIGNER, Hannes",2018-06-03,None,Prague,Semi,MK1,GER,,29,8,93.94,2,2,None,,0,0,0,0,0,0,0,0,0,0,0,0,0,0,0,0,0,0,0,0,0,0,0,0,-,-,-
ae3655b01f1e33e5b6033f137477a520,2026-02-03 15:45:29,Hannes AIGNER,Hannes AIGNER,AIGNER,Hannes,"AIGNER, Hannes",2018-06-03,None,Prague,Final,MK1,GER,,29,4,92.13,0,0,None,,0,0,0,0,0,0,0,0,0,0,0,0,0,0,0,0,0,0,0,0,0,0,0,0,-,-,-
1d8b1e7bf9d69fa43cc9b67f537011b4,2026-02-03 15:45:29,Hannes AIGNER,Hannes AIGNER,AIGNER,Hannes,"AIGNER, Hannes",2018-06-01,None,Prague,Heats1,MK1,GER,,29,20,88.54,2,2,None,,0,0,0,0,0,0,0,0,0,0,0,0,0,0,0,0,0,0,0,0,0,0,0,0,-,-,-
dc1325585a04fe275580e47fc3fd5259,2026-02-03 15:45:22,Hannes AIGNER,Hannes AIGNER,AIGNER,Hannes,"AIGNER, Hannes",2017-09-10,None,La Seu,Semi,MK1,GER,,28,31,95.2,2,2,None,,0,0,0,0,0,0,0,0,0,0,0,0,0,0,0,0,0,0,0,0,0,0,0,0,-,-,-
a47f93768eef9832ab264168a15fa85a,2026-02-03 15:45:22,Hannes AIGNER,Hannes AIGNER,AIGNER,Hannes,"AIGNER, Hannes",2017-09-08,None,La Seu,Heats1,MK1,GER,,28,17,93.45,2,2,None,,0,0,0,0,0,0,0,0,0,0,0,0,0,0,0,0,0,0,0,0,0,0,0,0,-,-,-
07fdc4b12c94d34ffbb237fe032422bc,2026-02-03 15:45:22,Hannes AIGNER,Hannes AIGNER,AIGNER,Hannes,"AIGNER, Hannes",2017-09-03,None,Ivrea,Semi,MK1,GER,,28,31,95.5,2,2,None,,0,0,0,0,0,0,0,0,0,0,0,0,0,0,0,0,0,0,0,0,0,0,0,-,-,-,-
0728d53e40294847e7af10e1bf61542d,2026-02-03 15:45:22,Hannes AIGNER,Hannes AIGNER,AIGNER,Hannes,"AIGNER, Hannes",2017-09-01,None,Ivrea,Heats1,MK1,GER,,28,4,89.28,0,0,None,,0,0,0,0,0,0,0,0,0,0,0,0,0,0,0,0,0,0,0,0,0,0,-,-,-,-,-
077ed8236c89123e361b9bfc20fa8015,2026-02-03 15:45:22,Hannes AIGNER,Hannes AIGNER,AIGNER,Hannes,"AIGNER, Hannes",2017-07-02,None,Markkleeberg,Semi,MK1,GER,,28,40,104.28,100,100,None,,0,0,0,0,0,0,0,0,0,0,0,0,0,0,0,0,0,0,0,0,0,0,0,-,-,-,-
b05db7591978158f485e578270d0f75d,2026-02-03 15:45:22,Hannes AIGNER,Hannes AIGNER,AIGNER,Hannes,"AIGNER, Hannes",2017-06-30,None,Markkleeberg,Heats1,MK1,GER,,28,4,90.8,0,0,None,,0,0,0,0,0,0,0,0,0,0,0,0,0,0,0,0,0,0,0,0,0,0,0,-,-,-,-
fbe643fdec3f20a9499731679dee1b69,2026-02-03 15:45:22,Hannes AIGNER,Hannes AIGNER,AIGNER,Hannes,"AIGNER, Hannes",2017-06-25,None,Augsburg,Semi,MK1,GER,,28,5,98.64,0,0,None,,0,0,0,0,0,0,0,0,0,0,0,0,0,0,0,0,0,0,0,0,0,0,0,0,-,-,-
c4ff79d310334e8c124e9cc0f0ede733,2026-02-03 15:45:22,Hannes AIGNER,Hannes AIGNER,AIGNER,Hannes,"AIGNER, Hannes",2017-06-25,None,Augsburg,Final,MK1,GER,,28,2,97.64,0,0,None,,0,0,0,0,0,0,0,0,0,0,0,0,0,0,0,0,0,0,0,0,0,0,0,0,-,-,-
f20663838889b34905e4f2935e827dc0,2026-02-03 15:45:22,Hannes AIGNER,Hannes AIGNER,AIGNER,Hannes,"AIGNER, Hannes",2017-06-23,None,Augsburg,Heats1,MK1,GER,,28,8,95.01,0,0,None,,0,0,0,0,0,0,0,0,0,0,0,0,0,0,0,0,0,0,0,0,0,0,0,0,-,-,-
6633c0baf1c677766fea31d261c265ed,2026-02-03 15:45:22,Hannes AIGNER,Hannes AIGNER,AIGNER,Hannes,"AIGNER, Hannes",2017-06-18,None,Prague,Semi,MK1,GER,,28,13,90.63,2,2,None,,0,0,0,0,0,0,0,0,0,0,0,0,0,0,0,0,0,0,0,0,0,0,0,0,0,-,-
baf3e9d7fe7e57581c4bff2f773b1bea,2026-02-03 15:45:22,Hannes AIGNER,Hannes AIGNER,AIGNER,Hannes,"AIGNER, Hannes",2017-06-16,None,Prague,Heats1,MK1,GER,,28,15,80.85,0,0,None,,0,0,0,0,0,0,0,0,0,0,0,0,0,0,0,0,0,0,0,0,0,0,0,0,0,-,-
621931c1b5833f7177a539e29d494e3e,2026-02-03 15:45:15,Hannes AIGNER,Hannes AIGNER,AIGNER,Hannes,"AIGNER, Hannes",2016-08-11,Olympic Games ,"Deodoro, Rio",Final,MK1,GER,,27,4,89.02,0,0,89.02,89.02,0,0,0,0,0,0,0,0,0,0,0,0,0,0,0,0,0,0,0,0,0,0,0,0,-,-,-
6f59006d498e17f8e0f2e6484a178b9e,2026-02-03 15:45:15,Hannes AIGNER,Hannes AIGNER,AIGNER,Hannes,"AIGNER, Hannes",2016-08-11,Olympic Games ,"Deodoro, Rio",Semi,MK1,GER,,27,6,91.87,0,0,91.87,91.87,0,0,0,0,0,0,0,0,0,0,0,0,0,0,0,0,0,0,0,0,0,0,0,0,-,-,-
591f2f36fe23cb8fe0d560fe07072063,2026-02-03 15:45:15,Hannes AIGNER,Hannes AIGNER,AIGNER,Hannes,"AIGNER, Hannes",2016-08-09,Olympic Games ,"Deodoro, Rio",Heats1,MK1,GER,,27,7,88.33,2,2,90.33,90.33,0,0,0,0,0,0,0,0,0,0,0,0,0,0,0,0,0,0,0,0,0,0,0,0,-,-,-
c8e71bfda0f8bf078406aeb542d0ecb4,2026-02-03 15:45:15,Hannes AIGNER,Hannes AIGNER,AIGNER,Hannes,"AIGNER, Hannes",2016-08-09,Olympic Games ,"Deodoro, Rio",Heats2,MK1,GER,,27,2,87.31,0,0,87.31,87.31,0,0,0,0,0,0,0,0,0,0,0,0,0,0,0,0,0,0,0,0,0,0,0,0,-,-,-
108aac3a24fc12844965bf6c98974357,2026-02-03 15:45:09,Hannes AIGNER,Hannes AIGNER,AIGNER,Hannes,"AIGNER, Hannes",2015-09-20,World Championships ,Lee Valley,Semi,MK1,GER,,26,20,94.38,2,2,96.38,96.38,0,0,0,0,0,0,0,0,0,0,0,0,0,0,0,0,0,0,0,0,0,0,-,-,-,-,-
5a1adbd1cf2609c377f25fa80e737ed5,2026-02-03 15:45:09,Hannes AIGNER,Hannes AIGNER,AIGNER,Hannes,"AIGNER, Hannes",2015-09-18,World Championships ,Lee Valley,Heats1,MK1,GER,,26,7,82.96,0,0,82.96,82.96,0,0,0,0,0,0,0,0,0,0,0,0,0,0,0,0,0,0,0,0,0,0,-,-,-,-,-
84cbe04bdf0236cf5efa77f5fd2c7326,2026-06-09 20:00:28,Marcello BEDA,Marcello BEDA,BEDA,Marcello,"BEDA, Marcello",2026-05-10,ICF World ranking I FEEL SLOVENIA  TACEN,Tacen,Heats1,MK1,ITA,,31,17,79.98,2,2,None,,0,0,0,0,0,0,0,0,2,0,0,0,0,0,0,0,0,0,0,0,0,0,0,0,-,-,-
8b4dcacbf12b10abddd16d85def74f4b,2026-05-18 01:16:32,Marcello BEDA,Marcello BEDA,BEDA,Marcello,"BEDA, Marcello",2026-05-08,International race level 4,Ivrea,Heats1,MK1,ITA,,31,22,92.93,2,2,None,,0,0,0,0,0,0,0,0,0,0,0,0,0,0,0,0,0,0,0,0,0,0,0,0,0,-,-
aabd2d97f39e8e68c650d9cf100ff19d,2026-05-18 01:16:32,Marcello BEDA,Marcello BEDA,BEDA,Marcello,"BEDA, Marcello",2026-05-08,International race level 4,Ivrea,Heats2,MK1,ITA,,31,31,92.93,2,2,None,,0,0,0,0,0,0,0,0,0,0,0,0,0,0,0,0,0,0,0,0,0,0,0,0,0,-,-
fb65fb4ea51f0bd9976ebeedcce86d59,2026-05-18 01:16:32,Marcello BEDA,Marcello BEDA,BEDA,Marcello,"BEDA, Marcello",2026-05-08,International race Slalom cup,Tacen,Final,MK1,ITA,,31,10,87.25,0,0,None,,0,0,0,0,0,0,0,0,0,0,0,0,0,0,0,0,0,0,0,0,0,0,0,-,-,-,-
dbc6e598adea5478887f651ce6acf8e6,2026-06-22 20:00:31,Marcello BEDA,Marcello BEDA,BEDA,Marcello,"BEDA, Marcello",2026-05-03,ICF World ranking ,Ivrea,Heats1,MK1,ITA,12,31,2,90.22,0,0,None,,0,0,0,0,0,0,0,0,0,0,0,0,0,0,0,0,0,0,0,0,0,0,0,0,0,-,-
76decd478aeaba5c96819185d4678b91,2026-06-22 20:00:31,Marcello BEDA,Marcello BEDA,BEDA,Marcello,"BEDA, Marcello",2026-05-03,ICF World ranking ,Ivrea,Final,MK1,ITA,12,31,12,90.45,50,50,None,,0,0,50,0,0,0,0,0,0,0,0,0,0,0,0,0,0,0,0,0,0,0,0,0,0,-,-
224098482b726bc59cc0cf702cbe3887,2026-06-09 20:00:28,Marcello BEDA,Marcello BEDA,BEDA,Marcello,"BEDA, Marcello",2026-05-01,ICF World ranking ,Ivrea,Heats1,MK1,ITA,,31,2,90.22,0,0,None,,0,0,0,0,0,0,0,0,0,0,0,0,0,0,0,0,0,0,0,0,0,0,0,0,-,-,-
01d7daff09a21761e22fa8f6f78052ae,2026-06-09 20:00:28,Marcello BEDA,Marcello BEDA,BEDA,Marcello,"BEDA, Marcello",2026-05-01,ICF World ranking ,Ivrea,Final,MK1,ITA,,31,12,90.45,50,50,None,,0,0,50,0,0,0,0,0,0,0,0,0,0,0,0,0,0,0,0,0,0,0,0,0,-,-,-
2b9d99b8bdf45b8a4f57a344270d2c6a,2026-05-18 01:16:32,Marcello BEDA,Marcello BEDA,BEDA,Marcello,"BEDA, Marcello",2026-04-30,International race level 4,Ivrea,Heats1,MK1,ITA,,31,22,92.93,2,2,None,,0,0,0,0,0,0,0,0,0,0,0,0,0,0,0,0,0,0,0,0,0,0,0,2,-,-,-
7287e69c4fcde5558cbad6195b3c5cea,2026-05-18 01:16:32,Marcello BEDA,Marcello BEDA,BEDA,Marcello,"BEDA, Marcello",2026-04-30,International race level 4,Ivrea,Heats2,MK1,ITA,,31,31,92.93,2,2,None,,0,0,0,0,0,0,0,50,0,0,0,0,0,0,0,0,0,0,0,0,0,0,0,0,-,-,-
8d5c288f8a447a22806e6d8e36cbdb28,2026-05-01 11:38:13,Marcello BEDA,Marcello BEDA,BEDA,Marcello,"BEDA, Marcello",2026-04-13,ICF World ranking SOLKAN,Solkan,Semi,MK1,ITA,,31,4,91.54,0,0,None,,0,0,0,0,0,0,0,0,0,0,0,0,0,0,0,0,0,0,0,0,0,0,0,0,0,-,-
3ea8b20554f08bc91819010b137976c6,2026-06-22 20:00:31,Marcello BEDA,Marcello BEDA,BEDA,Marcello,"BEDA, Marcello",2026-04-12,ICF World ranking SOLKAN,Solkan,Heats1,MK1,ITA,182,31,4,91.54,0,0,None,,0,0,0,0,0,0,0,0,0,0,0,0,0,0,0,0,0,0,0,0,0,0,-,-,-,-,-
b0963067a1e31b179244d5dcc9e13d2c,2026-05-01 11:38:13,Marcello BEDA,Marcello BEDA,BEDA,Marcello,"BEDA, Marcello",2026-04-12,ICF World ranking SOLKAN,Solkan,Final,MK1,ITA,,31,6,91.7,0,0,None,,0,0,0,0,0,0,0,0,0,0,0,0,0,0,0,0,0,0,0,0,0,0,-,-,-,-,-
13648f76af794e967eb06373e29600bb,2026-06-22 20:00:31,Marcello BEDA,Marcello BEDA,BEDA,Marcello,"BEDA, Marcello",2026-04-11,International race Open race,Solkan,Heats1,MK1,ITA,182,31,71,77.65,50,50,None,,0,0,0,0,0,0,0,0,0,0,0,0,50,0,0,0,0,0,0,0,0,0,0,0,0,-,-
48e35f30f54dd65139174fcf15d6f1f8,2026-06-09 20:00:28,Marcello BEDA,Marcello BEDA,BEDA,Marcello,"BEDA, Marcello",2026-03-28,ICF World ranking ,Oklahoma,Final,MK1,ITA,,31,11,83.42,50,50,None,,0,0,0,0,0,0,0,0,0,0,0,0,0,0,0,50,0,0,0,0,0,0,0,-,-,-,-
0366b135b5b6b2aad8facb647e021ca4,2026-06-09 20:00:28,Marcello BEDA,Marcello BEDA,BEDA,Marcello,"BEDA, Marcello",2026-03-28,ICF World ranking ,Oklahoma,Heats1,MK1,ITA,,31,7,79.25,0,0,None,,0,0,0,0,0,0,0,0,0,0,0,0,0,0,0,0,0,0,0,0,0,0,0,-,-,-,-
fa7b29d673ff2785bcfe8925147667a0,2026-04-02 14:26:24,Marcello BEDA,Marcello BEDA,BEDA,Marcello,"BEDA, Marcello",2026-02-17,ICF World ranking ,Oklahoma,Heats1,MK1,ITA,,31,7,79.25,0,0,None,,0,0,0,0,0,0,0,0,0,0,0,0,0,0,0,0,0,0,0,0,0,0,0,-,-,-,-
ad3d8265dc2ace260e8cb42d71d56928,2026-04-02 14:26:24,Marcello BEDA,Marcello BEDA,BEDA,Marcello,"BEDA, Marcello",2026-02-17,ICF World ranking ,Oklahoma,Final,MK1,ITA,,31,11,83.42,50,50,None,,0,0,0,0,0,0,0,0,0,0,0,0,0,0,0,50,0,0,0,0,0,0,0,-,-,-,-
a4645805cd430c9ba2348fcd9a50b320,2026-05-18 01:16:32,Marcello BEDA,Marcello BEDA,BEDA,Marcello,"BEDA, Marcello",2026-02-17,ICF World ranking ,Ivrea,Heats1,MK1,ITA,,31,2,90.22,0,0,None,,0,0,0,0,0,0,0,0,0,0,0,0,0,0,0,0,0,0,0,0,0,0,0,0,-,-,-
93e9e4e8e67287bf79353471c018fd5a,2026-05-18 01:16:32,Marcello BEDA,Marcello BEDA,BEDA,Marcello,"BEDA, Marcello",2026-02-17,ICF World ranking ,Ivrea,Final,MK1,ITA,,31,12,90.45,50,50,None,,0,0,50,0,0,0,0,0,0,0,0,0,0,0,0,0,0,0,0,0,0,0,0,0,-,-,-
6f0aaab13d6d41f46c7338861d30834c,2026-05-18 01:16:32,Marcello BEDA,Marcello BEDA,BEDA,Marcello,"BEDA, Marcello",2026-02-17,ICF World ranking I FEEL SLOVENIA  TACEN,Tacen,Heats1,MK1,ITA,,31,17,79.98,2,2,None,,0,0,0,0,0,0,0,0,2,0,0,0,0,0,0,0,0,0,0,0,0,0,0,0,-,-,-
479db34dfeb7cbf4dc603cb52eb7625d,2026-02-03 15:46:38,Marcello BEDA,Marcello BEDA,BEDA,Marcello,"BEDA, Marcello",2025-10-04,World Championships ,Penrith,Semi,MK1,ITA,23,30,30,99.81,52,52,151.81,151.81,0,0,0,0,0,50,0,0,0,0,0,0,0,0,0,0,0,0,0,0,2,0,-,-,-,-,-
536dc0c19b8c7251295bdd7d986e5350,2026-02-03 15:46:38,Marcello BEDA,Marcello BEDA,BEDA,Marcello,"BEDA, Marcello",2025-10-03,World Championships ,Penrith,Heats1,MK1,ITA,23,30,25,90.54,0,0,90.54,90.54,0,0,0,0,0,0,0,0,0,0,0,0,0,0,0,0,0,0,0,0,0,0,-,-,-,-,-
cc5aee21dda0f93f9e139c030b018bbf,2026-02-03 15:46:38,Marcello BEDA,Marcello BEDA,BEDA,Marcello,"BEDA, Marcello",2025-09-05,World Cup Final,Augsburg,Heats1,MK1,ITA,29,30,16,97.77,2,2,99.77,99.77,0,0,0,0,0,0,0,0,0,-,-,-,-,-,-,2,-,-,-,-,-,-,-,-,-,-,-
3a7a7cda3b1be5bd3574818bb7c07da6,2026-02-03 15:46:38,Marcello BEDA,Marcello BEDA,BEDA,Marcello,"BEDA, Marcello",2025-09-05,World Cup Final,Augsburg,Semi,MK1,ITA,29,30,14,96.06,2,2,98.06,98.06,0,2,0,0,0,0,0,0,0,-,-,-,-,-,-,-,-,-,-,-,-,-,-,-,-,-,-
8ae040c641f83971309f8df702d74b11,2026-02-03 15:46:38,Marcello BEDA,Marcello BEDA,BEDA,Marcello,"BEDA, Marcello",2025-08-29,World Cup #4,Tacen,Heats1,MK1,ITA,27,30,16,75.51,0,0,75.51,75.51,0,0,0,0,0,0,0,0,0,0,-,-,-,-,-,-,-,-,-,-,-,-,-,-,-,-,-
81dd5eec308b76c8a7995b25f6b49554,2026-02-03 15:46:38,Marcello BEDA,Marcello BEDA,BEDA,Marcello,"BEDA, Marcello",2025-06-13,World Cup #2,Pau,Heats1,MK1,ITA,24,30,25,97.43,2,2,99.43,99.43,0,0,0,0,0,0,0,2,0,-,-,-,-,-,-,-,-,-,-,-,-,-,-,-,-,-,-
0921a8018533ff58dfe38353c4886350,2026-02-03 15:46:38,Marcello BEDA,Marcello BEDA,BEDA,Marcello,"BEDA, Marcello",2025-06-06,World Cup #1,La Seu,Heats1,MK1,ITA,,30,21,88.4,0,0,88.4,88.4,0,0,0,0,0,0,0,0,0,0,0,0,0,0,0,0,0,0,0,0,0,0,0,-,-,-,-
70d25d4049a33c137bd45af424cff51c,2026-02-03 15:46:38,Marcello BEDA,Marcello BEDA,BEDA,Marcello,"BEDA, Marcello",2025-05-17,Euros ,Vaires sur Marne,Semi,MK1,ITA,,30,4,83.62,0,0,83.62,83.62,0,0,0,0,0,0,0,0,0,-,-,-,-,-,-,-,-,-,-,-,-,-,-,-,-,-,-
1cc50ba6576d60df9103e1b034d9546f,2026-02-03 15:46:38,Marcello BEDA,Marcello BEDA,BEDA,Marcello,"BEDA, Marcello",2025-05-17,Euros ,Vaires sur Marne,Final,MK1,ITA,,30,9,91.38,0,0,91.38,91.38,0,0,0,0,0,0,0,0,0,-,-,-,-,-,-,-,-,-,-,-,-,-,-,-,-,-,-
bddcabfa19bb01fbb0a5503fe435e125,2026-02-03 15:46:38,Marcello BEDA,Marcello BEDA,BEDA,Marcello,"BEDA, Marcello",2025-05-16,Euros ,Vaires sur Marne,Heats1,MK1,ITA,,30,25,86.17,2,2,88.17,88.17,0,0,0,0,0,2,0,0,0,0,0,0,0,0,0,0,0,0,0,0,0,0,-,-,-,-,-
5fd32d6e6ab333fe447378c58712d141,2026-02-03 15:46:38,Marcello BEDA,Marcello BEDA,BEDA,Marcello,"BEDA, Marcello",2025-05-04,ICF World ranking ,Ivrea,Heats1,MK1,ITA,,30,8,95.34,0,0,95.34,95.34,0,0,0,0,0,0,0,0,0,0,0,0,0,0,0,0,0,0,0,0,0,0,-,-,-,-,-
a5460b0ad08c3d0b4e19abb500d0ddc3,2026-02-03 15:46:38,Marcello BEDA,Marcello BEDA,BEDA,Marcello,"BEDA, Marcello",2025-05-04,ICF World ranking ,Ivrea,Final,MK1,ITA,,30,6,90.39,50,50,140.39,140.39,0,0,0,0,0,0,0,0,0,0,0,0,0,0,0,0,0,0,0,0,0,50,-,-,-,-,-
a6b7619b6ade593c14d4825a3986c8e4,2026-02-03 15:46:38,Marcello BEDA,Marcello BEDA,BEDA,Marcello,"BEDA, Marcello",2025-05-02,International race ,Ivrea,Heats1,MK1,ITA,,30,2,87.05,0,0,87.05,87.05,0,0,0,0,0,0,0,0,0,0,0,0,0,0,0,0,0,0,0,0,0,0,-,-,-,-,-
c296fefdd15cad8db0dc0b56cdefc859,2026-02-03 15:46:38,Marcello BEDA,Marcello BEDA,BEDA,Marcello,"BEDA, Marcello",2025-04-27,ICF World ranking I feel Slovenia,Tacen,Heats1,MK1,ITA,,30,7,87.99,0,0,87.99,87.99,0,0,0,0,0,0,0,0,0,0,0,0,0,0,0,0,0,0,0,0,0,0,0,-,-,-,-
468ac5f71ed6cb9381c26cc701745348,2026-02-03 15:46:38,Marcello BEDA,Marcello BEDA,BEDA,Marcello,"BEDA, Marcello",2025-04-27,ICF World ranking I feel Slovenia,Tacen,Final,MK1,ITA,,30,7,90.15,0,0,90.15,90.15,0,0,0,0,0,0,0,0,0,0,0,0,0,0,0,0,0,0,0,0,0,0,0,-,-,-,-
af0a08eed3673d36e3fdb56e0701fd63,2026-02-03 15:46:38,Marcello BEDA,Marcello BEDA,BEDA,Marcello,"BEDA, Marcello",2025-04-27,International race Tacen Slalom Cup,Tacen,Heats1,MK1,ITA,,30,12,85.66,0,0,85.66,85.66,0,0,0,0,0,0,0,0,0,0,0,0,0,0,0,0,0,0,0,0,0,0,0,0,-,-,-
3dcdaa9c68b2a6ed2b92b296d5fe75f9,2026-02-03 15:46:38,Marcello BEDA,Marcello BEDA,BEDA,Marcello,"BEDA, Marcello",2025-04-27,International race Tacen Slalom Cup,Tacen,Final,MK1,ITA,,30,7,85.76,54,54,139.76,139.76,0,0,0,0,0,0,2,50,0,0,0,2,0,0,0,0,0,0,0,0,0,0,0,0,-,-,-
5a971f2a84d7144ac2afe519aab0d6ad,2026-02-03 15:46:38,Marcello BEDA,Marcello BEDA,BEDA,Marcello,"BEDA, Marcello",2025-04-06,ICF World ranking ,Solkan,Heats1,MK1,ITA,,30,14,86.8,2,2,88.8,88.8,0,0,0,0,0,0,0,0,0,0,0,0,0,0,0,0,0,2,0,0,0,-,-,-,-,-,-
e92a60d162216a0a0bfe375f78be64c1,2026-02-03 15:46:38,Marcello BEDA,Marcello BEDA,BEDA,Marcello,"BEDA, Marcello",2025-03-16,Pyrenees Cup ,La Seu,FinalB,MK1,ITA,,30,61,84.5,50,50,134.5,134.5,0,0,0,0,0,0,0,0,0,0,0,0,50,0,0,0,0,0,0,0,-,-,-,-,-,-,-
5b386d7cf0a55de03fa980341b358bd6,2026-02-03 15:46:38,Marcello BEDA,Marcello BEDA,BEDA,Marcello,"BEDA, Marcello",2025-03-15,Pyrenees Cup ,La Seu,Heats1,MK1,ITA,,30,27,82.94,4,4,86.94,86.94,0,0,0,0,0,2,0,0,0,0,0,0,0,2,0,0,0,0,0,0,-,-,-,-,-,-,-
4ab7a5e1f340a67b55d5c054bca66a3e,2026-02-03 15:46:38,Marcello BEDA,Marcello BEDA,BEDA,Marcello,"BEDA, Marcello",2025-03-09,Pyrenees Cup ,Pau,Heats1,MK1,ITA,,30,21,94.69,0,0,94.69,94.69,0,0,0,0,0,0,0,0,0,0,0,0,0,0,0,0,0,0,0,0,0,0,0,0,-,-,-
b0fe7c98898a4f33c90096dabc9fc6bb,2026-02-03 15:46:38,Marcello BEDA,Marcello BEDA,BEDA,Marcello,"BEDA, Marcello",2025-03-09,Pyrenees Cup ,Pau,FinalB,MK1,ITA,,30,10,93.57,2,2,95.57,95.57,0,0,0,0,0,0,0,0,0,0,2,0,0,0,0,0,0,0,0,0,0,0,0,0,-,-,-
d7109187b87cc7a1e0ca4527aefe938b,2026-02-03 15:46:27,Marcello BEDA,Marcello BEDA,BEDA,Marcello,"BEDA, Marcello",2024-08-03,ICF World ranking ,Prague,Heats1,MK1,ITA,,29,11,86.01,0,0,86.01,86.01,0,0,0,0,0,0,0,0,0,0,0,0,0,0,0,0,0,0,0,0,0,0,0,0,0,-,-
85e81706343125efd150ca5090a50a92,2026-02-03 15:46:27,Marcello BEDA,Marcello BEDA,BEDA,Marcello,"BEDA, Marcello",2024-08-03,ICF World ranking ,Prague,Semi,MK1,ITA,,29,35,88.45,52,52,140.45,140.45,0,0,0,0,0,0,2,0,0,0,0,0,0,50,0,0,0,0,0,0,0,0,0,0,0,-,-
0e9aea4153c00465db3660575f1c095b,2026-02-03 15:46:27,Marcello BEDA,Marcello BEDA,BEDA,Marcello,"BEDA, Marcello",2024-06-07,World Cup #2,Prague,Heats1,MK1,ITA,,29,12,82.6,2,2,84.6,84.6,0,0,0,0,0,0,0,0,0,0,0,0,0,0,0,0,0,0,0,0,2,0,0,0,-,-,-
ac6a83a3c178314e35280da87539f46e,2026-02-03 15:46:27,Marcello BEDA,Marcello BEDA,BEDA,Marcello,"BEDA, Marcello",2024-06-01,World Cup #1,Augsburg,Semi,MK1,ITA,,29,34,108.22,2,2,110.22,110.22,0,2,0,0,0,0,0,0,0,0,-,-,-,-,-,-,-,-,-,-,-,-,-,-,-,-,-
2ef399aaa416a05607e934373df2273f,2026-02-03 15:46:27,Marcello BEDA,Marcello BEDA,BEDA,Marcello,"BEDA, Marcello",2024-05-31,World Cup #1,Augsburg,Heats1,MK1,ITA,,29,17,100.3,0,0,100.3,100.3,0,0,0,0,0,0,0,0,0,0,-,-,-,-,-,-,-,-,-,-,-,-,-,-,-,-,-
a89a02de086fd2d1d8390c45d9be7809,2026-02-03 15:46:27,Marcello BEDA,Marcello BEDA,BEDA,Marcello,"BEDA, Marcello",2024-04-26,National race ,Ivrea,Heats1,MK1,ITA,,29,4,86.45,2,2,88.45,88.45,0,0,0,0,0,0,2,0,0,0,0,0,0,0,0,0,0,0,0,0,0,0,-,-,-,-,-
f5581d6502452a069b0ebc9832f832e7,2026-02-03 15:46:27,Marcello BEDA,Marcello BEDA,BEDA,Marcello,"BEDA, Marcello",2024-04-26,National race ,Ivrea,Heats2,MK1,ITA,,29,2,85.12,0,0,85.12,85.12,0,0,0,0,0,0,0,0,0,0,0,0,0,0,0,0,0,0,0,0,0,0,-,-,-,-,-
d2e5c83c2107c24a3864df6280ec5148,2026-02-03 15:46:27,Marcello BEDA,Marcello BEDA,BEDA,Marcello,"BEDA, Marcello",2024-04-21,ICF World ranking ,Tacen,Semi,MK1,ITA,,29,5,83.68,0,0,83.68,83.68,0,0,0,0,0,0,0,0,0,0,0,0,0,0,0,0,0,0,0,0,0,0,-,-,-,-,-
4cba9f85b674b323721b62ac79ddbd54,2026-02-03 15:46:27,Marcello BEDA,Marcello BEDA,BEDA,Marcello,"BEDA, Marcello",2024-04-21,ICF World ranking ,Tacen,Final,MK1,ITA,,29,8,84.23,0,0,84.23,84.23,0,0,0,0,0,0,0,0,0,0,0,0,0,0,0,0,0,0,0,0,0,0,-,-,-,-,-
41accc467507bf7d68ee07ec059081f2,2026-02-03 15:46:27,Marcello BEDA,Marcello BEDA,BEDA,Marcello,"BEDA, Marcello",2024-04-20,ECA Open ,Tacen,Semi,MK1,ITA,,29,86,95.95,50,50,145.95,145.95,0,0,0,0,0,0,0,0,0,0,0,0,0,50,0,0,0,0,0,0,0,-,-,-,-,-,-
a6f4e2e760157627c91ec458194df43d,2026-02-03 15:46:27,Marcello BEDA,Marcello BEDA,BEDA,Marcello,"BEDA, Marcello",2024-03-24,ICF World ranking ,Solkan,Semi,MK1,ITA,,29,12,84.99,0,0,84.99,84.99,0,0,0,0,0,0,0,0,0,0,0,0,0,0,0,0,0,0,0,0,0,0,-,-,-,-,-
7a014be2ce3ff06293ab3d8a3bca195c,2026-02-03 15:46:27,Marcello BEDA,Marcello BEDA,BEDA,Marcello,"BEDA, Marcello",2024-03-23,ICF World ranking ,Solkan,Heats1,MK1,ITA,,29,9,85.07,2,2,87.07,87.07,0,0,0,0,0,0,0,0,0,0,0,0,0,0,0,0,2,0,0,0,0,0,-,-,-,-,-
eb34c908df90978984f660be90902da7,2026-02-03 15:46:27,Marcello BEDA,Marcello BEDA,BEDA,Marcello,"BEDA, Marcello",2024-02-03,Australian Open ,Penrith,Heats1,MK1,ITA,,29,50,101.23,50,50,151.23,151.23,0,0,0,0,0,0,0,0,0,0,50,0,0,0,0,0,0,0,0,0,0,0,0,-,-,-,-
b120d38ab229331fc03573ab487e0b31,2026-02-03 15:46:27,Marcello BEDA,Marcello BEDA,BEDA,Marcello,"BEDA, Marcello",2024-02-03,Australian Open ,Penrith,FinalB,MK1,ITA,,29,4,99.24,0,0,99.24,99.24,0,0,0,0,0,0,0,0,0,0,0,0,0,0,0,0,0,0,0,0,0,0,0,-,-,-,-
fb1221318aec51350f62fef1f5b2a581,2026-02-03 15:46:16,Marcello BEDA,Marcello BEDA,BEDA,Marcello,"BEDA, Marcello",2023-10-06,World Cup final,Vaires sur Marne,Heats2,MK1,ITA,,28,38,99.46,2,2,101.46,101.46,0,0,0,0,0,0,0,0,0,0,0,0,0,0,0,0,0,2,0,0,0,-,-,-,-,-,-
ec824ff1a4c6c01eb09aba236e9db82b,2026-02-03 15:46:16,Marcello BEDA,Marcello BEDA,BEDA,Marcello,"BEDA, Marcello",2023-10-06,World Cup final,Vaires sur Marne,Heats1,MK1,ITA,,28,29,95.63,2,2,97.63,97.63,0,0,0,0,0,0,0,0,0,2,0,0,0,0,0,0,0,0,0,0,0,-,-,-,-,-,-
6a77a2e0da6dd9d8194ddc0362bea9ff,2026-02-03 15:46:16,Marcello BEDA,Marcello BEDA,BEDA,Marcello,"BEDA, Marcello",2023-09-22,World Championships ,Lee Valley,Heats2,MK1,ITA,,28,58,86.87,50,50,136.87,136.87,0,0,0,0,0,0,0,0,0,0,0,0,0,0,0,0,0,0,0,0,50,0,0,-,-,-,-
2847df33e4428028001f359257b7428d,2026-02-03 15:46:16,Marcello BEDA,Marcello BEDA,BEDA,Marcello,"BEDA, Marcello",2023-09-22,World Championships ,Lee Valley,Heats1,MK1,ITA,,28,53,79.79,2,2,81.79,81.79,0,0,2,0,0,0,0,0,0,0,0,0,0,0,0,0,0,0,0,0,0,0,0,-,-,-,-
c645d3f7ab74c46201ff9b5e59ad28bf,2026-02-03 15:46:16,Marcello BEDA,Marcello BEDA,BEDA,Marcello,"BEDA, Marcello",2023-09-01,World Cup #4,La Seu,Heats1,MK1,ITA,,28,41,97.85,4,4,101.85,101.85,0,0,0,0,0,0,0,0,0,0,2,0,0,0,0,0,0,0,2,0,0,0,-,-,-,-,-
94cdb770934f3c3837df4f95f258e532,2026-02-03 15:46:16,Marcello BEDA,Marcello BEDA,BEDA,Marcello,"BEDA, Marcello",2023-09-01,World Cup #4,La Seu,Heats2,MK1,ITA,,28,5,94.61,0,0,94.61,94.61,0,0,0,0,0,0,0,0,0,0,0,0,0,0,0,0,0,0,0,0,0,0,-,-,-,-,-
f6710e9fea0db41ad68341b5452e5f3b,2026-02-03 15:46:16,Marcello BEDA,Marcello BEDA,BEDA,Marcello,"BEDA, Marcello",2023-07-02,Euros European Games,Krakow,Semi,MK1,ITA,,28,14,93.52,0,0,93.52,93.52,0,0,0,0,0,0,0,0,0,0,0,0,0,0,0,0,0,0,0,0,0,-,-,-,-,-,-
bbae011590a784098fc823bb9a32019c,2026-02-03 15:46:16,Marcello BEDA,Marcello BEDA,BEDA,Marcello,"BEDA, Marcello",2023-06-30,Euros European Games,Krakow,Heats1,MK1,ITA,,28,30,88.77,2,2,90.77,90.77,0,0,0,0,0,0,0,0,0,0,0,0,0,0,0,0,0,0,0,2,0,-,-,-,-,-,-
24a841aa0f7a3b06811def1340e2a6ba,2026-02-03 15:46:16,Marcello BEDA,Marcello BEDA,BEDA,Marcello,"BEDA, Marcello",2023-06-16,World Cup #3,Tacen,Semi,MK1,ITA,,28,4,88.8,0,0,88.8,88.8,0,0,0,0,0,0,0,0,0,0,0,0,0,0,0,0,0,0,0,0,0,0,0,-,-,-,-
fe39694d02d58f131b778ad5f4e4a958,2026-02-03 15:46:16,Marcello BEDA,Marcello BEDA,BEDA,Marcello,"BEDA, Marcello",2023-06-16,World Cup #3,Tacen,Final,MK1,ITA,,28,8,92.28,0,0,92.28,92.28,0,0,0,0,0,0,0,0,0,0,0,0,0,0,0,0,0,0,0,0,0,0,0,-,-,-,-
a6678a5808247cd81b69859ec84ad146,2026-02-03 15:46:16,Marcello BEDA,Marcello BEDA,BEDA,Marcello,"BEDA, Marcello",2023-06-15,World Cup #3,Tacen,Heats1,MK1,ITA,,28,18,90.69,0,0,90.69,90.69,0,0,0,0,0,0,0,0,0,0,0,0,0,0,0,0,0,0,0,0,0,0,0,-,-,-,-
e0548c9951477eac29e334ce52d336d2,2026-02-03 15:46:16,Marcello BEDA,Marcello BEDA,BEDA,Marcello,"BEDA, Marcello",2023-05-27,ICF World ranking and ECA Cup,Meran,Heats1,MK1,ITA,,28,1,80.71,0,0,80.71,80.71,0,0,0,0,0,0,0,0,0,0,0,0,0,0,0,0,0,0,0,0,-,-,-,-,-,-,-
06b2ad01a293c93b99862aea20f60bbf,2026-02-03 15:46:16,Marcello BEDA,Marcello BEDA,BEDA,Marcello,"BEDA, Marcello",2023-05-27,ICF World ranking and ECA Cup,Meran,Final,MK1,ITA,,28,1,78.24,0,0,78.24,78.24,0,0,0,0,0,0,0,0,0,0,0,0,0,0,0,0,0,0,0,0,-,-,-,-,-,-,-
45bfc2890a595b2a5d6fce2bf90f07ba,2026-02-03 15:46:16,Marcello BEDA,Marcello BEDA,BEDA,Marcello,"BEDA, Marcello",2023-05-27,ICF World ranking Classic race,Meran,Heats1,MK1,ITA,,28,8,88.73,0,0,88.73,88.73,0,0,0,0,0,0,0,0,0,0,0,0,0,0,0,0,0,0,0,0,-,-,-,-,-,-,-
82d059500178b7c8392539ed452068e3,2026-02-03 15:46:16,Marcello BEDA,Marcello BEDA,BEDA,Marcello,"BEDA, Marcello",2023-05-27,ICF World ranking Classic race,Meran,Heats2,MK1,ITA,,28,8,87.35,0,0,87.35,87.35,0,0,0,0,0,0,0,0,0,0,0,0,0,0,0,0,0,0,0,0,-,-,-,-,-,-,-
7f273e4f9dd2047bdbfb123095beaefd,2026-02-03 15:46:16,Marcello BEDA,Marcello BEDA,BEDA,Marcello,"BEDA, Marcello",2023-05-13,Team trials POL team 2,Krakow,Heats1,MK1,ITA,,28,12,93.98,2,2,95.98,95.98,0,0,0,0,0,0,0,0,0,0,0,0,0,0,0,0,0,0,0,0,0,0,0,-,-,-,-
0ebd34c930e93a23fe44c8a1066177c1,2026-02-03 15:46:16,Marcello BEDA,Marcello BEDA,BEDA,Marcello,"BEDA, Marcello",2023-05-12,Team trials POL team 1,Krakow,Heats1,MK1,ITA,,28,4,87.67,0,0,87.67,87.67,0,0,0,0,0,0,0,0,0,0,0,0,0,0,0,0,0,0,0,0,0,-,-,-,-,-,-
296500fdbfd83eaf4ae03445566a4097,2026-02-03 15:46:16,Marcello BEDA,Marcello BEDA,BEDA,Marcello,"BEDA, Marcello",2023-04-30,International race day 2 - sf-Fr,Ivrea,Final,MK1,ITA,,28,4,83.59,2,2,85.59,85.59,0,0,0,0,0,0,0,0,0,0,0,0,0,0,0,0,0,0,0,0,0,0,-,-,-,-,-
765d0edc7a481646d3af789920123453,2026-02-03 15:46:16,Marcello BEDA,Marcello BEDA,BEDA,Marcello,"BEDA, Marcello",2023-04-30,International race day 2 - sf-Fr,Ivrea,Semi,MK1,ITA,,28,3,84.96,0,0,84.96,84.96,0,0,0,0,0,0,0,0,0,0,0,0,0,0,0,0,0,0,0,0,0,0,-,-,-,-,-
cb177c0f5d0f09c9d9307bc37d13a5d1,2026-02-03 15:46:16,Marcello BEDA,Marcello BEDA,BEDA,Marcello,"BEDA, Marcello",2023-04-29,International race day 1 - heats,Ivrea,Heats1,MK1,ITA,,28,7,90.39,2,2,92.39,92.39,0,0,0,0,0,0,0,0,0,0,0,0,0,0,0,0,0,0,0,0,0,0,-,-,-,-,-
a7d04c608b1442076ec8a315827c200c,2026-02-03 15:46:16,Marcello BEDA,Marcello BEDA,BEDA,Marcello,"BEDA, Marcello",2023-04-29,International race day 1 - heats,Ivrea,Heats2,MK1,ITA,,28,1,86.32,2,2,88.32,88.32,0,0,0,0,0,0,0,0,0,0,0,0,0,0,0,0,0,0,0,0,0,0,-,-,-,-,-
21b3044b474d8968cdd7ae762c8a5f56,2026-02-03 15:46:16,Marcello BEDA,Marcello BEDA,BEDA,Marcello,"BEDA, Marcello",2023-04-23,ECA Open Cup ,Tacen,Semi,MK1,ITA,,28,13,79.69,0,0,79.69,79.69,0,0,0,0,0,0,0,0,0,0,0,0,0,0,0,0,0,0,0,0,0,0,-,-,-,-,-
f64051065c8b0320669fa07d541faa5f,2026-02-03 15:46:16,Marcello BEDA,Marcello BEDA,BEDA,Marcello,"BEDA, Marcello",2023-04-22,ECA Open Cup ,Tacen,Heats1,MK1,ITA,,28,14,81.5,4,4,85.5,85.5,0,0,0,0,0,0,0,0,0,0,0,0,0,0,0,0,0,0,0,0,0,0,-,-,-,-,-
0d63428958e7e21078f18bfea5a42e23,2026-02-03 15:46:16,Marcello BEDA,Marcello BEDA,BEDA,Marcello,"BEDA, Marcello",2023-03-25,ICF World ranking ,Solkan,Semi,MK1,ITA,,28,5,89.2,0,0,89.2,89.2,0,0,0,0,0,0,0,0,0,0,0,0,0,0,0,0,0,0,0,0,0,0,-,-,-,-,-
9d7598ab25654fe261f8968fb08a080f,2026-02-03 15:46:16,Marcello BEDA,Marcello BEDA,BEDA,Marcello,"BEDA, Marcello",2023-03-25,ICF World ranking ,Solkan,Final,MK1,ITA,,28,6,89.78,0,0,89.78,89.78,0,0,0,0,0,0,0,0,0,0,0,0,0,0,0,0,0,0,0,0,0,0,-,-,-,-,-
c38d93e1d522cdf5bc58ce786758b517,2026-02-03 15:46:16,Marcello BEDA,Marcello BEDA,BEDA,Marcello,"BEDA, Marcello",2023-03-24,ICF World ranking ,Solkan,Heats1,MK1,ITA,,28,11,92.22,2,2,94.22,94.22,0,0,0,0,0,0,0,0,0,0,0,0,0,0,0,0,0,0,0,0,0,0,-,-,-,-,-
ab22be3cb5ca87291b1bcac419b88987,2026-02-03 15:46:16,Marcello BEDA,Marcello BEDA,BEDA,Marcello,"BEDA, Marcello",2023-02-05,ICF World ranking ,Ile de la Reunion,Semi,MK1,ITA,,28,4,95.56,0,0,95.56,95.56,0,0,0,0,0,0,0,0,0,0,0,0,0,0,0,0,0,0,0,0,0,0,-,-,-,-,-
f42e7444c8c0fc6018a3ed942c70a393,2026-02-03 15:46:16,Marcello BEDA,Marcello BEDA,BEDA,Marcello,"BEDA, Marcello",2023-02-05,ICF World ranking ,Ile de la Reunion,Final,MK1,ITA,,28,6,93.06,2,2,95.06,95.06,0,0,0,0,0,0,0,0,0,0,0,0,0,0,0,0,0,0,0,0,0,0,-,-,-,-,-
efec55be9f267984f4c82533bf57af27,2026-02-03 15:46:16,Marcello BEDA,Marcello BEDA,BEDA,Marcello,"BEDA, Marcello",2023-02-04,ICF World ranking ,Ile de la Reunion,Heats1,MK1,ITA,,28,21,92.69,4,4,96.69,96.69,0,0,0,0,0,0,0,0,0,0,0,0,0,0,0,0,0,0,0,0,0,0,-,-,-,-,-
3908835a1ab53fc3e66973566824513c,2026-02-03 15:46:02,Marcello BEDA,Marcello BEDA,BEDA,Marcello,"BEDA, Marcello",2022-09-18,ICF World ranking ,Lee Valley,Semi,MK1,ITA,,27,20,102.12,0,0,102.12,102.12,0,0,0,0,0,0,0,0,0,0,0,0,0,0,0,0,0,0,0,0,0,0,-,-,-,-,-
7b8dcad20f29769db88f4a54a737aa9d,2026-02-03 15:46:02,Marcello BEDA,Marcello BEDA,BEDA,Marcello,"BEDA, Marcello",2022-09-17,ICF World ranking ,Lee Valley,Heats1,MK1,ITA,,27,32,104.4,2,2,106.4,106.4,0,0,0,0,0,0,0,0,0,0,0,0,0,0,0,0,0,0,0,0,0,0,-,-,-,-,-
6f4a0802a22ab5a0260453848db039f4,2026-02-03 15:46:02,Marcello BEDA,Marcello BEDA,BEDA,Marcello,"BEDA, Marcello",2022-09-17,ICF World ranking ,Lee Valley,Heats2,MK1,ITA,,27,6,102.24,0,0,102.24,102.24,0,0,0,0,0,0,0,0,0,0,0,0,0,0,0,0,0,0,0,0,0,0,-,-,-,-,-
992713f7248f16ecb5c738276ef24773,2026-02-03 15:46:02,Marcello BEDA,Marcello BEDA,BEDA,Marcello,"BEDA, Marcello",2022-09-04,World Cup final,La Seu,Semi,MK1,ITA,,27,34,90.25,56,56,146.25,146.25,0,0,0,0,0,0,0,0,0,0,0,0,0,0,0,0,0,0,0,0,0,0,-,-,-,-,-
650a021b54394168b6ca3672d5736605,2026-02-03 15:46:02,Marcello BEDA,Marcello BEDA,BEDA,Marcello,"BEDA, Marcello",2022-09-02,World Cup final,La Seu,Heats1,MK1,ITA,,27,37,84.48,2,2,86.48,86.48,0,0,0,0,0,0,0,0,-,-,-,-,-,-,-,-,-,-,-,-,-,-,-,-,-,-,-
56b03a8f666e9ad87469ef39ac25c9a6,2026-02-03 15:46:02,Marcello BEDA,Marcello BEDA,BEDA,Marcello,"BEDA, Marcello",2022-09-02,World Cup final,La Seu,Heats2,MK1,ITA,,27,2,82.12,0,0,82.12,82.12,0,0,0,0,0,0,0,0,-,-,-,-,-,-,-,-,-,-,-,-,-,-,-,-,-,-,-
3d46513666b534d5f2df101ca833eed9,2026-02-03 15:46:02,Marcello BEDA,Marcello BEDA,BEDA,Marcello,"BEDA, Marcello",2022-08-28,World Cup #4,Pau,Semi,MK1,ITA,,27,25,102.41,2,2,104.41,104.41,0,0,0,0,0,0,0,0,0,0,0,0,0,0,0,0,0,0,0,0,0,0,-,-,-,-,-
b9549ebf09da2ca2fc2c8f556fa0475b,2026-02-03 15:46:02,Marcello BEDA,Marcello BEDA,BEDA,Marcello,"BEDA, Marcello",2022-08-26,World Cup #4,Pau,Heats1,MK1,ITA,,27,26,98.14,0,0,98.14,98.14,0,0,0,0,0,0,0,0,0,0,0,0,0,0,0,0,0,0,0,0,0,0,-,-,-,-,-
a950fd9540b09809490db6c7c37dab17,2026-02-03 15:46:02,Marcello BEDA,Marcello BEDA,BEDA,Marcello,"BEDA, Marcello",2022-07-28,World Championships ,Augsburg,Heats1,MK1,ITA,,27,37,92.99,2,2,94.99,94.99,0,0,0,0,0,0,0,0,0,0,0,0,0,0,0,0,0,0,0,0,0,0,-,-,-,-,-
916627e936cd571e68edfa4c82877057,2026-02-03 15:46:02,Marcello BEDA,Marcello BEDA,BEDA,Marcello,"BEDA, Marcello",2022-07-28,World Championships ,Augsburg,Heats2,MK1,ITA,,27,14,92.02,2,2,94.02,94.02,0,0,0,0,0,0,0,0,0,0,0,0,0,0,0,0,0,0,0,0,0,0,-,-,-,-,-
81ab23ca8e4c80249a9ed41c0ff8142c,2026-02-03 15:46:02,Marcello BEDA,Marcello BEDA,BEDA,Marcello,"BEDA, Marcello",2022-06-26,World Cup #3,Tacen,Semi,MK1,ITA,,27,25,88.48,0,0,88.48,88.48,0,0,0,0,0,0,0,0,0,0,0,0,0,0,0,0,0,0,0,0,0,0,-,-,-,-,-
fa0ed4c6a258c2f6563f211618a0bf31,2026-02-03 15:46:02,Marcello BEDA,Marcello BEDA,BEDA,Marcello,"BEDA, Marcello",2022-06-24,World Cup #3,Tacen,Heats1,MK1,ITA,,27,28,82.19,2,2,84.19,84.19,0,0,0,0,0,0,0,2,0,0,0,0,0,0,0,0,0,0,0,0,0,0,-,-,-,-,-
9e2e737f5b0f9e830c0b719aeb8559dd,2026-02-03 15:46:02,Marcello BEDA,Marcello BEDA,BEDA,Marcello,"BEDA, Marcello",2022-06-19,World Cup #2,Krakow,Final,MK1,ITA,,27,6,87.23,2,2,89.23,89.23,0,0,0,0,0,0,0,0,0,0,0,0,0,0,0,0,0,0,0,0,0,0,-,-,-,-,-
4a57d4dd17ee9ede271199b975bcdf79,2026-02-03 15:46:02,Marcello BEDA,Marcello BEDA,BEDA,Marcello,"BEDA, Marcello",2022-06-19,World Cup #2,Krakow,Semi,MK1,ITA,,27,8,87.58,0,0,87.58,87.58,0,0,0,0,0,0,0,0,0,0,0,0,0,0,0,0,0,0,0,0,0,0,-,-,-,-,-
c75b3c9890a0d9ea23d4d134206e6d8c,2026-02-03 15:46:02,Marcello BEDA,Marcello BEDA,BEDA,Marcello,"BEDA, Marcello",2022-06-17,World Cup #2,Krakow,Heats2,MK1,ITA,,27,7,93.24,0,0,93.24,93.24,0,0,0,0,0,0,0,0,0,0,0,0,0,0,0,0,0,0,0,0,0,0,-,-,-,-,-
6eb7045057f67c744b5447549d86be48,2026-02-03 15:46:02,Marcello BEDA,Marcello BEDA,BEDA,Marcello,"BEDA, Marcello",2022-06-17,World Cup #2,Krakow,Heats1,MK1,ITA,,27,34,93.28,2,2,95.28,95.28,0,0,0,0,0,0,0,0,0,0,0,0,0,0,0,0,0,0,0,0,0,0,-,-,-,-,-
bc368c511ccebe39f3bc31dd7b8798ce,2026-02-03 15:46:02,Marcello BEDA,Marcello BEDA,BEDA,Marcello,"BEDA, Marcello",2022-06-12,World Cup #1,Prague,Semi,MK1,ITA,,27,32,98.39,50,50,148.39,148.39,0,0,0,0,0,0,0,50,-,-,-,-,-,-,-,-,-,-,-,-,-,-,-,-,-,-,-
5d130f0b3a533e50a9bee9a2aa619f0f,2026-02-03 15:46:02,Marcello BEDA,Marcello BEDA,BEDA,Marcello,"BEDA, Marcello",2022-06-10,World Cup #1,Prague,Heats2,MK1,ITA,,27,5,88.08,0,0,88.08,88.08,0,0,0,0,0,0,0,0,-,-,-,-,-,-,-,-,-,-,-,-,-,-,-,-,-,-,-
37bda2056dfbb826590cc6d64d044d52,2026-02-03 15:46:02,Marcello BEDA,Marcello BEDA,BEDA,Marcello,"BEDA, Marcello",2022-06-10,World Cup #1,Prague,Heats1,MK1,ITA,,27,33,91.43,2,2,93.43,93.43,0,0,0,0,2,0,0,0,-,-,-,-,-,-,-,-,-,-,-,-,-,-,-,-,-,-,-
03add21b0ab6e9113d97a9d70759f0c3,2026-02-03 15:46:02,Marcello BEDA,Marcello BEDA,BEDA,Marcello,"BEDA, Marcello",2022-06-05,ICF World ranking ,Augsburg,Semi,MK1,ITA,,27,37,115.93,100,100,215.93,215.93,0,0,0,0,0,0,0,0,0,0,0,0,0,0,0,0,0,0,0,0,0,0,-,-,-,-,-
dcbf2c825bded37a8649d5885e61f43f,2026-02-03 15:46:02,Marcello BEDA,Marcello BEDA,BEDA,Marcello,"BEDA, Marcello",2022-06-04,ICF World ranking ,Augsburg,Heats1,MK1,ITA,,27,46,92.12,6,6,98.12,98.12,0,0,0,0,0,0,0,0,0,0,0,0,0,0,0,0,0,0,0,0,0,0,-,-,-,-,-
ffe4370d687ec19d47904421881934db,2026-02-03 15:46:02,Marcello BEDA,Marcello BEDA,BEDA,Marcello,"BEDA, Marcello",2022-06-04,ICF World ranking ,Augsburg,Heats2,MK1,ITA,,27,8,92.75,2,2,94.75,94.75,0,0,0,0,0,0,0,0,0,0,0,0,0,0,0,0,0,0,0,0,0,0,-,-,-,-,-
cf123406f3e2571fe6567e836d5e9cdf,2026-02-03 15:46:02,Marcello BEDA,Marcello BEDA,BEDA,Marcello,"BEDA, Marcello",2022-05-29,Euros ,Liptovsky Mikulas,Semi,MK1,ITA,,27,25,105.57,2,2,107.57,107.57,0,0,0,0,0,0,0,0,0,0,0,0,0,0,0,0,0,0,0,0,0,0,-,-,-,-,-
5b539b21b392b67bd55c89040eeca9f3,2026-02-03 15:46:02,Marcello BEDA,Marcello BEDA,BEDA,Marcello,"BEDA, Marcello",2022-05-26,Euros ,Liptovsky Mikulas,Heats1,MK1,ITA,,27,13,90.87,0,0,90.87,90.87,0,0,0,0,0,0,0,0,0,0,0,0,0,0,0,0,0,0,0,0,0,0,-,-,-,-,-
1275725be801497d0315d88b7b06126c,2026-02-03 15:46:02,Marcello BEDA,Marcello BEDA,BEDA,Marcello,"BEDA, Marcello",2022-05-08,Tatra slalom ,Liptovsky Mikulas,Heats1,MK1,ITA,,27,5,93.45,0,0,93.45,93.45,0,0,0,0,0,0,0,0,0,0,0,0,0,0,0,0,0,0,0,0,0,0,0,0,-,-,-
926a9adfeea893e1c24690632c7c3ee2,2026-02-03 15:46:02,Marcello BEDA,Marcello BEDA,BEDA,Marcello,"BEDA, Marcello",2022-05-08,Tatra slalom ,Liptovsky Mikulas,Semi,MK1,ITA,,27,10,90.72,0,0,90.72,90.72,0,0,0,0,0,0,0,0,0,0,0,0,0,0,0,0,0,0,0,0,0,0,0,0,-,-,-
62e87965a561f418ef055426cb1f1954,2026-02-03 15:46:02,Marcello BEDA,Marcello BEDA,BEDA,Marcello,"BEDA, Marcello",2022-05-08,Tatra slalom ,Liptovsky Mikulas,Final,MK1,ITA,,27,3,87.27,0,0,87.27,87.27,0,0,0,0,0,0,0,0,0,0,0,0,0,0,0,0,0,0,0,0,0,0,0,0,-,-,-
23b86fadd6ca97780388b255bc5be3e7,2026-02-03 15:46:02,Marcello BEDA,Marcello BEDA,BEDA,Marcello,"BEDA, Marcello",2022-05-01,International race ,Ivrea,Semi,MK1,ITA,,27,44,0,0,0,0,0,0,0,0,0,0,0,0,0,0,0,0,0,0,0,0,0,0,0,0,0,0,0,-,-,-,-,-
f55af406cab943c4f23035739979a301,2026-02-03 15:46:02,Marcello BEDA,Marcello BEDA,BEDA,Marcello,"BEDA, Marcello",2022-04-24,ICF World ranking ,Tacen,Semi,MK1,ITA,,27,2,98.15,0,0,98.15,98.15,0,0,0,0,0,0,0,0,0,0,0,0,0,0,0,0,0,0,0,0,0,0,-,-,-,-,-
43c339c4922da91c66f75be1bd05b82c,2026-02-03 15:46:02,Marcello BEDA,Marcello BEDA,BEDA,Marcello,"BEDA, Marcello",2022-04-24,ICF World ranking ,Tacen,Final,MK1,ITA,,27,6,97.19,2,2,99.19,99.19,0,0,0,0,0,0,0,0,0,0,0,0,0,0,0,0,0,0,0,0,0,0,-,-,-,-,-
3b35f50f8b7307c6fdc5471ad45c3954,2026-02-03 15:46:02,Marcello BEDA,Marcello BEDA,BEDA,Marcello,"BEDA, Marcello",2022-04-23,ICF World ranking ,Tacen,Heats1,MK1,ITA,,27,7,93.85,0,0,93.85,93.85,0,0,0,0,0,0,0,0,0,0,0,0,0,0,0,0,0,0,0,0,0,0,-,-,-,-,-
bde1f7bd03740c208681ced394cf742f,2026-02-03 15:46:02,Marcello BEDA,Marcello BEDA,BEDA,Marcello,"BEDA, Marcello",2022-03-26,ICF World ranking ,Solkan,Heats2,MK1,ITA,,27,66,84.14,50,50,134.14,134.14,0,0,0,0,0,0,0,0,0,0,0,0,0,0,0,0,0,0,0,0,0,0,-,-,-,-,-
ec5f21c6a75763241177f01f9e95a19b,2026-02-03 15:46:02,Marcello BEDA,Marcello BEDA,BEDA,Marcello,"BEDA, Marcello",2022-03-26,ICF World ranking ,Solkan,Heats1,MK1,ITA,,27,1,83.68,0,0,83.68,83.68,0,0,0,0,0,0,0,0,0,0,0,0,0,0,0,0,0,0,0,0,0,0,-,-,-,-,-
c48816e90309430fb0f6c184f0c7bb8f,2026-02-03 15:45:53,Marcello BEDA,Marcello BEDA,BEDA,Marcello,"BEDA, Marcello",2021-09-26,World Championships ,Bratislava,Semi,MK1,ITA,,26,3,86.82,0,0,86.82,86.82,0,0,0,0,0,0,0,0,0,0,0,0,0,0,0,0,0,0,0,0,0,0,-,-,-,-,-
bd971f4f928c45637db44e343954f9c3,2026-02-03 15:45:53,Marcello BEDA,Marcello BEDA,BEDA,Marcello,"BEDA, Marcello",2021-09-26,World Championships ,Bratislava,Final,MK1,ITA,,26,2,87.75,0,0,87.75,87.75,0,0,0,0,0,0,0,0,0,0,0,0,0,0,0,0,0,0,0,0,0,0,-,-,-,-,-
ce91708fca43c9b61239f1c62688b5df,2026-02-03 15:45:53,Marcello BEDA,Marcello BEDA,BEDA,Marcello,"BEDA, Marcello",2021-09-24,World Championships ,Bratislava,Heats1,MK1,ITA,,26,27,85.74,0,0,85.74,85.74,0,0,0,0,0,0,0,0,0,0,0,0,0,0,0,0,0,0,0,0,0,0,-,-,-,-,-
b461b2f649fded6a9fafd6fac446e9dd,2026-02-03 15:45:53,Marcello BEDA,Marcello BEDA,BEDA,Marcello,"BEDA, Marcello",2021-09-12,World Cup ,Pau,Semi,MK1,ITA,,26,34,102.45,2,2,104.45,104.45,0,0,0,0,0,0,0,0,0,0,0,0,0,0,0,0,0,0,0,0,0,0,-,-,-,-,-
e245573730f65281608cfa4379078686,2026-02-03 15:45:53,Marcello BEDA,Marcello BEDA,BEDA,Marcello,"BEDA, Marcello",2021-09-10,World Cup ,Pau,Heats1,MK1,ITA,,26,13,98.16,0,0,98.16,98.16,0,0,0,0,0,0,0,0,0,0,0,0,0,0,0,0,0,0,0,0,0,0,-,-,-,-,-
9b1beef9f8ea192130d8192121f67379,2026-02-03 15:45:53,Marcello BEDA,Marcello BEDA,BEDA,Marcello,"BEDA, Marcello",2021-06-20,World Cup ,Markkleeberg,Semi,MK1,ITA,,26,34,92.35,52,52,144.35,144.35,0,0,0,0,0,0,0,0,0,0,0,0,0,0,0,0,0,0,0,0,0,0,-,-,-,-,-
9ec0d9c48bacdc696d3013aea046a261,2026-02-03 15:45:53,Marcello BEDA,Marcello BEDA,BEDA,Marcello,"BEDA, Marcello",2021-06-18,World Cup ,Markkleeberg,Heats1,MK1,ITA,,26,0,0,0,0,DNS,,0,0,0,0,0,0,0,0,0,0,0,0,0,0,0,0,0,0,0,0,0,0,-,-,-,-,-
051d1896c7dbf55e3314aca4335a5af3,2026-02-03 15:45:53,Marcello BEDA,Marcello BEDA,BEDA,Marcello,"BEDA, Marcello",2021-06-18,World Cup ,Markkleeberg,Heats2,MK1,ITA,,26,7,95.02,2,2,97.02,97.02,0,0,0,0,0,0,0,0,0,0,0,0,0,0,0,0,0,0,0,0,0,0,-,-,-,-,-
549ac0a0c6604d223620cf93f5e2e237,2026-02-03 15:45:53,Marcello BEDA,Marcello BEDA,BEDA,Marcello,"BEDA, Marcello",2021-06-13,World Cup ,Prague,Semi,MK1,ITA,,26,19,94.76,2,2,96.76,96.76,0,0,0,0,0,0,0,0,0,0,0,0,0,0,0,0,0,0,0,0,0,0,-,-,-,-,-
72912a4921a5242872f5543e95f0b9e7,2026-02-03 15:45:53,Marcello BEDA,Marcello BEDA,BEDA,Marcello,"BEDA, Marcello",2021-06-11,World Cup ,Prague,Heats1,MK1,ITA,,26,26,90.35,2,2,92.35,92.35,0,0,0,0,0,0,0,0,0,0,0,0,0,0,0,0,0,0,0,0,0,0,-,-,-,-,-
7583e6a5c9d015cd399fa4f631c65305,2026-02-03 15:45:45,Marcello BEDA,Marcello BEDA,BEDA,Marcello,"BEDA, Marcello",2020-02-23,Australian Open ,Penrith,Semi,MK1,ITA,,25,27,97.86,0,0,97.86,97.86,0,0,0,0,0,0,0,0,0,0,0,0,0,0,0,0,0,0,0,0,0,0,0,-,-,-,-
2d8227e37896763cba6a7b190813f9e1,2026-02-03 15:45:45,Marcello BEDA,Marcello BEDA,BEDA,Marcello,"BEDA, Marcello",2020-02-21,Australian Open ,Penrith,Heats1,MK1,ITA,,25,46,95.23,2,2,97.23,97.23,0,0,0,0,0,0,0,0,0,0,0,0,0,0,0,0,0,0,0,0,0,0,-,-,-,-,-
510b16115e97d7367f3a850955fa92be,2026-02-03 15:45:45,Marcello BEDA,Marcello BEDA,BEDA,Marcello,"BEDA, Marcello",2020-02-21,Australian Open ,Penrith,Heats2,MK1,ITA,,25,4,92.04,2,2,94.04,94.04,0,0,0,0,0,0,0,0,0,0,0,0,0,0,0,0,0,0,0,0,0,0,-,-,-,-,-
81457c3112e156b068fe919177658727,2026-02-03 15:45:39,Marcello BEDA,Marcello BEDA,BEDA,Marcello,"BEDA, Marcello",2019-09-29,World Championships ,La Seu,Semi,MK1,ITA,,24,18,86.56,2,2,88.56,88.56,0,0,0,0,0,0,0,0,0,0,0,0,0,0,0,0,0,0,0,0,0,0,-,-,-,-,-
b31eac704157bcca786d9983bf59fffe,2026-02-03 15:45:39,Marcello BEDA,Marcello BEDA,BEDA,Marcello,"BEDA, Marcello",2019-09-27,World Championships ,La Seu,Heats1,MK1,ITA,,24,25,90.46,2,2,92.46,92.46,0,0,0,0,0,0,0,0,0,0,0,0,0,0,0,0,0,0,0,0,0,0,-,-,-,-,-
6ddf699264c538e0710e949fc5bc40c2,2026-02-03 15:45:39,Marcello BEDA,Marcello BEDA,BEDA,Marcello,"BEDA, Marcello",2019-09-06,World Cup ,Prague,Heats2,MK1,ITA,,24,16,96.85,0,0,96.85,96.85,0,0,0,0,0,0,0,0,0,0,0,0,0,0,0,0,0,0,0,0,0,0,-,-,-,-,-
40bb09848d6be39bfd210769e06e8623,2026-02-03 15:45:39,Marcello BEDA,Marcello BEDA,BEDA,Marcello,"BEDA, Marcello",2019-09-06,World Cup ,Prague,Heats1,MK1,ITA,,24,70,96.83,52,52,148.83,148.83,0,0,0,0,0,0,0,0,0,0,0,0,0,0,0,0,0,0,0,0,0,0,-,-,-,-,-
27a0ce641601e61947d1391ffa74e0a8,2026-02-03 15:45:39,Marcello BEDA,Marcello BEDA,BEDA,Marcello,"BEDA, Marcello",2019-09-01,World Cup ,Markkleeberg,Semi,MK1,ITA,,24,11,92.42,0,0,None,,0,0,0,0,0,0,0,0,0,0,0,0,0,0,0,0,0,0,0,0,0,-,-,-,-,-,-
eda1164e5ca78e2f721111acf336f5eb,2026-02-03 15:45:39,Marcello BEDA,Marcello BEDA,BEDA,Marcello,"BEDA, Marcello",2019-08-30,World Cup ,Markkleeberg,Heats1,MK1,ITA,,24,29,94.77,2,2,None,,0,0,0,0,0,0,0,0,0,0,0,0,0,0,0,0,0,0,0,0,0,-,-,-,-,-,-
b9cbcf2dcd875b80ec133f7db3e014e3,2026-02-03 15:45:39,Marcello BEDA,Marcello BEDA,BEDA,Marcello,"BEDA, Marcello",2019-06-28,World Cup ,Tacen,Heats1,MK1,ITA,,24,35,82.63,2,2,84.63,84.63,0,0,0,0,0,0,0,0,0,0,0,0,0,0,0,0,0,0,0,0,-,-,-,-,-,-,-
30e9a837572f322c354d81334a58d436,2026-02-03 15:45:39,Marcello BEDA,Marcello BEDA,BEDA,Marcello,"BEDA, Marcello",2019-06-28,World Cup ,Tacen,Heats2,MK1,ITA,,24,18,83.08,2,2,85.08,85.08,0,0,0,0,0,0,0,0,0,0,0,0,0,0,0,0,0,0,0,0,-,-,-,-,-,-,-
813a8b30300299ecaed98699e0be6a15,2026-02-03 15:45:39,Marcello BEDA,Marcello BEDA,BEDA,Marcello,"BEDA, Marcello",2019-05-31,Euros ,Pau,Heats1,MK1,ITA,,24,39,97.56,2,2,99.56,99.56,0,0,0,0,0,0,0,0,0,0,0,0,0,0,0,0,0,0,0,0,0,0,0,0,-,-,-
7ac784787c3960e24c3c61cbc75269ff,2026-02-03 15:45:39,Marcello BEDA,Marcello BEDA,BEDA,Marcello,"BEDA, Marcello",2019-05-31,Euros ,Pau,Heats2,MK1,ITA,,24,17,92.51,4,4,96.51,96.51,0,0,0,0,0,0,0,0,0,0,0,0,0,0,0,0,0,0,0,0,0,0,0,0,-,-,-
0617038b5dbe46494dfec5e08aefb854,2026-02-03 15:45:39,Marcello BEDA,Marcello BEDA,BEDA,Marcello,"BEDA, Marcello",2019-03-17,None,Huningue,Semi,MK1,ITA,,24,9,91.24,2,2,None,,0,0,0,0,0,0,0,0,0,0,0,0,0,0,0,0,0,0,0,0,0,0,-,-,-,-,-
c36356af807d5e12419edefaca47a3e0,2026-02-03 15:45:39,Marcello BEDA,Marcello BEDA,BEDA,Marcello,"BEDA, Marcello",2019-03-17,None,Huningue,Final,MK1,ITA,,24,7,103.44,0,0,None,,0,0,0,0,0,0,0,0,0,0,0,0,0,0,0,0,0,0,0,0,0,0,-,-,-,-,-
0900bcb365543e9f01f18b44b00bc010,2026-02-03 15:45:39,Marcello BEDA,Marcello BEDA,BEDA,Marcello,"BEDA, Marcello",2019-03-15,None,Huningue,Heats1,MK1,ITA,,24,25,82.29,10,10,None,,0,0,0,0,0,0,0,0,0,0,0,0,0,0,0,0,0,0,0,0,0,0,-,-,-,-,-
9d576ecfb8b60a4df0e4147607184650,2026-02-03 15:45:29,Marcello BEDA,Marcello BEDA,BEDA,Marcello,"BEDA, Marcello",2018-08-18,None,Bratislava,Semi,MK1,ITA,,23,10,86.73,2,2,None,,0,0,0,0,0,0,0,0,0,0,0,0,0,0,0,0,0,0,0,0,0,-,-,-,-,-,-
7a69830fe3d52daf6be7932c78c2d0ec,2026-02-03 15:45:29,Marcello BEDA,Marcello BEDA,BEDA,Marcello,"BEDA, Marcello",2018-08-18,None,Bratislava,Final,MK1,ITA,,23,13,88.39,50,50,None,,0,0,0,0,0,0,0,0,0,0,0,0,0,0,0,0,0,0,0,0,0,-,-,-,-,-,-
28c45912d9c968dbff660e9841cbcd4d,2026-02-03 15:45:29,Marcello BEDA,Marcello BEDA,BEDA,Marcello,"BEDA, Marcello",2018-08-17,None,Bratislava,Heats1,MK1,ITA,,23,12,87.46,2,2,None,,0,0,0,0,0,0,0,0,0,0,0,0,0,0,0,0,0,0,0,0,0,-,-,-,-,-,-
d28ce979f5c173dc4042227d01c46732,2026-02-03 15:45:29,Marcello BEDA,Marcello BEDA,BEDA,Marcello,"BEDA, Marcello",2018-07-21,None,Ivrea,Semi,MK1,ITA,,23,17,81.69,2,2,None,,0,0,0,0,0,0,0,0,0,0,0,0,0,0,0,0,0,0,-,-,-,-,-,-,-,-,-
549cc28d4b8267e37f6017a82712d38d,2026-02-03 15:45:29,Marcello BEDA,Marcello BEDA,BEDA,Marcello,"BEDA, Marcello",2018-07-20,None,Ivrea,Heats1,MK1,ITA,,23,1,79.74,0,0,None,,0,0,0,0,0,0,0,0,0,0,0,0,0,0,0,0,0,0,0,-,-,-,-,-,-,-,-
23fc8592293b03a2583a6c8bea4a1d22,2026-02-03 15:45:29,Marcello BEDA,Marcello BEDA,BEDA,Marcello,"BEDA, Marcello",2018-06-24,None,Liptovsky Mikulas,Semi,MK1,ITA,,23,22,97.17,2,2,None,,0,0,0,0,0,0,0,0,0,0,0,0,0,0,0,0,0,0,0,0,0,0,0,-,-,-,-
8041c340e0ea09428e7c5526ac8bcc2e,2026-02-03 15:45:29,Marcello BEDA,Marcello BEDA,BEDA,Marcello,"BEDA, Marcello",2018-06-22,None,Liptovsky Mikulas,Heats1,MK1,ITA,,23,32,98.57,2,2,None,,0,0,0,0,0,0,0,0,0,0,0,0,0,0,0,0,0,0,0,0,0,0,0,-,-,-,-
f8a6551cab9a827f00251dd1078137c6,2026-02-03 15:45:29,Marcello BEDA,Marcello BEDA,BEDA,Marcello,"BEDA, Marcello",2018-06-22,None,Liptovsky Mikulas,Heats2,MK1,ITA,,23,3,94.92,2,2,None,,0,0,0,0,0,0,0,0,0,0,0,0,0,0,0,0,0,0,0,0,0,0,0,-,-,-,-
7246c2d6bf2d2497039165d48b37598e,2026-02-03 15:45:22,Marcello BEDA,Marcello BEDA,BEDA,Marcello,"BEDA, Marcello",2017-08-20,None,Hohenlimburg,Semi,MK1,ITA,,22,21,103.96,2,2,None,,0,0,0,0,0,0,0,0,0,0,0,0,0,0,0,0,0,0,0,0,0,0,0,0,0,-,-
e2c405fb570357831f4c5e06159a6977,2026-02-03 15:45:22,Marcello BEDA,Marcello BEDA,BEDA,Marcello,"BEDA, Marcello",2017-08-18,None,Hohenlimburg,Heats2,MK1,ITA,,22,5,99.91,0,0,None,,0,0,0,0,0,0,0,0,0,0,0,0,0,0,0,0,0,0,0,0,0,0,0,0,0,-,-
5488f5e57a37a243fef09a9cf1c96493,2026-02-03 15:45:22,Marcello BEDA,Marcello BEDA,BEDA,Marcello,"BEDA, Marcello",2017-08-18,None,Hohenlimburg,Heats1,MK1,ITA,,22,40,105.69,6,6,None,,0,0,0,0,0,0,0,0,0,0,0,0,0,0,0,0,0,0,0,0,0,0,0,0,0,-,-
e1e006ac5c208c0a29400641dda8183e,2026-02-03 15:45:22,Marcello BEDA,Marcello BEDA,BEDA,Marcello,"BEDA, Marcello",2017-07-20,None,Bratislava,Semi,MK1,ITA,,22,28,98.67,8,8,None,,0,0,0,0,0,0,0,0,0,0,0,0,0,0,0,0,0,0,0,0,0,0,0,-,-,-,-
4e286716f05e1a5395bd22e008240d6c,2026-02-03 15:45:22,Marcello BEDA,Marcello BEDA,BEDA,Marcello,"BEDA, Marcello",2017-07-18,None,Bratislava,Heats1,MK1,ITA,,22,17,91.79,0,0,None,,0,0,0,0,0,0,0,0,0,0,0,0,0,0,0,0,0,0,0,0,0,0,0,-,-,-,-
0de3543cb622812dda58c1022938148e,2026-02-03 15:45:22,Marcello BEDA,Marcello BEDA,BEDA,Marcello,"BEDA, Marcello",2017-06-16,None,Prague,Heats1,MK1,ITA,,22,75,84.66,52,52,None,,0,0,0,0,0,0,0,0,0,0,0,0,0,0,0,0,0,0,0,0,0,0,0,0,0,-,-
63540813c90350cc4ab2a691cb4340a2,2026-02-03 15:45:22,Marcello BEDA,Marcello BEDA,BEDA,Marcello,"BEDA, Marcello",2017-06-16,None,Prague,Heats2,MK1,ITA,,22,47,83.32,104,104,None,,0,0,0,0,0,0,0,0,0,0,0,0,0,0,0,0,0,0,0,0,0,0,0,0,0,-,-
1be2ac0833817ad9830678562c658325,2026-09-24 20:00:38,Titouan CASTRYCK,Titouan CASTRYCK,CASTRYCK,Titouan,"CASTRYCK, Titouan",2026-09-22,Euros ,Ivrea,Heats1,MK1,FRA,1,22,5,77.79,0,0,None,,0,0,0,0,0,0,0,0,0,0,0,0,0,0,0,0,0,0,0,0,0,0,-,-,-,-,-
0c4204ca02943bf1b987b9735b454534,2026-09-11 20:00:36,Titouan CASTRYCK,Titouan CASTRYCK,CASTRYCK,Titouan,"CASTRYCK, Titouan",2026-09-13,World Cup Final,La Seu,Semi,MK1,FRA,1,22,5,85.99,0,0,None,,0,0,0,0,0,0,0,0,0,0,0,0,0,0,0,0,0,0,0,0,0,0,0,-,-,-,-
1a778a40c9fb7df482235e3077556b9a,2026-09-11 20:00:36,Titouan CASTRYCK,Titouan CASTRYCK,CASTRYCK,Titouan,"CASTRYCK, Titouan",2026-09-11,World Cup Final,La Seu,Heats1,MK1,FRA,1,22,2,87.42,0,0,None,,0,0,0,0,0,0,0,0,0,0,0,0,0,0,0,0,0,0,0,0,0,0,0,-,-,-,-
4baeeea04037386916881bb24462b3e6,2026-09-11 20:00:36,Titouan CASTRYCK,Titouan CASTRYCK,CASTRYCK,Titouan,"CASTRYCK, Titouan",2026-09-11,World Cup Final,La Seu,Final,MK1,FRA,1,22,1,81.8,0,0,None,,0,0,0,0,0,0,0,0,0,0,0,0,0,0,0,0,0,0,0,0,0,0,0,-,-,-,-
874d536d2a1cbef92aff4aac85834290,2026-09-10 20:00:41,Titouan CASTRYCK,Titouan CASTRYCK,CASTRYCK,Titouan,"CASTRYCK, Titouan",2026-09-04,World Cup #4,Vaires,Heats1,MK1,FRA,1,22,9,92.3,2,2,None,,0,0,0,0,0,0,2,0,0,0,0,0,0,0,0,0,0,0,0,0,0,0,-,-,-,-,-
ea604c25eda01c862f85b4cb6a22221d,2026-09-10 20:00:41,Titouan CASTRYCK,Titouan CASTRYCK,CASTRYCK,Titouan,"CASTRYCK, Titouan",2026-09-04,World Cup #4,Vaires,Final,MK1,FRA,1,22,2,88.52,2,2,None,,0,0,0,0,0,0,0,0,0,0,0,0,0,0,2,0,0,0,0,0,0,0,-,-,-,-,-
f0a03898a61d64c075560f93828f19fa,2026-07-26 20:00:31,Titouan CASTRYCK,Titouan CASTRYCK,CASTRYCK,Titouan,"CASTRYCK, Titouan",2026-07-23,World Championships ,Oklahoma,Semi,MK1,FRA,1,22,30,87.94,102,102,None,,0,0,50,0,0,0,0,0,0,0,0,0,0,50,0,0,0,0,0,0,0,0,-,-,-,-,-
cf9ef962ea4b6691fa778b6df9e1bb26,2026-07-26 20:00:31,Titouan CASTRYCK,Titouan CASTRYCK,CASTRYCK,Titouan,"CASTRYCK, Titouan",2026-07-21,World Championships ,Oklahoma,Heats1,MK1,FRA,1,22,16,80.79,2,2,None,,0,0,0,0,0,0,0,0,0,0,0,0,0,0,0,0,0,0,0,0,0,0,-,-,-,-,-
7a03d18c2bdbd871e465e0c9cb7caa7a,2026-06-17 01:18:14,Titouan CASTRYCK,Titouan CASTRYCK,CASTRYCK,Titouan,"CASTRYCK, Titouan",2026-06-12,World Cup #3,Augsburg,Heats1,MK1,FRA,1,22,8,92.01,2,2,None,,0,0,0,0,0,0,0,0,0,0,0,0,0,0,0,0,0,0,0,0,0,0,-,-,-,-,-
47e6413868a4e4f47a52bace991702a1,2026-06-17 01:18:14,Titouan CASTRYCK,Titouan CASTRYCK,CASTRYCK,Titouan,"CASTRYCK, Titouan",2026-06-12,World Cup #3,Augsburg,Final,MK1,FRA,1,22,12,87.1,102,102,None,,0,0,0,0,0,0,0,0,0,0,0,0,0,0,0,0,0,0,0,0,0,0,-,-,-,-,-
441215dc2ac4e3ea7563c9b2a8730137,2026-06-09 06:48:07,Titouan CASTRYCK,Titouan CASTRYCK,CASTRYCK,Titouan,"CASTRYCK, Titouan",2026-06-05,World Cup #2,Prague,Heats1,MK1,FRA,1,22,2,98.2,0,0,None,,0,0,0,0,0,0,0,0,0,0,0,0,0,0,0,0,0,0,0,0,0,0,-,-,-,-,-
fb9c5fbd0ab790f517cb253fd0e52b04,2026-06-09 06:48:07,Titouan CASTRYCK,Titouan CASTRYCK,CASTRYCK,Titouan,"CASTRYCK, Titouan",2026-06-05,World Cup #2,Prague,Final,MK1,FRA,1,22,6,101.29,4,4,None,,0,0,0,0,0,0,0,0,2,0,0,0,0,0,0,0,0,0,0,0,0,0,-,-,-,-,-
0f766d0f19233a0a556dc94e60828f94,2026-06-09 06:48:07,Titouan CASTRYCK,Titouan CASTRYCK,CASTRYCK,Titouan,"CASTRYCK, Titouan",2026-05-29,World Cup #1,Tacen,Heats1,MK1,FRA,1,22,26,77.57,6,6,None,,2,2,0,0,2,0,0,0,0,0,0,0,0,0,0,0,0,0,0,0,0,0,-,-,-,-,-
ef3702a0464884bf47b6c2cd02b75ea2,2026-06-09 20:00:28,Titouan CASTRYCK,Titouan CASTRYCK,CASTRYCK,Titouan,"CASTRYCK, Titouan",2026-03-28,ICF World ranking ,Oklahoma,Heats1,MK1,FRA,,22,3,77.39,0,0,None,,0,0,0,0,0,0,0,0,0,0,0,0,0,0,0,0,0,0,0,0,0,0,0,-,-,-,-
344c43f115f4a3861a0754660ad0cfca,2026-06-09 20:00:28,Titouan CASTRYCK,Titouan CASTRYCK,CASTRYCK,Titouan,"CASTRYCK, Titouan",2026-03-28,ICF World ranking ,Oklahoma,Final,MK1,FRA,,22,4,77.13,2,2,None,,0,0,0,0,0,0,0,0,0,0,0,0,0,0,0,0,0,0,0,0,0,0,2,-,-,-,-
9893807f079ef6d42c878cb564c4f7a7,2026-06-08 09:55:50,Titouan CASTRYCK,Titouan CASTRYCK,CASTRYCK,Titouan,"CASTRYCK, Titouan",2026-02-17,World Cup #2,Prague,Final,MK1,FRA,1,22,6,101.29,4,4,None,,0,0,0,0,0,0,0,0,2,0,0,0,0,0,0,0,0,0,0,0,0,0,-,-,-,-,-
932f990a612e61100a0efaf7441de1c2,2026-04-02 14:26:24,Titouan CASTRYCK,Titouan CASTRYCK,CASTRYCK,Titouan,"CASTRYCK, Titouan",2026-02-17,ICF World ranking ,Oklahoma,Heats1,MK1,FRA,,22,3,77.39,0,0,None,,0,0,0,0,0,0,0,0,0,0,0,0,0,0,0,0,0,0,0,0,0,0,0,-,-,-,-
c1af521dbe065a9489c2a251612ebd1d,2026-06-05 06:58:25,Titouan CASTRYCK,Titouan CASTRYCK,CASTRYCK,Titouan,"CASTRYCK, Titouan",2026-02-17,World Cup #1,Tacen,Heats1,MK1,FRA,1,22,26,77.57,6,6,None,,2,2,0,0,2,0,0,0,0,0,0,0,0,0,0,0,0,0,0,0,0,0,-,-,-,-,-
53c2500391e3b119f5d647ef5d35e531,2026-06-08 09:55:50,Titouan CASTRYCK,Titouan CASTRYCK,CASTRYCK,Titouan,"CASTRYCK, Titouan",2026-02-17,World Cup #2,Prague,Heats1,MK1,FRA,1,22,2,98.2,0,0,None,,0,0,0,0,0,0,0,0,0,0,0,0,0,0,0,0,0,0,0,0,0,0,-,-,-,-,-
c0a62719eb9a3c9bf2f70c909d042ab6,2026-04-02 14:26:24,Titouan CASTRYCK,Titouan CASTRYCK,CASTRYCK,Titouan,"CASTRYCK, Titouan",2026-02-17,ICF World ranking ,Oklahoma,Final,MK1,FRA,,22,4,77.13,2,2,None,,0,0,0,0,0,0,0,0,0,0,0,0,0,0,0,0,0,0,0,0,0,0,2,-,-,-,-
4af2f9576efc0e52f9ecbb3cf5a2f95b,2026-02-10 11:45:10,Titouan CASTRYCK,Titouan CASTRYCK,CASTRYCK,Titouan,"CASTRYCK, Titouan",2026-02-07,ICF World ranking ,"Deodoro, Rio",Heats1,MK1,FRA,,22,,0,0,0,None,,0,0,0,0,0,0,0,0,0,0,0,0,0,0,0,0,0,0,0,0,0,0,0,-,-,-,-
9f7d0dc9a786588ebc358fb35989fcb3,2026-02-03 15:46:38,Titouan CASTRYCK,Titouan CASTRYCK,CASTRYCK,Titouan,"CASTRYCK, Titouan",2025-10-04,World Championships ,Penrith,Final,MK1,FRA,1,21,1,90.81,0,0,90.81,90.81,0,0,0,0,0,0,0,0,0,0,0,0,0,0,0,0,0,0,0,0,0,0,-,-,-,-,-
b9373a984324f9792872d0ecbcb9a86a,2026-02-03 15:46:38,Titouan CASTRYCK,Titouan CASTRYCK,CASTRYCK,Titouan,"CASTRYCK, Titouan",2025-10-04,World Championships ,Penrith,Semi,MK1,FRA,1,21,1,91.51,0,0,91.51,91.51,0,0,0,0,0,0,0,0,0,0,0,0,0,0,0,0,0,0,0,0,0,0,-,-,-,-,-
f8ced4863b43f5f130e83f850b7ca48a,2026-02-03 15:46:38,Titouan CASTRYCK,Titouan CASTRYCK,CASTRYCK,Titouan,"CASTRYCK, Titouan",2025-10-03,World Championships ,Penrith,Heats1,MK1,FRA,1,21,12,88.89,0,0,88.89,88.89,0,0,0,0,0,0,0,0,0,0,0,0,0,0,0,0,0,0,0,0,0,0,-,-,-,-,-
aa1283b89c3ba09a1aff80872b75195a,2026-02-03 15:46:38,Titouan CASTRYCK,Titouan CASTRYCK,CASTRYCK,Titouan,"CASTRYCK, Titouan",2025-09-06,World Cup Final,Augsburg,Final,MK1,FRA,1,21,3,93.92,0,0,93.92,93.92,0,0,0,0,0,0,0,0,0,-,-,-,-,-,-,-,-,-,-,-,-,-,-,-,-,-,-
b0960dbcd818a948e8b6d4ed42ca1d3b,2026-02-03 15:46:38,Titouan CASTRYCK,Titouan CASTRYCK,CASTRYCK,Titouan,"CASTRYCK, Titouan",2025-09-05,World Cup Final,Augsburg,Semi,MK1,FRA,1,21,1,92.72,0,0,92.72,92.72,0,0,0,0,0,0,0,0,0,-,-,-,-,-,-,-,-,-,-,-,-,-,-,-,-,-,-
6e0eef86202a1d607bf73019a84207f3,2026-02-03 15:46:38,Titouan CASTRYCK,Titouan CASTRYCK,CASTRYCK,Titouan,"CASTRYCK, Titouan",2025-09-05,World Cup Final,Augsburg,Heats1,MK1,FRA,1,21,12,96.66,2,2,98.66,98.66,0,0,0,0,0,0,0,0,0,-,-,-,-,-,-,-,-,-,-,-,-,-,-,2,-,-,-
7ea349c40e4dda7eba2d4d51a8b43a78,2026-02-03 15:46:38,Titouan CASTRYCK,Titouan CASTRYCK,CASTRYCK,Titouan,"CASTRYCK, Titouan",2025-08-30,World Cup #4,Tacen,Final,MK1,FRA,1,21,1,70.24,0,0,70.24,70.24,0,0,0,0,0,0,0,0,0,0,-,-,-,-,-,-,-,-,-,-,-,-,-,-,-,-,-
24013de53ee0d33fed38f42b91ed56a9,2026-02-03 15:46:38,Titouan CASTRYCK,Titouan CASTRYCK,CASTRYCK,Titouan,"CASTRYCK, Titouan",2025-08-29,World Cup #4,Tacen,Heats1,MK1,FRA,1,21,2,73.39,0,0,73.39,73.39,0,0,0,0,0,0,0,0,0,0,-,-,-,-,-,-,-,-,-,-,-,-,-,-,-,-,-
65efebaa88388fe8bbab1e3917ead263,2026-02-03 15:46:38,Titouan CASTRYCK,Titouan CASTRYCK,CASTRYCK,Titouan,"CASTRYCK, Titouan",2025-07-12,World Championships U23 & JR,Foix,Final,MK1,FRA,1,21,1,79.28,2,2,81.28,81.28,0,0,0,0,0,2,0,0,0,-,-,-,-,-,-,-,-,-,-,-,-,-,-,-,-,-,-
5278fbf9c19a9c60cec9c877e0365f04,2026-02-03 15:46:38,Titouan CASTRYCK,Titouan CASTRYCK,CASTRYCK,Titouan,"CASTRYCK, Titouan",2025-07-12,World Championships U23 & JR,Foix,Semi,MK1,FRA,1,21,1,80.96,0,0,80.96,80.96,0,0,0,0,0,0,0,0,0,-,-,-,-,-,-,-,-,-,-,-,-,-,-,-,-,-,-
cb259ee1598c24222dc75b8553e47e37,2026-02-03 15:46:38,Titouan CASTRYCK,Titouan CASTRYCK,CASTRYCK,Titouan,"CASTRYCK, Titouan",2025-07-11,World Championships U23 & JR,Foix,Heats1,MK1,FRA,1,21,2,81.62,2,2,83.62,83.62,0,0,0,0,0,0,0,0,0,0,0,0,0,0,0,2,0,0,0,0,0,0,-,-,-,-,-
a902353cfe669d4e21d68072d527701f,2026-02-03 15:46:38,Titouan CASTRYCK,Titouan CASTRYCK,CASTRYCK,Titouan,"CASTRYCK, Titouan",2025-06-28,World Cup #3,Prague,Final,MK1,FRA,3,21,1,86.35,0,0,86.35,86.35,0,0,0,0,0,0,0,0,0,0,-,-,-,-,-,-,-,-,-,-,-,-,-,-,-,-,-
10ed6bd571ff7bf3f9633b049440195a,2026-02-03 15:46:38,Titouan CASTRYCK,Titouan CASTRYCK,CASTRYCK,Titouan,"CASTRYCK, Titouan",2025-06-27,World Cup #3,Prague,Heats1,MK1,FRA,3,21,7,90.27,0,0,90.27,90.27,0,0,0,0,0,0,0,0,0,0,-,-,-,-,-,-,-,-,-,-,-,-,-,-,-,-,-
b05fe3ba8d3462b86f7dc3290b694ad1,2026-02-03 15:46:38,Titouan CASTRYCK,Titouan CASTRYCK,CASTRYCK,Titouan,"CASTRYCK, Titouan",2025-06-27,World Cup Grand Prix - short,Prague,Heats1,MK1,FRA,3,21,18,52.75,0,0,52.75,52.75,0,0,0,0,0,0,0,0,0,0,-,-,-,-,-,-,-,-,-,-,-,-,-,-,-,-,-
b04edcfb9efdaa780d359e46b262f08d,2026-02-03 15:46:38,Titouan CASTRYCK,Titouan CASTRYCK,CASTRYCK,Titouan,"CASTRYCK, Titouan",2025-06-14,World Cup #2,Pau,Final,MK1,FRA,3,21,4,89.74,4,4,93.74,93.74,0,0,0,2,0,0,2,0,0,-,-,-,-,-,-,-,-,-,-,-,-,-,-,-,-,-,-
7369b56d9174f791fbfca99607e51c10,2026-02-03 15:46:38,Titouan CASTRYCK,Titouan CASTRYCK,CASTRYCK,Titouan,"CASTRYCK, Titouan",2025-06-13,World Cup #2,Pau,Heats1,MK1,FRA,3,21,9,95.71,0,0,95.71,95.71,0,0,0,0,0,0,0,0,0,-,-,-,-,-,-,-,-,-,-,-,-,-,-,-,-,-,-
cc12713b101db6700bb121f9ddf2ad82,2026-02-03 15:46:38,Titouan CASTRYCK,Titouan CASTRYCK,CASTRYCK,Titouan,"CASTRYCK, Titouan",2025-06-07,World Cup #1,La Seu,Final,MK1,FRA,,21,1,81.9,0,0,81.9,81.9,0,0,0,0,0,0,0,0,0,0,0,0,0,0,0,0,0,0,0,0,0,0,0,-,-,-,-
8b2ac6085a08858daa3738d51c5bc763,2026-02-03 15:46:38,Titouan CASTRYCK,Titouan CASTRYCK,CASTRYCK,Titouan,"CASTRYCK, Titouan",2025-06-06,World Cup #1,La Seu,Heats1,MK1,FRA,,21,1,83.69,0,0,83.69,83.69,0,0,0,0,0,0,0,0,0,0,0,0,0,0,0,0,0,0,0,0,0,0,0,-,-,-,-
63825dca114e9ebe0b4c774e7a0845a1,2026-02-03 15:46:38,Titouan CASTRYCK,Titouan CASTRYCK,CASTRYCK,Titouan,"CASTRYCK, Titouan",2025-05-17,Euros ,Vaires sur Marne,Semi,MK1,FRA,,21,1,80.63,0,0,80.63,80.63,0,0,0,0,0,0,0,0,0,-,-,-,-,-,-,-,-,-,-,-,-,-,-,-,-,-,-
7293c6866d04517fe6a1b053bfb89331,2026-02-03 15:46:38,Titouan CASTRYCK,Titouan CASTRYCK,CASTRYCK,Titouan,"CASTRYCK, Titouan",2025-05-17,Euros ,Vaires sur Marne,Final,MK1,FRA,,21,2,81.24,0,0,81.24,81.24,0,0,0,0,0,0,0,0,0,-,-,-,-,-,-,-,-,-,-,-,-,-,-,-,-,-,-
99335a677a8ac5015728865d0f6706f5,2026-02-03 15:46:38,Titouan CASTRYCK,Titouan CASTRYCK,CASTRYCK,Titouan,"CASTRYCK, Titouan",2025-05-16,Euros ,Vaires sur Marne,Heats1,MK1,FRA,,21,1,80.04,0,0,80.04,80.04,0,0,0,0,0,0,0,0,0,0,0,0,0,0,0,0,0,0,0,0,0,0,-,-,-,-,-
a920f688290c9090113fb8c3b2dff059,2026-02-03 15:46:38,Titouan CASTRYCK,Titouan CASTRYCK,CASTRYCK,Titouan,"CASTRYCK, Titouan",2025-02-23,Australian Open ,Penrith,Heats1,MK1,FRA,,21,4,87.51,2,2,89.51,89.51,0,0,0,0,0,0,0,0,0,0,0,0,0,0,2,0,0,0,0,0,0,0,-,-,-,-,-
11d1521c0d1e914100bb3c44c74cf8f1,2026-02-03 15:46:38,Titouan CASTRYCK,Titouan CASTRYCK,CASTRYCK,Titouan,"CASTRYCK, Titouan",2025-02-23,Australian Open ,Penrith,Final,MK1,FRA,,21,2,84.73,2,2,86.73,86.73,0,0,0,0,0,0,0,0,0,0,0,0,0,0,0,0,0,0,0,0,0,2,-,-,-,-,-
ddaa63dc63ab0880b9866f3a5ef7fdb8,2026-02-03 15:46:38,Titouan CASTRYCK,Titouan CASTRYCK,CASTRYCK,Titouan,"CASTRYCK, Titouan",2025-01-24,Oceania Championships ,Penrith,Heats1,MK1,FRA,,21,43,87.44,52,52,139.44,139.44,0,0,0,0,0,0,0,0,0,50,0,0,0,0,0,0,0,2,0,0,0,0,-,-,-,-,-
a42fd12c5ab682ea233ce37104553f0d,2026-02-03 15:46:27,Titouan CASTRYCK,Titouan CASTRYCK,CASTRYCK,Titouan,"CASTRYCK, Titouan",2024-09-21,World Cup final,La Seu,Semi,MK1,FRA,,20,2,88.5,0,0,88.5,88.5,0,0,0,0,0,0,0,0,-,-,-,-,-,-,-,-,-,-,-,-,-,-,-,-,-,-,-
a742aa6eee3522d5d9ad288f80c1e2fa,2026-02-03 15:46:27,Titouan CASTRYCK,Titouan CASTRYCK,CASTRYCK,Titouan,"CASTRYCK, Titouan",2024-09-21,World Cup final,La Seu,Final,MK1,FRA,,20,5,87.41,2,2,89.41,89.41,0,0,2,0,0,0,0,0,-,-,-,-,-,-,-,-,-,-,-,-,-,-,-,-,-,-,-
e117a3458be3ee5f11787d2b6c5ba32d,2026-02-03 15:46:27,Titouan CASTRYCK,Titouan CASTRYCK,CASTRYCK,Titouan,"CASTRYCK, Titouan",2024-09-20,World Cup final,La Seu,Heats1,MK1,FRA,,20,23,89.75,2,2,91.75,91.75,0,0,0,0,0,0,0,0,0,0,0,2,0,0,0,0,0,0,0,0,0,0,0,0,0,-,-
7eda0d49083757c0fd80f34c29d349a0,2026-02-03 15:46:27,Titouan CASTRYCK,Titouan CASTRYCK,CASTRYCK,Titouan,"CASTRYCK, Titouan",2024-08-04,Olympic Games ,Vaires sur Marne,Final,MK1,FRA,,20,2,88.42,0,0,88.42,88.42,0,0,0,0,0,0,0,0,0,0,0,0,0,0,0,0,0,0,0,0,0,0,-,-,-,-,-
3ebca632bda93c96a6c0f2e89275e2f5,2026-02-03 15:46:27,Titouan CASTRYCK,Titouan CASTRYCK,CASTRYCK,Titouan,"CASTRYCK, Titouan",2024-08-04,Olympic Games ,Vaires sur Marne,Semi,MK1,FRA,,20,3,87.56,4,4,91.56,91.56,0,0,0,0,0,0,0,0,0,0,0,0,0,0,0,0,0,0,0,0,0,0,-,-,-,-,-
6319c3bff93d57245dc0ab8412a44632,2026-02-03 15:46:27,Titouan CASTRYCK,Titouan CASTRYCK,CASTRYCK,Titouan,"CASTRYCK, Titouan",2024-08-03,Olympic Games ,Vaires sur Marne,Heats1,MK1,FRA,,20,1,83.71,0,0,83.71,83.71,0,0,0,0,0,0,0,0,0,0,0,0,0,0,0,0,0,0,0,0,0,0,-,-,-,-,-
1dbfd0e83d470dc604b386eb23ecdf44,2026-02-03 15:46:27,Titouan CASTRYCK,Titouan CASTRYCK,CASTRYCK,Titouan,"CASTRYCK, Titouan",2024-06-15,World Cup #3,Krakow,Semi,MK1,FRA,,20,13,87.99,2,2,89.99,89.99,0,0,0,0,0,0,0,0,0,0,0,0,0,0,0,0,0,0,2,0,0,0,-,-,-,-,-
8ca6787caa2e77ca6447927f46d3f4b7,2026-02-03 15:46:27,Titouan CASTRYCK,Titouan CASTRYCK,CASTRYCK,Titouan,"CASTRYCK, Titouan",2024-06-14,World Cup #3,Krakow,Heats1,MK1,FRA,,20,17,84.56,0,0,84.56,84.56,0,0,0,0,0,0,0,0,0,0,0,0,0,0,0,0,0,0,0,0,0,0,-,-,-,-,-
c60967387e664bc752085fa1a3b3df27,2026-02-03 15:46:27,Titouan CASTRYCK,Titouan CASTRYCK,CASTRYCK,Titouan,"CASTRYCK, Titouan",2024-06-08,World Cup #2,Prague,Final,MK1,FRA,,20,5,82,0,0,82,82,0,0,0,0,0,0,0,0,0,0,0,0,0,0,0,0,0,0,0,0,0,0,0,0,-,-,-
5edaca52870b7d3bf3e292edcfc0c204,2026-02-03 15:46:27,Titouan CASTRYCK,Titouan CASTRYCK,CASTRYCK,Titouan,"CASTRYCK, Titouan",2024-06-07,World Cup #2,Prague,Heats1,MK1,FRA,,20,1,79.87,2,2,81.87,81.87,0,0,0,2,0,0,0,0,0,0,0,0,0,0,0,0,0,0,0,0,0,0,0,0,-,-,-
b50a79be48031569f0656f164ab998b7,2026-02-03 15:46:27,Titouan CASTRYCK,Titouan CASTRYCK,CASTRYCK,Titouan,"CASTRYCK, Titouan",2024-05-31,World Cup #1,Augsburg,Heats1,MK1,FRA,,20,0,0,,,DNS,,0,0,0,0,0,0,0,0,0,0,-,-,-,-,-,-,-,-,-,-,-,-,-,-,-,-,-
e4ba197e4428f6adc1291a57472649f1,2026-02-03 15:46:27,Titouan CASTRYCK,Titouan CASTRYCK,CASTRYCK,Titouan,"CASTRYCK, Titouan",2024-05-31,World Cup #1,Augsburg,Heats2,MK1,FRA,,20,0,0,,,DNS,,0,0,0,0,0,0,0,0,0,0,-,-,-,-,-,-,-,-,-,-,-,-,-,-,-,-,-
ea4d2c2224d363df17d896961430c37b,2026-02-03 15:46:27,Titouan CASTRYCK,Titouan CASTRYCK,CASTRYCK,Titouan,"CASTRYCK, Titouan",2024-05-17,Euros ,Tacen,Heats1,MK1,FRA,,20,18,99.45,2,2,101.45,101.45,0,0,0,0,0,0,0,0,0,0,0,0,0,0,0,0,0,2,0,0,0,-,-,-,-,-,-
9493986cfe7a8c3c2782e07b9b0f01eb,2026-02-03 15:46:27,Titouan CASTRYCK,Titouan CASTRYCK,CASTRYCK,Titouan,"CASTRYCK, Titouan",2024-02-03,Australian Open ,Penrith,Heats1,MK1,FRA,,20,19,98.96,4,4,102.96,102.96,0,0,0,2,0,0,0,0,0,0,0,0,0,0,0,0,0,0,0,2,0,0,0,-,-,-,-
18f3242ae692f439ae8060a4fc8f7c0c,2026-02-03 15:46:27,Titouan CASTRYCK,Titouan CASTRYCK,CASTRYCK,Titouan,"CASTRYCK, Titouan",2024-02-03,Australian Open ,Penrith,FinalB,MK1,FRA,,20,41,95.37,50,50,145.37,145.37,0,0,0,0,0,0,0,0,0,0,0,0,0,0,0,0,0,50,0,0,0,0,0,-,-,-,-
5ee90215db9767122dfd4e5c9eec1a3f,2026-02-03 15:46:27,Titouan CASTRYCK,Titouan CASTRYCK,CASTRYCK,Titouan,"CASTRYCK, Titouan",2024-01-27,Oceania Championships ,Penrith,Semi,MK1,FRA,,20,4,94.65,2,2,96.65,96.65,0,0,0,0,0,0,0,0,0,0,0,0,0,0,0,0,0,0,0,2,0,0,0,-,-,-,-
560e57d0371bb180b6387c4777c2e3db,2026-02-03 15:46:27,Titouan CASTRYCK,Titouan CASTRYCK,CASTRYCK,Titouan,"CASTRYCK, Titouan",2024-01-27,Oceania Championships ,Penrith,Final,MK1,FRA,,20,8,94.06,50,50,144.06,144.06,0,0,0,0,0,0,0,0,0,0,0,0,0,0,0,0,0,0,0,0,0,0,50,-,-,-,-
bafd97c8df09e6b8bac50cfe60291f0c,2026-02-03 15:46:27,Titouan CASTRYCK,Titouan CASTRYCK,CASTRYCK,Titouan,"CASTRYCK, Titouan",2024-01-26,Oceania Championships ,Penrith,Heats2,MK1,FRA,,20,1,95.11,2,2,97.11,97.11,0,0,0,0,0,0,0,0,0,2,0,0,0,0,0,0,0,0,0,0,0,0,-,-,-,-,-
7db36d799d51588c895ab65c993850fa,2026-02-03 15:46:27,Titouan CASTRYCK,Titouan CASTRYCK,CASTRYCK,Titouan,"CASTRYCK, Titouan",2024-01-26,Oceania Championships ,Penrith,Heats1,MK1,FRA,,20,41,95.19,54,54,149.19,149.19,0,2,0,0,0,0,0,0,0,50,0,0,0,0,0,0,0,0,0,0,0,2,-,-,-,-,-
6fcdf610425b643346f26395f0fb6ba7,2026-02-03 15:46:16,Titouan CASTRYCK,Titouan CASTRYCK,CASTRYCK,Titouan,"CASTRYCK, Titouan",2023-10-07,World Cup final,Vaires sur Marne,Semi,MK1,FRA,,19,4,91.6,0,0,91.6,91.6,0,0,0,0,0,0,0,0,0,0,0,0,0,0,0,0,0,0,0,0,0,-,-,-,-,-,-
ed28a67baa7930398658f527ce4cafd8,2026-02-03 15:46:16,Titouan CASTRYCK,Titouan CASTRYCK,CASTRYCK,Titouan,"CASTRYCK, Titouan",2023-10-07,World Cup final,Vaires sur Marne,Final,MK1,FRA,,19,1,89.2,0,0,89.2,89.2,0,0,0,0,0,0,0,0,0,0,0,0,0,0,0,0,0,0,0,0,0,-,-,-,-,-,-
168ca6c885b07c5a27532295b6aca20b,2026-02-03 15:46:16,Titouan CASTRYCK,Titouan CASTRYCK,CASTRYCK,Titouan,"CASTRYCK, Titouan",2023-10-06,World Cup final,Vaires sur Marne,Heats1,MK1,FRA,,19,1,89.16,0,0,89.16,89.16,0,0,0,0,0,0,0,0,0,0,0,0,0,0,0,0,0,0,0,0,0,-,-,-,-,-,-
be9d30cb27ad35f8e99d60e82197cdeb,2026-02-03 15:46:16,Titouan CASTRYCK,Titouan CASTRYCK,CASTRYCK,Titouan,"CASTRYCK, Titouan",2023-10-06,World Cup final,Vaires sur Marne,Heats2,MK1,FRA,,19,4,89.82,0,0,89.82,89.82,0,0,0,0,0,0,0,0,0,0,0,0,0,0,0,0,0,0,0,0,0,-,-,-,-,-,-
89d2e25b8da01cfcb689f43fdaf0823c,2026-02-03 15:46:16,Titouan CASTRYCK,Titouan CASTRYCK,CASTRYCK,Titouan,"CASTRYCK, Titouan",2023-09-23,World Championships ,Lee Valley,Semi,MK1,FRA,,19,14,97,0,0,97,97,0,0,0,0,0,0,0,0,0,0,0,0,0,0,0,0,0,0,0,0,0,0,-,-,-,-,-
df3c71004f47e6f339aaabfe68cd6b84,2026-02-03 15:46:16,Titouan CASTRYCK,Titouan CASTRYCK,CASTRYCK,Titouan,"CASTRYCK, Titouan",2023-09-22,World Championships ,Lee Valley,Heats1,MK1,FRA,,19,15,82.05,0,0,82.05,82.05,0,0,0,0,0,0,0,0,0,0,0,0,0,0,0,0,0,0,0,0,0,0,0,-,-,-,-
c8590f56bac02ad1bb1ce62950608f5b,2026-02-03 15:46:16,Titouan CASTRYCK,Titouan CASTRYCK,CASTRYCK,Titouan,"CASTRYCK, Titouan",2023-09-02,World Cup #4,La Seu,Final,MK1,FRA,,19,5,89.22,2,2,91.22,91.22,0,0,0,0,0,0,0,0,0,0,0,0,0,0,0,0,0,2,0,0,0,0,-,-,-,-,-
ab34de85f1870e8fb0f5922d6b6a107d,2026-02-03 15:46:16,Titouan CASTRYCK,Titouan CASTRYCK,CASTRYCK,Titouan,"CASTRYCK, Titouan",2023-09-01,World Cup #4,La Seu,Heats1,MK1,FRA,,19,54,89.86,52,52,141.86,141.86,0,0,0,0,0,0,0,0,0,0,50,0,0,0,0,0,0,2,0,0,0,0,-,-,-,-,-
47bede29ef0635049c2e6c709769d503,2026-02-03 15:46:16,Titouan CASTRYCK,Titouan CASTRYCK,CASTRYCK,Titouan,"CASTRYCK, Titouan",2023-09-01,World Cup #4,La Seu,Heats2,MK1,FRA,,19,4,91.63,2,2,93.63,93.63,0,0,0,0,0,0,0,0,0,0,2,0,0,0,0,0,0,0,0,0,0,0,-,-,-,-,-
6f24b0e0ab8235a35d8b8fcf45169a62,2026-02-03 15:46:16,Titouan CASTRYCK,Titouan CASTRYCK,CASTRYCK,Titouan,"CASTRYCK, Titouan",2023-08-20,World Championships Junior & U23,Krakow,Semi,MK1,FRA,,19,2,82.25,0,0,82.25,82.25,0,0,0,0,0,0,0,0,0,0,0,0,0,0,0,0,0,0,0,0,0,-,-,-,-,-,-
3a73aed5c5c6021d8fcfa683946da899,2026-02-03 15:46:16,Titouan CASTRYCK,Titouan CASTRYCK,CASTRYCK,Titouan,"CASTRYCK, Titouan",2023-08-20,World Championships Junior & U23,Krakow,Final,MK1,FRA,,19,3,80.45,2,2,82.45,82.45,0,0,0,0,0,0,0,2,0,0,0,0,0,0,0,0,0,0,0,0,0,-,-,-,-,-,-
ffee90bd4f7f79ace5de9725c0a0dca8,2026-02-03 15:46:16,Titouan CASTRYCK,Titouan CASTRYCK,CASTRYCK,Titouan,"CASTRYCK, Titouan",2023-08-19,World Championships Junior & U23,Krakow,Heats1,MK1,FRA,,19,4,81.69,0,0,81.69,81.69,0,0,0,0,0,0,0,0,0,0,0,0,0,0,0,0,0,0,0,0,0,-,-,-,-,-,-
49bf8c723ffb42eeac2284e8bac4fb47,2026-02-03 15:46:16,Titouan CASTRYCK,Titouan CASTRYCK,CASTRYCK,Titouan,"CASTRYCK, Titouan",2023-07-02,Euros European Games,Krakow,Semi,MK1,FRA,,19,20,90.87,4,4,94.87,94.87,0,0,0,0,0,0,2,0,0,0,0,0,0,0,0,0,0,2,0,0,0,-,-,-,-,-,-
28634d02776e0d034acc320abbdd53c2,2026-02-03 15:46:16,Titouan CASTRYCK,Titouan CASTRYCK,CASTRYCK,Titouan,"CASTRYCK, Titouan",2023-06-30,Euros European Games,Krakow,Heats1,MK1,FRA,,19,2,84.98,0,0,84.98,84.98,0,0,0,0,0,0,0,0,0,0,0,0,0,0,0,0,0,0,0,0,0,-,-,-,-,-,-
8f67daa0028276723a066d7c23717177,2026-02-03 15:46:16,Titouan CASTRYCK,Titouan CASTRYCK,CASTRYCK,Titouan,"CASTRYCK, Titouan",2023-06-09,World Cup #2,Prague,Semi,MK1,FRA,,19,2,92.22,0,0,92.22,92.22,0,0,0,0,0,0,0,0,0,0,0,0,0,0,0,0,0,0,0,0,0,0,0,0,-,-,-
49bc52c66255c326a7f8f3664bfd852b,2026-02-03 15:46:16,Titouan CASTRYCK,Titouan CASTRYCK,CASTRYCK,Titouan,"CASTRYCK, Titouan",2023-06-09,World Cup #2,Prague,Final,MK1,FRA,,19,5,91.64,0,0,91.64,91.64,0,0,0,0,0,0,0,0,0,0,0,0,0,0,0,0,0,0,0,0,0,0,0,0,-,-,-
89c034ef83d69ac2b6e5a60cd4756744,2026-02-03 15:46:16,Titouan CASTRYCK,Titouan CASTRYCK,CASTRYCK,Titouan,"CASTRYCK, Titouan",2023-06-08,World Cup #2,Prague,Heats1,MK1,FRA,,19,9,84.11,2,2,86.11,86.11,0,0,0,0,0,0,0,0,0,0,0,2,0,0,0,0,0,0,0,0,0,0,0,0,-,-,-
08c5cf50c1202256abcdba35acb48f60,2026-02-03 15:46:16,Titouan CASTRYCK,Titouan CASTRYCK,CASTRYCK,Titouan,"CASTRYCK, Titouan",2023-06-02,World Cup #1,Augsburg,Semi,MK1,FRA,,19,4,93.38,0,0,93.38,93.38,0,0,0,0,0,0,0,0,0,0,-,-,-,-,-,-,-,-,-,-,-,-,-,-,-,-,-
2b265cc32d334d4c85c90c25f3b9ecfe,2026-02-03 15:46:16,Titouan CASTRYCK,Titouan CASTRYCK,CASTRYCK,Titouan,"CASTRYCK, Titouan",2023-06-02,World Cup #1,Augsburg,Final,MK1,FRA,,19,10,97.68,0,0,97.68,97.68,0,0,0,0,0,0,0,0,0,0,-,-,-,-,-,-,-,-,-,-,-,-,-,-,-,-,-
e1f197a31fc5550f5f58245c9caa8d48,2026-02-03 15:46:16,Titouan CASTRYCK,Titouan CASTRYCK,CASTRYCK,Titouan,"CASTRYCK, Titouan",2023-06-01,World Cup #1,Augsburg,Heats1,MK1,FRA,,19,4,88.94,0,0,88.94,88.94,0,0,0,0,0,0,0,0,0,0,0,0,0,0,0,0,0,0,0,0,0,0,0,-,-,-,-
97518a01437380bc8fffd75ef33739e0,2026-02-03 15:46:16,Titouan CASTRYCK,Titouan CASTRYCK,CASTRYCK,Titouan,"CASTRYCK, Titouan",2023-04-25,Team trials France 2023 1,Vaires sur Marne,Final,MK1,FRA,,19,2,89.77,0,0,89.77,89.77,0,0,0,0,0,0,0,0,0,0,0,0,0,0,0,0,0,0,0,0,0,0,0,0,0,-,-
f2da2fb7dd7e226ff10bd9a1918d0813,2026-02-03 15:46:16,Titouan CASTRYCK,Titouan CASTRYCK,CASTRYCK,Titouan,"CASTRYCK, Titouan",2023-04-25,Team trials France 2023 1,Vaires sur Marne,Heats1,MK1,FRA,,19,3,91.44,0,0,91.44,91.44,0,0,0,0,0,0,0,0,0,0,0,0,0,0,0,0,0,0,0,0,0,0,0,0,0,-,-
7fc2389f4d7122e783dd630d21e3abee,2026-02-03 15:46:16,Titouan CASTRYCK,Titouan CASTRYCK,CASTRYCK,Titouan,"CASTRYCK, Titouan",2023-03-12,National race Coupe de France N1,Epinal,Semi,MK1,FRA,,19,94,87.55,202,202,289.55,289.55,0,0,0,0,0,0,0,0,0,0,0,0,0,0,0,0,0,0,0,0,0,0,-,-,-,-,-
719f2eb85809d68b2374228093d2ebfe,2026-02-03 15:46:16,Titouan CASTRYCK,Titouan CASTRYCK,CASTRYCK,Titouan,"CASTRYCK, Titouan",2023-03-11,National race Coupe de France N1,Epinal,Semi,MK1,FRA,,19,1,82.85,2,2,84.85,84.85,0,0,0,0,0,0,0,0,0,0,0,0,0,0,0,0,0,0,0,0,0,0,-,-,-,-,-
9ce77cf8d629ed9135b16f49ad4c3021,2026-02-03 15:46:16,Titouan CASTRYCK,Titouan CASTRYCK,CASTRYCK,Titouan,"CASTRYCK, Titouan",2023-03-11,National race Coupe de France N1,Epinal,Final,MK1,FRA,,19,11,81.82,50,50,131.82,131.82,0,0,0,0,0,0,0,0,0,0,0,0,0,0,0,0,0,0,0,0,0,0,-,-,-,-,-
781dc748ce55cf0549475363a19dee4a,2026-02-03 15:46:16,Titouan CASTRYCK,Titouan CASTRYCK,CASTRYCK,Titouan,"CASTRYCK, Titouan",2023-02-05,ICF World ranking ,Ile de la Reunion,Semi,MK1,FRA,,19,13,95.36,4,4,99.36,99.36,0,0,0,0,0,0,0,0,0,0,0,0,0,0,0,0,0,0,0,0,0,0,-,-,-,-,-
cec0ac47147b400bec24e4a821272830,2026-02-03 15:46:16,Titouan CASTRYCK,Titouan CASTRYCK,CASTRYCK,Titouan,"CASTRYCK, Titouan",2023-02-04,ICF World ranking ,Ile de la Reunion,Heats1,MK1,FRA,,19,4,89.83,2,2,91.83,91.83,0,0,0,0,0,0,0,0,0,0,0,0,0,0,0,0,0,0,0,0,0,0,-,-,-,-,-
6bcf119cc4d51f183ee5f5e7393a41c9,2026-02-03 15:46:02,Titouan CASTRYCK,Titouan CASTRYCK,CASTRYCK,Titouan,"CASTRYCK, Titouan",2022-09-18,ICF World ranking ,Lee Valley,Semi,MK1,FRA,,18,7,95.34,2,2,97.34,97.34,0,0,0,0,0,0,0,0,0,0,0,0,0,0,0,0,0,0,0,0,0,0,-,-,-,-,-
1329e2a01d674ffe42ba7425582e2d4f,2026-02-03 15:46:02,Titouan CASTRYCK,Titouan CASTRYCK,CASTRYCK,Titouan,"CASTRYCK, Titouan",2022-09-18,ICF World ranking ,Lee Valley,Final,MK1,FRA,,18,10,102.42,4,4,106.42,106.42,0,0,0,0,0,0,0,0,0,0,0,0,0,0,0,0,0,0,0,0,0,0,-,-,-,-,-
ac0d5cf4e177fdc410a4f7d1089d150d,2026-02-03 15:46:02,Titouan CASTRYCK,Titouan CASTRYCK,CASTRYCK,Titouan,"CASTRYCK, Titouan",2022-09-17,ICF World ranking ,Lee Valley,Heats1,MK1,FRA,,18,34,104.98,2,2,106.98,106.98,0,0,0,0,0,0,0,0,0,0,0,0,0,0,0,0,0,0,0,0,0,0,-,-,-,-,-
e3915c1d08a00b351f3598d34163a630,2026-02-03 15:46:02,Titouan CASTRYCK,Titouan CASTRYCK,CASTRYCK,Titouan,"CASTRYCK, Titouan",2022-09-17,ICF World ranking ,Lee Valley,Heats2,MK1,FRA,,18,2,98.29,2,2,100.29,100.29,0,0,0,0,0,0,0,0,0,0,0,0,0,0,0,0,0,0,0,0,0,0,-,-,-,-,-
9f4c047b0505697c02f336b2de31bbaa,2026-02-03 15:46:02,Titouan CASTRYCK,Titouan CASTRYCK,CASTRYCK,Titouan,"CASTRYCK, Titouan",2022-09-04,World Cup final,La Seu,Semi,MK1,FRA,,18,39,97.06,54,54,151.06,151.06,0,0,0,0,0,0,0,0,0,0,0,0,0,0,0,0,0,0,0,0,0,0,-,-,-,-,-
71b1ab785153977f46e79fba0dc58a2e,2026-02-03 15:46:02,Titouan CASTRYCK,Titouan CASTRYCK,CASTRYCK,Titouan,"CASTRYCK, Titouan",2022-09-02,World Cup final,La Seu,Heats1,MK1,FRA,,18,22,83.64,0,0,83.64,83.64,0,0,0,0,0,0,0,0,-,-,-,-,-,-,-,-,-,-,-,-,-,-,-,-,-,-,-
675d3e6307c25e4bf1b4f99b22bb8a1a,2026-02-03 15:46:02,Titouan CASTRYCK,Titouan CASTRYCK,CASTRYCK,Titouan,"CASTRYCK, Titouan",2022-08-28,World Cup #4,Pau,Semi,MK1,FRA,,18,17,100.3,2,2,102.3,102.3,0,0,0,0,0,0,0,0,0,0,0,0,0,0,0,0,0,0,0,0,0,0,-,-,-,-,-
a6ec70e9209d06b4ac8089761b9d4b31,2026-02-03 15:46:02,Titouan CASTRYCK,Titouan CASTRYCK,CASTRYCK,Titouan,"CASTRYCK, Titouan",2022-08-26,World Cup #4,Pau,Heats1,MK1,FRA,,18,1,92.97,0,0,92.97,92.97,0,0,0,0,0,0,0,0,0,0,0,0,0,0,0,0,0,0,0,0,0,0,-,-,-,-,-
ae028557ff50ba6487d011779f4b6136,2026-02-03 15:46:02,Titouan CASTRYCK,Titouan CASTRYCK,CASTRYCK,Titouan,"CASTRYCK, Titouan",2022-08-21,Euros U23/junior,Ceske Budejovice,Semi,MK1,FRA,,18,5,81.9,2,2,83.9,83.9,0,0,0,0,0,0,0,0,0,0,0,0,0,0,0,0,0,0,0,0,0,0,-,-,-,-,-
fbcb17201dadba2c11150e82c7283290,2026-02-03 15:46:02,Titouan CASTRYCK,Titouan CASTRYCK,CASTRYCK,Titouan,"CASTRYCK, Titouan",2022-08-21,Euros U23/junior,Ceske Budejovice,Final,MK1,FRA,,18,1,79.47,2,2,81.47,81.47,0,0,0,0,0,0,0,0,0,0,0,0,0,0,0,0,0,0,0,0,0,0,-,-,-,-,-
c8f465f9970977040db4a15913afef9c,2026-02-03 15:46:02,Titouan CASTRYCK,Titouan CASTRYCK,CASTRYCK,Titouan,"CASTRYCK, Titouan",2022-08-19,Euros U23/junior,Ceske Budejovice,Heats1,MK1,FRA,,18,1,87.96,2,2,89.96,89.96,0,0,0,0,0,0,0,0,0,0,0,0,0,0,0,0,0,0,0,0,0,0,-,-,-,-,-
cd4ff839573f5b89fbd88b5076c9579f,2026-02-03 15:46:02,Titouan CASTRYCK,Titouan CASTRYCK,CASTRYCK,Titouan,"CASTRYCK, Titouan",2022-07-31,World Championships ,Augsburg,Semi,MK1,FRA,,18,6,96.02,0,0,96.02,96.02,0,0,0,0,0,0,0,0,0,0,0,0,0,0,0,0,0,0,0,0,0,0,-,-,-,-,-
b3e2e1085c9fa26f314f7a1852b5c7e6,2026-02-03 15:46:02,Titouan CASTRYCK,Titouan CASTRYCK,CASTRYCK,Titouan,"CASTRYCK, Titouan",2022-07-31,World Championships ,Augsburg,Final,MK1,FRA,,18,8,97.67,4,4,101.67,101.67,0,0,0,0,0,0,0,0,0,0,0,0,0,0,0,0,0,0,0,0,0,0,-,-,-,-,-
87a76a61a651ee70a5e3185953b76e85,2026-02-03 15:46:02,Titouan CASTRYCK,Titouan CASTRYCK,CASTRYCK,Titouan,"CASTRYCK, Titouan",2022-07-28,World Championships ,Augsburg,Heats1,MK1,FRA,,18,15,88.39,2,2,90.39,90.39,0,0,0,0,0,0,0,0,0,0,0,0,0,0,0,0,0,0,0,0,0,0,-,-,-,-,-
ec8ea4715a96e01aedb319afedfd3aea,2026-02-03 15:46:02,Titouan CASTRYCK,Titouan CASTRYCK,CASTRYCK,Titouan,"CASTRYCK, Titouan",2022-07-10,World Championships U23/junior,Ivrea,Semi,MK1,FRA,,18,1,83.99,0,0,83.99,83.99,0,0,0,0,0,0,0,0,0,0,0,0,0,0,0,0,0,0,0,0,0,0,-,-,-,-,-
0cdbd07414ea39e0c71e4d5816c20619,2026-02-03 15:46:02,Titouan CASTRYCK,Titouan CASTRYCK,CASTRYCK,Titouan,"CASTRYCK, Titouan",2022-07-10,World Championships U23/junior,Ivrea,Final,MK1,FRA,,18,1,83.35,0,0,83.35,83.35,0,0,0,0,0,0,0,0,0,0,0,0,0,0,0,0,0,0,0,0,0,0,-,-,-,-,-
e60a1b42cded7dc5213ee9e1d11470e1,2026-02-03 15:46:02,Titouan CASTRYCK,Titouan CASTRYCK,CASTRYCK,Titouan,"CASTRYCK, Titouan",2022-07-08,World Championships U23/junior,Ivrea,Heats1,MK1,FRA,,18,2,77.38,2,2,79.38,79.38,0,0,0,0,0,0,0,0,0,0,0,0,0,0,0,0,0,0,0,0,0,0,-,-,-,-,-
a4eaca06d60132bde0931c698a023684,2026-02-03 15:46:02,Titouan CASTRYCK,Titouan CASTRYCK,CASTRYCK,Titouan,"CASTRYCK, Titouan",2022-06-19,World Cup #2,Krakow,Semi,MK1,FRA,,18,4,86.02,0,0,86.02,86.02,0,0,0,0,0,0,0,0,0,0,0,0,0,0,0,0,0,0,0,0,0,0,-,-,-,-,-
32084e6b8be18e4f87a21ec588c80c6d,2026-02-03 15:46:02,Titouan CASTRYCK,Titouan CASTRYCK,CASTRYCK,Titouan,"CASTRYCK, Titouan",2022-06-19,World Cup #2,Krakow,Final,MK1,FRA,,18,9,85.23,50,50,135.23,135.23,0,0,0,0,0,0,0,0,0,0,0,0,0,0,0,0,0,0,0,0,0,0,-,-,-,-,-
6560bb6a18e5fd11ddc216ab28250448,2026-02-03 15:46:02,Titouan CASTRYCK,Titouan CASTRYCK,CASTRYCK,Titouan,"CASTRYCK, Titouan",2022-06-17,World Cup #2,Krakow,Heats1,MK1,FRA,,18,14,92.78,0,0,92.78,92.78,0,0,0,0,0,0,0,0,0,0,0,0,0,0,0,0,0,0,0,0,0,0,-,-,-,-,-
ad307b6e45ad6ec9bd1af173fa51c851,2026-02-03 15:46:02,Titouan CASTRYCK,Titouan CASTRYCK,CASTRYCK,Titouan,"CASTRYCK, Titouan",2022-06-10,World Cup #1,Prague,Heats1,MK1,FRA,,18,55,87.44,52,52,139.44,139.44,0,0,0,50,0,0,0,0,-,-,-,-,-,-,-,-,-,2,-,-,-,-,-,-,-,-,-
86afe0338ad9e49c4187a20b8452392a,2026-02-03 15:46:02,Titouan CASTRYCK,Titouan CASTRYCK,CASTRYCK,Titouan,"CASTRYCK, Titouan",2022-06-10,World Cup #1,Prague,Heats2,MK1,FRA,,18,14,87.57,4,4,91.57,91.57,0,0,0,0,0,0,0,0,-,-,-,-,-,-,-,-,-,-,-,-,-,-,-,-,-,-,-
449e1ba05eb9ef838c5526f3c9e2a062,2026-02-03 15:46:02,Titouan CASTRYCK,Titouan CASTRYCK,CASTRYCK,Titouan,"CASTRYCK, Titouan",2022-05-29,Euros ,Liptovsky Mikulas,Semi,MK1,FRA,,18,30,104.14,50,50,154.14,154.14,0,0,0,0,0,0,0,0,0,0,0,0,0,0,0,0,0,0,0,0,0,0,-,-,-,-,-
81f38916b9e2c30689d0490e28342542,2026-02-03 15:46:02,Titouan CASTRYCK,Titouan CASTRYCK,CASTRYCK,Titouan,"CASTRYCK, Titouan",2022-05-26,Euros ,Liptovsky Mikulas,Heats1,MK1,FRA,,18,27,91.88,2,2,93.88,93.88,0,0,0,0,0,0,0,0,0,0,0,0,0,0,0,0,0,0,0,0,0,0,-,-,-,-,-
b86756efd69c21e1ad64ac4347d164d2,2026-02-03 15:46:02,Titouan CASTRYCK,Titouan CASTRYCK,CASTRYCK,Titouan,"CASTRYCK, Titouan",2022-05-26,Euros ,Liptovsky Mikulas,Heats2,MK1,FRA,,18,7,89.36,2,2,91.36,91.36,0,0,0,0,0,0,0,0,0,0,0,0,0,0,0,0,0,0,0,0,0,0,-,-,-,-,-
e9667e6072a7246254c8ff3f0c8a4017,2026-02-03 15:46:02,Titouan CASTRYCK,Titouan CASTRYCK,CASTRYCK,Titouan,"CASTRYCK, Titouan",2022-05-01,International race ,Ivrea,Heats1,MK1,FRA,,18,20,85.68,50,50,135.68,135.68,0,0,0,0,0,0,0,0,0,0,0,0,0,0,0,0,0,0,0,0,0,0,0,-,-,-,-
3bc91a73decdcb980b5cf3be80aacae1,2026-02-03 15:46:02,Titouan CASTRYCK,Titouan CASTRYCK,CASTRYCK,Titouan,"CASTRYCK, Titouan",2022-05-01,International race ,Ivrea,Heats2,MK1,FRA,,18,1,90.02,2,2,92.02,92.02,0,0,0,0,0,0,0,0,0,0,0,0,0,0,0,0,0,0,0,0,0,0,0,-,-,-,-
629ff924f1fdb1a9f0fb9a8cc8355874,2026-02-03 15:46:02,Titouan CASTRYCK,Titouan CASTRYCK,CASTRYCK,Titouan,"CASTRYCK, Titouan",2022-05-01,International race ,Ivrea,Semi,MK1,FRA,,18,1,80.78,0,0,80.78,80.78,0,0,0,0,0,0,0,0,0,0,0,0,0,0,0,0,0,0,0,0,0,0,-,-,-,-,-
ded1ffe643d9c4f13999f66439ba8557,2026-02-03 15:46:02,Titouan CASTRYCK,Titouan CASTRYCK,CASTRYCK,Titouan,"CASTRYCK, Titouan",2022-05-01,International race ,Ivrea,Final,MK1,FRA,,18,1,83.24,4,4,87.24,87.24,0,0,0,0,0,0,0,0,0,0,0,0,0,0,0,0,0,0,0,0,0,0,-,-,-,-,-
67dcdf08f53b4f237b9f18af4f90b145,2026-02-03 15:45:53,Titouan CASTRYCK,Titouan CASTRYCK,CASTRYCK,Titouan,"CASTRYCK, Titouan",2021-09-03,World Cup ,La Seu,Heats1,MK1,FRA,,17,51,95.8,50,50,145.8,145.8,0,0,0,0,0,0,0,0,0,0,0,0,0,0,0,0,0,0,0,0,0,0,-,-,-,-,-
d5de8ce5ac534adf3b7a57a293b441a1,2026-02-03 15:45:53,Titouan CASTRYCK,Titouan CASTRYCK,CASTRYCK,Titouan,"CASTRYCK, Titouan",2021-09-03,World Cup ,La Seu,Heats2,MK1,FRA,,17,24,91.59,50,50,141.59,141.59,0,0,0,0,0,0,0,0,0,0,0,0,0,0,0,0,0,0,0,0,0,0,-,-,-,-,-
5b99a1551df13fdeeac2e1277091b1fe,2026-02-03 15:45:53,Titouan CASTRYCK,Titouan CASTRYCK,CASTRYCK,Titouan,"CASTRYCK, Titouan",2021-08-22,Euros ,Solkan,Final,MK1,FRA,,17,5,94.6,0,0,94.6,94.6,0,0,0,0,0,0,0,0,0,0,0,0,0,0,0,0,0,0,0,0,0,0,-,-,-,-,-
775514c599059d4797b033eae5fda74c,2026-02-03 15:45:53,Titouan CASTRYCK,Titouan CASTRYCK,CASTRYCK,Titouan,"CASTRYCK, Titouan",2021-08-22,Euros ,Solkan,Semi,MK1,FRA,,17,8,97.03,0,0,97.03,97.03,0,0,0,0,0,0,0,0,0,0,0,0,0,0,0,0,0,0,0,0,0,0,-,-,-,-,-
ae542f87ddde103cabed6573ef644fc3,2026-02-03 15:45:53,Titouan CASTRYCK,Titouan CASTRYCK,CASTRYCK,Titouan,"CASTRYCK, Titouan",2021-08-20,Euros ,Solkan,Heats1,MK1,FRA,,17,1,99.65,0,0,99.65,99.65,0,0,0,0,0,0,0,0,0,0,0,0,0,0,0,0,0,0,0,0,0,0,-,-,-,-,-
acf8f74d8ad2712ab1f787aea44640ca,2026-02-03 15:45:53,Titouan CASTRYCK,Titouan CASTRYCK,CASTRYCK,Titouan,"CASTRYCK, Titouan",2021-07-11,World Championships U23,Tacen,Semi,MK1,FRA,,17,4,89.22,0,0,89.22,89.22,0,0,0,0,0,0,0,0,0,0,0,0,0,0,0,0,0,0,0,0,0,0,-,-,-,-,-
a26fbbcff798f5ce42b2863d7a1db33d,2026-02-03 15:45:53,Titouan CASTRYCK,Titouan CASTRYCK,CASTRYCK,Titouan,"CASTRYCK, Titouan",2021-07-11,World Championships U23,Tacen,Final,MK1,FRA,,17,1,85.01,0,0,85.01,85.01,0,0,0,0,0,0,0,0,0,0,0,0,0,0,0,0,0,0,0,0,0,0,-,-,-,-,-
713329bdacacb00fe8f663e235ceb2de,2026-02-03 15:45:53,Titouan CASTRYCK,Titouan CASTRYCK,CASTRYCK,Titouan,"CASTRYCK, Titouan",2021-07-09,World Championships U23,Tacen,Heats1,MK1,FRA,,17,1,73.39,0,0,73.39,73.39,0,0,0,0,0,0,0,0,0,0,0,0,0,0,0,0,0,0,0,0,0,-,-,-,-,-,-
34a78fa8a7377d1d5aa01c48e28b377c,2026-02-03 15:45:53,Titouan CASTRYCK,Titouan CASTRYCK,CASTRYCK,Titouan,"CASTRYCK, Titouan",2021-04-25,Team trials day 3,Vaires sur Marne,Semi,MK1,FRA,,17,15,96.18,6,6,102.18,102.18,0,0,0,0,0,0,0,0,0,0,0,0,0,0,0,0,0,0,0,0,0,0,0,0,0,-,-
0c94e21461d602521037aefcf8fe54b5,2026-02-03 15:45:53,Titouan CASTRYCK,Titouan CASTRYCK,CASTRYCK,Titouan,"CASTRYCK, Titouan",2021-04-25,Team trials day 3,Vaires sur Marne,FinalB,MK1,FRA,,17,10,93.7,206,206,299.7,299.7,0,0,0,0,0,0,0,0,0,0,0,0,0,0,0,0,0,0,0,0,0,0,0,0,0,-,-
ee62d26e6dc8436fe8833600fe36101a,2026-02-03 15:45:53,Titouan CASTRYCK,Titouan CASTRYCK,CASTRYCK,Titouan,"CASTRYCK, Titouan",2021-04-23,Team trials day 2,Vaires sur Marne,Semi,MK1,FRA,,17,3,91.93,0,0,91.93,91.93,0,0,0,0,0,0,0,0,0,0,0,0,0,0,0,0,0,0,0,0,0,0,0,0,0,-,-
b56a8583d2d6b0579088abf6dcf5377c,2026-02-03 15:45:53,Titouan CASTRYCK,Titouan CASTRYCK,CASTRYCK,Titouan,"CASTRYCK, Titouan",2021-04-23,Team trials day 2,Vaires sur Marne,Final,MK1,FRA,,17,11,91.42,50,50,141.42,141.42,0,0,0,0,0,0,0,0,0,0,0,0,0,0,0,0,0,0,0,0,0,0,0,0,0,-,-
0329dfb62142608eb3c1181732185fe2,2026-02-03 15:45:53,Titouan CASTRYCK,Titouan CASTRYCK,CASTRYCK,Titouan,"CASTRYCK, Titouan",2021-04-22,Team trials day 1,Vaires sur Marne,Semi,MK1,FRA,,17,18,111.38,2,2,113.38,113.38,0,0,0,0,0,0,0,0,0,0,0,0,0,0,0,0,0,0,0,0,0,0,0,0,0,-,-
8518813d8f3c28c49aaca55a557ad5d0,2026-02-03 15:45:53,Titouan CASTRYCK,Titouan CASTRYCK,CASTRYCK,Titouan,"CASTRYCK, Titouan",2021-04-22,Team trials day 1,Vaires sur Marne,FinalB,MK1,FRA,,17,5,107.35,2,2,109.35,109.35,0,0,0,0,0,0,0,0,0,0,0,0,0,0,0,0,0,0,0,0,0,0,0,0,0,-,-
371f658f3166562166bf25c1f86e7927,2026-02-03 15:45:53,Titouan CASTRYCK,Titouan CASTRYCK,CASTRYCK,Titouan,"CASTRYCK, Titouan",2021-03-28,Pyrenees Cup ,Pau,Semi,MK1,FRA,,17,32,101.38,52,52,153.38,153.38,0,0,0,0,0,0,0,0,0,0,0,0,0,0,0,0,0,0,0,0,0,0,-,-,-,-,-
2f0be3ea4e5060a25955b5fb53a06321,2026-02-03 15:45:53,Titouan CASTRYCK,Titouan CASTRYCK,CASTRYCK,Titouan,"CASTRYCK, Titouan",2021-03-27,Pyrenees Cup ,Pau,Heats1,MK1,FRA,,17,25,96.89,4,4,100.89,100.89,0,0,0,0,0,0,0,0,0,0,0,0,0,0,0,0,0,0,0,0,0,0,-,-,-,-,-
f0c4009f30a452739a2c1b66ff79036d,2026-02-03 15:45:39,Titouan CASTRYCK,Titouan CASTRYCK,CASTRYCK,Titouan,"CASTRYCK, Titouan",2019-05-04,Team trials ESP-FRA,Pau,Semi,MK1,FRA,,15,43,110.69,2,2,112.69,112.69,0,0,0,0,0,0,0,0,0,0,0,0,0,0,0,0,0,0,0,0,0,0,0,0,0,-,-
08f3cc773251301de02c520c372d9fa4,2026-02-03 15:45:39,Titouan CASTRYCK,Titouan CASTRYCK,CASTRYCK,Titouan,"CASTRYCK, Titouan",2019-05-02,Team trials ESP-FRA,Pau,Semi,MK1,FRA,,15,39,114.4,2,2,116.4,116.4,0,0,0,0,0,0,0,0,0,0,0,0,0,0,0,0,0,0,0,0,0,0,0,0,0,-,-
0720f1b9fe8f1ebad09af4937394dff2,2026-02-03 15:45:39,Titouan CASTRYCK,Titouan CASTRYCK,CASTRYCK,Titouan,"CASTRYCK, Titouan",2019-04-28,Team trials ESP-FRA,La Seu,Semi,MK1,FRA,,15,51,110.49,6,6,116.49,116.49,0,0,0,0,0,0,0,0,0,0,0,0,0,0,0,0,0,0,0,0,0,0,0,0,-,-,-
80e48ebafe44a92530c219279d127d7a,2026-02-03 15:45:39,Titouan CASTRYCK,Titouan CASTRYCK,CASTRYCK,Titouan,"CASTRYCK, Titouan",2019-04-26,Team trials ESP-FRA,La Seu,Semi,MK1,FRA,,15,46,104.15,4,4,108.15,108.15,0,0,0,0,0,0,0,0,0,0,0,0,0,0,0,0,0,0,0,0,0,0,0,0,-,-,-
aa0360903c214cd7b1ddf88f512f5cbf,2026-02-03 15:45:39,Titouan CASTRYCK,Titouan CASTRYCK,CASTRYCK,Titouan,"CASTRYCK, Titouan",2019-04-13,None,La Seu,Heats1,MK1,FRA,,15,78,112.11,4,4,116.11,116.11,0,0,0,0,0,0,0,0,0,0,0,0,0,0,0,0,0,0,0,0,0,0,-,-,-,-,-
ce229be3a5fdb869fcc587aa49bd6e0a,2026-02-03 15:45:39,Titouan CASTRYCK,Titouan CASTRYCK,CASTRYCK,Titouan,"CASTRYCK, Titouan",2019-04-13,None,La Seu,Heats2,MK1,FRA,,15,25,104.26,0,0,104.26,104.26,0,0,0,0,0,0,0,0,0,0,0,0,0,0,0,0,0,0,0,0,0,0,-,-,-,-,-
a5c33eeaa9abaa6fccf576dbaf49460b,2026-09-24 20:00:38,Joe CLARKE,Joe CLARKE,CLARKE,Joe,"CLARKE, Joe",2026-09-22,Euros ,Ivrea,Heats1,MK1,GBR,9,34,17,78.15,2,2,None,,0,0,0,0,0,0,0,0,0,0,0,0,0,0,0,2,0,0,0,0,0,0,-,-,-,-,-
0a9fbb3ef5c2fd2c235bf8987878ff79,2026-09-11 20:00:36,Joe CLARKE,Joe CLARKE,CLARKE,Joe,"CLARKE, Joe",2026-09-13,World Cup Final,La Seu,Semi,MK1,GBR,11,34,19,87.28,2,2,None,,0,0,0,0,0,0,0,0,0,0,0,2,0,0,0,0,0,0,0,0,0,0,0,-,-,-,-
c2c3816830733b87ef48c547af6434c7,2026-09-11 20:00:36,Joe CLARKE,Joe CLARKE,CLARKE,Joe,"CLARKE, Joe",2026-09-11,World Cup Final,La Seu,Heats1,MK1,GBR,11,34,7,88.6,0,0,None,,0,0,0,0,0,0,0,0,0,0,0,0,0,0,0,0,0,0,0,0,0,0,0,-,-,-,-
bf684ae41d22911079ff43e336d258c0,2026-09-10 20:00:41,Joe CLARKE,Joe CLARKE,CLARKE,Joe,"CLARKE, Joe",2026-09-04,World Cup #4,Vaires,Final,MK1,GBR,11,34,4,90.16,2,2,None,,0,0,0,0,0,0,2,0,0,0,0,0,0,0,0,0,0,0,0,0,0,0,-,-,-,-,-
c8e89ed25cba31d51272825a200d856e,2026-09-10 20:00:41,Joe CLARKE,Joe CLARKE,CLARKE,Joe,"CLARKE, Joe",2026-09-04,World Cup #4,Vaires,Heats1,MK1,GBR,11,34,9,94.3,0,0,None,,0,0,0,0,0,0,0,0,0,0,0,0,0,0,0,0,0,0,0,0,0,0,-,-,-,-,-
3d26f7a967992174ca434029ae5a67f6,2026-07-30 20:00:34,Joe CLARKE,Joe CLARKE,CLARKE,Joe,"CLARKE, Joe",2026-07-25,World Championships ,Oklahoma,Final,MK1,GBR,11,34,11,84.27,52,52,None,,0,0,50,0,0,0,0,0,0,0,0,0,2,0,0,0,0,0,0,0,0,0,-,-,-,-,-
3f3572767249eb42e7b5f51a3d939d44,2026-07-26 20:00:31,Joe CLARKE,Joe CLARKE,CLARKE,Joe,"CLARKE, Joe",2026-07-23,World Championships ,Oklahoma,Semi,MK1,GBR,11,34,1,84.78,0,0,None,,0,0,0,0,0,0,0,0,0,0,0,0,0,0,0,0,0,0,0,0,0,0,-,-,-,-,-
cade99f21a6bda5bc0dec784ab31bd3a,2026-07-26 20:00:31,Joe CLARKE,Joe CLARKE,CLARKE,Joe,"CLARKE, Joe",2026-07-23,World Championships ,Oklahoma,Final,MK1,GBR,11,34,11,84.27,52,52,None,,0,0,50,0,0,0,0,0,0,0,0,0,2,0,0,0,0,0,0,0,0,0,-,-,-,-,-
23b7011f777e719d634553600d643141,2026-07-26 20:00:31,Joe CLARKE,Joe CLARKE,CLARKE,Joe,"CLARKE, Joe",2026-07-21,World Championships ,Oklahoma,Heats1,MK1,GBR,11,34,17,82.93,0,0,None,,0,0,0,0,0,0,0,0,0,0,0,0,0,0,0,0,0,0,0,0,0,0,-,-,-,-,-
9ae153bcb165a238fd2342d8baf7b299,2026-06-17 01:18:14,Joe CLARKE,Joe CLARKE,CLARKE,Joe,"CLARKE, Joe",2026-06-12,World Cup #3,Augsburg,Heats1,MK1,GBR,13,34,1,91.44,0,0,None,,0,0,0,0,0,0,0,0,0,0,0,0,0,0,0,0,0,0,0,0,0,0,-,-,-,-,-
4fbad8ce95b2b5024ccf3b2aaa3a4388,2026-06-17 01:18:14,Joe CLARKE,Joe CLARKE,CLARKE,Joe,"CLARKE, Joe",2026-06-12,World Cup #3,Augsburg,Final,MK1,GBR,13,34,10,89.04,56,56,None,,0,0,0,0,0,50,0,0,0,0,0,0,0,2,0,0,0,0,0,0,0,0,-,-,-,-,-
0bb5cf910fa00744c8568acedf278013,2026-06-09 06:48:07,Joe CLARKE,Joe CLARKE,CLARKE,Joe,"CLARKE, Joe",2026-06-05,World Cup #2,Prague,Final,MK1,GBR,15,34,2,97.87,2,2,None,,0,0,0,0,0,0,0,0,0,0,0,0,0,0,0,0,0,0,0,0,0,0,-,-,-,-,-
bd827350f973fe705137e431f0457b9d,2026-06-09 06:48:07,Joe CLARKE,Joe CLARKE,CLARKE,Joe,"CLARKE, Joe",2026-06-05,World Cup #2,Prague,Heats1,MK1,GBR,15,34,10,100.24,2,2,None,,0,0,0,0,0,0,0,0,0,0,0,0,0,0,0,0,0,0,0,0,0,0,-,-,-,-,-
7a7d03f446579996a388325100dfe253,2026-06-09 06:48:07,Joe CLARKE,Joe CLARKE,CLARKE,Joe,"CLARKE, Joe",2026-05-29,World Cup #1,Tacen,Final,MK1,GBR,12,34,5,73.87,2,2,None,,0,2,0,0,0,0,0,0,0,0,0,0,0,0,0,0,0,0,0,0,0,0,-,-,-,-,-
e711981f76e561d4a27352148fd96cd0,2026-06-09 06:48:07,Joe CLARKE,Joe CLARKE,CLARKE,Joe,"CLARKE, Joe",2026-05-29,World Cup #1,Tacen,Heats1,MK1,GBR,12,34,7,77.39,0,0,None,,0,0,0,0,0,0,0,0,0,0,0,0,0,0,0,0,0,0,0,0,0,0,-,-,-,-,-
2218dab478f9f361704b4835fd1721ba,2026-06-03 20:00:30,Joe CLARKE,Joe CLARKE,CLARKE,Joe,"CLARKE, Joe",2026-02-17,World Cup #1,Tacen,Final,MK1,GBR,,34,5,73.87,2,2,None,,0,0,0,0,0,0,0,0,0,0,0,0,0,0,0,0,0,0,0,0,0,0,-,-,-,-,-
7b761f6d6929e7805aa13d3deab688a2,2026-06-03 20:00:30,Joe CLARKE,Joe CLARKE,CLARKE,Joe,"CLARKE, Joe",2026-02-17,World Cup #1,Tacen,Heats1,MK1,GBR,,34,7,77.39,0,0,None,,0,0,0,0,0,0,0,0,0,0,0,0,0,0,0,0,0,0,0,0,0,0,-,-,-,-,-
c3af62b09c9162d00440a6cb943291dc,2026-06-08 09:55:50,Joe CLARKE,Joe CLARKE,CLARKE,Joe,"CLARKE, Joe",2026-02-17,World Cup #2,Prague,Heats1,MK1,GBR,15,34,10,100.24,2,2,None,,0,0,0,0,0,0,0,0,0,0,0,0,0,0,0,0,0,0,0,0,0,0,-,-,-,-,-
17470fec3d23b2b1f09a9133ad1e7044,2026-06-08 09:55:50,Joe CLARKE,Joe CLARKE,CLARKE,Joe,"CLARKE, Joe",2026-02-17,World Cup #2,Prague,Final,MK1,GBR,15,34,2,97.87,2,2,None,,0,0,0,0,0,0,0,0,0,0,0,0,0,0,0,0,0,0,0,0,0,0,-,-,-,-,-
2b86ecb31ee5c3305a0f169e41c48403,2026-02-03 15:46:38,Joe CLARKE,Joe CLARKE,CLARKE,Joe,"CLARKE, Joe",2025-10-03,World Championships ,Penrith,Heats1,MK1,GBR,9,33,33,89.89,2,2,91.89,91.89,0,0,0,0,0,0,0,0,0,0,0,0,0,0,0,0,0,0,0,0,0,0,-,-,-,-,-
b5aa5e3987f225ac579762b8d7293aa8,2026-02-03 15:46:38,Joe CLARKE,Joe CLARKE,CLARKE,Joe,"CLARKE, Joe",2025-09-05,World Cup Final,Augsburg,Heats1,MK1,GBR,4,33,13,96.74,2,2,98.74,98.74,0,0,0,0,0,0,0,2,0,-,-,-,-,-,-,-,-,-,-,-,-,-,-,-,-,-,-
0155198ab6460672f165413f39549939,2026-02-03 15:46:38,Joe CLARKE,Joe CLARKE,CLARKE,Joe,"CLARKE, Joe",2025-09-05,World Cup Final,Augsburg,Semi,MK1,GBR,4,33,21,97.85,4,4,101.85,101.85,0,2,0,0,0,0,0,0,0,-,-,-,-,-,-,-,-,-,2,-,-,-,-,-,-,-,-
91f21f5274c11da9f847ba1b0b10385a,2026-02-03 15:46:38,Joe CLARKE,Joe CLARKE,CLARKE,Joe,"CLARKE, Joe",2025-08-29,World Cup #4,Tacen,Heats1,MK1,GBR,4,33,58,73.79,50,50,123.79,123.79,0,0,0,0,0,0,0,0,0,0,50,-,-,-,-,-,-,-,-,-,-,-,-,-,-,-,-
8c1aa0d4c2dde36a8059b5ea70686049,2026-02-03 15:46:38,Joe CLARKE,Joe CLARKE,CLARKE,Joe,"CLARKE, Joe",2025-05-17,Euros ,Vaires sur Marne,Semi,MK1,GBR,,33,20,86.49,0,0,86.49,86.49,0,0,0,0,0,0,0,0,0,-,-,-,-,-,-,-,-,-,-,-,-,-,-,-,-,-,-
f180b6769bfab296253292fc9366e88c,2026-02-03 15:46:38,Joe CLARKE,Joe CLARKE,CLARKE,Joe,"CLARKE, Joe",2025-05-16,Euros ,Vaires sur Marne,Heats1,MK1,GBR,,33,15,86.13,0,0,86.13,86.13,0,0,0,0,0,0,0,0,0,0,0,0,0,0,0,0,0,0,0,0,0,0,-,-,-,-,-
998cd8bf2e7d3388a0c1a13c2722d195,2026-02-03 15:46:38,Joe CLARKE,Joe CLARKE,CLARKE,Joe,"CLARKE, Joe",2025-01-25,Oceania Championships ,Penrith,Final,MK1,GBR,,33,4,96.73,0,0,96.73,96.73,0,0,0,0,0,0,0,0,0,0,0,0,0,0,0,0,0,0,0,0,0,0,-,-,-,-,-
7f665877f522c2bb82758fc4f0262b2f,2026-02-03 15:46:38,Joe CLARKE,Joe CLARKE,CLARKE,Joe,"CLARKE, Joe",2025-01-24,Oceania Championships ,Penrith,Heats1,MK1,GBR,,33,1,88.38,0,0,88.38,88.38,0,0,0,0,0,0,0,0,0,0,0,0,0,0,0,0,0,0,0,0,0,0,-,-,-,-,-
5e27f1eb4d7446e2928b05b9395a3e35,2026-02-03 15:46:38,Joe CLARKE,Joe CLARKE,CLARKE,Joe,"CLARKE, Joe",2025-01-24,Oceania Championships ,Penrith,Semi,MK1,GBR,,33,11,96.45,4,4,100.45,100.45,0,0,0,0,0,0,0,0,0,0,0,0,2,0,0,0,2,0,0,0,0,0,-,-,-,-,-
3d4bae5a73c3c2f2d12bcc5a1e7a3277,2026-02-03 15:46:27,Joe CLARKE,Joe CLARKE,CLARKE,Joe,"CLARKE, Joe",2024-08-04,Olympic Games ,Vaires sur Marne,Semi,MK1,GBR,,32,1,89.51,0,0,89.51,89.51,0,0,0,0,0,0,0,0,0,0,0,0,0,0,0,0,0,0,0,0,0,0,-,-,-,-,-
ec0d8cbe10ee8eb33732832f173fd3d4,2026-02-03 15:46:27,Joe CLARKE,Joe CLARKE,CLARKE,Joe,"CLARKE, Joe",2024-08-04,Olympic Games ,Vaires sur Marne,Final,MK1,GBR,,32,5,89.82,0,0,89.82,89.82,0,0,0,0,0,0,0,0,0,0,0,0,0,0,0,0,0,0,0,0,0,0,-,-,-,-,-
cd5baf1fb989d9988adad00889152adc,2026-02-03 15:46:27,Joe CLARKE,Joe CLARKE,CLARKE,Joe,"CLARKE, Joe",2024-08-03,Olympic Games ,Vaires sur Marne,Heats1,MK1,GBR,,32,23,86.89,50,50,136.89,136.89,0,0,0,0,0,0,0,0,0,0,0,0,0,0,0,0,0,0,0,0,0,0,-,-,-,-,-
0f22b843c1a05e0946156bc48c560869,2026-02-03 15:46:27,Joe CLARKE,Joe CLARKE,CLARKE,Joe,"CLARKE, Joe",2024-06-15,World Cup #3,Krakow,Final,MK1,GBR,,32,1,85.33,0,0,85.33,85.33,0,0,0,0,0,0,0,0,0,0,0,0,0,0,0,0,0,0,0,0,0,0,-,-,-,-,-
e9430f768642def7697e8cc1cace0d27,2026-02-03 15:46:27,Joe CLARKE,Joe CLARKE,CLARKE,Joe,"CLARKE, Joe",2024-06-15,World Cup #3,Krakow,Semi,MK1,GBR,,32,4,87.54,0,0,87.54,87.54,0,0,0,0,0,0,0,0,0,0,0,0,0,0,0,0,0,0,0,0,0,0,-,-,-,-,-
7e99780c6c569a5ff29ba3ae99b6f0cc,2026-02-03 15:46:27,Joe CLARKE,Joe CLARKE,CLARKE,Joe,"CLARKE, Joe",2024-06-14,World Cup #3,Krakow,Heats1,MK1,GBR,,32,1,81.09,0,0,81.09,81.09,0,0,0,0,0,0,0,0,0,0,0,0,0,0,0,0,0,0,0,0,0,0,-,-,-,-,-
6604b2f76f8a031e9d0067e05582dcc6,2026-02-03 15:46:27,Joe CLARKE,Joe CLARKE,CLARKE,Joe,"CLARKE, Joe",2024-06-07,World Cup #2,Prague,Heats1,MK1,GBR,,32,59,82.81,54,54,136.81,136.81,0,0,0,0,2,0,0,0,0,0,0,0,0,0,0,50,0,2,0,0,0,0,0,0,-,-,-
e1712379333740433ed9393004190fbe,2026-02-03 15:46:27,Joe CLARKE,Joe CLARKE,CLARKE,Joe,"CLARKE, Joe",2024-06-01,World Cup #1,Augsburg,Semi,MK1,GBR,,32,29,99.08,6,6,105.08,105.08,0,2,0,0,0,0,0,0,2,0,-,-,-,-,-,-,2,-,-,-,-,-,-,-,-,-,-
d14e7843f117d5a69c7b3b40533fecfd,2026-02-03 15:46:27,Joe CLARKE,Joe CLARKE,CLARKE,Joe,"CLARKE, Joe",2024-05-31,World Cup #1,Augsburg,Heats1,MK1,GBR,,32,1,93.35,0,0,93.35,93.35,0,0,0,0,0,0,0,0,0,0,-,-,-,-,-,-,-,-,-,-,-,-,-,-,-,-,-
d160febec2274b6bdc2c77f69037b6e2,2026-02-03 15:46:27,Joe CLARKE,Joe CLARKE,CLARKE,Joe,"CLARKE, Joe",2024-05-18,Euros ,Tacen,Final,MK1,GBR,,32,11,91.41,50,50,141.41,141.41,0,0,0,0,0,0,0,0,0,0,0,0,0,0,0,0,0,0,50,0,0,-,-,-,-,-,-
a341c704aa930a4aa630d3869fb972e7,2026-02-03 15:46:27,Joe CLARKE,Joe CLARKE,CLARKE,Joe,"CLARKE, Joe",2024-05-17,Euros ,Tacen,Heats1,MK1,GBR,,32,1,86.78,4,4,90.78,90.78,0,2,0,0,0,0,0,2,0,0,0,0,0,0,0,0,0,0,0,0,0,-,-,-,-,-,-
8ed7bcd3a74cdfe3f451c52f35379921,2026-02-03 15:46:27,Joe CLARKE,Joe CLARKE,CLARKE,Joe,"CLARKE, Joe",2024-02-03,Australian Open ,Penrith,FinalB,MK1,GBR,,32,5,97.3,2,2,99.3,99.3,0,0,0,0,0,0,0,0,0,0,0,0,0,0,0,2,0,0,0,0,0,0,0,-,-,-,-
c43bfb5e5bf0d9ed143b4294fd3aa093,2026-02-03 15:46:27,Joe CLARKE,Joe CLARKE,CLARKE,Joe,"CLARKE, Joe",2024-02-03,Australian Open ,Penrith,Heats1,MK1,GBR,,32,11,97,2,2,99,99,0,0,0,2,0,0,0,0,0,0,0,0,0,0,0,0,0,0,0,0,0,0,0,-,-,-,-
620842fbb90274363ae77e7420e3ca90,2026-02-03 15:46:27,Joe CLARKE,Joe CLARKE,CLARKE,Joe,"CLARKE, Joe",2024-01-26,Oceania Championships ,Penrith,Heats1,MK1,GBR,,32,99,0,,,DNS,,0,0,0,0,0,0,0,0,0,0,0,0,0,0,0,0,0,0,0,0,0,0,-,-,-,-,-
308e2c5a471e753c562c0eff74a8f6d3,2026-02-03 15:46:16,Joe CLARKE,Joe CLARKE,CLARKE,Joe,"CLARKE, Joe",2023-10-07,World Cup final,Vaires sur Marne,Semi,MK1,GBR,,31,16,97.6,0,0,97.6,97.6,0,0,0,0,0,0,0,0,0,0,0,0,0,0,0,0,0,0,0,0,0,-,-,-,-,-,-
c8df3a38526b7e71ff8f9acb99b2ccef,2026-02-03 15:46:16,Joe CLARKE,Joe CLARKE,CLARKE,Joe,"CLARKE, Joe",2023-10-06,World Cup final,Vaires sur Marne,Heats2,MK1,GBR,,31,9,91.14,0,0,91.14,91.14,0,0,0,0,0,0,0,0,0,0,0,0,0,0,0,0,0,0,0,0,0,-,-,-,-,-,-
a241a6a473fa98bda169d43d4aa24002,2026-02-03 15:46:16,Joe CLARKE,Joe CLARKE,CLARKE,Joe,"CLARKE, Joe",2023-10-06,World Cup final,Vaires sur Marne,Heats1,MK1,GBR,,31,46,89.85,50,50,139.85,139.85,0,0,50,0,0,0,0,0,0,0,0,0,0,0,0,0,0,0,0,0,0,-,-,-,-,-,-
d74be69443e94eb44a64d86e27eea432,2026-02-03 15:46:16,Joe CLARKE,Joe CLARKE,CLARKE,Joe,"CLARKE, Joe",2023-09-23,World Championships ,Lee Valley,Semi,MK1,GBR,,31,1,90.96,0,0,90.96,90.96,0,0,0,0,0,0,0,0,0,0,0,0,0,0,0,0,0,0,0,0,0,0,-,-,-,-,-
65ef941852418d133199a0ab85c0c43a,2026-02-03 15:46:16,Joe CLARKE,Joe CLARKE,CLARKE,Joe,"CLARKE, Joe",2023-09-23,World Championships ,Lee Valley,Final,MK1,GBR,,31,1,91.32,0,0,91.32,91.32,0,0,0,0,0,0,0,0,0,0,0,0,0,0,0,0,0,0,0,0,0,0,-,-,-,-,-
4fecf497814008f67874e07854081285,2026-02-03 15:46:16,Joe CLARKE,Joe CLARKE,CLARKE,Joe,"CLARKE, Joe",2023-09-22,World Championships ,Lee Valley,Heats1,MK1,GBR,,31,23,81.28,2,2,83.28,83.28,0,0,2,0,0,0,0,0,0,0,0,0,0,0,0,0,0,0,0,0,0,0,0,-,-,-,-
9c6dea04662d02d1884f1d17067e82ac,2026-02-03 15:46:16,Joe CLARKE,Joe CLARKE,CLARKE,Joe,"CLARKE, Joe",2023-09-02,World Cup #4,La Seu,Final,MK1,GBR,,31,2,88.44,2,2,90.44,90.44,0,0,0,0,0,0,0,0,2,0,0,0,0,0,0,0,0,0,0,0,0,0,-,-,-,-,-
f71de8c13392e4f8cf23104b3622664e,2026-02-03 15:46:16,Joe CLARKE,Joe CLARKE,CLARKE,Joe,"CLARKE, Joe",2023-09-01,World Cup #4,La Seu,Heats1,MK1,GBR,,31,57,92.32,54,54,146.32,146.32,0,0,0,0,0,0,0,0,0,0,0,0,0,0,0,2,0,0,2,0,50,0,-,-,-,-,-
e3fec2bf675fdf0db147f03d3fc07f9f,2026-02-03 15:46:16,Joe CLARKE,Joe CLARKE,CLARKE,Joe,"CLARKE, Joe",2023-09-01,World Cup #4,La Seu,Heats2,MK1,GBR,,31,2,91.34,0,0,91.34,91.34,0,0,0,0,0,0,0,0,0,0,0,0,0,0,0,0,0,0,0,0,0,0,-,-,-,-,-
15c93ce67db69865f6a6c52fc7b15a8a,2026-02-03 15:46:16,Joe CLARKE,Joe CLARKE,CLARKE,Joe,"CLARKE, Joe",2023-07-02,Euros European Games,Krakow,Final,MK1,GBR,,31,3,87.8,2,2,89.8,89.8,2,0,0,0,0,0,0,0,0,0,0,0,0,0,0,0,0,0,0,0,0,-,-,-,-,-,-
e1b9e71a44ece7cac41d50eb7ee16321,2026-02-03 15:46:16,Joe CLARKE,Joe CLARKE,CLARKE,Joe,"CLARKE, Joe",2023-07-02,Euros European Games,Krakow,Semi,MK1,GBR,,31,10,90.29,2,2,92.29,92.29,0,0,0,0,0,0,0,0,0,0,0,0,0,2,0,0,0,0,0,0,0,-,-,-,-,-,-
c89219706d4ade4de94bf61d1ecfd900,2026-02-03 15:46:16,Joe CLARKE,Joe CLARKE,CLARKE,Joe,"CLARKE, Joe",2023-06-30,Euros European Games,Krakow,Heats1,MK1,GBR,,31,18,84.56,4,4,88.56,88.56,0,0,0,0,2,2,0,0,0,0,0,0,0,0,0,0,0,0,0,0,0,-,-,-,-,-,-
4b5ce06f10ed523160ce47c27ac9c92b,2026-02-03 15:46:16,Joe CLARKE,Joe CLARKE,CLARKE,Joe,"CLARKE, Joe",2023-06-16,World Cup #3,Tacen,Semi,MK1,GBR,,31,5,89.75,0,0,89.75,89.75,0,0,0,0,0,0,0,0,0,0,0,0,0,0,0,0,0,0,0,0,0,0,0,-,-,-,-
d5c267b6286000b1dbcb321448e0197c,2026-02-03 15:46:16,Joe CLARKE,Joe CLARKE,CLARKE,Joe,"CLARKE, Joe",2023-06-16,World Cup #3,Tacen,Final,MK1,GBR,,31,9,92.69,0,0,92.69,92.69,0,0,0,0,0,0,0,0,0,0,0,0,0,0,0,0,0,0,0,0,0,0,0,-,-,-,-
59b123df71bc230969b951f73e3ca94a,2026-02-03 15:46:16,Joe CLARKE,Joe CLARKE,CLARKE,Joe,"CLARKE, Joe",2023-06-15,World Cup #3,Tacen,Heats1,MK1,GBR,,31,21,87.47,4,4,91.47,91.47,0,0,0,2,0,0,0,0,0,0,0,2,0,0,0,0,0,0,0,0,0,0,0,-,-,-,-
5ca91d98284b092e6f8b2df7e91630cf,2026-02-03 15:46:16,Joe CLARKE,Joe CLARKE,CLARKE,Joe,"CLARKE, Joe",2023-06-09,World Cup #2,Prague,Semi,MK1,GBR,,31,21,91.8,6,6,97.8,97.8,0,0,0,2,0,0,0,0,0,0,0,0,0,0,0,0,0,2,0,0,0,2,0,0,-,-,-
eb9ffd77f929b5c3ce37cefccc55cf4f,2026-02-03 15:46:16,Joe CLARKE,Joe CLARKE,CLARKE,Joe,"CLARKE, Joe",2023-06-08,World Cup #2,Prague,Heats1,MK1,GBR,,31,2,81.48,2,2,83.48,83.48,0,0,0,0,0,0,0,0,0,0,0,0,0,0,0,0,0,2,0,0,0,0,0,0,-,-,-
b610c17dfd015e1dbddc5ebeeaeeb957,2026-02-03 15:46:16,Joe CLARKE,Joe CLARKE,CLARKE,Joe,"CLARKE, Joe",2023-06-02,World Cup #1,Augsburg,Semi,MK1,GBR,,31,9,93.23,2,2,95.23,95.23,0,0,0,0,0,0,0,2,0,0,-,-,-,-,-,-,-,-,-,-,-,-,-,-,-,-,-
376c0d67a5794eca252153099fbda805,2026-02-03 15:46:16,Joe CLARKE,Joe CLARKE,CLARKE,Joe,"CLARKE, Joe",2023-06-02,World Cup #1,Augsburg,Final,MK1,GBR,,31,2,91.69,2,2,93.69,93.69,0,0,0,0,0,0,0,0,0,0,-,-,-,-,-,-,-,-,-,-,-,-,-,-,-,-,-
e5b104b4ca6d8163bf47b98cc9d304e2,2026-02-03 15:46:16,Joe CLARKE,Joe CLARKE,CLARKE,Joe,"CLARKE, Joe",2023-06-01,World Cup #1,Augsburg,Heats1,MK1,GBR,,31,1,87.78,0,0,87.78,87.78,0,0,0,0,0,0,0,0,0,0,0,0,0,0,0,0,0,0,0,0,0,0,0,-,-,-,-
13da95c0d8a60b0aec2adfa7cfc633d5,2026-02-03 15:46:16,Joe CLARKE,Joe CLARKE,CLARKE,Joe,"CLARKE, Joe",2023-04-10,Team trials GBR Day3 Race5,Lee Valley,Heats1,MK1,GBR,,31,1,94.25,0,0,94.25,94.25,0,0,0,0,0,0,0,0,0,0,0,0,0,0,0,0,0,0,0,0,0,0,0,0,0,-,-
021e75214f3e869fcbe9f5478225d57b,2026-02-03 15:46:16,Joe CLARKE,Joe CLARKE,CLARKE,Joe,"CLARKE, Joe",2023-04-09,Team trials GBR Day2 Race3&4,Lee Valley,Heats1,MK1,GBR,,31,1,94.16,0,0,94.16,94.16,0,0,0,0,0,0,0,0,0,0,0,0,0,0,0,0,0,0,0,0,0,0,0,0,-,-,-
0bdf9f4c1696e4bc87b79fb422a73777,2026-02-03 15:46:16,Joe CLARKE,Joe CLARKE,CLARKE,Joe,"CLARKE, Joe",2023-04-08,Team trials GBR Day1 Race1&2,Lee Valley,Heats2,MK1,GBR,,31,1,87.71,0,0,87.71,87.71,0,0,0,0,0,0,0,0,0,0,0,0,0,0,0,0,0,0,0,0,0,0,-,-,-,-,-
b2e4eaf536c614b32d3657f6e3856e80,2026-02-03 15:46:16,Joe CLARKE,Joe CLARKE,CLARKE,Joe,"CLARKE, Joe",2023-04-08,Team trials GBR Day1 Race1&2,Lee Valley,Heats1,MK1,GBR,,31,1,90.07,0,0,90.07,90.07,0,0,0,0,0,0,0,0,0,0,0,0,0,0,0,0,0,0,0,0,0,0,-,-,-,-,-
bd1be396d9a2e6fae121ff85de416de1,2026-02-03 15:46:02,Joe CLARKE,Joe CLARKE,CLARKE,Joe,"CLARKE, Joe",2022-09-18,ICF World ranking ,Lee Valley,Semi,MK1,GBR,,30,1,92.43,2,2,94.43,94.43,0,0,0,0,0,0,0,0,0,0,0,0,0,0,0,0,0,0,0,0,0,0,-,-,-,-,-
0a83d5e0947b318087833a712a237a00,2026-02-03 15:46:02,Joe CLARKE,Joe CLARKE,CLARKE,Joe,"CLARKE, Joe",2022-09-18,ICF World ranking ,Lee Valley,Final,MK1,GBR,,30,2,95.98,0,0,95.98,95.98,0,0,0,0,0,0,0,0,0,0,0,0,0,0,0,0,0,0,0,0,0,0,-,-,-,-,-
d92dd89f8892f2d949af6473a4a763b9,2026-02-03 15:46:02,Joe CLARKE,Joe CLARKE,CLARKE,Joe,"CLARKE, Joe",2022-09-17,ICF World ranking ,Lee Valley,Heats1,MK1,GBR,,30,1,93.28,2,2,95.28,95.28,0,0,0,0,0,0,0,0,0,0,0,0,0,0,0,0,0,0,0,0,0,0,-,-,-,-,-
83cd9cdab5ace05c655a5c11196fe790,2026-02-03 15:46:02,Joe CLARKE,Joe CLARKE,CLARKE,Joe,"CLARKE, Joe",2022-09-04,World Cup final,La Seu,Semi,MK1,GBR,,30,4,86.95,0,0,86.95,86.95,0,0,0,0,0,0,0,0,0,0,0,0,0,0,0,0,0,0,0,0,0,0,-,-,-,-,-
a5e60b571f6afb71b0e4efa994f84e88,2026-02-03 15:46:02,Joe CLARKE,Joe CLARKE,CLARKE,Joe,"CLARKE, Joe",2022-09-04,World Cup final,La Seu,Final,MK1,GBR,,30,9,88.13,50,50,138.13,138.13,0,0,0,0,0,0,0,0,0,0,0,0,0,0,0,0,0,0,0,0,0,0,-,-,-,-,-
288e292c555753ca6c5896e08ae28766,2026-02-03 15:46:02,Joe CLARKE,Joe CLARKE,CLARKE,Joe,"CLARKE, Joe",2022-09-02,World Cup final,La Seu,Heats1,MK1,GBR,,30,7,79.89,2,2,81.89,81.89,0,0,0,0,0,0,0,0,-,-,-,-,-,-,-,-,-,-,-,-,-,-,-,-,-,-,-
32ec8ee7ed1a65831c7f6e4723917c8a,2026-02-03 15:46:02,Joe CLARKE,Joe CLARKE,CLARKE,Joe,"CLARKE, Joe",2022-08-28,World Cup #4,Pau,Semi,MK1,GBR,,30,35,100.06,50,50,150.06,150.06,0,0,0,0,0,0,0,0,0,0,0,0,0,0,0,0,0,0,0,0,0,0,-,-,-,-,-
1c8849ebdb01f62e7df25ad146c3049d,2026-02-03 15:46:02,Joe CLARKE,Joe CLARKE,CLARKE,Joe,"CLARKE, Joe",2022-08-26,World Cup #4,Pau,Heats1,MK1,GBR,,30,9,94.84,0,0,94.84,94.84,0,0,0,0,0,0,0,0,0,0,0,0,0,0,0,0,0,0,0,0,0,0,-,-,-,-,-
0a7b0e6b4ce93a4ea9155bea35e91761,2026-02-03 15:46:02,Joe CLARKE,Joe CLARKE,CLARKE,Joe,"CLARKE, Joe",2022-07-31,World Championships ,Augsburg,Semi,MK1,GBR,,30,16,96.57,2,2,98.57,98.57,0,0,0,0,0,0,0,0,0,0,0,0,0,0,0,0,0,0,0,0,0,0,-,-,-,-,-
3de95a1157c6d8d2fcc9eb65616f3f78,2026-02-03 15:46:02,Joe CLARKE,Joe CLARKE,CLARKE,Joe,"CLARKE, Joe",2022-07-28,World Championships ,Augsburg,Heats1,MK1,GBR,,30,25,89.99,2,2,91.99,91.99,0,0,0,0,0,0,0,0,0,0,0,0,0,0,0,0,0,0,0,0,0,0,-,-,-,-,-
49bdde0a664b5c9edd9ed31fb6e81f17,2026-02-03 15:46:02,Joe CLARKE,Joe CLARKE,CLARKE,Joe,"CLARKE, Joe",2022-06-26,World Cup #3,Tacen,Semi,MK1,GBR,,30,16,82.45,4,4,86.45,86.45,0,0,0,0,0,0,0,0,0,0,0,0,2,0,0,0,0,2,0,0,0,0,-,-,-,-,-
505aecac07696d0df7251087ef8ee2f4,2026-02-03 15:46:02,Joe CLARKE,Joe CLARKE,CLARKE,Joe,"CLARKE, Joe",2022-06-24,World Cup #3,Tacen,Heats1,MK1,GBR,,30,13,80.36,2,2,82.36,82.36,0,0,0,0,0,0,0,0,0,0,0,0,0,0,2,0,0,0,0,0,0,0,-,-,-,-,-
c9aebc3d6aa9477529b00f61586b4178,2026-02-03 15:46:02,Joe CLARKE,Joe CLARKE,CLARKE,Joe,"CLARKE, Joe",2022-06-19,World Cup #2,Krakow,Semi,MK1,GBR,,30,3,85.92,0,0,85.92,85.92,0,0,0,0,0,0,0,0,0,0,0,0,0,0,0,0,0,0,0,0,0,0,-,-,-,-,-
457463fef9fed03c5e6ef944e16ef237,2026-02-03 15:46:02,Joe CLARKE,Joe CLARKE,CLARKE,Joe,"CLARKE, Joe",2022-06-19,World Cup #2,Krakow,Final,MK1,GBR,,30,2,85.1,0,0,85.1,85.1,0,0,0,0,0,0,0,0,0,0,0,0,0,0,0,0,0,0,0,0,0,0,-,-,-,-,-
da79b1ad1c8cf6e8a75379ba751f2df3,2026-02-03 15:46:02,Joe CLARKE,Joe CLARKE,CLARKE,Joe,"CLARKE, Joe",2022-06-17,World Cup #2,Krakow,Heats1,MK1,GBR,,30,31,90.94,4,4,94.94,94.94,0,0,0,0,0,0,0,0,0,0,0,0,0,0,0,0,0,0,0,0,0,0,-,-,-,-,-
8786c6d51c825b94380b6bfa5823249d,2026-02-03 15:46:02,Joe CLARKE,Joe CLARKE,CLARKE,Joe,"CLARKE, Joe",2022-06-17,World Cup #2,Krakow,Heats2,MK1,GBR,,30,1,89.35,0,0,89.35,89.35,0,0,0,0,0,0,0,0,0,0,0,0,0,0,0,0,0,0,0,0,0,0,-,-,-,-,-
275ce074da6e984dcc8e0dbf51e5895f,2026-02-03 15:46:02,Joe CLARKE,Joe CLARKE,CLARKE,Joe,"CLARKE, Joe",2022-06-12,World Cup #1,Prague,Semi,MK1,GBR,,30,31,96.32,52,52,148.32,148.32,0,0,0,0,0,0,0,0,-,50,-,-,-,-,-,-,-,-,-,-,-,2,-,-,-,-,-
7cfd2670713014f18265ec1e2af1ad91,2026-02-03 15:46:02,Joe CLARKE,Joe CLARKE,CLARKE,Joe,"CLARKE, Joe",2022-06-10,World Cup #1,Prague,Heats1,MK1,GBR,,30,17,85.54,4,4,89.54,89.54,0,0,0,0,0,0,0,0,-,-,-,-,-,-,-,-,-,-,-,-,-,-,-,-,-,-,-
c55263e37825aaa0a6abf74d75ca2e14,2026-02-03 15:46:02,Joe CLARKE,Joe CLARKE,CLARKE,Joe,"CLARKE, Joe",2022-06-05,ICF World ranking ,Augsburg,Semi,MK1,GBR,,30,9,103.7,2,2,105.7,105.7,0,0,0,0,0,0,0,0,0,0,0,0,0,0,0,0,0,0,0,0,0,0,-,-,-,-,-
d538866c5042e0a77240f1fad74bfc3b,2026-02-03 15:46:02,Joe CLARKE,Joe CLARKE,CLARKE,Joe,"CLARKE, Joe",2022-06-05,ICF World ranking ,Augsburg,Final,MK1,GBR,,30,10,100.89,52,52,152.89,152.89,0,0,0,0,0,0,0,0,0,0,0,0,0,0,0,0,0,0,0,0,0,0,-,-,-,-,-
ef23c33dac0d26a51b3b616b89dd8338,2026-02-03 15:46:02,Joe CLARKE,Joe CLARKE,CLARKE,Joe,"CLARKE, Joe",2022-06-04,ICF World ranking ,Augsburg,Heats1,MK1,GBR,,30,25,93,2,2,95,95,0,0,0,0,0,0,0,0,0,0,0,0,0,0,0,0,0,0,0,0,0,0,-,-,-,-,-
1d1238ee9210e2eb169149630f23bc64,2026-02-03 15:46:02,Joe CLARKE,Joe CLARKE,CLARKE,Joe,"CLARKE, Joe",2022-05-29,Euros ,Liptovsky Mikulas,Final,MK1,GBR,,30,4,97.61,2,2,99.61,99.61,0,0,0,0,0,0,0,0,0,0,0,0,0,0,0,0,0,0,0,0,0,0,-,-,-,-,-
0ab2e914dcb8af2823749d50d9195a0f,2026-02-03 15:46:02,Joe CLARKE,Joe CLARKE,CLARKE,Joe,"CLARKE, Joe",2022-05-29,Euros ,Liptovsky Mikulas,Semi,MK1,GBR,,30,9,97.96,2,2,99.96,99.96,0,0,0,0,0,0,0,0,0,0,0,0,0,0,0,0,0,0,0,0,0,0,-,-,-,-,-
8b3cf0894de55fa6634301ccf489060f,2026-02-03 15:46:02,Joe CLARKE,Joe CLARKE,CLARKE,Joe,"CLARKE, Joe",2022-05-26,Euros ,Liptovsky Mikulas,Heats1,MK1,GBR,,30,3,87.55,0,0,87.55,87.55,0,0,0,0,0,0,0,0,0,0,0,0,0,0,0,0,0,0,0,0,0,0,-,-,-,-,-
76685a893f57b0b9e87972098418bc20,2026-02-03 15:45:53,Joe CLARKE,Joe CLARKE,CLARKE,Joe,"CLARKE, Joe",2021-09-24,World Championships ,Bratislava,Heats2,MK1,GBR,,29,16,90.11,0,0,90.11,90.11,0,0,0,0,0,0,0,0,0,0,0,0,0,0,0,0,0,0,0,0,0,0,-,-,-,-,-
437adc5d3961d28f0b14cd4917be17b0,2026-02-03 15:45:53,Joe CLARKE,Joe CLARKE,CLARKE,Joe,"CLARKE, Joe",2021-09-24,World Championships ,Bratislava,Heats1,MK1,GBR,,29,36,84.71,2,2,86.71,86.71,0,0,0,0,0,0,0,0,0,0,0,0,0,0,0,0,0,0,0,0,0,0,-,-,-,-,-
3856cac57f1acef96a82df86dea171c8,2026-02-03 15:45:53,Joe CLARKE,Joe CLARKE,CLARKE,Joe,"CLARKE, Joe",2021-09-12,World Cup ,Pau,Semi,MK1,GBR,,29,8,99.41,0,0,99.41,99.41,0,0,0,0,0,0,0,0,0,0,0,0,0,0,0,0,0,0,0,0,0,0,-,-,-,-,-
634cd8c9fb96689b6a3f1a9de61a2918,2026-02-03 15:45:53,Joe CLARKE,Joe CLARKE,CLARKE,Joe,"CLARKE, Joe",2021-09-12,World Cup ,Pau,Final,MK1,GBR,,29,3,96.33,0,0,96.33,96.33,0,0,0,0,0,0,0,0,0,0,0,0,0,0,0,0,0,0,0,0,0,0,-,-,-,-,-
169ddcd707a94411be9f8b9df5cac79a,2026-02-03 15:45:53,Joe CLARKE,Joe CLARKE,CLARKE,Joe,"CLARKE, Joe",2021-09-10,World Cup ,Pau,Heats1,MK1,GBR,,29,1,94.69,0,0,94.69,94.69,0,0,0,0,0,0,0,0,0,0,0,0,0,0,0,0,0,0,0,0,0,0,-,-,-,-,-
7785fe9daf5e24c6a4d69cf987efef00,2026-02-03 15:45:53,Joe CLARKE,Joe CLARKE,CLARKE,Joe,"CLARKE, Joe",2021-09-05,World Cup ,La Seu,Semi,MK1,GBR,,29,16,85.38,2,2,87.38,87.38,0,0,0,0,0,0,0,0,0,0,0,0,0,0,0,0,0,0,0,0,0,0,-,-,-,-,-
91206ee061135464c0572b518e5e26d9,2026-02-03 15:45:53,Joe CLARKE,Joe CLARKE,CLARKE,Joe,"CLARKE, Joe",2021-09-03,World Cup ,La Seu,Heats1,MK1,GBR,,29,16,90.84,0,0,90.84,90.84,0,0,0,0,0,0,0,0,0,0,0,0,0,0,0,0,0,0,0,0,0,0,-,-,-,-,-
f699baf989bd634b5d0a26f5255e90c9,2026-02-03 15:45:53,Joe CLARKE,Joe CLARKE,CLARKE,Joe,"CLARKE, Joe",2021-06-20,World Cup ,Markkleeberg,Semi,MK1,GBR,,29,32,91.59,50,50,141.59,141.59,0,0,0,0,0,0,0,0,0,0,0,0,0,0,0,0,0,0,0,0,0,0,-,-,-,-,-
1d34e696de98cb1df5275d4824c953cc,2026-02-03 15:45:53,Joe CLARKE,Joe CLARKE,CLARKE,Joe,"CLARKE, Joe",2021-06-18,World Cup ,Markkleeberg,Heats1,MK1,GBR,,29,1,90.95,0,0,90.95,90.95,0,0,0,0,0,0,0,0,0,0,0,0,0,0,0,0,0,0,0,0,0,0,-,-,-,-,-
18faa026898531d477aa5aa45e316ca2,2026-02-03 15:45:53,Joe CLARKE,Joe CLARKE,CLARKE,Joe,"CLARKE, Joe",2021-06-13,World Cup ,Prague,Semi,MK1,GBR,,29,7,94.28,0,0,94.28,94.28,0,0,0,0,0,0,0,0,0,0,0,0,0,0,0,0,0,0,0,0,0,0,-,-,-,-,-
21beb5793eb74307af65a0e40c42dc65,2026-02-03 15:45:53,Joe CLARKE,Joe CLARKE,CLARKE,Joe,"CLARKE, Joe",2021-06-13,World Cup ,Prague,Final,MK1,GBR,,29,4,92.54,0,0,92.54,92.54,0,0,0,0,0,0,0,0,0,0,0,0,0,0,0,0,0,0,0,0,0,0,-,-,-,-,-
2a6116759d1db3ae1e02ccc9736c8977,2026-02-03 15:45:53,Joe CLARKE,Joe CLARKE,CLARKE,Joe,"CLARKE, Joe",2021-06-11,World Cup ,Prague,Heats1,MK1,GBR,,29,3,88.19,0,0,88.19,88.19,0,0,0,0,0,0,0,0,0,0,0,0,0,0,0,0,0,0,0,0,0,0,-,-,-,-,-
3d085cef33030eef996a88960a9ba3f5,2026-02-03 15:45:53,Joe CLARKE,Joe CLARKE,CLARKE,Joe,"CLARKE, Joe",2021-05-09,Euros ,Ivrea,Semi,MK1,GBR,,29,5,82.87,0,0,82.87,82.87,0,0,0,0,0,0,0,0,0,0,0,0,0,0,0,0,0,0,0,0,0,0,-,-,-,-,-
2f3f6021f33e28c71d09964cfd047688,2026-02-03 15:45:53,Joe CLARKE,Joe CLARKE,CLARKE,Joe,"CLARKE, Joe",2021-05-09,Euros ,Ivrea,Final,MK1,GBR,,29,9,88.21,2,2,90.21,90.21,0,0,0,0,0,0,0,0,0,0,0,0,0,0,0,0,0,0,0,0,0,0,-,-,-,-,-
7860df158e830c6668c0a47f7eaf86f2,2026-02-03 15:45:53,Joe CLARKE,Joe CLARKE,CLARKE,Joe,"CLARKE, Joe",2021-05-07,Euros ,Ivrea,Heats1,MK1,GBR,,29,16,77.58,2,2,79.58,79.58,0,0,0,0,0,0,0,0,0,0,0,0,0,0,0,0,0,0,0,0,0,0,-,-,-,-,-
3c750fa04d4ab8e1d33546408a9555a3,2026-02-03 15:45:39,Joe CLARKE,Joe CLARKE,CLARKE,Joe,"CLARKE, Joe",2019-09-29,World Championships ,La Seu,Semi,MK1,GBR,,27,2,84.36,0,0,84.36,84.36,0,0,0,0,0,0,0,0,0,0,0,0,0,0,0,0,0,0,0,0,0,0,-,-,-,-,-
6a1794d4c1c9f8d6a78f77f6e5517d54,2026-02-03 15:45:39,Joe CLARKE,Joe CLARKE,CLARKE,Joe,"CLARKE, Joe",2019-09-29,World Championships ,La Seu,Final,MK1,GBR,,27,5,84.7,4,4,88.7,88.7,0,0,0,0,0,0,0,0,0,0,0,0,0,0,0,0,0,0,0,0,0,0,-,-,-,-,-
00c68e181c6c081b33dc9836c14cd13a,2026-02-03 15:45:39,Joe CLARKE,Joe CLARKE,CLARKE,Joe,"CLARKE, Joe",2019-09-27,World Championships ,La Seu,Heats1,MK1,GBR,,27,2,87.2,0,0,87.2,87.2,0,0,0,0,0,0,0,0,0,0,0,0,0,0,0,0,0,0,0,0,0,0,-,-,-,-,-
e23f688aed1e1f76efc74cc4fd4911bf,2026-02-03 15:45:39,Joe CLARKE,Joe CLARKE,CLARKE,Joe,"CLARKE, Joe",2019-09-08,World Cup ,Prague,Semi,MK1,GBR,,27,4,91.3,2,2,93.3,93.3,0,0,0,0,0,0,0,0,0,0,0,0,0,0,0,0,0,0,0,0,0,0,-,-,-,-,-
3bb0eac82a9f0360f493ba4da7af18d1,2026-02-03 15:45:39,Joe CLARKE,Joe CLARKE,CLARKE,Joe,"CLARKE, Joe",2019-09-08,World Cup ,Prague,Final,MK1,GBR,,27,8,93.47,12,12,105.47,105.47,0,0,0,0,0,0,0,0,0,0,0,0,0,0,0,0,0,0,0,0,0,0,-,-,-,-,-
228ed6722dd3a5787e4088f7fcb312d2,2026-02-03 15:45:39,Joe CLARKE,Joe CLARKE,CLARKE,Joe,"CLARKE, Joe",2019-09-06,World Cup ,Prague,Heats1,MK1,GBR,,27,7,91.78,0,0,91.78,91.78,0,0,0,0,0,0,0,0,0,0,0,0,0,0,0,0,0,0,0,0,0,0,-,-,-,-,-
51a2d13a21675999dc2335d4a41804fa,2026-02-03 15:45:39,Joe CLARKE,Joe CLARKE,CLARKE,Joe,"CLARKE, Joe",2019-06-30,World Cup ,Tacen,Semi,MK1,GBR,,27,3,84.05,0,0,84.05,84.05,0,0,0,0,0,0,0,0,0,0,0,0,0,0,0,0,0,0,0,0,0,0,-,-,-,-,-
751ca118e12d7396ef292568fabdb0a3,2026-02-03 15:45:39,Joe CLARKE,Joe CLARKE,CLARKE,Joe,"CLARKE, Joe",2019-06-30,World Cup ,Tacen,Final,MK1,GBR,,27,6,88.05,2,2,90.05,90.05,0,0,0,0,0,0,0,0,0,0,0,0,0,0,0,0,0,0,0,0,0,0,-,-,-,-,-
cb51aafcd60a30eaba166b3901ebda4a,2026-02-03 15:45:39,Joe CLARKE,Joe CLARKE,CLARKE,Joe,"CLARKE, Joe",2019-06-28,World Cup ,Tacen,Heats1,MK1,GBR,,27,1,75.19,0,0,75.19,75.19,0,0,0,0,0,0,0,0,0,0,0,0,0,0,0,0,0,0,0,0,-,-,-,-,-,-,-
403ce4a1b481b61796eb6fdc09ea449c,2026-02-03 15:45:39,Joe CLARKE,Joe CLARKE,CLARKE,Joe,"CLARKE, Joe",2019-06-16,World Cup ,Lee Valley,Semi,MK1,GBR,,27,1,88.43,0,0,88.43,88.43,0,0,0,0,0,0,0,0,0,0,0,0,0,0,0,0,0,0,0,0,0,0,0,0,0,-,-
08fc4abd91f9ab125283602978cc294f,2026-02-03 15:45:39,Joe CLARKE,Joe CLARKE,CLARKE,Joe,"CLARKE, Joe",2019-06-16,World Cup ,Lee Valley,Final,MK1,GBR,,27,1,90.35,0,0,90.35,90.35,0,0,0,0,0,0,0,0,0,0,0,0,0,0,0,0,0,0,0,0,0,0,0,0,0,-,-
2c4e6f470b02be21d0796f98d73e3d85,2026-02-03 15:45:39,Joe CLARKE,Joe CLARKE,CLARKE,Joe,"CLARKE, Joe",2019-06-14,World Cup ,Lee Valley,Heats1,MK1,GBR,,27,1,83.55,0,0,83.55,83.55,0,0,0,0,0,0,0,0,0,0,0,0,0,0,0,0,0,0,0,0,0,0,0,-,-,-,-
6d3e6aaa3985866a686874577bd255a9,2026-02-03 15:45:39,Joe CLARKE,Joe CLARKE,CLARKE,Joe,"CLARKE, Joe",2019-06-02,Euros ,Pau,Semi,MK1,GBR,,27,3,93.19,2,2,95.19,95.19,0,0,0,0,0,0,0,0,0,0,0,0,0,0,0,0,0,0,0,0,0,0,0,0,0,-,-
39c8b32a70beb6ed3e70e29d6badacac,2026-02-03 15:45:39,Joe CLARKE,Joe CLARKE,CLARKE,Joe,"CLARKE, Joe",2019-06-02,Euros ,Pau,Final,MK1,GBR,,27,4,93.01,2,2,95.01,95.01,0,0,0,0,0,0,0,0,0,0,0,0,0,0,0,0,0,0,0,0,0,0,0,0,0,-,-
d413c1263861ae7a348891bbbaa818a1,2026-02-03 15:45:39,Joe CLARKE,Joe CLARKE,CLARKE,Joe,"CLARKE, Joe",2019-05-31,Euros ,Pau,Heats1,MK1,GBR,,27,1,84.61,0,0,84.61,84.61,0,0,0,0,0,0,0,0,0,0,0,0,0,0,0,0,0,0,0,0,0,0,0,0,-,-,-
8b139db7f84f14c0adadfde0832b4c20,2026-02-03 15:45:39,Joe CLARKE,Joe CLARKE,CLARKE,Joe,"CLARKE, Joe",2019-04-22,Team trials GBR,Lee Valley,Semi,MK1,GBR,,27,1,82.95,2,2,84.95,84.95,0,0,0,0,0,0,0,0,0,0,0,0,0,0,0,0,0,0,0,0,0,0,0,-,-,-,-
dd411c65a3959c93247d60417f47fad7,2026-02-03 15:45:39,Joe CLARKE,Joe CLARKE,CLARKE,Joe,"CLARKE, Joe",2019-04-22,Team trials GBR,Lee Valley,Final,MK1,GBR,,27,1,83.87,0,0,83.87,83.87,0,0,0,0,0,0,0,0,0,0,0,0,0,0,0,0,0,0,0,0,0,0,0,-,-,-,-
f823e4b004ede0dd56026b3886413657,2026-02-03 15:45:39,Joe CLARKE,Joe CLARKE,CLARKE,Joe,"CLARKE, Joe",2019-04-21,Team trials GBR,Lee Valley,Semi,MK1,GBR,,27,2,88.04,0,0,88.04,88.04,0,0,0,0,0,0,0,0,0,0,0,0,0,0,0,0,0,0,0,0,0,-,-,-,-,-,-
d631edd6235f9afc863af79e389b1c56,2026-02-03 15:45:39,Joe CLARKE,Joe CLARKE,CLARKE,Joe,"CLARKE, Joe",2019-04-21,Team trials GBR,Lee Valley,Final,MK1,GBR,,27,1,83.48,0,0,83.48,83.48,0,0,0,0,0,0,0,0,0,0,0,0,0,0,0,0,0,0,0,0,0,-,-,-,-,-,-
b23782bd9c2583633f6296ccb5ebe17c,2026-02-03 15:45:39,Joe CLARKE,Joe CLARKE,CLARKE,Joe,"CLARKE, Joe",2019-04-20,Team trials GBR,Lee Valley,Heats2,MK1,GBR,,27,2,86.97,2,2,88.97,88.97,0,0,0,0,0,0,0,0,0,0,0,0,0,0,0,0,0,0,0,0,0,-,-,-,-,-,-
6be0bfda375c5e3768de4d8bb4a0a76f,2026-02-03 15:45:39,Joe CLARKE,Joe CLARKE,CLARKE,Joe,"CLARKE, Joe",2019-04-20,Team trials GBR,Lee Valley,Heats1,MK1,GBR,,27,1,89,0,0,89,89,0,0,0,0,0,0,0,0,0,0,0,0,0,0,0,0,0,0,0,0,0,-,-,-,-,-,-
e209495ec96ddf9b090bd5d09d7c1756,2026-02-03 15:45:39,Joe CLARKE,Joe CLARKE,CLARKE,Joe,"CLARKE, Joe",2019-02-17,None,Penrith,Final,MK1,GBR,,27,1,87.5,0,0,None,,0,0,0,0,0,0,0,0,0,0,0,0,0,0,0,0,0,0,0,0,-,-,-,-,-,-,-
ac02f3b56d0eb28c57762a4b9b3bcee6,2026-02-03 15:45:39,Joe CLARKE,Joe CLARKE,CLARKE,Joe,"CLARKE, Joe",2019-02-17,None,Penrith,Semi,MK1,GBR,,27,1,85.34,0,0,None,,0,0,0,0,0,0,0,0,0,0,0,0,0,0,0,0,0,0,0,0,-,-,-,-,-,-,-
ebd1b8d2342386eb43022cecc2f5cbcf,2026-02-03 15:45:39,Joe CLARKE,Joe CLARKE,CLARKE,Joe,"CLARKE, Joe",2019-02-15,None,Penrith,Heats1,MK1,GBR,,27,1,91.42,0,0,None,,0,0,0,0,0,0,0,0,0,0,0,0,0,0,0,0,0,0,0,0,-,-,-,-,-,-,-
fc3b9c2ff40c361e26d3cd0e2e46f063,2026-02-03 15:45:29,Joe CLARKE,Joe CLARKE,CLARKE,Joe,"CLARKE, Joe",2018-09-30,None,"Deodoro, Rio",Final,MK1,GBR,,26,5,89.37,4,4,None,,0,0,0,0,0,0,0,0,0,0,0,0,0,0,0,0,0,0,0,0,0,0,0,0,-,-,-
993569990fc51d0654012ffabfca3100,2026-02-03 15:45:29,Joe CLARKE,Joe CLARKE,CLARKE,Joe,"CLARKE, Joe",2018-09-30,None,"Deodoro, Rio",Semi,MK1,GBR,,26,1,91.78,0,0,None,,0,0,0,0,0,0,0,0,0,0,0,0,0,0,0,0,0,0,0,0,0,0,0,0,-,-,-
c77984db42e822200d813fb6d75382cb,2026-02-03 15:45:29,Joe CLARKE,Joe CLARKE,CLARKE,Joe,"CLARKE, Joe",2018-09-28,None,"Deodoro, Rio",Heats1,MK1,GBR,,26,3,83.86,2,2,None,,0,0,0,0,0,0,0,0,0,0,0,0,0,0,0,0,0,0,0,0,0,0,0,0,-,-,-
12199ae563a8d5011aca00a641b5889c,2026-02-03 15:45:29,Joe CLARKE,Joe CLARKE,CLARKE,Joe,"CLARKE, Joe",2018-09-09,None,La Seu,Semi,MK1,GBR,,26,11,94.29,2,2,None,,0,0,0,0,0,0,0,0,0,0,0,0,0,0,0,0,0,0,0,0,0,0,0,-,-,-,-
5ff7aceff1ff2fefa133d7ee207970cd,2026-02-03 15:45:29,Joe CLARKE,Joe CLARKE,CLARKE,Joe,"CLARKE, Joe",2018-09-07,None,La Seu,Heats1,MK1,GBR,,26,31,99.93,0,0,None,,0,0,0,0,0,0,0,0,0,0,0,0,0,0,0,0,0,0,0,0,0,0,0,-,-,-,-
74c4baef5229370fc69910f0048ee98d,2026-02-03 15:45:29,Joe CLARKE,Joe CLARKE,CLARKE,Joe,"CLARKE, Joe",2018-09-07,None,La Seu,Heats2,MK1,GBR,,26,1,93.46,2,2,None,,0,0,0,0,0,0,0,0,0,0,0,0,0,0,0,0,0,0,0,0,0,0,0,-,-,-,-
ccdc398bd4d07f264fb619710392ad96,2026-02-03 15:45:29,Joe CLARKE,Joe CLARKE,CLARKE,Joe,"CLARKE, Joe",2018-07-08,None,Augsburg,Semi,MK1,GBR,,26,10,96.64,2,2,None,,0,0,0,0,0,0,0,0,0,0,0,0,0,0,0,0,0,0,0,0,0,0,0,0,-,-,-
1f1113312b35f27e8bc2f826b10faecd,2026-02-03 15:45:29,Joe CLARKE,Joe CLARKE,CLARKE,Joe,"CLARKE, Joe",2018-07-08,None,Augsburg,Final,MK1,GBR,,26,4,97.08,0,0,None,,0,0,0,0,0,0,0,0,0,0,0,0,0,0,0,0,0,0,0,0,0,0,0,0,-,-,-
965b049c206ddee3c6aa89e3c04476ba,2026-02-03 15:45:29,Joe CLARKE,Joe CLARKE,CLARKE,Joe,"CLARKE, Joe",2018-07-06,None,Augsburg,Heats1,MK1,GBR,,26,24,100.4,0,0,None,,0,0,0,0,0,0,0,0,0,0,0,0,0,0,0,0,0,0,0,0,0,0,0,0,-,-,-
642bbfc2f51aa999f2c6b273bd6963dd,2026-02-03 15:45:29,Joe CLARKE,Joe CLARKE,CLARKE,Joe,"CLARKE, Joe",2018-07-01,None,Krakow,Final,MK1,GBR,,26,1,76.93,0,0,None,,0,0,0,0,0,0,0,0,0,0,0,0,0,0,0,0,0,0,0,0,0,0,-,-,-,-,-
f987725f8b09fe53659e10bae411207c,2026-02-03 15:45:29,Joe CLARKE,Joe CLARKE,CLARKE,Joe,"CLARKE, Joe",2018-07-01,None,Krakow,Semi,MK1,GBR,,26,9,79.69,2,2,None,,0,0,0,0,0,0,0,0,0,0,0,0,0,0,0,0,0,0,0,0,0,0,-,-,-,-,-
66a83f9ece900d3fa936cbd664f9ea20,2026-02-03 15:45:29,Joe CLARKE,Joe CLARKE,CLARKE,Joe,"CLARKE, Joe",2018-06-29,None,Krakow,Heats1,MK1,GBR,,26,1,77.99,0,0,None,,0,0,0,0,0,0,0,0,0,0,0,0,0,0,0,0,0,0,0,0,0,0,-,-,-,-,-
4c9c9d7b01e0fb5d7621b263a7742de3,2026-02-03 15:45:29,Joe CLARKE,Joe CLARKE,CLARKE,Joe,"CLARKE, Joe",2018-06-24,None,Liptovsky Mikulas,Final,MK1,GBR,,26,3,93.01,0,0,None,,0,0,0,0,0,0,0,0,0,0,0,0,0,0,0,0,0,0,0,0,0,0,0,-,-,-,-
d8dc4996739e852697da6e79c526a14d,2026-02-03 15:45:29,Joe CLARKE,Joe CLARKE,CLARKE,Joe,"CLARKE, Joe",2018-06-24,None,Liptovsky Mikulas,Semi,MK1,GBR,,26,5,94.61,0,0,None,,0,0,0,0,0,0,0,0,0,0,0,0,0,0,0,0,0,0,0,0,0,0,0,-,-,-,-
224454b70e337818f0269df710d53037,2026-02-03 15:45:29,Joe CLARKE,Joe CLARKE,CLARKE,Joe,"CLARKE, Joe",2018-06-22,None,Liptovsky Mikulas,Heats1,MK1,GBR,,26,3,93.93,0,0,None,,0,0,0,0,0,0,0,0,0,0,0,0,0,0,0,0,0,0,0,0,0,0,0,-,-,-,-
1ac9ff46728ff0f2176a5f9b683ab1fd,2026-02-03 15:45:29,Joe CLARKE,Joe CLARKE,CLARKE,Joe,"CLARKE, Joe",2018-06-03,None,Prague,Final,MK1,GBR,,26,11,93.49,4,4,None,,0,0,0,0,0,0,0,0,0,0,0,0,0,0,0,0,0,0,0,0,0,0,0,0,-,-,-
33877246fd31b2558685122bcd71b6cd,2026-02-03 15:45:29,Joe CLARKE,Joe CLARKE,CLARKE,Joe,"CLARKE, Joe",2018-06-03,None,Prague,Semi,MK1,GBR,,26,11,94.36,4,4,None,,0,0,0,0,0,0,0,0,0,0,0,0,0,0,0,0,0,0,0,0,0,0,0,0,-,-,-
c08d2d557f75c1d79bf6fae1c0e740f9,2026-02-03 15:45:29,Joe CLARKE,Joe CLARKE,CLARKE,Joe,"CLARKE, Joe",2018-06-01,None,Prague,Heats1,MK1,GBR,,26,7,85.79,2,2,None,,0,0,0,0,0,0,0,0,0,0,0,0,0,0,0,0,0,0,0,0,0,0,0,0,-,-,-
f5865716cb63b31d2a47db630d9f289f,2026-02-03 15:45:22,Joe CLARKE,Joe CLARKE,CLARKE,Joe,"CLARKE, Joe",2017-10-27,None,Pau,Heats1,MK1,GBR,,25,1,77.9,0,0,None,,0,0,0,0,0,0,0,0,0,0,0,0,0,0,0,0,0,0,0,0,0,0,0,-,-,-,-
66f176e9db39faa73a1fdec31b59482b,2026-02-03 15:45:22,Joe CLARKE,Joe CLARKE,CLARKE,Joe,"CLARKE, Joe",2017-10-01,None,Pau,Semi,MK1,GBR,,25,4,93.74,0,0,None,,0,0,0,0,0,0,0,0,0,0,0,0,0,0,0,0,0,0,0,0,0,0,0,-,-,-,-
c004f4dbf3dc46d50421d857b1831c17,2026-02-03 15:45:22,Joe CLARKE,Joe CLARKE,CLARKE,Joe,"CLARKE, Joe",2017-10-01,None,Pau,Final,MK1,GBR,,25,6,93.34,0,0,None,,0,0,0,0,0,0,0,0,0,0,0,0,0,0,0,0,0,0,0,0,0,0,0,-,-,-,-
7239f604863ee92062f5ce4e74a8158a,2026-02-03 15:45:22,Joe CLARKE,Joe CLARKE,CLARKE,Joe,"CLARKE, Joe",2017-09-10,None,La Seu,Semi,MK1,GBR,,25,13,92.52,0,0,None,,0,0,0,0,0,0,0,0,0,0,0,0,0,0,0,0,0,0,0,0,0,0,0,0,-,-,-
d692627300a79e1bbf10f37da0d36233,2026-02-03 15:45:22,Joe CLARKE,Joe CLARKE,CLARKE,Joe,"CLARKE, Joe",2017-09-08,None,La Seu,Heats1,MK1,GBR,,25,77,98.49,104,104,None,,0,0,0,0,0,0,0,0,0,0,0,0,0,0,0,0,0,0,0,0,0,0,0,0,-,-,-
b83a6fcb32b9402e68a110f268fe87e5,2026-02-03 15:45:22,Joe CLARKE,Joe CLARKE,CLARKE,Joe,"CLARKE, Joe",2017-09-08,None,La Seu,Heats2,MK1,GBR,,25,1,93.16,0,0,None,,0,0,0,0,0,0,0,0,0,0,0,0,0,0,0,0,0,0,0,0,0,0,0,0,-,-,-
f18372c1c0c6c529a3b672c03bcdbfa9,2026-02-03 15:45:22,Joe CLARKE,Joe CLARKE,CLARKE,Joe,"CLARKE, Joe",2017-07-02,None,Markkleeberg,Semi,MK1,GBR,,25,21,96.78,4,4,None,,0,0,0,0,0,0,0,0,0,0,0,0,0,0,0,0,0,0,0,0,0,0,0,-,-,-,-
d1e5f262df2fcb995f71392523d05bd0,2026-02-03 15:45:22,Joe CLARKE,Joe CLARKE,CLARKE,Joe,"CLARKE, Joe",2017-06-30,None,Markkleeberg,Heats1,MK1,GBR,,25,34,93.85,2,2,None,,0,0,0,0,0,0,0,0,0,0,0,0,0,0,0,0,0,0,0,0,0,0,0,-,-,-,-
3f6e52a479b3e136c04e1fe246d18e4b,2026-02-03 15:45:22,Joe CLARKE,Joe CLARKE,CLARKE,Joe,"CLARKE, Joe",2017-06-30,None,Markkleeberg,Heats2,MK1,GBR,,25,2,93.59,0,0,None,,0,0,0,0,0,0,0,0,0,0,0,0,0,0,0,0,0,0,0,0,0,0,0,-,-,-,-
dd6bb4f148258ed44b328a52bc740431,2026-02-03 15:45:22,Joe CLARKE,Joe CLARKE,CLARKE,Joe,"CLARKE, Joe",2017-06-25,None,Augsburg,Semi,MK1,GBR,,25,33,104.1,52,52,None,,0,0,0,0,0,0,0,0,0,0,0,0,0,0,0,0,0,0,0,0,0,0,0,0,-,-,-
659fa54ef98a8908cad7c90a7e26472e,2026-02-03 15:45:22,Joe CLARKE,Joe CLARKE,CLARKE,Joe,"CLARKE, Joe",2017-06-23,None,Augsburg,Heats1,MK1,GBR,,25,6,94.64,0,0,None,,0,0,0,0,0,0,0,0,0,0,0,0,0,0,0,0,0,0,0,0,0,0,0,0,-,-,-
ee55f2bf581802cf527227aa2d24bff0,2026-02-03 15:45:22,Joe CLARKE,Joe CLARKE,CLARKE,Joe,"CLARKE, Joe",2017-06-18,None,Prague,Semi,MK1,GBR,,25,9,91.56,0,0,None,,0,0,0,0,0,0,0,0,0,0,0,0,0,0,0,0,0,0,0,0,0,0,0,0,0,-,-
3c83b267d1e47ecc78cbce0d2469e532,2026-02-03 15:45:22,Joe CLARKE,Joe CLARKE,CLARKE,Joe,"CLARKE, Joe",2017-06-18,None,Prague,Final,MK1,GBR,,25,6,95.31,2,2,None,,0,0,0,0,0,0,0,0,0,0,0,0,0,0,0,0,0,0,0,0,0,0,0,0,0,-,-
95d6533ca7e891f7928d2374a1411151,2026-02-03 15:45:22,Joe CLARKE,Joe CLARKE,CLARKE,Joe,"CLARKE, Joe",2017-06-16,None,Prague,Heats1,MK1,GBR,,25,11,80.46,0,0,None,,0,0,0,0,0,0,0,0,0,0,0,0,0,0,0,0,0,0,0,0,0,0,0,0,0,-,-
b2d31600b704b00dab2bcdcb2d2a6944,2026-02-03 15:45:22,Joe CLARKE,Joe CLARKE,CLARKE,Joe,"CLARKE, Joe",2017-06-04,None,Tacen,Semi,MK1,GBR,,25,19,88.82,0,0,None,,0,0,0,0,0,0,0,0,0,0,0,0,0,0,0,0,0,0,0,0,0,0,0,0,-,-,-
cf5f17196410f6c22c4ac028373b27e6,2026-02-03 15:45:22,Joe CLARKE,Joe CLARKE,CLARKE,Joe,"CLARKE, Joe",2017-06-01,None,Tacen,Heats1,MK1,GBR,,25,5,93.96,0,0,None,,0,0,0,0,0,0,0,0,0,0,0,0,0,0,0,0,0,0,0,0,0,0,0,0,-,-,-
db6098d42b3dda2b6c85dcf4c665519c,2026-02-03 15:45:15,Joe CLARKE,Joe CLARKE,CLARKE,Joe,"CLARKE, Joe",2016-08-11,Olympic Games ,"Deodoro, Rio",Final,MK1,GBR,,24,1,88.53,0,0,88.53,88.53,0,0,0,0,0,0,0,0,0,0,0,0,0,0,0,0,0,0,0,0,0,0,0,0,-,-,-
f8d14111d68fee17b3de28a5cfdc441a,2026-02-03 15:45:15,Joe CLARKE,Joe CLARKE,CLARKE,Joe,"CLARKE, Joe",2016-08-11,Olympic Games ,"Deodoro, Rio",Semi,MK1,GBR,,24,3,90.67,0,0,90.67,90.67,0,0,0,0,0,0,0,0,0,0,0,0,0,0,0,0,0,0,0,0,0,0,0,0,-,-,-
89055416e61dd2151128244cd57a1edf,2026-02-03 15:45:15,Joe CLARKE,Joe CLARKE,CLARKE,Joe,"CLARKE, Joe",2016-08-09,Olympic Games ,"Deodoro, Rio",Heats1,MK1,GBR,,24,21,85.89,50,50,135.89,135.89,0,0,0,0,0,0,0,0,0,0,0,0,0,0,0,0,0,0,0,0,0,0,0,0,-,-,-
acdd6f81059e702ab377aa3635e3d40a,2026-02-03 15:45:15,Joe CLARKE,Joe CLARKE,CLARKE,Joe,"CLARKE, Joe",2016-08-09,Olympic Games ,"Deodoro, Rio",Heats2,MK1,GBR,,24,1,86.95,0,0,86.95,86.95,0,0,0,0,0,0,0,0,0,0,0,0,0,0,0,0,0,0,0,0,0,0,0,0,-,-,-
7b6cd0b2ea154c2724b42017c1b8c22d,2026-02-03 15:45:09,Joe CLARKE,Joe CLARKE,CLARKE,Joe,"CLARKE, Joe",2015-09-18,World Championships ,Lee Valley,Heats1,MK1,GBR,,23,2,81.47,0,0,81.47,81.47,0,0,0,0,0,0,0,0,0,0,0,0,0,0,0,0,0,0,0,0,0,0,-,-,-,-,-
b63702d547d0eff2cc7aa6e4ff134e83,2026-02-03 15:46:02,Joan CRESPO,Joan CRESPO,CRESPO,Joan,"CRESPO, Joan",2022-09-04,World Cup final,La Seu,Semi,MK1,ESP,,34,33,90.76,54,54,144.76,144.76,0,0,0,0,0,0,0,0,0,0,0,0,0,0,0,0,0,0,0,0,0,0,-,-,-,-,-
b6b46c367d66227656250f7e7ee7508d,2026-02-03 15:46:02,Joan CRESPO,Joan CRESPO,CRESPO,Joan,"CRESPO, Joan",2022-09-02,World Cup final,La Seu,Heats1,MK1,ESP,,34,2,80.18,0,0,80.18,80.18,0,0,0,0,0,0,0,0,-,-,-,-,-,-,-,-,-,-,-,-,-,-,-,-,-,-,-
9fd72bfc6902737095868266d45ea3f4,2026-02-03 15:46:02,Joan CRESPO,Joan CRESPO,CRESPO,Joan,"CRESPO, Joan",2022-08-28,World Cup #4,Pau,Semi,MK1,ESP,,34,13,100.17,2,2,102.17,102.17,0,0,0,0,0,0,0,0,0,0,0,0,0,0,0,0,0,0,0,0,0,0,-,-,-,-,-
fbc21b35a7dbd47c30200199e456c1aa,2026-02-03 15:46:02,Joan CRESPO,Joan CRESPO,CRESPO,Joan,"CRESPO, Joan",2022-08-26,World Cup #4,Pau,Heats2,MK1,ESP,,34,2,97.56,0,0,97.56,97.56,0,0,0,0,0,0,0,0,0,0,0,0,0,0,0,0,0,0,0,0,0,0,-,-,-,-,-
cef10162ec81c1dc1751f34036775a53,2026-02-03 15:46:02,Joan CRESPO,Joan CRESPO,CRESPO,Joan,"CRESPO, Joan",2022-08-26,World Cup #4,Pau,Heats1,MK1,ESP,,34,48,96.85,8,8,104.85,104.85,0,0,0,0,0,0,0,0,0,0,0,0,0,0,0,0,0,0,0,0,0,0,-,-,-,-,-
ab1477076ec48374e532ecd764b8b7f2,2026-02-03 15:46:02,Joan CRESPO,Joan CRESPO,CRESPO,Joan,"CRESPO, Joan",2022-07-31,World Championships ,Augsburg,Semi,MK1,ESP,,34,37,97.81,56,56,153.81,153.81,0,0,0,0,0,0,0,0,0,0,0,0,0,0,0,0,0,0,0,0,0,0,-,-,-,-,-
5da64a65696be9c8b9522ed60ac4975f,2026-02-03 15:46:02,Joan CRESPO,Joan CRESPO,CRESPO,Joan,"CRESPO, Joan",2022-07-28,World Championships ,Augsburg,Heats1,MK1,ESP,,34,22,91.59,0,0,91.59,91.59,0,0,0,0,0,0,0,0,0,0,0,0,0,0,0,0,0,0,0,0,0,0,-,-,-,-,-
c873d9f68b80b2e75d1e7e5b4639c079,2026-02-03 15:46:02,Joan CRESPO,Joan CRESPO,CRESPO,Joan,"CRESPO, Joan",2022-06-26,World Cup #3,Tacen,Semi,MK1,ESP,,34,38,89.2,50,50,139.2,139.2,0,0,0,0,0,0,0,0,0,0,0,50,0,0,0,0,0,0,0,0,0,0,-,-,-,-,-
29a4771fd5c1e73fc57d2f9c23868333,2026-02-03 15:46:02,Joan CRESPO,Joan CRESPO,CRESPO,Joan,"CRESPO, Joan",2022-06-24,World Cup #3,Tacen,Heats1,MK1,ESP,,34,29,84.53,0,0,84.53,84.53,0,0,0,0,0,0,0,0,0,0,0,0,0,0,0,0,0,0,0,0,0,0,-,-,-,-,-
3d1ccbb7b7ac91000891179730a44bba,2026-02-03 15:46:02,Joan CRESPO,Joan CRESPO,CRESPO,Joan,"CRESPO, Joan",2022-06-17,World Cup #2,Krakow,Heats1,MK1,ESP,,34,37,94.61,2,2,96.61,96.61,0,0,0,0,0,0,0,0,0,0,0,0,0,0,0,0,0,0,0,0,0,0,-,-,-,-,-
85e486afac82e2275bf6e33bcfff4616,2026-02-03 15:46:02,Joan CRESPO,Joan CRESPO,CRESPO,Joan,"CRESPO, Joan",2022-06-17,World Cup #2,Krakow,Heats2,MK1,ESP,,34,30,92.78,50,50,142.78,142.78,0,0,0,0,0,0,0,0,0,0,0,0,0,0,0,0,0,0,0,0,0,0,-,-,-,-,-
2c4679ed6b79f85f026738b17e7b432a,2026-02-03 15:46:02,Joan CRESPO,Joan CRESPO,CRESPO,Joan,"CRESPO, Joan",2022-06-05,ICF World ranking ,Augsburg,Semi,MK1,ESP,,34,18,108.1,0,0,108.1,108.1,0,0,0,0,0,0,0,0,0,0,0,0,0,0,0,0,0,0,0,0,0,0,-,-,-,-,-
22e24d619bb07b1f32f2351699c0b25c,2026-02-03 15:46:02,Joan CRESPO,Joan CRESPO,CRESPO,Joan,"CRESPO, Joan",2022-06-04,ICF World ranking ,Augsburg,Heats2,MK1,ESP,,34,5,92.04,2,2,94.04,94.04,0,0,0,0,0,0,0,0,0,0,0,0,0,0,0,0,0,0,0,0,0,0,-,-,-,-,-
3d525028551fedf781b51873112402f8,2026-02-03 15:46:02,Joan CRESPO,Joan CRESPO,CRESPO,Joan,"CRESPO, Joan",2022-06-04,ICF World ranking ,Augsburg,Heats1,MK1,ESP,,34,39,93.71,4,4,97.71,97.71,0,0,0,0,0,0,0,0,0,0,0,0,0,0,0,0,0,0,0,0,0,0,-,-,-,-,-
57d638e1ea9f5b26bd23bf5045db42e0,2026-02-03 15:46:02,Joan CRESPO,Joan CRESPO,CRESPO,Joan,"CRESPO, Joan",2022-05-29,Euros ,Liptovsky Mikulas,Semi,MK1,ESP,,34,26,103.96,4,4,107.96,107.96,0,0,0,0,0,0,0,0,0,0,0,0,0,0,0,0,0,0,0,0,0,0,-,-,-,-,-
99ab0d93679f7e92ff65c17befa57764,2026-02-03 15:46:02,Joan CRESPO,Joan CRESPO,CRESPO,Joan,"CRESPO, Joan",2022-05-26,Euros ,Liptovsky Mikulas,Heats1,MK1,ESP,,34,18,92.19,0,0,92.19,92.19,0,0,0,0,0,0,0,0,0,0,0,0,0,0,0,0,0,0,0,0,0,0,-,-,-,-,-
af2f7e47c0ff82ecd2f6e73f02886998,2026-02-03 15:46:02,Joan CRESPO,Joan CRESPO,CRESPO,Joan,"CRESPO, Joan",2022-05-08,Pyrenees Cup ,Pau,Final,MK1,ESP,,34,10,94.23,104,104,198.23,198.23,0,0,0,0,0,0,0,0,0,0,0,0,0,0,0,0,0,0,0,0,0,0,-,-,-,-,-
029e025bf7f6b0477b8de8b554220b25,2026-02-03 15:46:02,Joan CRESPO,Joan CRESPO,CRESPO,Joan,"CRESPO, Joan",2022-05-08,Pyrenees Cup ,Pau,Semi,MK1,ESP,,34,9,97.42,0,0,97.42,97.42,0,0,0,0,0,0,0,0,0,0,0,0,0,0,0,0,0,0,0,0,0,0,-,-,-,-,-
f254018fc88eff28805b089ace2bfd06,2026-02-03 15:46:02,Joan CRESPO,Joan CRESPO,CRESPO,Joan,"CRESPO, Joan",2022-05-07,Pyrenees Cup ,Pau,Heats2,MK1,ESP,,34,1,100.17,0,0,100.17,100.17,0,0,0,0,0,0,0,0,0,0,0,0,0,0,0,0,0,0,0,0,0,0,-,-,-,-,-
1990a9cc8a2834e0861acf13fa1d12b0,2026-02-03 15:46:02,Joan CRESPO,Joan CRESPO,CRESPO,Joan,"CRESPO, Joan",2022-05-07,Pyrenees Cup ,Pau,Heats1,MK1,ESP,,34,53,99.14,52,52,151.14,151.14,0,0,0,0,0,0,0,0,0,0,0,0,0,0,0,0,0,0,0,0,0,0,-,-,-,-,-
46285da9b1421adc9b7214091ac517ad,2026-02-03 15:46:02,Joan CRESPO,Joan CRESPO,CRESPO,Joan,"CRESPO, Joan",2022-05-01,Pyrenees Cup ,La Seu,Semi,MK1,ESP,,34,7,91.86,2,2,93.86,93.86,0,0,0,0,0,0,0,0,0,0,0,0,0,0,0,0,0,0,0,0,0,0,-,-,-,-,-
de8994856b7e7fe36f9a9f01b9e479ab,2026-02-03 15:46:02,Joan CRESPO,Joan CRESPO,CRESPO,Joan,"CRESPO, Joan",2022-05-01,Pyrenees Cup ,La Seu,Final,MK1,ESP,,34,4,91.22,0,0,91.22,91.22,0,0,0,0,0,0,0,0,0,0,0,0,0,0,0,0,0,0,0,0,0,0,-,-,-,-,-
1fd72162d7c0c11c5358cd2e705d0677,2026-02-03 15:46:02,Joan CRESPO,Joan CRESPO,CRESPO,Joan,"CRESPO, Joan",2022-04-30,Pyrenees Cup ,La Seu,Heats1,MK1,ESP,,34,5,84.98,2,2,86.98,86.98,0,0,0,0,0,0,0,0,0,0,0,0,0,0,0,0,0,0,0,0,0,0,-,-,-,-,-
5afb135c6368e5b1c9af7c16723958e9,2026-02-03 15:45:53,Joan CRESPO,Joan CRESPO,CRESPO,Joan,"CRESPO, Joan",2021-09-26,World Championships ,Bratislava,Final,MK1,ESP,,33,3,85.9,2,2,87.9,87.9,0,0,0,0,0,0,0,0,0,0,0,0,0,0,0,0,0,0,0,0,0,0,-,-,-,-,-
b83c704491e36c5fbbb0061c6fad70b0,2026-02-03 15:45:53,Joan CRESPO,Joan CRESPO,CRESPO,Joan,"CRESPO, Joan",2021-09-26,World Championships ,Bratislava,Semi,MK1,ESP,,33,4,87.05,0,0,87.05,87.05,0,0,0,0,0,0,0,0,0,0,0,0,0,0,0,0,0,0,0,0,0,0,-,-,-,-,-
b11e680c0068c6ad12fd9535420b151b,2026-02-03 15:45:53,Joan CRESPO,Joan CRESPO,CRESPO,Joan,"CRESPO, Joan",2021-09-24,World Championships ,Bratislava,Heats1,MK1,ESP,,33,21,85.33,0,0,85.33,85.33,0,0,0,0,0,0,0,0,0,0,0,0,0,0,0,0,0,0,0,0,0,0,-,-,-,-,-
ba0a6231ec1616319c850967ca663436,2026-02-03 15:45:53,Joan CRESPO,Joan CRESPO,CRESPO,Joan,"CRESPO, Joan",2021-09-12,World Cup ,Pau,Semi,MK1,ESP,,33,27,103.19,0,0,103.19,103.19,0,0,0,0,0,0,0,0,0,0,0,0,0,0,0,0,0,0,0,0,0,0,-,-,-,-,-
9d1f69a9a066c7759943e93be2dcaf0b,2026-02-03 15:45:53,Joan CRESPO,Joan CRESPO,CRESPO,Joan,"CRESPO, Joan",2021-09-10,World Cup ,Pau,Heats1,MK1,ESP,,33,21,99.01,0,0,99.01,99.01,0,0,0,0,0,0,0,0,0,0,0,0,0,0,0,0,0,0,0,0,0,0,-,-,-,-,-
46b4cc992356f711298a431a9e08fae7,2026-02-03 15:45:53,Joan CRESPO,Joan CRESPO,CRESPO,Joan,"CRESPO, Joan",2021-09-05,World Cup ,La Seu,Final,MK1,ESP,,33,7,84.06,2,2,86.06,86.06,0,0,0,0,0,0,0,0,0,0,0,0,0,0,0,0,0,0,0,0,0,0,-,-,-,-,-
f8329f6c2d29f0b3b0c8b46efa1fdc44,2026-02-03 15:45:53,Joan CRESPO,Joan CRESPO,CRESPO,Joan,"CRESPO, Joan",2021-09-05,World Cup ,La Seu,Semi,MK1,ESP,,33,5,85,0,0,85,85,0,0,0,0,0,0,0,0,0,0,0,0,0,0,0,0,0,0,0,0,0,0,-,-,-,-,-
4d2e5b3e3e8b0af068078768dc38f600,2026-02-03 15:45:53,Joan CRESPO,Joan CRESPO,CRESPO,Joan,"CRESPO, Joan",2021-09-03,World Cup ,La Seu,Heats1,MK1,ESP,,33,2,87.49,0,0,87.49,87.49,0,0,0,0,0,0,0,0,0,0,0,0,0,0,0,0,0,0,0,0,0,0,-,-,-,-,-
f8dfdd3ba3bfc6ba2b14387e418446ea,2026-02-03 15:45:53,Joan CRESPO,Joan CRESPO,CRESPO,Joan,"CRESPO, Joan",2021-06-20,World Cup ,Markkleeberg,Semi,MK1,ESP,,33,13,93.61,0,0,93.61,93.61,0,0,0,0,0,0,0,0,0,0,0,0,0,0,0,0,0,0,0,0,0,0,-,-,-,-,-
d44a932479414dfbd24877871e543cc6,2026-02-03 15:45:53,Joan CRESPO,Joan CRESPO,CRESPO,Joan,"CRESPO, Joan",2021-06-18,World Cup ,Markkleeberg,Heats1,MK1,ESP,,33,22,95.64,2,2,97.64,97.64,0,0,0,0,0,0,0,0,0,0,0,0,0,0,0,0,0,0,0,0,0,0,-,-,-,-,-
fe42ccd9abc3c3c1c830916505c2e68a,2026-02-03 15:45:53,Joan CRESPO,Joan CRESPO,CRESPO,Joan,"CRESPO, Joan",2021-06-11,World Cup ,Prague,Heats2,MK1,ESP,,33,13,90.15,4,4,94.15,94.15,0,0,0,0,0,0,0,0,0,0,0,0,0,0,0,0,0,0,0,0,0,0,-,-,-,-,-
6a1f65e711f13d8a8d65004817c09258,2026-02-03 15:45:53,Joan CRESPO,Joan CRESPO,CRESPO,Joan,"CRESPO, Joan",2021-06-11,World Cup ,Prague,Heats1,MK1,ESP,,33,34,91.21,2,2,93.21,93.21,0,0,0,0,0,0,0,0,0,0,0,0,0,0,0,0,0,0,0,0,0,0,-,-,-,-,-
fdfe0d5f4ca8c6947c456b529bbafa6a,2026-02-03 15:45:53,Joan CRESPO,Joan CRESPO,CRESPO,Joan,"CRESPO, Joan",2021-05-09,Euros ,Ivrea,Semi,MK1,ESP,,33,16,85.93,0,0,85.93,85.93,0,0,0,0,0,0,0,0,0,0,0,0,0,0,0,0,0,0,0,0,0,0,-,-,-,-,-
bd596e939130cb985510bcf59b9c9dc8,2026-02-03 15:45:53,Joan CRESPO,Joan CRESPO,CRESPO,Joan,"CRESPO, Joan",2021-05-07,Euros ,Ivrea,Heats1,MK1,ESP,,33,27,81.67,0,0,81.67,81.67,0,0,0,0,0,0,0,0,0,0,0,0,0,0,0,0,0,0,0,0,0,0,-,-,-,-,-
0af747a5f275cd64951c20c13dcaf464,2026-02-03 15:45:53,Joan CRESPO,Joan CRESPO,CRESPO,Joan,"CRESPO, Joan",2021-03-21,Pyrenees Cup ,La Seu,Semi,MK1,ESP,,33,11,86.42,6,6,92.42,92.42,0,0,0,0,0,0,0,0,0,0,0,0,0,0,0,0,0,0,0,0,-,-,-,-,-,-,-
03a53edb1d3533537339f4789d83c631,2026-02-03 15:45:53,Joan CRESPO,Joan CRESPO,CRESPO,Joan,"CRESPO, Joan",2021-03-20,Pyrenees Cup ,La Seu,Heats2,MK1,ESP,,33,1,81.6,2,2,83.6,83.6,0,0,0,0,0,0,0,0,0,0,0,0,0,0,0,0,0,0,0,0,0,-,-,-,-,-,-
cf43fea9735b1c11399a90118a905b2c,2026-02-03 15:45:53,Joan CRESPO,Joan CRESPO,CRESPO,Joan,"CRESPO, Joan",2021-03-20,Pyrenees Cup ,La Seu,Heats1,MK1,ESP,,33,1,80.76,0,0,80.76,80.76,0,0,0,0,0,0,0,0,0,0,0,0,0,0,0,0,0,0,0,0,0,-,-,-,-,-,-
d1d8b272ad2865dc96db96a685d572b8,2026-02-03 15:45:45,Joan CRESPO,Joan CRESPO,CRESPO,Joan,"CRESPO, Joan",2020-11-08,World Cup ,Pau,Semi,MK1,ESP,,32,25,99.74,104,104,203.74,203.74,0,0,0,0,0,0,0,0,0,0,0,0,0,0,0,0,0,0,0,0,0,0,-,-,-,-,-
c0ea86f44f1590e1ecfbbf96edd61bff,2026-02-03 15:45:45,Joan CRESPO,Joan CRESPO,CRESPO,Joan,"CRESPO, Joan",2020-10-06,World Cup ,Pau,Heats1,MK1,ESP,,32,26,104.6,102,102,206.6,206.6,0,0,0,0,0,0,0,0,0,0,0,0,0,0,0,0,0,0,0,0,0,0,-,-,-,-,-
40a6cb7d181ee2391c7ac5cda75ab383,2026-02-03 15:45:45,Joan CRESPO,Joan CRESPO,CRESPO,Joan,"CRESPO, Joan",2020-10-04,Team trials Repesca 2,La Seu,Semi,MK1,ESP,,32,13,110.85,0,0,110.85,110.85,0,0,0,0,0,0,0,0,0,0,0,0,0,0,0,0,0,0,0,0,0,0,-,-,-,-,-
1ca4417bb27a51c3142cf8a85cf46afb,2026-02-03 15:45:45,Joan CRESPO,Joan CRESPO,CRESPO,Joan,"CRESPO, Joan",2020-10-03,Team trials Repesca 1,La Seu,Semi,MK1,ESP,,32,1,93.9,0,0,93.9,93.9,0,0,0,0,0,0,0,0,0,0,0,0,0,0,0,0,0,0,0,0,0,0,-,-,-,-,-
508f8ca679f37af8256f35ae5df0844e,2026-02-03 15:45:45,Joan CRESPO,Joan CRESPO,CRESPO,Joan,"CRESPO, Joan",2020-10-03,Team trials Repesca 1,La Seu,Final,MK1,ESP,,32,3,93.14,0,0,93.14,93.14,0,0,0,0,0,0,0,0,0,0,0,0,0,0,0,0,0,0,0,0,0,0,-,-,-,-,-
30a6ce8bd9a7e2fa368dc21a5f877edc,2026-02-03 15:45:45,Joan CRESPO,Joan CRESPO,CRESPO,Joan,"CRESPO, Joan",2020-09-20,Euros ,Prague,Final,MK1,ESP,,32,11,103.16,2,2,105.16,105.16,0,0,0,0,0,0,0,0,0,0,0,0,0,0,0,0,0,0,0,0,0,0,0,0,0,-,-
b22f1776731fd0703fd214bf89d15d39,2026-02-03 15:45:45,Joan CRESPO,Joan CRESPO,CRESPO,Joan,"CRESPO, Joan",2020-09-20,Euros ,Prague,Semi,MK1,ESP,,32,13,103.02,2,2,105.02,105.02,0,0,0,0,0,0,0,0,0,0,0,0,0,0,0,0,0,0,0,0,0,0,0,0,0,-,-
61e78376b81d5efd0afeba26bd215196,2026-02-03 15:45:45,Joan CRESPO,Joan CRESPO,CRESPO,Joan,"CRESPO, Joan",2020-09-18,Euros ,Prague,Heats1,MK1,ESP,,32,18,95.01,2,2,97.01,97.01,0,0,0,0,0,0,0,0,0,0,0,0,0,0,0,0,0,0,0,0,0,0,0,0,0,-,-
d0716fd454a2f20d6587c5e1c1269d34,2026-02-03 15:45:39,Joan CRESPO,Joan CRESPO,CRESPO,Joan,"CRESPO, Joan",2019-09-29,World Championships ,La Seu,Final,MK1,ESP,,31,3,87.22,0,0,87.22,87.22,0,0,0,0,0,0,0,0,0,0,0,0,0,0,0,0,0,0,0,0,0,0,-,-,-,-,-
1913215fae991fbc6eeff0078cca48ec,2026-02-03 15:45:39,Joan CRESPO,Joan CRESPO,CRESPO,Joan,"CRESPO, Joan",2019-09-29,World Championships ,La Seu,Semi,MK1,ESP,,31,8,86.01,0,0,86.01,86.01,0,0,0,0,0,0,0,0,0,0,0,0,0,0,0,0,0,0,0,0,0,0,-,-,-,-,-
70544e9911c8f33025ce34b7a2b19453,2026-02-03 15:45:39,Joan CRESPO,Joan CRESPO,CRESPO,Joan,"CRESPO, Joan",2019-09-27,World Championships ,La Seu,Heats1,MK1,ESP,,31,7,89.5,0,0,89.5,89.5,0,0,0,0,0,0,0,0,0,0,0,0,0,0,0,0,0,0,0,0,0,0,-,-,-,-,-
3ec886e4521819ab4b54103f40ad98c8,2026-02-03 15:45:39,Joan CRESPO,Joan CRESPO,CRESPO,Joan,"CRESPO, Joan",2019-09-01,World Cup ,Markkleeberg,Semi,MK1,ESP,,31,34,99.07,2,2,None,,0,0,0,0,0,0,0,0,0,0,0,0,0,0,0,0,0,0,0,0,0,-,-,-,-,-,-
083058d8d67aab225c5c3a35be27e629,2026-02-03 15:45:39,Joan CRESPO,Joan CRESPO,CRESPO,Joan,"CRESPO, Joan",2019-08-30,World Cup ,Markkleeberg,Heats1,MK1,ESP,,31,17,95.19,0,0,None,,0,0,0,0,0,0,0,0,0,0,0,0,0,0,0,0,0,0,0,0,0,-,-,-,-,-,-
63e2cd073421974e1e9b2a1f351fe1c6,2026-02-03 15:45:39,Joan CRESPO,Joan CRESPO,CRESPO,Joan,"CRESPO, Joan",2019-06-23,World Cup ,Bratislava,Semi,MK1,ESP,,31,23,95.19,2,2,97.19,97.19,0,0,0,0,0,0,0,0,0,0,0,0,0,0,0,0,0,0,0,0,0,0,-,-,-,-,-
df2c7683610b622e9e8dc8ce1941627b,2026-02-03 15:45:39,Joan CRESPO,Joan CRESPO,CRESPO,Joan,"CRESPO, Joan",2019-06-21,World Cup ,Bratislava,Heats2,MK1,ESP,,31,1,90.06,0,0,90.06,90.06,0,0,0,0,0,0,0,0,0,0,0,0,0,0,0,0,0,0,0,0,0,0,-,-,-,-,-
5b6bf588fe597b8d9d4fcc6c763ce329,2026-02-03 15:45:39,Joan CRESPO,Joan CRESPO,CRESPO,Joan,"CRESPO, Joan",2019-06-21,World Cup ,Bratislava,Heats1,MK1,ESP,,31,41,101.58,2,2,103.58,103.58,0,0,0,0,0,0,0,0,0,0,0,0,0,0,0,0,0,0,0,0,0,0,-,-,-,-,-
778788a2db461064bf4fc471284f4f1b,2026-02-03 15:45:39,Joan CRESPO,Joan CRESPO,CRESPO,Joan,"CRESPO, Joan",2019-06-16,World Cup ,Lee Valley,Semi,MK1,ESP,,31,23,95.95,0,0,95.95,95.95,0,0,0,0,0,0,0,0,0,0,0,0,0,0,0,0,0,0,0,0,0,0,0,0,0,-,-
b9a2316b9dc85f0a1c2faded3f29ea0e,2026-02-03 15:45:39,Joan CRESPO,Joan CRESPO,CRESPO,Joan,"CRESPO, Joan",2019-06-14,World Cup ,Lee Valley,Heats1,MK1,ESP,,31,45,95.41,2,2,97.41,97.41,0,0,0,0,0,0,0,0,0,0,0,0,0,0,0,0,0,0,0,0,0,0,0,-,-,-,-
d5c8a7dd7c8d93ea2c96890fd321c233,2026-02-03 15:45:39,Joan CRESPO,Joan CRESPO,CRESPO,Joan,"CRESPO, Joan",2019-06-14,World Cup ,Lee Valley,Heats2,MK1,ESP,,31,9,91.1,2,2,93.1,93.1,0,0,0,0,0,0,0,0,0,0,0,0,0,0,0,0,0,0,0,0,0,0,0,-,-,-,-
96a6b5fa8b360ff3adb42482e80decab,2026-02-03 15:45:39,Joan CRESPO,Joan CRESPO,CRESPO,Joan,"CRESPO, Joan",2019-06-02,Euros ,Pau,Semi,MK1,ESP,,31,13,97.65,0,0,97.65,97.65,0,0,0,0,0,0,0,0,0,0,0,0,0,0,0,0,0,0,0,0,0,0,0,0,0,-,-
4e0d57d9f14b38426de8ed15f905d9ed,2026-02-03 15:45:39,Joan CRESPO,Joan CRESPO,CRESPO,Joan,"CRESPO, Joan",2019-06-02,Euros ,Pau,Final,MK1,ESP,,31,12,97.18,4,4,101.18,101.18,0,0,0,0,0,0,0,0,0,0,0,0,0,0,0,0,0,0,0,0,0,0,0,0,0,-,-
385ecaab79d79ef1c19d1a5ef6370a73,2026-02-03 15:45:39,Joan CRESPO,Joan CRESPO,CRESPO,Joan,"CRESPO, Joan",2019-05-31,Euros ,Pau,Heats1,MK1,ESP,,31,18,91.74,0,0,91.74,91.74,0,0,0,0,0,0,0,0,0,0,0,0,0,0,0,0,0,0,0,0,0,0,0,0,-,-,-
df529d06ee4c29be1e070e84867db7e3,2026-02-03 15:45:39,Joan CRESPO,Joan CRESPO,CRESPO,Joan,"CRESPO, Joan",2019-05-04,Team trials ESP-FRA,Pau,Final,MK1,ESP,,31,5,98.16,0,0,98.16,98.16,0,0,0,0,0,0,0,0,0,0,0,0,0,0,0,0,0,0,0,0,0,0,0,0,0,-,-
96b582fa3f115f87a495d8ca782153fe,2026-02-03 15:45:39,Joan CRESPO,Joan CRESPO,CRESPO,Joan,"CRESPO, Joan",2019-05-04,Team trials ESP-FRA,Pau,Semi,MK1,ESP,,31,9,99.1,0,0,99.1,99.1,0,0,0,0,0,0,0,0,0,0,0,0,0,0,0,0,0,0,0,0,0,0,0,0,0,-,-
4b15a907df377d55c1db0cf6aa829f34,2026-02-03 15:45:39,Joan CRESPO,Joan CRESPO,CRESPO,Joan,"CRESPO, Joan",2019-05-02,Team trials ESP-FRA,Pau,FinalB,MK1,ESP,,31,4,107.74,0,0,107.74,107.74,0,0,0,0,0,0,0,0,0,0,0,0,0,0,0,0,0,0,0,0,0,0,0,0,0,-,-
85444d0d9cc0afa8733ae5bf191501a9,2026-02-03 15:45:39,Joan CRESPO,Joan CRESPO,CRESPO,Joan,"CRESPO, Joan",2019-05-02,Team trials ESP-FRA,Pau,Semi,MK1,ESP,,31,18,104.85,2,2,106.85,106.85,0,0,0,0,0,0,0,0,0,0,0,0,0,0,0,0,0,0,0,0,0,0,0,0,0,-,-
a2359445507e886ab60c2bec1760e30a,2026-02-03 15:45:39,Joan CRESPO,Joan CRESPO,CRESPO,Joan,"CRESPO, Joan",2019-04-28,Team trials ESP-FRA,La Seu,Final,MK1,ESP,,31,6,98.53,2,2,100.53,100.53,0,0,0,0,0,0,0,0,0,0,0,0,0,0,0,0,0,0,0,0,0,0,0,0,-,-,-
444ec55c5dd42c60cb144214b8eae6de,2026-02-03 15:45:39,Joan CRESPO,Joan CRESPO,CRESPO,Joan,"CRESPO, Joan",2019-04-28,Team trials ESP-FRA,La Seu,Semi,MK1,ESP,,31,2,96.47,0,0,96.47,96.47,0,0,0,0,0,0,0,0,0,0,0,0,0,0,0,0,0,0,0,0,0,0,0,0,-,-,-
ac9a06078cd1606422aab9a255deb1fc,2026-02-03 15:45:39,Joan CRESPO,Joan CRESPO,CRESPO,Joan,"CRESPO, Joan",2019-04-26,Team trials ESP-FRA,La Seu,Semi,MK1,ESP,,31,53,91.49,50,50,141.49,141.49,0,0,0,0,0,0,0,0,0,0,0,0,0,0,0,0,0,0,0,0,0,0,0,0,-,-,-
0843e2072b5409a83fe082ac6a762f60,2026-02-03 15:45:39,Joan CRESPO,Joan CRESPO,CRESPO,Joan,"CRESPO, Joan",2019-04-14,None,La Seu,Semi,MK1,ESP,,31,8,86.61,2,2,88.61,88.61,0,0,0,0,0,0,0,0,0,0,0,0,0,0,0,0,0,0,0,0,0,0,-,-,-,-,-
76213f2e0ca11d3596c44bdddd1b3177,2026-02-03 15:45:39,Joan CRESPO,Joan CRESPO,CRESPO,Joan,"CRESPO, Joan",2019-04-14,None,La Seu,Final,MK1,ESP,,31,4,86.96,0,0,86.96,86.96,0,0,0,0,0,0,0,0,0,0,0,0,0,0,0,0,0,0,0,0,0,0,-,-,-,-,-
604d8b9915d7640757d4659f9624fd8e,2026-02-03 15:45:39,Joan CRESPO,Joan CRESPO,CRESPO,Joan,"CRESPO, Joan",2019-04-13,None,La Seu,Heats1,MK1,ESP,,31,2,96.57,0,0,96.57,96.57,0,0,0,0,0,0,0,0,0,0,0,0,0,0,0,0,0,0,0,0,0,0,-,-,-,-,-
7f38fea7d2f9e7cb87e66c073f46d5c3,2026-02-03 15:45:39,Joan CRESPO,Joan CRESPO,CRESPO,Joan,"CRESPO, Joan",2019-04-07,None,Pau,Semi,MK1,ESP,,31,29,98.6,4,4,102.6,102.6,0,0,0,0,0,0,0,0,0,0,0,0,0,0,0,0,0,0,0,0,0,0,-,-,-,-,-
dde387ff4cab9180da32e074f45083ad,2026-02-03 15:45:39,Joan CRESPO,Joan CRESPO,CRESPO,Joan,"CRESPO, Joan",2019-04-06,None,Pau,Heats1,MK1,ESP,,31,7,93.91,0,0,93.91,93.91,0,0,0,0,0,0,0,0,0,0,0,0,0,0,0,0,0,0,0,0,-,-,-,-,-,-,-
f891b6193ff8e04d302f4a1912428239,2026-02-03 15:45:29,Joan CRESPO,Joan CRESPO,CRESPO,Joan,"CRESPO, Joan",2018-09-30,None,"Deodoro, Rio",Semi,MK1,ESP,,30,35,97.18,4,4,None,,0,0,0,0,0,0,0,0,0,0,0,0,0,0,0,0,0,0,0,0,0,0,0,0,-,-,-
65728a6417d4848b30cacd486458d429,2026-02-03 15:45:29,Joan CRESPO,Joan CRESPO,CRESPO,Joan,"CRESPO, Joan",2018-09-28,None,"Deodoro, Rio",Heats1,MK1,ESP,,30,13,88.59,0,0,None,,0,0,0,0,0,0,0,0,0,0,0,0,0,0,0,0,0,0,0,0,0,0,0,0,-,-,-
667f6b7dc9585649a7429b842e357790,2026-02-03 15:45:29,Joan CRESPO,Joan CRESPO,CRESPO,Joan,"CRESPO, Joan",2018-09-09,None,La Seu,Semi,MK1,ESP,,30,4,94.32,0,0,None,,0,0,0,0,0,0,0,0,0,0,0,0,0,0,0,0,0,0,0,0,0,0,0,-,-,-,-
0bd1637ddbec5076df60b4eb1d95efc5,2026-02-03 15:45:29,Joan CRESPO,Joan CRESPO,CRESPO,Joan,"CRESPO, Joan",2018-09-09,None,La Seu,Final,MK1,ESP,,30,6,93.93,2,2,None,,0,0,0,0,0,0,0,0,0,0,0,0,0,0,0,0,0,0,0,0,0,0,0,-,-,-,-
ade6343ebcc4bd133b24a8b78c5ea6f8,2026-02-03 15:45:29,Joan CRESPO,Joan CRESPO,CRESPO,Joan,"CRESPO, Joan",2018-09-07,None,La Seu,Heats2,MK1,ESP,,30,7,97.76,0,0,None,,0,0,0,0,0,0,0,0,0,0,0,0,0,0,0,0,0,0,0,0,0,0,0,-,-,-,-
f0205c5f6145ec5a6f0330c98a7daf34,2026-02-03 15:45:29,Joan CRESPO,Joan CRESPO,CRESPO,Joan,"CRESPO, Joan",2018-09-07,None,La Seu,Heats1,MK1,ESP,,30,69,99.64,50,50,None,,0,0,0,0,0,0,0,0,0,0,0,0,0,0,0,0,0,0,0,0,0,0,0,-,-,-,-
8d04ffd5ce1f63013e127763cbc217c2,2026-02-03 15:45:29,Joan CRESPO,Joan CRESPO,CRESPO,Joan,"CRESPO, Joan",2018-07-01,None,Krakow,Semi,MK1,ESP,,30,28,87.84,2,2,None,,0,0,0,0,0,0,0,0,0,0,0,0,0,0,0,0,0,0,0,0,0,0,-,-,-,-,-
7fe72d884e92649d9d4be7a34cb4dc9c,2026-02-03 15:45:29,Joan CRESPO,Joan CRESPO,CRESPO,Joan,"CRESPO, Joan",2018-06-29,None,Krakow,Heats1,MK1,ESP,,30,11,80.33,0,0,None,,0,0,0,0,0,0,0,0,0,0,0,0,0,0,0,0,0,0,0,0,0,0,-,-,-,-,-
c4b3d328d800866926e0c8c9504bd460,2026-02-03 15:45:29,Joan CRESPO,Joan CRESPO,CRESPO,Joan,"CRESPO, Joan",2018-06-24,None,Liptovsky Mikulas,Semi,MK1,ESP,,30,30,98.33,4,4,None,,0,0,0,0,0,0,0,0,0,0,0,0,0,0,0,0,0,0,0,0,0,0,0,-,-,-,-
369af0a497c938276ff43e3bf7100e46,2026-02-03 15:45:29,Joan CRESPO,Joan CRESPO,CRESPO,Joan,"CRESPO, Joan",2018-06-22,None,Liptovsky Mikulas,Heats1,MK1,ESP,,30,17,97.35,0,0,None,,0,0,0,0,0,0,0,0,0,0,0,0,0,0,0,0,0,0,0,0,0,0,0,-,-,-,-
c8dfba91d66f6e4bc5b74c1f7744a720,2026-02-03 15:45:29,Joan CRESPO,Joan CRESPO,CRESPO,Joan,"CRESPO, Joan",2018-06-03,None,Prague,Semi,MK1,ESP,,30,27,97.36,100,100,None,,0,0,0,0,0,0,0,0,0,0,0,0,0,0,0,0,0,0,0,0,0,0,0,0,-,-,-
e07b5c01ddada9e57bc24b6a5862e096,2026-02-03 15:45:29,Joan CRESPO,Joan CRESPO,CRESPO,Joan,"CRESPO, Joan",2018-06-01,None,Prague,Heats1,MK1,ESP,,30,16,89.66,0,0,None,,0,0,0,0,0,0,0,0,0,0,0,0,0,0,0,0,0,0,0,0,0,0,0,0,-,-,-
76b045414776b3467e6db5f265ff492f,2026-02-03 15:45:29,Joan CRESPO,Joan CRESPO,CRESPO,Joan,"CRESPO, Joan",2018-04-15,None,La Seu,Semi,MK1,ESP,,30,5,90.53,0,0,None,,0,0,0,0,0,0,0,0,0,0,0,0,0,0,0,0,0,0,0,0,0,-,-,-,-,-,-
1399dc807f1da7b191e02ebbcc0caea3,2026-02-03 15:45:29,Joan CRESPO,Joan CRESPO,CRESPO,Joan,"CRESPO, Joan",2018-04-15,None,La Seu,Final,MK1,ESP,,30,1,89.42,0,0,None,,0,0,0,0,0,0,0,0,0,0,0,0,0,0,0,0,0,0,0,0,0,-,-,-,-,-,-
74e8625ef662bb1a77e0b89511a09e57,2026-02-03 15:45:29,Joan CRESPO,Joan CRESPO,CRESPO,Joan,"CRESPO, Joan",2018-04-13,None,La Seu,Heats1,MK1,ESP,,30,3,85.85,0,0,None,,0,0,0,0,0,0,0,0,0,0,0,0,0,0,0,0,0,0,0,0,0,-,-,-,-,-,-
48ce21fee0160b4e44a66353df812488,2026-02-03 15:45:22,Joan CRESPO,Joan CRESPO,CRESPO,Joan,"CRESPO, Joan",2017-10-27,None,Pau,Heats1,MK1,ESP,,29,6,79.15,0,0,None,,0,0,0,0,0,0,0,0,0,0,0,0,0,0,0,0,0,0,0,0,0,0,0,-,-,-,-
989e0c8d016568f804d1549ed674955f,2026-02-03 15:45:22,Joan CRESPO,Joan CRESPO,CRESPO,Joan,"CRESPO, Joan",2017-10-01,None,Pau,Semi,MK1,ESP,,29,38,97.71,10,10,None,,0,0,0,0,0,0,0,0,0,0,0,0,0,0,0,0,0,0,0,0,0,0,0,-,-,-,-
09aeb39d47e1332891e42c131e434ae5,2026-02-03 15:45:22,Joan CRESPO,Joan CRESPO,CRESPO,Joan,"CRESPO, Joan",2017-09-10,None,La Seu,Semi,MK1,ESP,,29,7,91.57,0,0,None,,0,0,0,0,0,0,0,0,0,0,0,0,0,0,0,0,0,0,0,0,0,0,0,0,-,-,-
d3941703044cd9afb7ce398e66c6feb8,2026-02-03 15:45:22,Joan CRESPO,Joan CRESPO,CRESPO,Joan,"CRESPO, Joan",2017-09-10,None,La Seu,Final,MK1,ESP,,29,5,87.62,2,2,None,,0,0,0,0,0,0,0,0,0,0,0,0,0,0,0,0,0,0,0,0,0,0,0,0,-,-,-
b49c72d8e0be5de435cbfcfff4391811,2026-02-03 15:45:22,Joan CRESPO,Joan CRESPO,CRESPO,Joan,"CRESPO, Joan",2017-09-08,None,La Seu,Heats1,MK1,ESP,,29,8,91.97,2,2,None,,0,0,0,0,0,0,0,0,0,0,0,0,0,0,0,0,0,0,0,0,0,0,0,0,-,-,-
a7bb897d793e2a9a5a3962c6d77c4fd0,2026-02-03 15:45:22,Joan CRESPO,Joan CRESPO,CRESPO,Joan,"CRESPO, Joan",2017-09-03,None,Ivrea,Semi,MK1,ESP,,29,19,92.5,0,0,None,,0,0,0,0,0,0,0,0,0,0,0,0,0,0,0,0,0,0,0,0,0,0,0,-,-,-,-
18dd8f6947f8f73e57827ec7d0473df5,2026-02-03 15:45:22,Joan CRESPO,Joan CRESPO,CRESPO,Joan,"CRESPO, Joan",2017-09-01,None,Ivrea,Heats1,MK1,ESP,,29,23,90.33,2,2,None,,0,0,0,0,0,0,0,0,0,0,0,0,0,0,0,0,0,0,0,0,0,0,-,-,-,-,-
a2dff584cff6c875d74c448ab42c9781,2026-02-03 15:45:22,Joan CRESPO,Joan CRESPO,CRESPO,Joan,"CRESPO, Joan",2017-07-02,None,Markkleeberg,Semi,MK1,ESP,,29,38,100.22,54,54,None,,0,0,0,0,0,0,0,0,0,0,0,0,0,0,0,0,0,0,0,0,0,0,0,-,-,-,-
bb3de5ec3c58254b32597366fa3dd816,2026-02-03 15:45:22,Joan CRESPO,Joan CRESPO,CRESPO,Joan,"CRESPO, Joan",2017-06-30,None,Markkleeberg,Heats1,MK1,ESP,,29,27,93.23,2,2,None,,0,0,0,0,0,0,0,0,0,0,0,0,0,0,0,0,0,0,0,0,0,0,0,-,-,-,-
54d0f5c6b55795a6d5f7a5e70d84a524,2026-02-03 15:45:22,Joan CRESPO,Joan CRESPO,CRESPO,Joan,"CRESPO, Joan",2017-06-25,None,Augsburg,Semi,MK1,ESP,,29,13,99.22,2,2,None,,0,0,0,0,0,0,0,0,0,0,0,0,0,0,0,0,0,0,0,0,0,0,0,0,-,-,-
091eaa6d1be44ac89cbe40204c97688b,2026-02-03 15:45:22,Joan CRESPO,Joan CRESPO,CRESPO,Joan,"CRESPO, Joan",2017-06-23,None,Augsburg,Heats1,MK1,ESP,,29,21,96.88,0,0,None,,0,0,0,0,0,0,0,0,0,0,0,0,0,0,0,0,0,0,0,0,0,0,0,0,-,-,-
0e0b2a8a6cb2f01dd86d51a61338782a,2026-02-03 15:45:22,Joan CRESPO,Joan CRESPO,CRESPO,Joan,"CRESPO, Joan",2017-06-18,None,Prague,Semi,MK1,ESP,,29,35,90.6,54,54,None,,0,0,0,0,0,0,0,0,0,0,0,0,0,0,0,0,0,0,0,0,0,0,0,0,0,-,-
eea298a719200cba2a3f584782a89fd5,2026-02-03 15:45:22,Joan CRESPO,Joan CRESPO,CRESPO,Joan,"CRESPO, Joan",2017-06-16,None,Prague,Heats1,MK1,ESP,,29,17,80.86,0,0,None,,0,0,0,0,0,0,0,0,0,0,0,0,0,0,0,0,0,0,0,0,0,0,0,0,0,-,-
821fecf6dff0d0d0c0860ec0d9fb3ef8,2026-02-03 15:45:22,Joan CRESPO,Joan CRESPO,CRESPO,Joan,"CRESPO, Joan",2017-06-04,None,Tacen,Semi,MK1,ESP,,29,29,87.02,50,50,None,,0,0,0,0,0,0,0,0,0,0,0,0,0,0,0,0,0,0,0,0,0,0,0,0,-,-,-
0f550dfdfbb9a9a14505fe7f55d7ccd5,2026-02-03 15:45:22,Joan CRESPO,Joan CRESPO,CRESPO,Joan,"CRESPO, Joan",2017-06-01,None,Tacen,Heats1,MK1,ESP,,29,25,98.52,2,2,None,,0,0,0,0,0,0,0,0,0,0,0,0,0,0,0,0,0,0,0,0,0,0,0,0,-,-,-
dc64181ed5272dbcb5487c60aa15a829,2026-02-03 15:45:22,Joan CRESPO,Joan CRESPO,CRESPO,Joan,"CRESPO, Joan",2017-06-01,None,Tacen,Heats2,MK1,ESP,,29,7,92.54,2,2,None,,0,0,0,0,0,0,0,0,0,0,0,0,0,0,0,0,0,0,0,0,0,0,0,0,-,-,-
8d4d941b508b0b892e7db8f3947cef71,2026-02-03 15:45:15,Joan CRESPO,Joan CRESPO,CRESPO,Joan,"CRESPO, Joan",2016-06-05,World Cup ,Ivrea,Semi,MK1,ESP,,28,26,95.12,0,0,95.12,95.12,0,0,0,0,0,0,0,0,0,0,0,0,0,0,0,0,0,0,0,0,0,0,0,0,-,-,-
41e6c26ae5a1e13b59d73bae47b081aa,2026-02-03 15:45:15,Joan CRESPO,Joan CRESPO,CRESPO,Joan,"CRESPO, Joan",2016-06-03,World Cup ,Ivrea,Heats1,MK1,ESP,,28,5,88.96,0,0,88.96,88.96,0,0,0,0,0,0,0,0,0,0,0,0,0,0,0,0,0,0,0,0,0,0,0,-,-,-,-
8f4dfee0f28482e5d7da3372fd2d9cc4,2026-02-03 15:45:09,Joan CRESPO,Joan CRESPO,CRESPO,Joan,"CRESPO, Joan",2015-09-18,World Championships ,Lee Valley,Heats1,MK1,ESP,,27,12,83.81,0,0,83.81,83.81,0,0,0,0,0,0,0,0,0,0,0,0,0,0,0,0,0,0,0,0,0,0,-,-,-,-,-
e955046d69538df8931c777eaed66dc0,2026-09-24 20:00:38,Pau ECHANIZ,Pau ECHANIZ,ECHANIZ,Pau,"ECHANIZ, Pau",2026-09-22,Euros ,Ivrea,Heats1,MK1,ESP,20,25,27,79.72,2,2,None,,0,0,0,0,0,0,0,0,0,0,0,0,0,0,0,0,0,0,2,0,0,0,-,-,-,-,-
724466e01ba1fbf0b2203eb9e5bac81d,2026-09-11 20:00:36,Pau ECHANIZ,Pau ECHANIZ,ECHANIZ,Pau,"ECHANIZ, Pau",2026-09-13,World Cup Final,La Seu,Semi,MK1,ESP,24,25,7,87.13,0,0,None,,0,0,0,0,0,0,0,0,0,0,0,0,0,0,0,0,0,0,0,0,0,0,0,-,-,-,-
a5b73728f70264c425641f45b0e4aa55,2026-09-11 20:00:36,Pau ECHANIZ,Pau ECHANIZ,ECHANIZ,Pau,"ECHANIZ, Pau",2026-09-11,World Cup Final,La Seu,Final,MK1,ESP,24,25,9,86.65,2,2,None,,0,0,0,0,0,0,0,0,0,0,0,0,0,0,0,0,0,0,0,0,2,0,0,-,-,-,-
8697f3ff803e408aa13052e85c8df11b,2026-09-11 20:00:36,Pau ECHANIZ,Pau ECHANIZ,ECHANIZ,Pau,"ECHANIZ, Pau",2026-09-11,World Cup Final,La Seu,Heats1,MK1,ESP,24,25,29,92.52,0,0,None,,0,0,0,0,0,0,0,0,0,0,0,0,0,0,0,0,0,0,0,0,0,0,0,-,-,-,-
56efbdb7a1bab60f55506dd58d1cb400,2026-09-10 20:00:41,Pau ECHANIZ,Pau ECHANIZ,ECHANIZ,Pau,"ECHANIZ, Pau",2026-09-04,World Cup #4,Vaires,Heats1,MK1,ESP,24,25,39,99.56,4,4,None,,0,0,0,0,0,0,0,0,0,2,0,0,0,0,2,0,0,0,0,0,0,0,-,-,-,-,-
1ec3ef353ec543ea1c133be6654bbdc2,2026-07-30 20:00:34,Pau ECHANIZ,Pau ECHANIZ,ECHANIZ,Pau,"ECHANIZ, Pau",2026-07-25,World Championships ,Oklahoma,Final,MK1,ESP,18,25,10,90.02,0,0,None,,0,0,0,0,0,0,0,0,0,0,0,0,0,0,0,0,0,0,0,0,0,0,-,-,-,-,-
b069cfbb03ff15491c7ebf3db364ea6c,2026-07-26 20:00:31,Pau ECHANIZ,Pau ECHANIZ,ECHANIZ,Pau,"ECHANIZ, Pau",2026-07-23,World Championships ,Oklahoma,Semi,MK1,ESP,18,25,7,87.36,0,0,None,,0,0,0,0,0,0,0,0,0,0,0,0,0,0,0,0,0,0,0,0,0,0,-,-,-,-,-
06e72bd2e88ea7f5d7a63c5dcd7b0252,2026-07-26 20:00:31,Pau ECHANIZ,Pau ECHANIZ,ECHANIZ,Pau,"ECHANIZ, Pau",2026-07-23,World Championships ,Oklahoma,Final,MK1,ESP,18,25,10,90.02,0,0,None,,0,0,0,0,0,0,0,0,0,0,0,0,0,0,0,0,0,0,0,0,0,0,-,-,-,-,-
247babfd65d8ce29cc3c1ce296923402,2026-07-26 20:00:31,Pau ECHANIZ,Pau ECHANIZ,ECHANIZ,Pau,"ECHANIZ, Pau",2026-07-21,World Championships ,Oklahoma,Heats1,MK1,ESP,18,25,27,81.8,2,2,None,,0,0,0,0,0,0,0,0,0,0,0,0,0,0,0,0,0,0,0,0,0,0,-,-,-,-,-
56a9b430bc48dfce10161429100e9dc7,2026-06-17 01:18:14,Pau ECHANIZ,Pau ECHANIZ,ECHANIZ,Pau,"ECHANIZ, Pau",2026-06-12,World Cup #3,Augsburg,Heats1,MK1,ESP,16,25,23,97.48,0,0,None,,0,0,0,0,0,0,0,0,0,0,0,0,0,0,0,0,0,0,0,0,0,0,-,-,-,-,-
91eab6772c2b632d65167cd3c0fc9177,2026-06-09 06:48:07,Pau ECHANIZ,Pau ECHANIZ,ECHANIZ,Pau,"ECHANIZ, Pau",2026-06-05,World Cup #2,Prague,Heats1,MK1,ESP,19,25,17,104.14,0,0,None,,0,0,0,0,0,0,0,0,0,0,0,0,0,0,0,0,0,0,0,0,0,0,-,-,-,-,-
f151ad933fd762dd33e285c016407ae2,2026-06-09 06:48:07,Pau ECHANIZ,Pau ECHANIZ,ECHANIZ,Pau,"ECHANIZ, Pau",2026-05-29,World Cup #1,Tacen,Final,MK1,ESP,15,25,7,76.4,2,2,None,,0,2,0,0,0,0,0,0,0,0,0,0,0,0,0,0,0,0,0,0,0,0,-,-,-,-,-
c29f11c392a1fd885f472bb3f6a8ad49,2026-06-09 06:48:07,Pau ECHANIZ,Pau ECHANIZ,ECHANIZ,Pau,"ECHANIZ, Pau",2026-05-29,World Cup #1,Tacen,Heats1,MK1,ESP,15,25,8,77.43,0,0,None,,0,0,0,0,0,0,0,0,0,0,0,0,0,0,0,0,0,0,0,0,0,0,-,-,-,-,-
7d35ade653b22e924cb24c2a5577c5eb,2026-04-02 14:26:24,Pau ECHANIZ,Pau ECHANIZ,ECHANIZ,Pau,"ECHANIZ, Pau",2026-03-30,ICF World ranking ,Oklahoma,FinalB,MK1,ESP,,25,19,82.17,4,4,None,,0,0,0,0,0,0,2,0,2,0,0,0,0,0,0,0,0,0,0,0,0,0,0,0,0,-,-
b15e3da9888ff72b8dd2fc52be118995,2026-06-09 20:00:28,Pau ECHANIZ,Pau ECHANIZ,ECHANIZ,Pau,"ECHANIZ, Pau",2026-03-28,ICF World ranking ,Oklahoma,Heats1,MK1,ESP,,25,19,81.67,0,0,None,,0,0,0,0,0,0,0,0,0,0,0,0,0,0,0,0,0,0,0,0,0,0,0,-,-,-,-
284a3055b68b627f05fdf94e70bd8f56,2026-06-09 20:00:28,Pau ECHANIZ,Pau ECHANIZ,ECHANIZ,Pau,"ECHANIZ, Pau",2026-03-28,ICF World ranking ,Oklahoma,FinalB,MK1,ESP,,25,19,82.17,4,4,None,,0,0,0,0,0,0,2,0,2,0,0,0,0,0,0,0,0,0,0,0,0,0,0,0,0,-,-
61b4da440ebd2eb05d18c86886c76b4f,2026-04-02 14:26:24,Pau ECHANIZ,Pau ECHANIZ,ECHANIZ,Pau,"ECHANIZ, Pau",2026-03-07,Pyrenees Cup ,La Seu,Heats1,MK1,ESP,,25,11,81.77,2,2,None,,0,0,0,0,0,0,2,0,0,0,0,0,0,0,0,0,0,0,0,0,0,0,-,-,-,-,-
3a4d0856000a06cd873b23e18a580b04,2026-04-02 14:26:24,Pau ECHANIZ,Pau ECHANIZ,ECHANIZ,Pau,"ECHANIZ, Pau",2026-03-07,Pyrenees Cup ,La Seu,Final,MK1,ESP,,25,7,79.06,2,2,None,,0,0,0,0,0,0,0,0,0,0,0,0,0,0,0,0,0,0,0,2,0,0,-,-,-,-,-
e490f26fef8d13445402b44862c33ce1,2026-06-08 09:55:50,Pau ECHANIZ,Pau ECHANIZ,ECHANIZ,Pau,"ECHANIZ, Pau",2026-02-17,World Cup #2,Prague,Heats1,MK1,ESP,19,25,17,104.14,0,0,None,,0,0,0,0,0,0,0,0,0,0,0,0,0,0,0,0,0,0,0,0,0,0,-,-,-,-,-
aba89b92115174a9a22d387fcf974b97,2026-03-08 22:10:18,Pau ECHANIZ,Pau ECHANIZ,ECHANIZ,Pau,"ECHANIZ, Pau",2026-02-17,None,La Seu,Final,MK1,ESP,,25,7,79.06,2,2,None,,0,0,0,0,0,0,0,0,0,0,0,0,0,0,0,0,0,0,0,2,0,0,-,-,-,-,-
84adefa2989488148a219d839eab4d73,2026-06-02 22:00:37,Pau ECHANIZ,Pau ECHANIZ,ECHANIZ,Pau,"ECHANIZ, Pau",2026-02-17,World Cup #1,Tacen,Heats1,MK1,ESP,,25,8,2.93,0,0,None,,0,0,0,0,0,0,0,0,0,0,0,0,0,0,0,0,0,0,0,0,0,0,-,-,-,-,-
07a364cd5bc6a63fa27387b8d8093868,2026-03-08 22:10:18,Pau ECHANIZ,Pau ECHANIZ,ECHANIZ,Pau,"ECHANIZ, Pau",2026-02-17,None,La Seu,Heats1,MK1,ESP,,25,11,81.77,2,2,None,,0,0,0,0,0,0,2,0,0,0,0,0,0,0,0,0,0,0,0,0,0,0,-,-,-,-,-
7af8d504c4dada3cde4343863a3f6548,2026-06-02 22:00:37,Pau ECHANIZ,Pau ECHANIZ,ECHANIZ,Pau,"ECHANIZ, Pau",2026-02-17,World Cup #1,Tacen,Final,MK1,ESP,,25,7,5.69,2,2,None,,0,0,0,0,0,0,0,0,0,0,0,0,0,0,0,0,0,0,0,0,0,0,-,-,-,-,-
02213a13cbcc6b64eba0d9c5b53409e7,2026-04-02 14:26:24,Pau ECHANIZ,Pau ECHANIZ,ECHANIZ,Pau,"ECHANIZ, Pau",2026-02-17,ICF World ranking ,Oklahoma,Heats1,MK1,ESP,,25,19,81.67,0,0,None,,0,0,0,0,0,0,0,0,0,0,0,0,0,0,0,0,0,0,0,0,0,0,0,-,-,-,-
8af94db20956a299bde8c3bd79e5ae35,2026-02-03 15:46:38,Pau ECHANIZ,Pau ECHANIZ,ECHANIZ,Pau,"ECHANIZ, Pau",2025-10-04,World Championships ,Penrith,Semi,MK1,ESP,16,24,20,97.18,2,2,99.18,99.18,0,0,0,0,0,0,0,0,0,0,0,0,0,0,0,0,2,0,0,0,0,0,-,-,-,-,-
12fdf27d9bc7f79bc44259226479542f,2026-02-03 15:46:38,Pau ECHANIZ,Pau ECHANIZ,ECHANIZ,Pau,"ECHANIZ, Pau",2025-10-03,World Championships ,Penrith,Heats1,MK1,ESP,16,24,19,89.77,0,0,89.77,89.77,0,0,0,0,0,0,0,0,0,0,0,0,0,0,0,0,0,0,0,0,0,0,-,-,-,-,-
2e454b61fc6dc0009c3962ddf66903d0,2026-02-03 15:46:38,Pau ECHANIZ,Pau ECHANIZ,ECHANIZ,Pau,"ECHANIZ, Pau",2025-09-05,World Cup Final,Augsburg,Heats1,MK1,ESP,14,24,28,101.87,2,2,103.87,103.87,0,0,0,0,0,0,0,0,0,-,-,-,-,-,-,-,-,-,-,-,-,2,-,-,-,-,-
86500a2932f385723c3ce7140d9c87af,2026-02-03 15:46:38,Pau ECHANIZ,Pau ECHANIZ,ECHANIZ,Pau,"ECHANIZ, Pau",2025-09-05,World Cup Final,Augsburg,Semi,MK1,ESP,14,24,15,98.61,0,0,98.61,98.61,0,0,0,0,0,0,0,0,0,-,-,-,-,-,-,-,-,-,-,-,-,-,-,-,-,-,-
4be988578b518c29184a94cff3168bc0,2026-02-03 15:46:38,Pau ECHANIZ,Pau ECHANIZ,ECHANIZ,Pau,"ECHANIZ, Pau",2025-08-29,World Cup #4,Tacen,Heats1,MK1,ESP,14,24,17,75.63,0,0,75.63,75.63,0,0,0,0,0,0,0,0,0,0,-,-,-,-,-,-,-,-,-,-,-,-,-,-,-,-,-
64b513a7cc55cd8eaf6541ad52a8ef41,2026-02-03 15:46:38,Pau ECHANIZ,Pau ECHANIZ,ECHANIZ,Pau,"ECHANIZ, Pau",2025-06-27,World Cup #3,Prague,Heats1,MK1,ESP,16,24,19,91.98,2,2,93.98,93.98,0,0,0,2,0,0,0,0,0,0,-,-,-,-,-,-,-,-,-,-,-,-,-,-,-,-,-
573d0800bcb4c81ddd5fa191c5f2df5d,2026-02-03 15:46:38,Pau ECHANIZ,Pau ECHANIZ,ECHANIZ,Pau,"ECHANIZ, Pau",2025-06-27,World Cup Grand Prix - short,Prague,Heats1,MK1,ESP,16,24,8,51.04,0,0,51.04,51.04,0,0,0,0,0,0,0,0,0,0,-,-,-,-,-,-,-,-,-,-,-,-,-,-,-,-,-
8d21e079dbce8943cca9c7eeb175f60b,2026-02-03 15:46:38,Pau ECHANIZ,Pau ECHANIZ,ECHANIZ,Pau,"ECHANIZ, Pau",2025-06-27,World Cup Grand Prix - short,Prague,Final,MK1,ESP,16,24,7,51.59,0,0,51.59,51.59,0,0,0,0,0,0,0,0,0,0,-,-,-,-,-,-,-,-,-,-,-,-,-,-,-,-,-
daeaceb865c607b3d4c26d5681fece8c,2026-02-03 15:46:38,Pau ECHANIZ,Pau ECHANIZ,ECHANIZ,Pau,"ECHANIZ, Pau",2025-06-13,World Cup #2,Pau,Heats1,MK1,ESP,15,24,18,98.05,0,0,98.05,98.05,0,0,0,0,0,0,0,0,0,-,-,-,-,-,-,-,-,-,-,-,-,-,-,-,-,-,-
35c3f257e6714ce1341d6e9817815008,2026-02-03 15:46:38,Pau ECHANIZ,Pau ECHANIZ,ECHANIZ,Pau,"ECHANIZ, Pau",2025-06-07,World Cup #1,La Seu,Final,MK1,ESP,,24,7,84.63,2,2,86.63,86.63,0,0,0,0,0,0,0,0,0,0,0,0,0,0,0,0,0,2,0,0,0,0,0,-,-,-,-
105d3ae86e72d66cba2cff5b5cc0acf7,2026-02-03 15:46:38,Pau ECHANIZ,Pau ECHANIZ,ECHANIZ,Pau,"ECHANIZ, Pau",2025-06-06,World Cup #1,La Seu,Heats1,MK1,ESP,,24,8,86.39,0,0,86.39,86.39,0,0,0,0,0,0,0,0,0,0,0,0,0,0,0,0,0,0,0,0,0,0,0,-,-,-,-
472ba58a073d21526f7986657f59b924,2026-02-03 15:46:38,Pau ECHANIZ,Pau ECHANIZ,ECHANIZ,Pau,"ECHANIZ, Pau",2025-05-17,Euros ,Vaires sur Marne,Final,MK1,ESP,,24,11,96.01,4,4,100.01,100.01,0,0,0,0,0,0,0,0,0,-,-,-,-,-,2,-,-,-,-,-,-,2,-,-,-,-,-
e81b668e02aed5cef10fab6e942d1e34,2026-02-03 15:46:38,Pau ECHANIZ,Pau ECHANIZ,ECHANIZ,Pau,"ECHANIZ, Pau",2025-05-17,Euros ,Vaires sur Marne,Semi,MK1,ESP,,24,5,83.81,0,0,83.81,83.81,0,0,0,0,0,0,0,0,0,-,-,-,-,-,-,-,-,-,-,-,-,-,-,-,-,-,-
2f8beac170fe52b3d86846fc9737e35b,2026-02-03 15:46:38,Pau ECHANIZ,Pau ECHANIZ,ECHANIZ,Pau,"ECHANIZ, Pau",2025-05-16,Euros ,Vaires sur Marne,Heats1,MK1,ESP,,24,21,87.05,0,0,87.05,87.05,0,0,0,0,0,0,0,0,0,0,0,0,0,0,0,0,0,0,0,0,0,0,-,-,-,-,-
8934ba290f7a8ef42149328cec62272c,2026-02-03 15:46:38,Pau ECHANIZ,Pau ECHANIZ,ECHANIZ,Pau,"ECHANIZ, Pau",2025-03-16,Pyrenees Cup ,La Seu,FinalB,MK1,ESP,,24,0,0,,,DNS,,0,0,0,0,0,0,0,0,0,0,0,0,0,0,0,0,0,0,0,0,-,-,-,-,-,-,-
421989bb1e471b6dc4435163a8dfcdd6,2026-02-03 15:46:38,Pau ECHANIZ,Pau ECHANIZ,ECHANIZ,Pau,"ECHANIZ, Pau",2025-03-15,Pyrenees Cup ,La Seu,Heats1,MK1,ESP,,24,13,81.08,2,2,83.08,83.08,0,0,0,0,0,0,0,0,0,0,0,0,0,0,0,2,0,0,0,0,-,-,-,-,-,-,-
69d7828856dc8a36c807d3b7baeb8ea0,2026-02-03 15:46:38,Pau ECHANIZ,Pau ECHANIZ,ECHANIZ,Pau,"ECHANIZ, Pau",2025-03-09,Pyrenees Cup ,Pau,Heats1,MK1,ESP,,24,33,94.24,2,2,96.24,96.24,0,0,0,0,0,0,0,0,0,0,0,0,0,0,0,2,0,0,0,0,0,0,0,0,-,-,-
2599771f6f79b9f807b9ba9abe0d1302,2026-02-03 15:46:38,Pau ECHANIZ,Pau ECHANIZ,ECHANIZ,Pau,"ECHANIZ, Pau",2025-03-09,Pyrenees Cup ,Pau,FinalB,MK1,ESP,,24,0,0,,,DNS,,0,0,0,0,0,0,0,0,0,0,0,0,0,0,0,0,0,0,0,0,0,0,0,0,-,-,-
965886a462cb5d584b2399a7df35fafb,2026-02-03 15:46:38,Pau ECHANIZ,Pau ECHANIZ,ECHANIZ,Pau,"ECHANIZ, Pau",2025-02-23,Australian Open ,Penrith,Heats1,MK1,ESP,,24,35,101.03,2,2,103.03,103.03,0,0,0,0,2,0,0,0,0,0,0,0,0,0,0,0,0,0,0,0,0,0,-,-,-,-,-
e9b54bb0384416d91545f1200a0fb7f9,2026-02-03 15:46:38,Pau ECHANIZ,Pau ECHANIZ,ECHANIZ,Pau,"ECHANIZ, Pau",2025-02-23,Australian Open ,Penrith,FinalB,MK1,ESP,,24,4,92.33,0,0,92.33,92.33,0,0,0,0,0,0,0,0,0,0,0,0,0,0,0,0,0,0,0,0,0,0,-,-,-,-,-
cdab6b1ae4bfd88292047b9e38a13a6d,2026-02-03 15:46:38,Pau ECHANIZ,Pau ECHANIZ,ECHANIZ,Pau,"ECHANIZ, Pau",2025-01-24,Oceania Championships ,Penrith,Heats1,MK1,ESP,,24,58,120.66,56,56,176.66,176.66,0,0,0,0,0,0,0,0,0,0,0,2,0,50,0,0,0,0,0,0,2,2,-,-,-,-,-
11043b6052623ac7ff3eb63fdb85c3c8,2026-02-03 15:46:27,Pau ECHANIZ,Pau ECHANIZ,ECHANIZ,Pau,"ECHANIZ, Pau",2024-08-04,Olympic Games ,Vaires sur Marne,Semi,MK1,ESP,,23,12,94.11,2,2,96.11,96.11,0,0,0,0,0,0,0,0,2,0,0,0,0,0,0,0,0,0,0,0,0,0,-,-,-,-,-
06207d11547f677bc54b86fd099a7af9,2026-02-03 15:46:27,Pau ECHANIZ,Pau ECHANIZ,ECHANIZ,Pau,"ECHANIZ, Pau",2024-08-04,Olympic Games ,Vaires sur Marne,Final,MK1,ESP,,23,3,86.87,2,2,88.87,88.87,0,0,0,0,0,0,0,0,0,0,0,0,0,0,0,0,0,0,2,0,0,0,-,-,-,-,-
cca90a8bf2986d65c4c34e8b62e579a9,2026-02-03 15:46:27,Pau ECHANIZ,Pau ECHANIZ,ECHANIZ,Pau,"ECHANIZ, Pau",2024-08-03,Olympic Games ,Vaires sur Marne,Heats2,MK1,ESP,,23,7,86.37,2,2,88.37,88.37,0,0,0,0,0,0,0,0,0,0,0,0,0,0,0,0,0,0,0,0,0,0,-,-,-,-,-
e9c54538bbd7a45c669ed0b5aabf4161,2026-02-03 15:46:27,Pau ECHANIZ,Pau ECHANIZ,ECHANIZ,Pau,"ECHANIZ, Pau",2024-08-03,Olympic Games ,Vaires sur Marne,Heats1,MK1,ESP,,23,9,85.84,2,2,87.84,87.84,0,0,0,0,0,0,0,0,0,0,0,0,0,0,0,0,0,0,0,0,0,2,-,-,-,-,-
f6dd78741c6ba10fc0fb51baa527d12b,2026-02-03 15:46:27,Pau ECHANIZ,Pau ECHANIZ,ECHANIZ,Pau,"ECHANIZ, Pau",2024-06-15,World Cup #3,Krakow,Semi,MK1,ESP,,23,17,91.44,0,0,91.44,91.44,0,0,0,0,0,0,0,0,0,0,0,0,0,0,0,0,0,0,0,0,0,0,-,-,-,-,-
81570ccdaec277fc932e24125c7deb8d,2026-02-03 15:46:27,Pau ECHANIZ,Pau ECHANIZ,ECHANIZ,Pau,"ECHANIZ, Pau",2024-06-14,World Cup #3,Krakow,Heats1,MK1,ESP,,23,2,82.87,0,0,82.87,82.87,0,0,0,0,0,0,0,0,0,0,0,0,0,0,0,0,0,0,0,0,0,0,-,-,-,-,-
9ae1dc50b426a448e2b1d0ad9325848b,2026-02-03 15:46:27,Pau ECHANIZ,Pau ECHANIZ,ECHANIZ,Pau,"ECHANIZ, Pau",2024-06-07,World Cup #2,Prague,Heats1,MK1,ESP,,23,58,86.6,50,50,136.6,136.6,0,0,0,0,0,0,0,0,0,0,0,0,0,0,0,0,0,0,0,0,0,0,50,0,-,-,-
173722629ad415c818f0a362a7c5401e,2026-02-03 15:46:27,Pau ECHANIZ,Pau ECHANIZ,ECHANIZ,Pau,"ECHANIZ, Pau",2024-05-17,Euros ,Tacen,Heats1,MK1,ESP,,23,31,95.81,12,12,107.81,107.81,0,2,0,2,0,2,2,0,0,0,2,0,0,0,0,0,2,0,0,0,0,-,-,-,-,-,-
79b1b6456ccbd2c31992c37f70129c04,2026-02-03 15:46:27,Pau ECHANIZ,Pau ECHANIZ,ECHANIZ,Pau,"ECHANIZ, Pau",2024-03-16,Pyrenees Cup ,Pau,Heats1,MK1,ESP,,23,14,101.19,0,0,101.19,101.19,0,0,0,0,0,0,0,0,0,0,0,0,0,0,0,0,0,0,0,0,0,0,0,0,-,-,-
172ebdd43aaa98cecb69cb2175af6e05,2026-02-03 15:46:27,Pau ECHANIZ,Pau ECHANIZ,ECHANIZ,Pau,"ECHANIZ, Pau",2024-03-16,Pyrenees Cup ,Pau,FinalB,MK1,ESP,,23,5,97.43,0,0,97.43,97.43,0,0,0,0,0,0,0,0,0,0,0,0,0,0,0,0,0,0,0,0,0,0,0,0,-,-,-
4abdc5310277135c6a9af95c5bcd24f1,2026-02-03 15:46:27,Pau ECHANIZ,Pau ECHANIZ,ECHANIZ,Pau,"ECHANIZ, Pau",2024-03-09,Pyrenees Cup ,La Seu,Heats1,MK1,ESP,,23,1,88.14,0,0,88.14,88.14,0,0,0,0,0,0,0,0,0,0,0,0,0,0,0,0,0,0,0,0,0,0,0,-,-,-,-
72a380de8995b9f88ff03e49660bb20f,2026-02-03 15:46:27,Pau ECHANIZ,Pau ECHANIZ,ECHANIZ,Pau,"ECHANIZ, Pau",2024-03-09,Pyrenees Cup ,La Seu,Final,MK1,ESP,,23,1,86.23,0,0,86.23,86.23,0,0,0,0,0,0,0,0,0,0,0,0,0,0,0,0,0,0,0,0,0,0,0,-,-,-,-
a1112450a9ca97e56427bf0c0fff6184,2026-02-03 15:46:16,Pau ECHANIZ,Pau ECHANIZ,ECHANIZ,Pau,"ECHANIZ, Pau",2023-10-06,World Cup final,Vaires sur Marne,Heats1,MK1,ESP,,22,26,96.41,0,0,96.41,96.41,0,0,0,0,0,0,0,0,0,0,0,0,0,0,0,0,0,0,0,0,0,-,-,-,-,-,-
599b135b873482f7d624c65ba0173ae8,2026-02-03 15:46:16,Pau ECHANIZ,Pau ECHANIZ,ECHANIZ,Pau,"ECHANIZ, Pau",2023-10-06,World Cup final,Vaires sur Marne,Heats2,MK1,ESP,,22,28,97.01,0,0,97.01,97.01,0,0,0,0,0,0,0,0,0,0,0,0,0,0,0,0,0,0,0,0,0,-,-,-,-,-,-
f100b1ec52512d9849ef3708e99c64de,2026-02-03 15:46:16,Pau ECHANIZ,Pau ECHANIZ,ECHANIZ,Pau,"ECHANIZ, Pau",2023-09-23,World Championships ,Lee Valley,Semi,MK1,ESP,,22,9,95.96,0,0,95.96,95.96,0,0,0,0,0,0,0,0,0,0,0,0,0,0,0,0,0,0,0,0,0,0,-,-,-,-,-
d727a97ceea13286114e11cff4d49288,2026-02-03 15:46:16,Pau ECHANIZ,Pau ECHANIZ,ECHANIZ,Pau,"ECHANIZ, Pau",2023-09-23,World Championships ,Lee Valley,Final,MK1,ESP,,22,8,96.59,0,0,96.59,96.59,0,0,0,0,0,0,0,0,0,0,0,0,0,0,0,0,0,0,0,0,0,0,-,-,-,-,-
a3dab9dad0c954d0e197af30551fd935,2026-02-03 15:46:16,Pau ECHANIZ,Pau ECHANIZ,ECHANIZ,Pau,"ECHANIZ, Pau",2023-09-22,World Championships ,Lee Valley,Heats2,MK1,ESP,,22,6,81.95,0,0,81.95,81.95,0,0,0,0,0,0,0,0,0,0,0,0,0,0,0,0,0,0,0,0,0,0,0,-,-,-,-
f108c198593fa2dd4d5169188b01d19f,2026-02-03 15:46:16,Pau ECHANIZ,Pau ECHANIZ,ECHANIZ,Pau,"ECHANIZ, Pau",2023-09-22,World Championships ,Lee Valley,Heats1,MK1,ESP,,22,34,77.88,4,4,81.88,81.88,0,0,2,0,0,0,2,0,0,0,0,0,0,0,0,0,0,0,0,0,0,0,0,-,-,-,-
eb3701f4be480e2b20a56926534c1d68,2026-02-03 15:46:16,Pau ECHANIZ,Pau ECHANIZ,ECHANIZ,Pau,"ECHANIZ, Pau",2023-09-01,World Cup #4,La Seu,Heats1,MK1,ESP,,22,21,92.37,2,2,94.37,94.37,0,0,0,0,0,0,0,0,0,0,2,0,0,0,0,0,0,0,0,0,0,0,-,-,-,-,-
cce24a5f2b4e3a037cf37bd5611dfb9f,2026-02-03 15:46:16,Pau ECHANIZ,Pau ECHANIZ,ECHANIZ,Pau,"ECHANIZ, Pau",2023-08-20,World Championships Junior & U23,Krakow,Semi,MK1,ESP,,22,35,83.89,52,52,135.89,135.89,0,0,0,0,0,50,0,2,0,0,0,0,0,0,0,0,0,0,0,0,0,-,-,-,-,-,-
9b79084ba18bec5622bbfef047093414,2026-02-03 15:46:16,Pau ECHANIZ,Pau ECHANIZ,ECHANIZ,Pau,"ECHANIZ, Pau",2023-08-19,World Championships Junior & U23,Krakow,Heats1,MK1,ESP,,22,8,81.94,2,2,83.94,83.94,0,0,0,0,0,0,0,0,0,2,0,0,0,0,0,0,0,0,0,0,0,-,-,-,-,-,-
02e6ac96ee194de24e39dc5f21d9275a,2026-02-03 15:46:16,Pau ECHANIZ,Pau ECHANIZ,ECHANIZ,Pau,"ECHANIZ, Pau",2023-07-23,Euros Junior & U23,Bratislava,Final,MK1,ESP,,22,7,87.44,2,2,89.44,89.44,0,0,0,0,0,0,0,0,0,0,0,0,0,0,0,0,0,2,0,0,0,0,0,0,0,-,-
e556b62bc9af6ea61c50c0cf0085389b,2026-02-03 15:46:16,Pau ECHANIZ,Pau ECHANIZ,ECHANIZ,Pau,"ECHANIZ, Pau",2023-07-23,Euros Junior & U23,Bratislava,Semi,MK1,ESP,,22,7,91.93,0,0,91.93,91.93,0,0,0,0,0,0,0,0,0,0,0,0,0,0,0,0,0,0,0,0,0,0,0,0,0,-,-
73eae02972d1682f2e4606bdee435fbd,2026-02-03 15:46:16,Pau ECHANIZ,Pau ECHANIZ,ECHANIZ,Pau,"ECHANIZ, Pau",2023-07-22,Euros Junior & U23,Bratislava,Heats1,MK1,ESP,,22,1,81.37,0,0,81.37,81.37,0,0,0,0,0,0,0,0,0,0,0,0,0,0,0,0,0,0,0,0,0,0,0,0,-,-,-
d2dcfcbaf723a7ef78e2659a2e073a0e,2026-02-03 15:46:16,Pau ECHANIZ,Pau ECHANIZ,ECHANIZ,Pau,"ECHANIZ, Pau",2023-07-02,Euros European Games,Krakow,Semi,MK1,ESP,,22,7,90.96,0,0,90.96,90.96,0,0,0,0,0,0,0,0,0,0,0,0,0,0,0,0,0,0,0,0,0,-,-,-,-,-,-
ffae711e771865a16bf6e9917ed07780,2026-02-03 15:46:16,Pau ECHANIZ,Pau ECHANIZ,ECHANIZ,Pau,"ECHANIZ, Pau",2023-07-02,Euros European Games,Krakow,Final,MK1,ESP,,22,8,92.46,4,4,96.46,96.46,0,0,0,2,0,0,0,0,0,0,0,0,0,0,0,2,0,0,0,0,0,-,-,-,-,-,-
6921f6b5c268cf413edf052ac2f2a2ea,2026-02-03 15:46:16,Pau ECHANIZ,Pau ECHANIZ,ECHANIZ,Pau,"ECHANIZ, Pau",2023-06-30,Euros European Games,Krakow,Heats1,MK1,ESP,,22,11,85.84,2,2,87.84,87.84,0,0,0,2,0,0,0,0,0,0,0,0,0,0,0,0,0,0,0,0,0,-,-,-,-,-,-
2668e458156150084c1822559b600366,2026-02-03 15:46:16,Pau ECHANIZ,Pau ECHANIZ,ECHANIZ,Pau,"ECHANIZ, Pau",2023-06-09,World Cup #2,Prague,Semi,MK1,ESP,,22,38,111.7,0,0,111.7,111.7,0,0,0,0,0,0,0,0,0,0,0,0,0,0,0,0,0,0,0,0,0,0,0,0,-,-,-
eae7d66f7c2e343c9e4217c1a8e220a1,2026-02-03 15:46:16,Pau ECHANIZ,Pau ECHANIZ,ECHANIZ,Pau,"ECHANIZ, Pau",2023-06-08,World Cup #2,Prague,Heats1,MK1,ESP,,22,20,87.86,0,0,87.86,87.86,0,0,0,0,0,0,0,0,0,0,0,0,0,0,0,0,0,0,0,0,0,0,0,0,-,-,-
34386530640513a6eb5e1bf4d3023b36,2026-02-03 15:46:16,Pau ECHANIZ,Pau ECHANIZ,ECHANIZ,Pau,"ECHANIZ, Pau",2023-03-26,Pyrenees Cup ,La Seu,Semi,MK1,ESP,,22,16,95.56,2,2,97.56,97.56,0,0,0,0,0,0,0,0,0,0,0,0,0,0,0,0,0,0,2,0,0,-,-,-,-,-,-
9c0e2d89ea1c8d63343b68a08622a858,2026-02-03 15:46:16,Pau ECHANIZ,Pau ECHANIZ,ECHANIZ,Pau,"ECHANIZ, Pau",2023-03-25,Pyrenees Cup ,La Seu,Heats1,MK1,ESP,,22,6,88.4,0,0,88.4,88.4,0,0,0,0,0,0,0,0,0,0,0,0,0,0,0,0,0,0,0,0,0,-,-,-,-,-,-
877f0d4526731ec440503697629a4ea4,2026-02-03 15:46:02,Pau ECHANIZ,Pau ECHANIZ,ECHANIZ,Pau,"ECHANIZ, Pau",2022-09-18,ICF World ranking ,Lee Valley,Semi,MK1,ESP,,21,12,100.53,0,0,100.53,100.53,0,0,0,0,0,0,0,0,0,0,0,0,0,0,0,0,0,0,0,0,0,0,-,-,-,-,-
785e5360b662a415b5e4588449c698fb,2026-02-03 15:46:02,Pau ECHANIZ,Pau ECHANIZ,ECHANIZ,Pau,"ECHANIZ, Pau",2022-09-17,ICF World ranking ,Lee Valley,Heats1,MK1,ESP,,21,41,105.13,4,4,109.13,109.13,0,0,0,0,0,0,0,0,0,0,0,0,0,0,0,0,0,0,0,0,0,0,-,-,-,-,-
423e3d3ac5ac3148d0a3c445af43fea5,2026-02-03 15:46:02,Pau ECHANIZ,Pau ECHANIZ,ECHANIZ,Pau,"ECHANIZ, Pau",2022-09-17,ICF World ranking ,Lee Valley,Heats2,MK1,ESP,,21,9,101.77,2,2,103.77,103.77,0,0,0,0,0,0,0,0,0,0,0,0,0,0,0,0,0,0,0,0,0,0,-,-,-,-,-
cb3560b84e0dbb215cda884f207fcce0,2026-02-03 15:46:02,Pau ECHANIZ,Pau ECHANIZ,ECHANIZ,Pau,"ECHANIZ, Pau",2022-08-21,Euros U23/junior,Ceske Budejovice,Semi,MK1,ESP,,21,7,83.42,0,0,83.42,83.42,0,0,0,0,0,0,0,0,0,0,0,0,0,0,0,0,0,0,0,0,0,0,-,-,-,-,-
dac735580349e461718da510348124c9,2026-02-03 15:46:02,Pau ECHANIZ,Pau ECHANIZ,ECHANIZ,Pau,"ECHANIZ, Pau",2022-08-21,Euros U23/junior,Ceske Budejovice,Final,MK1,ESP,,21,7,83.47,0,0,83.47,83.47,0,0,0,0,0,0,0,0,0,0,0,0,0,0,0,0,0,0,0,0,0,0,-,-,-,-,-
cf9c093b9d1b89ee9b3a3c1e5d14787a,2026-02-03 15:46:02,Pau ECHANIZ,Pau ECHANIZ,ECHANIZ,Pau,"ECHANIZ, Pau",2022-08-19,Euros U23/junior,Ceske Budejovice,Heats1,MK1,ESP,,21,2,88.01,0,0,88.01,88.01,0,0,0,0,0,0,0,0,0,0,0,0,0,0,0,0,0,0,0,0,0,0,-,-,-,-,-
3bfbf8aa74c4f8b0db5138bf0f40695b,2026-02-03 15:46:02,Pau ECHANIZ,Pau ECHANIZ,ECHANIZ,Pau,"ECHANIZ, Pau",2022-07-10,World Championships U23/junior,Ivrea,Final,MK1,ESP,,21,9,95.33,2,2,97.33,97.33,0,0,0,0,0,0,0,0,0,0,0,0,0,0,0,0,0,0,0,0,0,0,-,-,-,-,-
98e54938b742e2fa04998862201d08a7,2026-02-03 15:46:02,Pau ECHANIZ,Pau ECHANIZ,ECHANIZ,Pau,"ECHANIZ, Pau",2022-07-10,World Championships U23/junior,Ivrea,Semi,MK1,ESP,,21,4,82.16,0,0,82.16,82.16,0,0,0,0,0,0,0,0,0,0,0,0,0,0,0,0,0,0,0,0,0,0,-,-,-,-,-
ae6271dd93a8255d7ebd11fb7a3e9e15,2026-02-03 15:46:02,Pau ECHANIZ,Pau ECHANIZ,ECHANIZ,Pau,"ECHANIZ, Pau",2022-07-08,World Championships U23/junior,Ivrea,Heats1,MK1,ESP,,21,17,78.15,0,0,78.15,78.15,0,0,0,0,0,0,0,0,0,0,0,0,0,0,0,0,0,0,0,0,0,0,-,-,-,-,-
f8476141c24ce91e46f6370ecf2ea678,2026-02-03 15:46:02,Pau ECHANIZ,Pau ECHANIZ,ECHANIZ,Pau,"ECHANIZ, Pau",2022-06-26,World Cup #3,Tacen,Semi,MK1,ESP,,21,27,89.17,2,2,91.17,91.17,0,0,0,0,0,0,0,0,0,0,2,0,0,0,0,0,0,0,0,0,0,0,-,-,-,-,-
2ba12fee7ff5a4ed79d8cad7b2131eef,2026-02-03 15:46:02,Pau ECHANIZ,Pau ECHANIZ,ECHANIZ,Pau,"ECHANIZ, Pau",2022-06-24,World Cup #3,Tacen,Heats1,MK1,ESP,,21,52,84.39,54,54,138.39,138.39,0,0,0,0,0,0,0,0,0,0,2,0,0,2,50,0,0,0,0,0,0,0,-,-,-,-,-
ee8f7ef3e5f855b95a6f837fa9c3e49b,2026-02-03 15:46:02,Pau ECHANIZ,Pau ECHANIZ,ECHANIZ,Pau,"ECHANIZ, Pau",2022-06-24,World Cup #3,Tacen,Heats2,MK1,ESP,,21,4,82.53,2,2,84.53,84.53,0,0,0,0,0,0,0,0,0,0,0,0,0,0,0,0,0,2,0,0,0,0,-,-,-,-,-
c02a5963a00a288efc764d428e3629e6,2026-02-03 15:46:02,Pau ECHANIZ,Pau ECHANIZ,ECHANIZ,Pau,"ECHANIZ, Pau",2022-06-10,World Cup #1,Prague,Heats2,MK1,ESP,,21,12,89.15,0,0,89.15,89.15,0,0,0,0,0,0,0,0,-,-,-,-,-,-,-,-,-,-,-,-,-,-,-,-,-,-,-
500d9e079f776d36d37a0a662df20ea7,2026-02-03 15:46:02,Pau ECHANIZ,Pau ECHANIZ,ECHANIZ,Pau,"ECHANIZ, Pau",2022-06-10,World Cup #1,Prague,Heats1,MK1,ESP,,21,58,93.28,54,54,147.28,147.28,0,0,0,0,0,2,0,0,-,-,-,-,-,2,-,-,-,-,-,-,50,-,-,-,-,-,-
0ebef36c00e42a47182d6e8d0a0a6e36,2026-02-03 15:46:02,Pau ECHANIZ,Pau ECHANIZ,ECHANIZ,Pau,"ECHANIZ, Pau",2022-05-08,Pyrenees Cup ,Pau,Semi,MK1,ESP,,21,27,104.95,0,0,104.95,104.95,0,0,0,0,0,0,0,0,0,0,0,0,0,0,0,0,0,0,0,0,0,0,-,-,-,-,-
4bec7f14ab163687b8dac7731ad27447,2026-02-03 15:46:02,Pau ECHANIZ,Pau ECHANIZ,ECHANIZ,Pau,"ECHANIZ, Pau",2022-05-07,Pyrenees Cup ,Pau,Heats1,MK1,ESP,,21,10,98.82,2,2,100.82,100.82,0,0,0,0,0,0,0,0,0,0,0,0,0,0,0,0,0,0,0,0,0,0,-,-,-,-,-
6bd6653adeba53d6db9cc680abf1b97a,2026-02-03 15:46:02,Pau ECHANIZ,Pau ECHANIZ,ECHANIZ,Pau,"ECHANIZ, Pau",2022-05-01,Pyrenees Cup ,La Seu,Final,MK1,ESP,,21,5,89.81,2,2,91.81,91.81,0,0,0,0,0,0,0,0,0,0,0,0,0,0,0,0,0,0,0,0,0,0,-,-,-,-,-
56afa1de0fac30c1e2e5d5921d0c3b57,2026-02-03 15:46:02,Pau ECHANIZ,Pau ECHANIZ,ECHANIZ,Pau,"ECHANIZ, Pau",2022-05-01,Pyrenees Cup ,La Seu,Semi,MK1,ESP,,21,4,88.89,2,2,90.89,90.89,0,0,0,0,0,0,0,0,0,0,0,0,0,0,0,0,0,0,0,0,0,0,-,-,-,-,-
cb5434a1da470eb8571cdcf14db39676,2026-02-03 15:46:02,Pau ECHANIZ,Pau ECHANIZ,ECHANIZ,Pau,"ECHANIZ, Pau",2022-04-30,Pyrenees Cup ,La Seu,Heats1,MK1,ESP,,21,3,82.8,0,0,82.8,82.8,0,0,0,0,0,0,0,0,0,0,0,0,0,0,0,0,0,0,0,0,0,0,-,-,-,-,-
0f6053acc56cb8bff4a2e3a6e700b3a6,2026-02-03 15:45:53,Pau ECHANIZ,Pau ECHANIZ,ECHANIZ,Pau,"ECHANIZ, Pau",2021-09-26,World Championships ,Bratislava,Semi,MK1,ESP,,20,33,90.27,8,8,98.27,98.27,0,0,0,0,0,0,0,0,0,0,0,0,0,0,0,0,0,0,0,0,0,0,-,-,-,-,-
2395f2fe01eb45b917824fcb7ce9a480,2026-02-03 15:45:53,Pau ECHANIZ,Pau ECHANIZ,ECHANIZ,Pau,"ECHANIZ, Pau",2021-09-24,World Championships ,Bratislava,Heats1,MK1,ESP,,20,10,83.78,0,0,83.78,83.78,0,0,0,0,0,0,0,0,0,0,0,0,0,0,0,0,0,0,0,0,0,0,-,-,-,-,-
64148ca0d56975a4369fd702cd53b45e,2026-02-03 15:45:53,Pau ECHANIZ,Pau ECHANIZ,ECHANIZ,Pau,"ECHANIZ, Pau",2021-09-12,World Cup ,Pau,Semi,MK1,ESP,,20,32,99.99,4,4,103.99,103.99,0,0,0,0,0,0,0,0,0,0,0,0,0,0,0,0,0,0,0,0,0,0,-,-,-,-,-
7c677108394e5f35a96304d74ffdc21a,2026-02-03 15:45:53,Pau ECHANIZ,Pau ECHANIZ,ECHANIZ,Pau,"ECHANIZ, Pau",2021-09-10,World Cup ,Pau,Heats1,MK1,ESP,,20,30,98.12,2,2,100.12,100.12,0,0,0,0,0,0,0,0,0,0,0,0,0,0,0,0,0,0,0,0,0,0,-,-,-,-,-
3247332c10bcd89045c66a77bb5e8e12,2026-02-03 15:45:53,Pau ECHANIZ,Pau ECHANIZ,ECHANIZ,Pau,"ECHANIZ, Pau",2021-09-05,World Cup ,La Seu,Final,MK1,ESP,,20,4,83.27,0,0,83.27,83.27,0,0,0,0,0,0,0,0,0,0,0,0,0,0,0,0,0,0,0,0,0,0,-,-,-,-,-
e0aa156b5235f951efc44312753bb7ca,2026-02-03 15:45:53,Pau ECHANIZ,Pau ECHANIZ,ECHANIZ,Pau,"ECHANIZ, Pau",2021-09-05,World Cup ,La Seu,Semi,MK1,ESP,,20,3,82.72,2,2,84.72,84.72,0,0,0,0,0,0,0,0,0,0,0,0,0,0,0,0,0,0,0,0,0,0,-,-,-,-,-
169c24c262a83079f06e5c15677c45de,2026-02-03 15:45:53,Pau ECHANIZ,Pau ECHANIZ,ECHANIZ,Pau,"ECHANIZ, Pau",2021-09-03,World Cup ,La Seu,Heats1,MK1,ESP,,20,8,87.59,2,2,89.59,89.59,0,0,0,0,0,0,0,0,0,0,0,0,0,0,0,0,0,0,0,0,0,0,-,-,-,-,-
a898559e52feb15fd9c723f6afe4eb3c,2026-02-03 15:45:53,Pau ECHANIZ,Pau ECHANIZ,ECHANIZ,Pau,"ECHANIZ, Pau",2021-08-22,Euros ,Solkan,Final,MK1,ESP,,20,4,89.02,0,0,89.02,89.02,0,0,0,0,0,0,0,0,0,0,0,0,0,0,0,0,0,0,0,0,0,0,-,-,-,-,-
0415b0f08aa38db041448c92edfb2735,2026-02-03 15:45:53,Pau ECHANIZ,Pau ECHANIZ,ECHANIZ,Pau,"ECHANIZ, Pau",2021-08-22,Euros ,Solkan,Semi,MK1,ESP,,20,9,91.17,2,2,93.17,93.17,0,0,0,0,0,0,0,0,0,0,0,0,0,0,0,0,0,0,0,0,0,0,-,-,-,-,-
3ece2882f30eaa100575a6cfd5c1153a,2026-02-03 15:45:53,Pau ECHANIZ,Pau ECHANIZ,ECHANIZ,Pau,"ECHANIZ, Pau",2021-08-20,Euros ,Solkan,Heats1,MK1,ESP,,20,1,95.36,0,0,95.36,95.36,0,0,0,0,0,0,0,0,0,0,0,0,0,0,0,0,0,0,0,0,0,0,-,-,-,-,-
c2b8a99adcf4f90b50a91c4c2c9db120,2026-02-03 15:45:53,Pau ECHANIZ,Pau ECHANIZ,ECHANIZ,Pau,"ECHANIZ, Pau",2021-07-11,World Championships U23,Tacen,Semi,MK1,ESP,,20,11,86.66,0,0,86.66,86.66,0,0,0,0,0,0,0,0,0,0,0,0,0,0,0,0,0,0,0,0,0,0,-,-,-,-,-
f46f68ac70ab29de872aa91f5724dc62,2026-02-03 15:45:53,Pau ECHANIZ,Pau ECHANIZ,ECHANIZ,Pau,"ECHANIZ, Pau",2021-07-09,World Championships U23,Tacen,Heats1,MK1,ESP,,20,15,73.82,0,0,73.82,73.82,0,0,0,0,0,0,0,0,0,0,0,0,0,0,0,0,0,0,0,0,0,-,-,-,-,-,-
c3a562f1c7dbbffdd2415b97ba25c5d7,2026-02-03 15:45:53,Pau ECHANIZ,Pau ECHANIZ,ECHANIZ,Pau,"ECHANIZ, Pau",2021-06-20,World Cup ,Markkleeberg,Semi,MK1,ESP,,20,39,104.47,56,56,160.47,160.47,0,0,0,0,0,0,0,0,0,0,0,0,0,0,0,0,0,0,0,0,0,0,-,-,-,-,-
c74ff3519bbc9db5ec4b24fa50f6bfa1,2026-02-03 15:45:53,Pau ECHANIZ,Pau ECHANIZ,ECHANIZ,Pau,"ECHANIZ, Pau",2021-06-18,World Cup ,Markkleeberg,Heats1,MK1,ESP,,20,21,95.58,2,2,97.58,97.58,0,0,0,0,0,0,0,0,0,0,0,0,0,0,0,0,0,0,0,0,0,0,-,-,-,-,-
a4b38c3b2d87531ba1949944ef7e6807,2026-02-03 15:45:53,Pau ECHANIZ,Pau ECHANIZ,ECHANIZ,Pau,"ECHANIZ, Pau",2021-06-13,World Cup ,Prague,Semi,MK1,ESP,,20,38,94.91,54,54,148.91,148.91,0,0,0,0,0,0,0,0,0,0,0,0,0,0,0,0,0,0,0,0,0,0,-,-,-,-,-
15567796a6ee3ddd9ae4a53c25c86e33,2026-02-03 15:45:53,Pau ECHANIZ,Pau ECHANIZ,ECHANIZ,Pau,"ECHANIZ, Pau",2021-06-11,World Cup ,Prague,Heats1,MK1,ESP,,20,16,90.96,0,0,90.96,90.96,0,0,0,0,0,0,0,0,0,0,0,0,0,0,0,0,0,0,0,0,0,0,-,-,-,-,-
aa74f2fd9bd3f45f76ac4ec7a6b51c57,2026-02-03 15:45:53,Pau ECHANIZ,Pau ECHANIZ,ECHANIZ,Pau,"ECHANIZ, Pau",2021-05-07,Euros ,Ivrea,Heats1,MK1,ESP,,20,0,0,0,0,DNS,,0,0,0,0,0,0,0,0,0,0,0,0,0,0,0,0,0,0,0,0,0,0,-,-,-,-,-
64a9d651448efd222d974b4dd57b721a,2026-02-03 15:45:53,Pau ECHANIZ,Pau ECHANIZ,ECHANIZ,Pau,"ECHANIZ, Pau",2021-05-07,Euros ,Ivrea,Heats2,MK1,ESP,,20,0,0,0,0,DNS,,0,0,0,0,0,0,0,0,0,0,0,0,0,0,0,0,0,0,0,0,0,0,-,-,-,-,-
9f6f681ac88c3d4b86f271cc8201eb0c,2026-02-03 15:45:53,Pau ECHANIZ,Pau ECHANIZ,ECHANIZ,Pau,"ECHANIZ, Pau",2021-03-28,Pyrenees Cup ,Pau,Final,MK1,ESP,,20,10,102.04,4,4,106.04,106.04,0,0,0,0,0,0,0,0,0,0,0,0,0,0,0,0,0,0,0,0,0,0,-,-,-,-,-
1641fa465c15c022e1e073430cfe70b0,2026-02-03 15:45:53,Pau ECHANIZ,Pau ECHANIZ,ECHANIZ,Pau,"ECHANIZ, Pau",2021-03-28,Pyrenees Cup ,Pau,Semi,MK1,ESP,,20,6,99.65,2,2,101.65,101.65,0,0,0,0,0,0,0,0,0,0,0,0,0,0,0,0,0,0,0,0,0,0,-,-,-,-,-
44cb3d33760dc0226970f655b8dc9b7a,2026-02-03 15:45:53,Pau ECHANIZ,Pau ECHANIZ,ECHANIZ,Pau,"ECHANIZ, Pau",2021-03-27,Pyrenees Cup ,Pau,Heats1,MK1,ESP,,20,3,95.51,0,0,95.51,95.51,0,0,0,0,0,0,0,0,0,0,0,0,0,0,0,0,0,0,0,0,0,0,-,-,-,-,-
68a9bcfb37067bd76db8345ca13fc021,2026-02-03 15:45:53,Pau ECHANIZ,Pau ECHANIZ,ECHANIZ,Pau,"ECHANIZ, Pau",2021-03-21,Pyrenees Cup ,La Seu,Final,MK1,ESP,,20,5,86.11,2,2,88.11,88.11,0,0,0,0,0,0,0,0,0,0,0,0,0,0,0,0,0,0,0,0,-,-,-,-,-,-,-
ce088b8e36bd8072f7b1ee307fb7818e,2026-02-03 15:45:53,Pau ECHANIZ,Pau ECHANIZ,ECHANIZ,Pau,"ECHANIZ, Pau",2021-03-21,Pyrenees Cup ,La Seu,Semi,MK1,ESP,,20,5,87.5,2,2,89.5,89.5,0,0,0,0,0,0,0,0,0,0,0,0,0,0,0,0,0,0,0,0,-,-,-,-,-,-,-
fd3b2ade32fa7ecb59506c22b3ca6ec8,2026-02-03 15:45:53,Pau ECHANIZ,Pau ECHANIZ,ECHANIZ,Pau,"ECHANIZ, Pau",2021-03-20,Pyrenees Cup ,La Seu,Heats2,MK1,ESP,,20,2,84.62,0,0,84.62,84.62,0,0,0,0,0,0,0,0,0,0,0,0,0,0,0,0,0,0,0,0,0,-,-,-,-,-,-
efe3bb6cad72809e054faac83a70b06a,2026-02-03 15:45:53,Pau ECHANIZ,Pau ECHANIZ,ECHANIZ,Pau,"ECHANIZ, Pau",2021-03-20,Pyrenees Cup ,La Seu,Heats1,MK1,ESP,,20,3,81.65,0,0,81.65,81.65,0,0,0,0,0,0,0,0,0,0,0,0,0,0,0,0,0,0,0,0,0,-,-,-,-,-,-
f42b6e321e2b52475cd372e0bce8e114,2026-02-03 15:45:45,Pau ECHANIZ,Pau ECHANIZ,ECHANIZ,Pau,"ECHANIZ, Pau",2020-10-04,Team trials Repesca 2,La Seu,Semi,MK1,ESP,,19,1,93.03,0,0,93.03,93.03,0,0,0,0,0,0,0,0,0,0,0,0,0,0,0,0,0,0,0,0,0,0,-,-,-,-,-
d1e9d876b6badc51e51361ad25f0d0a7,2026-02-03 15:45:45,Pau ECHANIZ,Pau ECHANIZ,ECHANIZ,Pau,"ECHANIZ, Pau",2020-10-04,Team trials Repesca 2,La Seu,Final,MK1,ESP,,19,1,88.15,0,0,88.15,88.15,0,0,0,0,0,0,0,0,0,0,0,0,0,0,0,0,0,0,0,0,0,0,-,-,-,-,-
d30c0face3c04708f4c82746ed4e958b,2026-02-03 15:45:45,Pau ECHANIZ,Pau ECHANIZ,ECHANIZ,Pau,"ECHANIZ, Pau",2020-10-03,Team trials Repesca 1,La Seu,Semi,MK1,ESP,,19,2,95.31,0,0,95.31,95.31,0,0,0,0,0,0,0,0,0,0,0,0,0,0,0,0,0,0,0,0,0,0,-,-,-,-,-
d0f66fd26fd4de4509e7dccb14bcdf8e,2026-02-03 15:45:45,Pau ECHANIZ,Pau ECHANIZ,ECHANIZ,Pau,"ECHANIZ, Pau",2020-10-03,Team trials Repesca 1,La Seu,Final,MK1,ESP,,19,2,93.07,0,0,93.07,93.07,0,0,0,0,0,0,0,0,0,0,0,0,0,0,0,0,0,0,0,0,0,0,-,-,-,-,-
84c85e930eaaff6ef4431a728fba9b88,2026-02-03 15:45:45,Pau ECHANIZ,Pau ECHANIZ,ECHANIZ,Pau,"ECHANIZ, Pau",2020-02-23,Australian Open ,Penrith,Semi,MK1,ESP,,19,19,94.63,0,0,94.63,94.63,0,0,0,0,0,0,0,0,0,0,0,0,0,0,0,0,0,0,0,0,0,0,0,-,-,-,-
47e01b64fbdded0dcf6dbcf70b437278,2026-02-03 15:45:45,Pau ECHANIZ,Pau ECHANIZ,ECHANIZ,Pau,"ECHANIZ, Pau",2020-02-21,Australian Open ,Penrith,Heats1,MK1,ESP,,19,36,93.98,2,2,95.98,95.98,0,0,0,0,0,0,0,0,0,0,0,0,0,0,0,0,0,0,0,0,0,0,-,-,-,-,-
c051f5450687b0fbd55c0c606a9865e1,2026-02-03 15:45:45,Pau ECHANIZ,Pau ECHANIZ,ECHANIZ,Pau,"ECHANIZ, Pau",2020-02-21,Australian Open ,Penrith,Heats2,MK1,ESP,,19,6,92.49,2,2,94.49,94.49,0,0,0,0,0,0,0,0,0,0,0,0,0,0,0,0,0,0,0,0,0,0,-,-,-,-,-
3ed6e6294813dedb259416b325b199cf,2026-02-03 15:45:45,Pau ECHANIZ,Pau ECHANIZ,ECHANIZ,Pau,"ECHANIZ, Pau",2020-02-03,Oceania Championships ,Auckland,Semi,MK1,ESP,,19,12,103.09,0,0,103.09,103.09,0,0,0,0,0,0,0,0,0,0,0,0,0,0,0,0,0,0,0,0,0,0,0,0,0,-,-
2e84d5178cc6f80f33a253047d532d30,2026-02-03 15:45:45,Pau ECHANIZ,Pau ECHANIZ,ECHANIZ,Pau,"ECHANIZ, Pau",2020-02-01,Oceania Championships ,Auckland,Heats1,MK1,ESP,,19,9,91.46,2,2,93.46,93.46,0,0,0,0,0,0,0,0,0,0,0,0,0,0,0,0,0,0,0,0,0,0,0,0,0,-,-
8cd64c70e2b9b1ae3e706847b56922e7,2026-02-03 15:45:39,Pau ECHANIZ,Pau ECHANIZ,ECHANIZ,Pau,"ECHANIZ, Pau",2019-09-06,World Cup ,Prague,Heats2,MK1,ESP,,18,14,96.36,0,0,96.36,96.36,0,0,0,0,0,0,0,0,0,0,0,0,0,0,0,0,0,0,0,0,0,0,-,-,-,-,-
d0da0f182bf631d20836f3276dcda9c1,2026-02-03 15:45:39,Pau ECHANIZ,Pau ECHANIZ,ECHANIZ,Pau,"ECHANIZ, Pau",2019-09-06,World Cup ,Prague,Heats1,MK1,ESP,,18,35,96.75,0,0,96.75,96.75,0,0,0,0,0,0,0,0,0,0,0,0,0,0,0,0,0,0,0,0,0,0,-,-,-,-,-
a6754f31df9fb44217210fd334024f4a,2026-02-03 15:45:39,Pau ECHANIZ,Pau ECHANIZ,ECHANIZ,Pau,"ECHANIZ, Pau",2019-07-21,World Championships Junior,Krakow,Final,MK1,ESP,,18,5,86.3,4,4,90.3,90.3,0,0,0,0,0,0,0,0,0,0,0,0,0,0,0,0,0,0,0,0,-,-,-,-,-,-,-
9ba42cbf2934a42eb0fe60e798d5870c,2026-02-03 15:45:39,Pau ECHANIZ,Pau ECHANIZ,ECHANIZ,Pau,"ECHANIZ, Pau",2019-07-21,World Championships Junior,Krakow,Semi,MK1,ESP,,18,3,90.03,0,0,90.03,90.03,0,0,0,0,0,0,0,0,0,0,0,0,0,0,0,0,0,0,0,0,-,-,-,-,-,-,-
9278505a7c41c71d99f459b9cf16a80d,2026-02-03 15:45:39,Pau ECHANIZ,Pau ECHANIZ,ECHANIZ,Pau,"ECHANIZ, Pau",2019-07-19,World Championships Junior,Krakow,Heats1,MK1,ESP,,18,2,92.37,0,0,92.37,92.37,0,0,0,0,0,0,0,0,0,0,0,0,0,0,0,0,0,0,0,0,-,-,-,-,-,-,-
40864ff25488fef8f26386d413d1ae5a,2026-02-03 15:45:39,Pau ECHANIZ,Pau ECHANIZ,ECHANIZ,Pau,"ECHANIZ, Pau",2019-07-07,Euros Junior,Liptovsky Mikulas,Semi,MK1,ESP,,18,5,95.33,0,0,95.33,95.33,0,0,0,0,0,0,0,0,0,0,0,0,0,0,0,0,0,0,0,0,0,0,-,-,-,-,-
958b488ef9957cfdd648a2f5dcf1d8fd,2026-02-03 15:45:39,Pau ECHANIZ,Pau ECHANIZ,ECHANIZ,Pau,"ECHANIZ, Pau",2019-07-07,Euros Junior,Liptovsky Mikulas,Final,MK1,ESP,,18,2,91.26,0,0,91.26,91.26,0,0,0,0,0,0,0,0,0,0,0,0,0,0,0,0,0,0,0,0,0,0,-,-,-,-,-
6555e022b1e965891cee2465dc8ce4c5,2026-02-03 15:45:39,Pau ECHANIZ,Pau ECHANIZ,ECHANIZ,Pau,"ECHANIZ, Pau",2019-07-05,Euros Junior,Liptovsky Mikulas,Heats1,MK1,ESP,,18,5,93.79,2,2,95.79,95.79,0,0,0,0,0,0,0,0,0,0,0,0,0,0,0,0,0,0,0,0,0,0,0,-,-,-,-
56629959d5dc023832c06488d1c91423,2026-02-03 15:45:39,Pau ECHANIZ,Pau ECHANIZ,ECHANIZ,Pau,"ECHANIZ, Pau",2019-05-04,Team trials ESP-FRA,Pau,Semi,MK1,ESP,,18,53,101.39,50,50,151.39,151.39,0,0,0,0,0,0,0,0,0,0,0,0,0,0,0,0,0,0,0,0,0,0,0,0,0,-,-
a68ced23ee6af3abb4e2cfc9c87d8182,2026-02-03 15:45:39,Pau ECHANIZ,Pau ECHANIZ,ECHANIZ,Pau,"ECHANIZ, Pau",2019-05-02,Team trials ESP-FRA,Pau,Semi,MK1,ESP,,18,17,106.68,0,0,106.68,106.68,0,0,0,0,0,0,0,0,0,0,0,0,0,0,0,0,0,0,0,0,0,0,0,0,0,-,-
6e1cddbac81e0bc72e0c4410670b56b9,2026-02-03 15:45:39,Pau ECHANIZ,Pau ECHANIZ,ECHANIZ,Pau,"ECHANIZ, Pau",2019-05-02,Team trials ESP-FRA,Pau,FinalB,MK1,ESP,,18,6,103.87,4,4,107.87,107.87,0,0,0,0,0,0,0,0,0,0,0,0,0,0,0,0,0,0,0,0,0,0,0,0,0,-,-
2d23bad63e367e3d0c010c589430ba40,2026-02-03 15:45:39,Pau ECHANIZ,Pau ECHANIZ,ECHANIZ,Pau,"ECHANIZ, Pau",2019-04-28,Team trials ESP-FRA,La Seu,Semi,MK1,ESP,,18,24,101.46,2,2,103.46,103.46,0,0,0,0,0,0,0,0,0,0,0,0,0,0,0,0,0,0,0,0,0,0,0,0,-,-,-
b50124ef92c7f054b263309f216c2ed5,2026-02-03 15:45:39,Pau ECHANIZ,Pau ECHANIZ,ECHANIZ,Pau,"ECHANIZ, Pau",2019-04-26,Team trials ESP-FRA,La Seu,Semi,MK1,ESP,,18,7,90.94,0,0,90.94,90.94,0,0,0,0,0,0,0,0,0,0,0,0,0,0,0,0,0,0,0,0,0,0,0,0,-,-,-
a5dea9fd35f2162902804fb575d931f8,2026-02-03 15:45:39,Pau ECHANIZ,Pau ECHANIZ,ECHANIZ,Pau,"ECHANIZ, Pau",2019-04-26,Team trials ESP-FRA,La Seu,Final,MK1,ESP,,18,6,90.18,2,2,92.18,92.18,0,0,0,0,0,0,0,0,0,0,0,0,0,0,0,0,0,0,0,0,0,0,0,0,-,-,-
fb45d7cd33980389a46235fcd9d222c3,2026-02-03 15:45:39,Pau ECHANIZ,Pau ECHANIZ,ECHANIZ,Pau,"ECHANIZ, Pau",2019-04-14,None,La Seu,Semi,MK1,ESP,,18,35,86.78,50,50,136.78,136.78,0,0,0,0,0,0,0,0,0,0,0,0,0,0,0,0,0,0,0,0,0,0,-,-,-,-,-
74144f3ab3692867bd3ff0de8d759a8e,2026-02-03 15:45:39,Pau ECHANIZ,Pau ECHANIZ,ECHANIZ,Pau,"ECHANIZ, Pau",2019-04-13,None,La Seu,Heats1,MK1,ESP,,18,21,99.94,2,2,101.94,101.94,0,0,0,0,0,0,0,0,0,0,0,0,0,0,0,0,0,0,0,0,0,0,-,-,-,-,-
2d31114e59d69bd2cb339e5b3c29d95c,2026-02-03 15:45:39,Pau ECHANIZ,Pau ECHANIZ,ECHANIZ,Pau,"ECHANIZ, Pau",2019-04-06,None,Pau,Heats1,MK1,ESP,,18,31,94.87,2,2,96.87,96.87,0,0,0,0,0,0,0,0,0,0,0,0,0,0,0,0,0,0,0,0,-,-,-,-,-,-,-
feb0b46c055592153bf68d278dbcdcaa,2026-02-03 15:45:39,Pau ECHANIZ,Pau ECHANIZ,ECHANIZ,Pau,"ECHANIZ, Pau",2019-04-06,None,Pau,Heats2,MK1,ESP,,18,15,95.46,0,0,95.46,95.46,0,0,0,0,0,0,0,0,0,0,0,0,0,0,0,0,0,0,0,0,-,-,-,-,-,-,-
d2080321ff956ca2ddfea7bc9d8dc151,2026-02-03 15:45:29,Pau ECHANIZ,Pau ECHANIZ,ECHANIZ,Pau,"ECHANIZ, Pau",2018-08-19,None,Bratislava,Semi,MK1,ESP,,17,1,86.63,0,0,None,,0,0,0,0,0,0,0,0,0,0,0,0,0,0,0,0,0,0,0,0,0,-,-,-,-,-,-
bf5da77d1b5b6e314cb72310f6c9f8db,2026-02-03 15:45:29,Pau ECHANIZ,Pau ECHANIZ,ECHANIZ,Pau,"ECHANIZ, Pau",2018-08-19,None,Bratislava,Final,MK1,ESP,,17,5,87.73,0,0,None,,0,0,0,0,0,0,0,0,0,0,0,0,0,0,0,0,0,0,0,0,0,-,-,-,-,-,-
89b832a04ff6c702a740f0703322cd44,2026-02-03 15:45:29,Pau ECHANIZ,Pau ECHANIZ,ECHANIZ,Pau,"ECHANIZ, Pau",2018-08-17,None,Bratislava,Heats1,MK1,ESP,,17,10,91.68,2,2,None,,0,0,0,0,0,0,0,0,0,0,0,0,0,0,0,0,0,0,0,0,0,-,-,-,-,-,-
f87aea8b9de99c144af3549b31a75386,2026-02-03 15:45:29,Pau ECHANIZ,Pau ECHANIZ,ECHANIZ,Pau,"ECHANIZ, Pau",2018-07-21,None,Ivrea,Semi,MK1,ESP,,17,5,78.98,4,4,None,,0,0,0,0,0,0,0,0,0,0,0,0,0,0,0,0,0,0,0,0,0,0,0,0,0,-,-
88508ef059cca4b6aee17ea33ac9aa05,2026-02-03 15:45:29,Pau ECHANIZ,Pau ECHANIZ,ECHANIZ,Pau,"ECHANIZ, Pau",2018-07-21,None,Ivrea,Final,MK1,ESP,,17,9,83.96,2,2,None,,0,0,0,0,0,0,0,0,0,0,0,0,0,0,0,0,0,0,0,0,0,0,0,0,0,-,-
d170896d1d62f4276b7ad675d9e0458b,2026-02-03 15:45:29,Pau ECHANIZ,Pau ECHANIZ,ECHANIZ,Pau,"ECHANIZ, Pau",2018-07-20,None,Ivrea,Heats1,MK1,ESP,,17,3,82,0,0,None,,0,0,0,0,0,0,0,0,0,0,0,0,0,0,0,0,0,0,0,0,0,0,0,0,0,-,-
db0dbdd8393aa311469cec3b9ad9740b,2026-02-03 15:45:29,Pau ECHANIZ,Pau ECHANIZ,ECHANIZ,Pau,"ECHANIZ, Pau",2018-04-15,None,La Seu,Final,MK1,ESP,,17,24,94.74,2,2,None,,0,0,0,0,0,0,0,0,0,0,0,0,0,0,0,0,0,0,0,0,0,-,-,-,-,-,-
88e34f6b8341e2f7307748affc1b2de0,2026-02-03 15:45:29,Pau ECHANIZ,Pau ECHANIZ,ECHANIZ,Pau,"ECHANIZ, Pau",2018-04-13,None,La Seu,Heats1,MK1,ESP,,17,47,89.57,4,4,None,,0,0,0,0,0,0,0,0,0,0,0,0,0,0,0,0,0,0,0,0,0,-,-,-,-,-,-
bc333c9164b07f86352b1127d60bb035,2026-02-03 15:45:29,Pau ECHANIZ,Pau ECHANIZ,ECHANIZ,Pau,"ECHANIZ, Pau",2018-04-13,None,La Seu,Heats2,MK1,ESP,,17,6,88.1,0,0,None,,0,0,0,0,0,0,0,0,0,0,0,0,0,0,0,0,0,0,0,0,0,-,-,-,-,-,-
0a92e9abab929c9d93609de5dd8cd91c,2026-02-03 15:45:22,Pau ECHANIZ,Pau ECHANIZ,ECHANIZ,Pau,"ECHANIZ, Pau",2017-08-19,None,Hohenlimburg,Semi,MK1,ESP,,16,3,103.23,0,0,None,,0,0,0,0,0,0,0,0,0,0,0,0,0,0,0,0,0,0,0,0,0,0,0,0,0,-,-
0838fa5efe0c3cda039e4db75f281262,2026-02-03 15:45:22,Pau ECHANIZ,Pau ECHANIZ,ECHANIZ,Pau,"ECHANIZ, Pau",2017-08-19,None,Hohenlimburg,Final,MK1,ESP,,16,5,99.01,4,4,None,,0,0,0,0,0,0,0,0,0,0,0,0,0,0,0,0,0,0,0,0,0,0,0,0,0,-,-
258839a768f64c9c388a33cad904ad4d,2026-02-03 15:45:22,Pau ECHANIZ,Pau ECHANIZ,ECHANIZ,Pau,"ECHANIZ, Pau",2017-08-17,None,Hohenlimburg,Heats1,MK1,ESP,,16,4,98.03,2,2,None,,0,0,0,0,0,0,0,0,0,0,0,0,0,0,0,0,0,0,0,0,0,0,0,0,0,-,-
44be9e34ad8d82cd80c977306b8d4187,2026-02-03 15:45:22,Pau ECHANIZ,Pau ECHANIZ,ECHANIZ,Pau,"ECHANIZ, Pau",2017-07-21,None,Bratislava,Semi,MK1,ESP,,16,13,97.99,2,2,None,,0,0,0,0,0,0,0,0,0,0,0,0,0,0,0,0,0,0,0,0,0,0,0,-,-,-,-
b7fc22bc7ea831d1929676dff5170ff7,2026-02-03 15:45:22,Pau ECHANIZ,Pau ECHANIZ,ECHANIZ,Pau,"ECHANIZ, Pau",2017-07-18,None,Bratislava,Heats1,MK1,ESP,,16,5,90.31,4,4,None,,0,0,0,0,0,0,0,0,0,0,0,0,0,0,0,0,0,0,0,0,0,0,0,-,-,-,-
9a74159645f49a30b717004ccddd8c80,2026-09-11 20:00:36,Pavel EIGEL,Pavel EIGEL,EIGEL,Pavel,"EIGEL, Pavel",2026-09-11,World Cup Final,La Seu,Heats1,MK1,UZB,36,36,36,94.28,0,0,None,,0,0,0,0,0,0,0,0,0,0,0,0,0,0,0,0,0,0,0,0,0,0,0,-,-,-,-
50dc79ff2168ba292f8c0f955092ef6c,2026-09-10 20:00:41,Pavel EIGEL,Pavel EIGEL,EIGEL,Pavel,"EIGEL, Pavel",2026-09-04,World Cup #4,Vaires,Heats1,MK1,UZB,35,36,27,98.83,2,2,None,,0,0,0,0,0,0,0,0,0,0,2,0,0,0,0,0,0,0,0,0,0,0,-,-,-,-,-
11fbf2cfb81b199e1124dfd2f3be97f0,2026-07-26 20:00:31,Pavel EIGEL,Pavel EIGEL,EIGEL,Pavel,"EIGEL, Pavel",2026-07-23,World Championships ,Oklahoma,Semi,MK1,UZB,39,36,16,91.52,0,0,None,,0,0,0,0,0,0,0,0,0,0,0,0,0,0,0,0,0,0,0,0,0,0,-,-,-,-,-
2f202fbd5b1c3c2b34b67815735d31bc,2026-07-26 20:00:31,Pavel EIGEL,Pavel EIGEL,EIGEL,Pavel,"EIGEL, Pavel",2026-07-21,World Championships ,Oklahoma,Heats1,MK1,UZB,39,36,24,83.58,0,0,None,,0,0,0,0,0,0,0,0,0,0,0,0,0,0,0,0,0,0,0,0,0,0,-,-,-,-,-
03b9a1e7d6de5dcf93ac8d6b9e88700b,2026-06-17 01:18:14,Pavel EIGEL,Pavel EIGEL,EIGEL,Pavel,"EIGEL, Pavel",2026-06-12,World Cup #3,Augsburg,Heats1,MK1,UZB,39,36,31,96.17,4,4,None,,0,0,0,0,0,2,0,0,0,2,0,0,0,0,0,0,0,0,0,0,0,0,-,-,-,-,-
22511bbab6215f3389fc45c69ca9bbaf,2026-06-09 06:48:07,Pavel EIGEL,Pavel EIGEL,EIGEL,Pavel,"EIGEL, Pavel",2026-06-05,World Cup #2,Prague,Heats1,MK1,UZB,39,36,26,107.56,0,0,None,,0,0,0,0,0,0,0,0,0,0,0,0,0,0,0,0,0,0,0,0,0,0,-,-,-,-,-
b03dd7f66be99f824040659ed2ad9322,2026-04-02 14:26:24,Pavel EIGEL,Pavel EIGEL,EIGEL,Pavel,"EIGEL, Pavel",2026-03-15,Pyrenees Cup ,Pau,FinalB,MK1,UZB,,36,14,90.07,2,2,None,,0,0,0,0,0,0,0,0,0,0,0,0,0,0,0,0,0,0,0,0,0,0,-,-,-,-,-
1260250a6b394c425692530b54f4c5a1,2026-06-09 20:00:28,Pavel EIGEL,Pavel EIGEL,EIGEL,Pavel,"EIGEL, Pavel",2026-03-14,Pyrenees Cup ,Pau,FinalB,MK1,UZB,,36,14,90.07,2,2,None,,0,0,0,0,0,0,0,0,0,0,0,0,0,0,0,0,0,0,0,0,0,0,-,-,-,-,-
78d1dd58978787564c657571073ab51b,2026-06-09 20:00:28,Pavel EIGEL,Pavel EIGEL,EIGEL,Pavel,"EIGEL, Pavel",2026-03-14,Pyrenees Cup ,Pau,Heats1,MK1,UZB,,36,43,91.33,0,0,None,,0,0,0,0,0,0,0,0,0,0,0,0,0,0,0,0,0,0,0,0,0,0,-,-,-,-,-
fc698a31a1fa1f51473f7d2f87675acd,2026-04-02 14:26:24,Pavel EIGEL,Pavel EIGEL,EIGEL,Pavel,"EIGEL, Pavel",2026-03-07,Pyrenees Cup ,La Seu,Final,MK1,UZB,,36,12,80.67,50,50,None,,0,0,0,0,0,0,0,0,0,0,0,0,0,0,0,0,0,0,50,0,0,0,-,-,-,-,-
808b661619c4df2ab5b01d2114010f54,2026-04-02 14:26:24,Pavel EIGEL,Pavel EIGEL,EIGEL,Pavel,"EIGEL, Pavel",2026-03-07,Pyrenees Cup ,La Seu,Heats1,MK1,UZB,,36,1,81,0,0,None,,0,0,0,0,0,0,0,0,0,0,0,0,0,0,0,0,0,0,0,0,0,0,-,-,-,-,-
cd51b57f3ddb4c2f53eee1aa7e4157bc,2026-04-02 14:26:24,Pavel EIGEL,Pavel EIGEL,EIGEL,Pavel,"EIGEL, Pavel",2026-02-17,Pyrenees Cup ,Pau,Heats1,MK1,UZB,,36,43,91.33,0,0,None,,0,0,0,0,0,0,0,0,0,0,0,0,0,0,0,0,0,0,0,0,0,0,-,-,-,-,-
1655534b306db0e0cc201155f9db6a67,2026-03-08 22:10:18,Pavel EIGEL,Pavel EIGEL,EIGEL,Pavel,"EIGEL, Pavel",2026-02-17,None,La Seu,Final,MK1,UZB,,36,12,80.67,50,50,None,,0,0,0,0,0,0,0,0,0,0,0,0,0,0,0,0,0,0,50,0,0,0,-,-,-,-,-
3afe794252a4d7be65a4b9f32c8c6935,2026-03-08 22:10:18,Pavel EIGEL,Pavel EIGEL,EIGEL,Pavel,"EIGEL, Pavel",2026-02-17,None,La Seu,Heats1,MK1,UZB,,36,1,81,0,0,None,,0,0,0,0,0,0,0,0,0,0,0,0,0,0,0,0,0,0,0,0,0,0,-,-,-,-,-
dda8e1ba63a1fd48f5f438bb04f52bd0,2026-06-08 09:55:50,Pavel EIGEL,Pavel EIGEL,EIGEL,Pavel,"EIGEL, Pavel",2026-02-17,World Cup #2,Prague,Heats1,MK1,UZB,39,36,26,107.56,0,0,None,,0,0,0,0,0,0,0,0,0,0,0,0,0,0,0,0,0,0,0,0,0,0,-,-,-,-,-
0812960efe35a102260bcd7e49df0333,2026-02-03 15:46:38,Pavel EIGEL,Pavel EIGEL,EIGEL,Pavel,"EIGEL, Pavel",2025-10-03,World Championships ,Penrith,Heats1,MK1,UZB,57,35,42,92.06,2,2,94.06,94.06,0,0,0,0,0,0,0,0,0,0,0,0,0,0,0,0,0,0,0,0,0,0,-,-,-,-,-
f1dfd4cc6b99a5e8fc7d865ec58cfebe,2026-02-03 15:46:38,Pavel EIGEL,Pavel EIGEL,EIGEL,Pavel,"EIGEL, Pavel",2025-06-27,World Cup Grand Prix - short,Prague,Heats1,MK1,UZB,70,35,30,52.22,2,2,54.22,54.22,0,0,0,0,0,0,0,0,0,0,-,-,-,-,-,-,-,-,-,-,-,-,-,-,-,-,-
d73c9ba504f631f2c2d3be58435dce4b,2026-02-03 15:46:38,Pavel EIGEL,Pavel EIGEL,EIGEL,Pavel,"EIGEL, Pavel",2025-06-27,World Cup #3,Prague,Heats1,MK1,UZB,70,35,34,104.77,2,2,106.77,106.77,0,0,2,0,0,0,0,0,0,0,-,-,-,-,-,-,-,-,-,-,-,-,-,-,-,-,-
4bb83fdd8325f602b12040902af523f4,2026-02-03 15:46:38,Pavel EIGEL,Pavel EIGEL,EIGEL,Pavel,"EIGEL, Pavel",2025-06-13,World Cup #2,Pau,Heats1,MK1,UZB,80,35,14,96.72,0,0,96.72,96.72,0,0,0,0,0,0,0,0,0,-,-,-,-,-,-,-,-,-,-,-,-,-,-,-,-,-,-
a7ead8851ec6f2b24bdadf7e60c04806,2026-02-03 15:46:38,Pavel EIGEL,Pavel EIGEL,EIGEL,Pavel,"EIGEL, Pavel",2025-06-06,World Cup #1,La Seu,Heats1,MK1,UZB,,35,17,87.48,0,0,87.48,87.48,0,0,0,0,0,0,0,0,0,0,0,0,0,0,0,0,0,0,0,0,0,0,0,-,-,-,-
8ed2919eca1d58c0670b130acd686426,2026-02-03 15:45:53,Pavel EIGEL,Pavel EIGEL,EIGEL,Pavel,"EIGEL, Pavel",2021-09-26,World Championships ,Bratislava,Semi,MK1,RUS,,31,13,88.95,0,0,88.95,88.95,0,0,0,0,0,0,0,0,0,0,0,0,0,0,0,0,0,0,0,0,0,0,-,-,-,-,-
6fab2d4272e0155c60e34161837ee8b1,2026-02-03 15:45:53,Pavel EIGEL,Pavel EIGEL,EIGEL,Pavel,"EIGEL, Pavel",2021-09-24,World Championships ,Bratislava,Heats1,MK1,RUS,,31,42,88.78,0,0,88.78,88.78,0,0,0,0,0,0,0,0,0,0,0,0,0,0,0,0,0,0,0,0,0,0,-,-,-,-,-
20d0962232668e65e85d36a8cda13038,2026-02-03 15:45:53,Pavel EIGEL,Pavel EIGEL,EIGEL,Pavel,"EIGEL, Pavel",2021-09-24,World Championships ,Bratislava,Heats2,MK1,RUS,,31,3,84.68,0,0,84.68,84.68,0,0,0,0,0,0,0,0,0,0,0,0,0,0,0,0,0,0,0,0,0,0,-,-,-,-,-
d8ab8936072206f2245cedcfa9b2c259,2026-02-03 15:45:53,Pavel EIGEL,Pavel EIGEL,EIGEL,Pavel,"EIGEL, Pavel",2021-07-30,Olympic Games ,Tokyo,Semi,MK1,RUS,,31,20,101.41,50,50,151.41,151.41,0,0,0,0,0,0,0,0,0,0,0,0,0,0,0,0,0,0,0,0,0,0,-,-,-,-,-
e942fbcbc34f5c64e76321c5b9254807,2026-02-03 15:45:53,Pavel EIGEL,Pavel EIGEL,EIGEL,Pavel,"EIGEL, Pavel",2021-07-28,Olympic Games ,Tokyo,Heats2,MK1,RUS,,31,9,90.82,2,2,92.82,92.82,0,0,0,0,0,0,0,0,0,0,0,0,0,0,0,0,0,0,0,0,0,0,-,-,-,-,-
ffbcd079f9695cc098c40f0d052f4768,2026-02-03 15:45:53,Pavel EIGEL,Pavel EIGEL,EIGEL,Pavel,"EIGEL, Pavel",2021-07-28,Olympic Games ,Tokyo,Heats1,MK1,RUS,,31,12,96.53,0,0,96.53,96.53,0,0,0,0,0,0,0,0,0,0,0,0,0,0,0,0,0,0,0,0,0,0,-,-,-,-,-
bd0b4fdc25f214f706dd747d8f080319,2026-02-03 15:45:53,Pavel EIGEL,Pavel EIGEL,EIGEL,Pavel,"EIGEL, Pavel",2021-06-13,World Cup ,Prague,Semi,MK1,RUS,,31,30,96.1,4,4,100.1,100.1,0,0,0,0,0,0,0,0,0,0,0,0,0,0,0,0,0,0,0,0,0,0,-,-,-,-,-
db1df1e15d9a2292a122415bf0d3c5ff,2026-02-03 15:45:53,Pavel EIGEL,Pavel EIGEL,EIGEL,Pavel,"EIGEL, Pavel",2021-06-11,World Cup ,Prague,Heats1,MK1,RUS,,31,13,90.43,0,0,90.43,90.43,0,0,0,0,0,0,0,0,0,0,0,0,0,0,0,0,0,0,0,0,0,0,-,-,-,-,-
a935b2b2020fa826f6096b0dae9d2325,2026-02-03 15:45:53,Pavel EIGEL,Pavel EIGEL,EIGEL,Pavel,"EIGEL, Pavel",2021-05-09,Euros ,Ivrea,Semi,MK1,RUS,,31,25,88.62,0,0,88.62,88.62,0,0,0,0,0,0,0,0,0,0,0,0,0,0,0,0,0,0,0,0,0,0,-,-,-,-,-
37e7d02760b4c0d47cc1abbb29c5be02,2026-02-03 15:45:53,Pavel EIGEL,Pavel EIGEL,EIGEL,Pavel,"EIGEL, Pavel",2021-05-07,Euros ,Ivrea,Heats1,MK1,RUS,,31,21,80.58,0,0,80.58,80.58,0,0,0,0,0,0,0,0,0,0,0,0,0,0,0,0,0,0,0,0,0,0,-,-,-,-,-
c7a3bbc2f514df8661234ef55a0787b6,2026-02-03 15:45:53,Pavel EIGEL,Pavel EIGEL,EIGEL,Pavel,"EIGEL, Pavel",2021-03-28,Pyrenees Cup ,Pau,Final,MK1,RUS,,31,2,96.74,0,0,96.74,96.74,0,0,0,0,0,0,0,0,0,0,0,0,0,0,0,0,0,0,0,0,0,0,-,-,-,-,-
14abec02845fec6e94ea396253dc643c,2026-02-03 15:45:53,Pavel EIGEL,Pavel EIGEL,EIGEL,Pavel,"EIGEL, Pavel",2021-03-28,Pyrenees Cup ,Pau,Semi,MK1,RUS,,31,5,99.45,2,2,101.45,101.45,0,0,0,0,0,0,0,0,0,0,0,0,0,0,0,0,0,0,0,0,0,0,-,-,-,-,-
8bae6cc8061108a7d10b092d6c20e834,2026-02-03 15:45:53,Pavel EIGEL,Pavel EIGEL,EIGEL,Pavel,"EIGEL, Pavel",2021-03-27,Pyrenees Cup ,Pau,Heats1,MK1,RUS,,31,6,92.57,4,4,96.57,96.57,0,0,0,0,0,0,0,0,0,0,0,0,0,0,0,0,0,0,0,0,0,0,-,-,-,-,-
36182a830eb581ebb174ab5e416862db,2026-02-03 15:45:53,Pavel EIGEL,Pavel EIGEL,EIGEL,Pavel,"EIGEL, Pavel",2021-03-21,Pyrenees Cup ,La Seu,Final,MK1,RUS,,31,1,85.25,0,0,85.25,85.25,0,0,0,0,0,0,0,0,0,0,0,0,0,0,0,0,0,0,0,0,-,-,-,-,-,-,-
7372d626ca3479b3e83443a150da1889,2026-02-03 15:45:53,Pavel EIGEL,Pavel EIGEL,EIGEL,Pavel,"EIGEL, Pavel",2021-03-21,Pyrenees Cup ,La Seu,Semi,MK1,RUS,,31,8,88.28,2,2,90.28,90.28,0,0,0,0,0,0,0,0,0,0,0,0,0,0,0,0,0,0,0,0,-,-,-,-,-,-,-
f0a4a2e9b1ad4b0904750758c1a76563,2026-02-03 15:45:53,Pavel EIGEL,Pavel EIGEL,EIGEL,Pavel,"EIGEL, Pavel",2021-03-20,Pyrenees Cup ,La Seu,Heats1,MK1,RUS,,31,2,81.59,0,0,81.59,81.59,0,0,0,0,0,0,0,0,0,0,0,0,0,0,0,0,0,0,0,0,0,-,-,-,-,-,-
ecb501eef2fcd30c9d2b9c381e0690cf,2026-02-03 15:45:45,Pavel EIGEL,Pavel EIGEL,EIGEL,Pavel,"EIGEL, Pavel",2020-11-08,World Cup ,Pau,Semi,MK1,RUS,,30,21,98.35,52,52,150.35,150.35,0,0,0,0,0,0,0,0,0,0,0,0,0,0,0,0,0,0,0,0,0,0,-,-,-,-,-
ebd6e7fd78112c5d4308ec1f6c7766a8,2026-02-03 15:45:45,Pavel EIGEL,Pavel EIGEL,EIGEL,Pavel,"EIGEL, Pavel",2020-10-18,World Cup ,Tacen,Semi,MK1,RUS,,30,25,79.03,2,2,81.03,81.03,0,0,0,0,0,0,0,0,0,0,0,0,0,0,0,0,0,0,0,0,0,0,-,-,-,-,-
96e33db4743911b4fce4486f6b28d8d2,2026-02-03 15:45:45,Pavel EIGEL,Pavel EIGEL,EIGEL,Pavel,"EIGEL, Pavel",2020-10-16,World Cup ,Tacen,Heats1,MK1,RUS,,30,14,81.2,0,0,81.2,81.2,0,0,0,0,0,0,0,0,0,0,0,0,0,0,0,0,0,0,0,0,0,0,-,-,-,-,-
0c17dac600dd9d99cd45a7f6c6563a5c,2026-02-03 15:45:45,Pavel EIGEL,Pavel EIGEL,EIGEL,Pavel,"EIGEL, Pavel",2020-10-06,World Cup ,Pau,Heats1,MK1,RUS,,30,13,99.03,2,2,101.03,101.03,0,0,0,0,0,0,0,0,0,0,0,0,0,0,0,0,0,0,0,0,0,0,-,-,-,-,-
1fcea6e8e45d3cb701dfba4e4a4a2a4e,2026-02-03 15:45:39,Pavel EIGEL,Pavel EIGEL,EIGEL,Pavel,"EIGEL, Pavel",2019-10-27,Olympic test event ,Tokyo,Heats1,MK1,RUS,,29,8,98.08,0,0,98.08,98.08,0,0,0,0,0,0,0,0,0,0,0,0,0,0,0,0,0,0,0,0,0,0,0,0,0,-,-
1cb2c88ca3d424123efcc15c24bb0d75,2026-02-03 15:45:39,Pavel EIGEL,Pavel EIGEL,EIGEL,Pavel,"EIGEL, Pavel",2019-10-27,Olympic test event ,Tokyo,Heats2,MK1,RUS,,29,1,92.79,0,0,92.79,92.79,0,0,0,0,0,0,0,0,0,0,0,0,0,0,0,0,0,0,0,0,0,0,0,0,0,-,-
8092d033995d2c93c1d8d396671403e3,2026-02-03 15:45:39,Pavel EIGEL,Pavel EIGEL,EIGEL,Pavel,"EIGEL, Pavel",2019-10-27,Olympic test event ,Tokyo,Semi,MK1,RUS,,29,17,94.92,50,50,144.92,144.92,0,0,0,0,0,0,0,0,0,0,0,0,0,0,0,0,0,0,0,0,0,0,0,0,0,-,-
3c015e9d5c1130b56e32b0ac6366eae7,2026-02-03 15:45:39,Pavel EIGEL,Pavel EIGEL,EIGEL,Pavel,"EIGEL, Pavel",2019-09-29,World Championships ,La Seu,Semi,MK1,RUS,,29,4,85.44,0,0,85.44,85.44,0,0,0,0,0,0,0,0,0,0,0,0,0,0,0,0,0,0,0,0,0,0,-,-,-,-,-
cb4f81af4889e6640628cf32f073beb1,2026-02-03 15:45:39,Pavel EIGEL,Pavel EIGEL,EIGEL,Pavel,"EIGEL, Pavel",2019-09-29,World Championships ,La Seu,Final,MK1,RUS,,29,9,89.03,4,4,93.03,93.03,0,0,0,0,0,0,0,0,0,0,0,0,0,0,0,0,0,0,0,0,0,0,-,-,-,-,-
58937bcb4a6196b938d083a3ecaf4ce2,2026-02-03 15:45:39,Pavel EIGEL,Pavel EIGEL,EIGEL,Pavel,"EIGEL, Pavel",2019-09-27,World Championships ,La Seu,Heats1,MK1,RUS,,29,28,92.94,0,0,92.94,92.94,0,0,0,0,0,0,0,0,0,0,0,0,0,0,0,0,0,0,0,0,0,0,-,-,-,-,-
e40caa1742b91ab8665fb9145794eb89,2026-02-03 15:45:39,Pavel EIGEL,Pavel EIGEL,EIGEL,Pavel,"EIGEL, Pavel",2019-09-08,World Cup ,Prague,Semi,MK1,RUS,,29,21,94.3,4,4,98.3,98.3,0,0,0,0,0,0,0,0,0,0,0,0,0,0,0,0,0,0,0,0,0,0,-,-,-,-,-
2b801614ae23e036c6e685c526f03d53,2026-02-03 15:45:39,Pavel EIGEL,Pavel EIGEL,EIGEL,Pavel,"EIGEL, Pavel",2019-09-06,World Cup ,Prague,Heats1,MK1,RUS,,29,11,92.99,0,0,92.99,92.99,0,0,0,0,0,0,0,0,0,0,0,0,0,0,0,0,0,0,0,0,0,0,-,-,-,-,-
a691e2ed3e83e10a44ddbdc9ba316785,2026-02-03 15:45:39,Pavel EIGEL,Pavel EIGEL,EIGEL,Pavel,"EIGEL, Pavel",2019-06-14,World Cup ,Lee Valley,Heats1,MK1,RUS,,29,40,92.59,2,2,94.59,94.59,0,0,0,0,0,0,0,0,0,0,0,0,0,0,0,0,0,0,0,0,0,0,0,-,-,-,-
3c0522eba4d0e2d1e1cc7e8e47bd091e,2026-02-03 15:45:39,Pavel EIGEL,Pavel EIGEL,EIGEL,Pavel,"EIGEL, Pavel",2019-06-14,World Cup ,Lee Valley,Heats2,MK1,RUS,,29,11,89.4,4,4,93.4,93.4,0,0,0,0,0,0,0,0,0,0,0,0,0,0,0,0,0,0,0,0,0,0,0,-,-,-,-
1be36ac6b38943d39b11b61f8c0f3c83,2026-02-03 15:45:39,Pavel EIGEL,Pavel EIGEL,EIGEL,Pavel,"EIGEL, Pavel",2019-06-02,Euros ,Pau,Semi,MK1,RUS,,29,9,94.39,2,2,96.39,96.39,0,0,0,0,0,0,0,0,0,0,0,0,0,0,0,0,0,0,0,0,0,0,0,0,0,-,-
fe0a7aea9b1d97282315b5cb3debc381,2026-02-03 15:45:39,Pavel EIGEL,Pavel EIGEL,EIGEL,Pavel,"EIGEL, Pavel",2019-06-02,Euros ,Pau,Final,MK1,RUS,,29,6,95.58,0,0,95.58,95.58,0,0,0,0,0,0,0,0,0,0,0,0,0,0,0,0,0,0,0,0,0,0,0,0,0,-,-
4ef09829d7a4cacc4a7156e27607c141,2026-02-03 15:45:39,Pavel EIGEL,Pavel EIGEL,EIGEL,Pavel,"EIGEL, Pavel",2019-05-31,Euros ,Pau,Heats1,MK1,RUS,,29,17,91.27,0,0,91.27,91.27,0,0,0,0,0,0,0,0,0,0,0,0,0,0,0,0,0,0,0,0,0,0,0,0,-,-,-
0d9c338a526eaf949a00299b2db945fa,2026-02-03 15:45:39,Pavel EIGEL,Pavel EIGEL,EIGEL,Pavel,"EIGEL, Pavel",2019-04-14,None,La Seu,Semi,MK1,RUS,,29,26,92.76,4,4,96.76,96.76,0,0,0,0,0,0,0,0,0,0,0,0,0,0,0,0,0,0,0,0,0,0,-,-,-,-,-
3d359235adb83c9acd0d7f9b17ccb476,2026-02-03 15:45:39,Pavel EIGEL,Pavel EIGEL,EIGEL,Pavel,"EIGEL, Pavel",2019-04-13,None,La Seu,Heats1,MK1,RUS,,29,57,109.14,0,0,109.14,109.14,0,0,0,0,0,0,0,0,0,0,0,0,0,0,0,0,0,0,0,0,0,0,-,-,-,-,-
b8df5334e951ab7b921eadd685332bee,2026-02-03 15:45:39,Pavel EIGEL,Pavel EIGEL,EIGEL,Pavel,"EIGEL, Pavel",2019-04-13,None,La Seu,Heats2,MK1,RUS,,29,5,98.38,0,0,98.38,98.38,0,0,0,0,0,0,0,0,0,0,0,0,0,0,0,0,0,0,0,0,0,0,-,-,-,-,-
ff5f2c0e83377054da4e462592964074,2026-02-03 15:45:39,Pavel EIGEL,Pavel EIGEL,EIGEL,Pavel,"EIGEL, Pavel",2019-04-07,None,Pau,Semi,MK1,RUS,,29,19,97,0,0,97,97,0,0,0,0,0,0,0,0,0,0,0,0,0,0,0,0,0,0,0,0,0,0,-,-,-,-,-
e54781f09662ee08ccae0a44e09403b0,2026-02-03 15:45:39,Pavel EIGEL,Pavel EIGEL,EIGEL,Pavel,"EIGEL, Pavel",2019-04-06,None,Pau,Heats1,MK1,RUS,,29,10,90.19,4,4,94.19,94.19,0,0,0,0,0,0,0,0,0,0,0,0,0,0,0,0,0,0,0,0,-,-,-,-,-,-,-
cd9906abb5e1534f9b11e05e1687f6ac,2026-02-03 15:45:39,Pavel EIGEL,Pavel EIGEL,EIGEL,Pavel,"EIGEL, Pavel",2019-02-24,None,Penrith,Semi,MK1,RUS,,29,29,107.17,50,50,None,,0,0,0,0,0,0,0,0,0,0,0,0,0,0,0,0,0,0,0,0,0,0,-,-,-,-,-
77e1b2dde536c1df77ef95593a1298f7,2026-02-03 15:45:39,Pavel EIGEL,Pavel EIGEL,EIGEL,Pavel,"EIGEL, Pavel",2019-02-22,None,Penrith,Heats1,MK1,RUS,,29,40,105.39,2,2,None,,0,0,0,0,0,0,0,0,0,0,0,0,0,0,0,0,0,0,0,0,0,0,-,-,-,-,-
fd10ffee98d05068a33abb252a8db3b9,2026-02-03 15:45:39,Pavel EIGEL,Pavel EIGEL,EIGEL,Pavel,"EIGEL, Pavel",2019-02-22,None,Penrith,Heats2,MK1,RUS,,29,2,101.04,0,0,None,,0,0,0,0,0,0,0,0,0,0,0,0,0,0,0,0,0,0,0,0,0,0,-,-,-,-,-
2f1778f810a241f3087a436ccac99abc,2026-02-03 15:45:39,Pavel EIGEL,Pavel EIGEL,EIGEL,Pavel,"EIGEL, Pavel",2019-02-17,None,Penrith,Semi,MK1,RUS,,29,19,91.93,0,0,None,,0,0,0,0,0,0,0,0,0,0,0,0,0,0,0,0,0,0,0,0,-,-,-,-,-,-,-
7bff762f136d7abbf4aa5dc5b85bec3c,2026-02-03 15:45:39,Pavel EIGEL,Pavel EIGEL,EIGEL,Pavel,"EIGEL, Pavel",2019-02-15,None,Penrith,Heats1,MK1,RUS,,29,28,96.74,0,0,None,,0,0,0,0,0,0,0,0,0,0,0,0,0,0,0,0,0,0,0,0,-,-,-,-,-,-,-
7f76a88bb11b2b787cf44e1e2c8ba8c2,2026-02-03 15:45:29,Pavel EIGEL,Pavel EIGEL,EIGEL,Pavel,"EIGEL, Pavel",2018-09-30,None,"Deodoro, Rio",Semi,MK1,RUS,,28,9,94.12,0,0,None,,0,0,0,0,0,0,0,0,0,0,0,0,0,0,0,0,0,0,0,0,0,0,0,0,-,-,-
791385669ddb5743a252fc8e06446545,2026-02-03 15:45:29,Pavel EIGEL,Pavel EIGEL,EIGEL,Pavel,"EIGEL, Pavel",2018-09-30,None,"Deodoro, Rio",Final,MK1,RUS,,28,3,92.17,0,0,None,,0,0,0,0,0,0,0,0,0,0,0,0,0,0,0,0,0,0,0,0,0,0,0,0,-,-,-
d084f68cef594714cda72c27e812eaca,2026-02-03 15:45:29,Pavel EIGEL,Pavel EIGEL,EIGEL,Pavel,"EIGEL, Pavel",2018-09-28,None,"Deodoro, Rio",Heats1,MK1,RUS,,28,35,89.3,4,4,None,,0,0,0,0,0,0,0,0,0,0,0,0,0,0,0,0,0,0,0,0,0,0,0,0,-,-,-
962d6fa14295dc7841d15bcac4b360a6,2026-02-03 15:45:29,Pavel EIGEL,Pavel EIGEL,EIGEL,Pavel,"EIGEL, Pavel",2018-09-28,None,"Deodoro, Rio",Heats2,MK1,RUS,,28,6,88.74,0,0,None,,0,0,0,0,0,0,0,0,0,0,0,0,0,0,0,0,0,0,0,0,0,0,0,0,-,-,-
2608a6b1264924edb2dcd0bff95bf4a8,2026-02-03 15:45:29,Pavel EIGEL,Pavel EIGEL,EIGEL,Pavel,"EIGEL, Pavel",2018-09-09,None,La Seu,Semi,MK1,RUS,,28,16,96.91,0,0,None,,0,0,0,0,0,0,0,0,0,0,0,0,0,0,0,0,0,0,0,0,0,0,0,-,-,-,-
054199b8d2b1c4602444dffdd52a9152,2026-02-03 15:45:29,Pavel EIGEL,Pavel EIGEL,EIGEL,Pavel,"EIGEL, Pavel",2018-09-07,None,La Seu,Heats1,MK1,RUS,,28,44,96.49,6,6,None,,0,0,0,0,0,0,0,0,0,0,0,0,0,0,0,0,0,0,0,0,0,0,0,-,-,-,-
57cc80fbf1e70a1332a5b2c746b54165,2026-02-03 15:45:29,Pavel EIGEL,Pavel EIGEL,EIGEL,Pavel,"EIGEL, Pavel",2018-09-07,None,La Seu,Heats2,MK1,RUS,,28,4,96.67,0,0,None,,0,0,0,0,0,0,0,0,0,0,0,0,0,0,0,0,0,0,0,0,0,0,0,-,-,-,-
523d556ad39416a6d0a4970b81b928d9,2026-02-03 15:45:29,Pavel EIGEL,Pavel EIGEL,EIGEL,Pavel,"EIGEL, Pavel",2018-07-08,None,Augsburg,Semi,MK1,RUS,,28,20,101.09,0,0,None,,0,0,0,0,0,0,0,0,0,0,0,0,0,0,0,0,0,0,0,0,0,0,0,0,-,-,-
18d7d462c528d60a644dfe1a4bf22500,2026-02-03 15:45:29,Pavel EIGEL,Pavel EIGEL,EIGEL,Pavel,"EIGEL, Pavel",2018-07-06,None,Augsburg,Heats1,MK1,RUS,,28,14,96.93,2,2,None,,0,0,0,0,0,0,0,0,0,0,0,0,0,0,0,0,0,0,0,0,0,0,0,0,-,-,-
8bdc4385cb5f76e9e38edced391e1701,2026-02-03 15:45:29,Pavel EIGEL,Pavel EIGEL,EIGEL,Pavel,"EIGEL, Pavel",2018-07-01,None,Krakow,Semi,MK1,RUS,,28,26,82.99,4,4,None,,0,0,0,0,0,0,0,0,0,0,0,0,0,0,0,0,0,0,0,0,0,0,-,-,-,-,-
35b6a29785c470d0e06119394d7d631e,2026-02-03 15:45:29,Pavel EIGEL,Pavel EIGEL,EIGEL,Pavel,"EIGEL, Pavel",2018-06-29,None,Krakow,Heats1,MK1,RUS,,28,4,79.39,0,0,None,,0,0,0,0,0,0,0,0,0,0,0,0,0,0,0,0,0,0,0,0,0,0,-,-,-,-,-
8c7dda9da1565aa85dda1addb54dcc54,2026-02-03 15:45:29,Pavel EIGEL,Pavel EIGEL,EIGEL,Pavel,"EIGEL, Pavel",2018-06-24,None,Liptovsky Mikulas,Semi,MK1,RUS,,28,15,94.95,2,2,None,,0,0,0,0,0,0,0,0,0,0,0,0,0,0,0,0,0,0,0,0,0,0,0,-,-,-,-
3f21c86e2c5e0cc0609210805e965ca9,2026-02-03 15:45:29,Pavel EIGEL,Pavel EIGEL,EIGEL,Pavel,"EIGEL, Pavel",2018-06-22,None,Liptovsky Mikulas,Heats1,MK1,RUS,,28,26,95.46,4,4,None,,0,0,0,0,0,0,0,0,0,0,0,0,0,0,0,0,0,0,0,0,0,0,0,-,-,-,-
802786462627cf2127d35b6c0e0e9dd6,2026-02-03 15:45:29,Pavel EIGEL,Pavel EIGEL,EIGEL,Pavel,"EIGEL, Pavel",2018-06-03,None,Prague,Semi,MK1,RUS,,28,14,96.9,2,2,None,,0,0,0,0,0,0,0,0,0,0,0,0,0,0,0,0,0,0,0,0,0,0,0,0,-,-,-
90d705fec614644e3888a46cee5afdd1,2026-02-03 15:45:29,Pavel EIGEL,Pavel EIGEL,EIGEL,Pavel,"EIGEL, Pavel",2018-06-03,None,Prague,Final,MK1,RUS,,28,7,93.49,0,0,None,,0,0,0,0,0,0,0,0,0,0,0,0,0,0,0,0,0,0,0,0,0,0,0,0,-,-,-
d9fd4c765f05261b5dc944a16e954f2d,2026-02-03 15:45:29,Pavel EIGEL,Pavel EIGEL,EIGEL,Pavel,"EIGEL, Pavel",2018-06-01,None,Prague,Heats1,MK1,RUS,,28,57,91.62,52,52,None,,0,0,0,0,0,0,0,0,0,0,0,0,0,0,0,0,0,0,0,0,0,0,0,0,-,-,-
0a33179816d3c3f7a88163152d1dfe39,2026-02-03 15:45:29,Pavel EIGEL,Pavel EIGEL,EIGEL,Pavel,"EIGEL, Pavel",2018-06-01,None,Prague,Heats2,MK1,RUS,,28,2,87.44,0,0,None,,0,0,0,0,0,0,0,0,0,0,0,0,0,0,0,0,0,0,0,0,0,0,0,0,-,-,-
acc4e6f93150ede3b4889fce8f91e02b,2026-02-03 15:45:22,Pavel EIGEL,Pavel EIGEL,EIGEL,Pavel,"EIGEL, Pavel",2017-10-27,None,Pau,Heats1,MK1,RUS,,27,18,81.14,0,0,None,,0,0,0,0,0,0,0,0,0,0,0,0,0,0,0,0,0,0,0,0,0,0,0,-,-,-,-
fe013b62d422a5160d59e15fb4f1e368,2026-02-03 15:45:22,Pavel EIGEL,Pavel EIGEL,EIGEL,Pavel,"EIGEL, Pavel",2017-10-01,None,Pau,Semi,MK1,RUS,,27,12,95.82,0,0,None,,0,0,0,0,0,0,0,0,0,0,0,0,0,0,0,0,0,0,0,0,0,0,0,-,-,-,-
8b7bf7c4ae5d09d53825f808e01ca89d,2026-02-03 15:45:22,Pavel EIGEL,Pavel EIGEL,EIGEL,Pavel,"EIGEL, Pavel",2017-09-10,None,La Seu,Semi,MK1,RUS,,27,14,92.66,0,0,None,,0,0,0,0,0,0,0,0,0,0,0,0,0,0,0,0,0,0,0,0,0,0,0,0,-,-,-
3e07e869c310a2ed9eb19cc742d091ee,2026-02-03 15:45:22,Pavel EIGEL,Pavel EIGEL,EIGEL,Pavel,"EIGEL, Pavel",2017-09-08,None,La Seu,Heats1,MK1,RUS,,27,38,95.87,2,2,None,,0,0,0,0,0,0,0,0,0,0,0,0,0,0,0,0,0,0,0,0,0,0,0,0,-,-,-
a50dff1e4bd22483903a1dd4f7555514,2026-02-03 15:45:22,Pavel EIGEL,Pavel EIGEL,EIGEL,Pavel,"EIGEL, Pavel",2017-09-08,None,La Seu,Heats2,MK1,RUS,,27,2,93.3,0,0,None,,0,0,0,0,0,0,0,0,0,0,0,0,0,0,0,0,0,0,0,0,0,0,0,0,-,-,-
7c251fa8279daa03cdbf956396ecc9c3,2026-02-03 15:45:22,Pavel EIGEL,Pavel EIGEL,EIGEL,Pavel,"EIGEL, Pavel",2017-07-02,None,Markkleeberg,Semi,MK1,RUS,,27,22,95.27,6,6,None,,0,0,0,0,0,0,0,0,0,0,0,0,0,0,0,0,0,0,0,0,0,0,0,-,-,-,-
2f3b5cd4c4261cff9383ebb9a20a5c03,2026-02-03 15:45:22,Pavel EIGEL,Pavel EIGEL,EIGEL,Pavel,"EIGEL, Pavel",2017-06-30,None,Markkleeberg,Heats1,MK1,RUS,,27,8,90.14,2,2,None,,0,0,0,0,0,0,0,0,0,0,0,0,0,0,0,0,0,0,0,0,0,0,0,-,-,-,-
713bf254f3a43583d0bfaaeb1f18af63,2026-02-03 15:45:22,Pavel EIGEL,Pavel EIGEL,EIGEL,Pavel,"EIGEL, Pavel",2017-06-23,None,Augsburg,Heats2,MK1,RUS,,27,11,97.12,2,2,None,,0,0,0,0,0,0,0,0,0,0,0,0,0,0,0,0,0,0,0,0,0,0,0,0,-,-,-
741f82896c29c87bc98b0f0ea147b47f,2026-02-03 15:45:22,Pavel EIGEL,Pavel EIGEL,EIGEL,Pavel,"EIGEL, Pavel",2017-06-23,None,Augsburg,Heats1,MK1,RUS,,27,34,94.75,4,4,None,,0,0,0,0,0,0,0,0,0,0,0,0,0,0,0,0,0,0,0,0,0,0,0,0,-,-,-
ffc7b546c8ce253f92567f264e263dd1,2026-02-03 15:45:22,Pavel EIGEL,Pavel EIGEL,EIGEL,Pavel,"EIGEL, Pavel",2017-06-18,None,Prague,Semi,MK1,RUS,,27,17,91.88,2,2,None,,0,0,0,0,0,0,0,0,0,0,0,0,0,0,0,0,0,0,0,0,0,0,0,0,0,-,-
232ccdb394c48cd67f4c77c6e9e93a73,2026-02-03 15:45:22,Pavel EIGEL,Pavel EIGEL,EIGEL,Pavel,"EIGEL, Pavel",2017-06-16,None,Prague,Heats1,MK1,RUS,,27,27,79.88,2,2,None,,0,0,0,0,0,0,0,0,0,0,0,0,0,0,0,0,0,0,0,0,0,0,0,0,0,-,-
63fc49b22878617dc506902837deb9f8,2026-02-03 15:45:22,Pavel EIGEL,Pavel EIGEL,EIGEL,Pavel,"EIGEL, Pavel",2017-06-04,None,Tacen,Semi,MK1,RUS,,27,13,87.62,0,0,None,,0,0,0,0,0,0,0,0,0,0,0,0,0,0,0,0,0,0,0,0,0,0,0,0,-,-,-
744dc1c8e4e2ca62c1b13524b6e6f6ab,2026-02-03 15:45:22,Pavel EIGEL,Pavel EIGEL,EIGEL,Pavel,"EIGEL, Pavel",2017-06-04,None,Tacen,Final,MK1,RUS,,27,11,85.7,2,2,None,,0,0,0,0,0,0,0,0,0,0,0,0,0,0,0,0,0,0,0,0,0,0,0,0,-,-,-
09da6a50e59263e34b87e1978b03fb11,2026-02-03 15:45:22,Pavel EIGEL,Pavel EIGEL,EIGEL,Pavel,"EIGEL, Pavel",2017-06-01,None,Tacen,Heats1,MK1,RUS,,27,13,94.61,2,2,None,,0,0,0,0,0,0,0,0,0,0,0,0,0,0,0,0,0,0,0,0,0,0,0,0,-,-,-
049570a7eebd687a568ce0296a53c374,2026-02-03 15:45:15,Pavel EIGEL,Pavel EIGEL,EIGEL,Pavel,"EIGEL, Pavel",2016-08-11,Olympic Games ,"Deodoro, Rio",Final,MK1,RUS,,26,9,90.62,2,2,92.62,92.62,0,0,0,0,0,0,0,0,0,0,0,0,0,0,0,0,0,0,0,0,0,0,0,0,-,-,-
3f517b3059cd7a121abe4dbe51af3110,2026-02-03 15:45:15,Pavel EIGEL,Pavel EIGEL,EIGEL,Pavel,"EIGEL, Pavel",2016-08-11,Olympic Games ,"Deodoro, Rio",Semi,MK1,RUS,,26,7,92.43,0,0,92.43,92.43,0,0,0,0,0,0,0,0,0,0,0,0,0,0,0,0,0,0,0,0,0,0,0,0,-,-,-
048214af60128bfe76fd68252465026c,2026-02-03 15:45:15,Pavel EIGEL,Pavel EIGEL,EIGEL,Pavel,"EIGEL, Pavel",2016-08-09,Olympic Games ,"Deodoro, Rio",Heats1,MK1,RUS,,26,15,96.72,0,0,96.72,96.72,0,0,0,0,0,0,0,0,0,0,0,0,0,0,0,0,0,0,0,0,0,0,0,0,-,-,-
93bd9c36d6ce0714f80fca99f4d40537,2026-02-03 15:45:15,Pavel EIGEL,Pavel EIGEL,EIGEL,Pavel,"EIGEL, Pavel",2016-08-09,Olympic Games ,"Deodoro, Rio",Heats2,MK1,RUS,,26,4,88.57,0,0,88.57,88.57,0,0,0,0,0,0,0,0,0,0,0,0,0,0,0,0,0,0,0,0,0,0,0,0,-,-,-
684d5bd34e09831c8672961a26b05c42,2026-02-03 15:45:09,Pavel EIGEL,Pavel EIGEL,EIGEL,Pavel,"EIGEL, Pavel",2015-09-20,World Championships ,Lee Valley,Semi,MK1,RUS,,25,17,93.55,2,2,95.55,95.55,0,0,0,0,0,0,0,0,0,0,0,0,0,0,0,0,0,0,0,0,0,0,-,-,-,-,-
ba9ae2a2e955fc4e6c809ae50b2f45c0,2026-02-03 15:45:09,Pavel EIGEL,Pavel EIGEL,EIGEL,Pavel,"EIGEL, Pavel",2015-09-18,World Championships ,Lee Valley,Heats1,MK1,RUS,,25,26,85.04,0,0,85.04,85.04,0,0,0,0,0,0,0,0,0,0,0,0,0,0,0,0,0,0,0,0,0,0,-,-,-,-,-
919a84160c5c171cb78875b324bf9e0f,2026-09-24 20:00:38,Giovanni DE GENNARO,Giovanni DE GENNARO,GENNARO,Giovanni DE,"GENNARO, Giovanni DE",2026-09-22,Euros ,Ivrea,Heats1,MK1,ITA,4,34,10,76.81,2,2,None,,0,0,0,0,0,0,0,0,0,0,0,0,0,0,2,0,0,0,0,0,0,0,-,-,-,-,-
5d892f391f506adff424b94d68b9e5b4,2026-09-11 20:00:36,Giovanni DE GENNARO,Giovanni DE GENNARO,GENNARO,Giovanni DE,"GENNARO, Giovanni DE",2026-09-13,World Cup Final,La Seu,Semi,MK1,ITA,4,34,3,85.95,0,0,None,,0,0,0,0,0,0,0,0,0,0,0,0,0,0,0,0,0,0,0,0,0,0,0,-,-,-,-
6c6c8ff0772f874d6e619268151b9dbf,2026-09-11 20:00:36,Giovanni DE GENNARO,Giovanni DE GENNARO,GENNARO,Giovanni DE,"GENNARO, Giovanni DE",2026-09-11,World Cup Final,La Seu,Final,MK1,ITA,4,34,3,84.16,0,0,None,,0,0,0,0,0,0,0,0,0,0,0,0,0,0,0,0,0,0,0,0,0,0,0,-,-,-,-
2cbd06ce80f38e6bb8cbed1e2c550b14,2026-09-11 20:00:36,Giovanni DE GENNARO,Giovanni DE GENNARO,GENNARO,Giovanni DE,"GENNARO, Giovanni DE",2026-09-11,World Cup Final,La Seu,Heats1,MK1,ITA,4,34,11,89.39,0,0,None,,0,0,0,0,0,0,0,0,0,0,0,0,0,0,0,0,0,0,0,0,0,0,0,-,-,-,-
befd4a51611ba28b2460a0217eb5581d,2026-09-10 20:00:41,Giovanni DE GENNARO,Giovanni DE GENNARO,GENNARO,Giovanni DE,"GENNARO, Giovanni DE",2026-09-04,World Cup #4,Vaires,Heats1,MK1,ITA,4,34,1,90.33,0,0,None,,0,0,0,0,0,0,0,0,0,0,0,0,0,0,0,0,0,0,0,0,0,0,-,-,-,-,-
9740505216f209cb9d8080cbbcc98458,2026-09-10 20:00:41,Giovanni DE GENNARO,Giovanni DE GENNARO,GENNARO,Giovanni DE,"GENNARO, Giovanni DE",2026-09-04,World Cup #4,Vaires,Final,MK1,ITA,4,34,1,87.95,0,0,None,,0,0,0,0,0,0,0,0,0,0,0,0,0,0,0,0,0,0,0,0,0,0,-,-,-,-,-
dc562908f3d71c0e3dbce8368e797cd5,2026-07-30 20:00:34,Giovanni DE GENNARO,Giovanni DE GENNARO,GENNARO,Giovanni DE,"GENNARO, Giovanni DE",2026-07-25,World Championships ,Oklahoma,Final,MK1,ITA,3,34,3,85.27,0,0,None,,0,0,0,0,0,0,0,0,0,0,0,0,0,0,0,0,0,0,0,0,0,0,-,-,-,-,-
5a02f993731a21b4627a8ba5c2860421,2026-07-26 20:00:31,Giovanni DE GENNARO,Giovanni DE GENNARO,GENNARO,Giovanni DE,"GENNARO, Giovanni DE",2026-07-23,World Championships ,Oklahoma,Final,MK1,ITA,3,34,3,85.27,0,0,None,,0,0,0,0,0,0,0,0,0,0,0,0,0,0,0,0,0,0,0,0,0,0,-,-,-,-,-
3fb0cf8d2254481b1054c5a4c6b93f62,2026-07-26 20:00:31,Giovanni DE GENNARO,Giovanni DE GENNARO,GENNARO,Giovanni DE,"GENNARO, Giovanni DE",2026-07-23,World Championships ,Oklahoma,Semi,MK1,ITA,3,34,5,84.78,2,2,None,,0,0,0,0,0,0,0,0,0,0,0,0,0,2,0,0,0,0,0,0,0,0,-,-,-,-,-
773379ec9921156079e5b039eb863a8f,2026-07-26 20:00:31,Giovanni DE GENNARO,Giovanni DE GENNARO,GENNARO,Giovanni DE,"GENNARO, Giovanni DE",2026-07-21,World Championships ,Oklahoma,Heats1,MK1,ITA,3,34,9,81.57,0,0,None,,0,0,0,0,0,0,0,0,0,0,0,0,0,0,0,0,0,0,0,0,0,0,-,-,-,-,-
5bbc3a1de5fb8b257087f9846211bc56,2026-06-17 01:18:14,Giovanni DE GENNARO,Giovanni DE GENNARO,GENNARO,Giovanni DE,"GENNARO, Giovanni DE",2026-06-12,World Cup #3,Augsburg,Heats1,MK1,ITA,2,34,12,94.6,0,0,None,,0,0,0,0,0,0,0,0,0,0,0,0,0,0,0,0,0,0,0,0,0,0,-,-,-,-,-
54f6b86dd4cb7522ae09acfff0b537cc,2026-06-17 01:18:14,Giovanni DE GENNARO,Giovanni DE GENNARO,GENNARO,Giovanni DE,"GENNARO, Giovanni DE",2026-06-12,World Cup #3,Augsburg,Final,MK1,ITA,2,34,2,90.77,0,0,None,,0,0,0,0,0,0,0,0,0,0,0,0,0,0,0,0,0,0,0,0,0,0,-,-,-,-,-
40f119f8baa1fbe9b9919825344eec9b,2026-06-09 06:48:07,Giovanni DE GENNARO,Giovanni DE GENNARO,GENNARO,Giovanni DE,"GENNARO, Giovanni DE",2026-06-05,World Cup #2,Prague,Heats1,MK1,ITA,2,34,18,104.92,0,0,None,,0,0,0,0,0,0,0,0,0,0,0,0,0,0,0,0,0,0,0,0,0,0,-,-,-,-,-
b7a0038de606cabd853ebc2f8a629e46,2026-06-09 06:48:07,Giovanni DE GENNARO,Giovanni DE GENNARO,GENNARO,Giovanni DE,"GENNARO, Giovanni DE",2026-05-29,World Cup #1,Tacen,Final,MK1,ITA,2,34,6,75.18,2,2,None,,0,0,0,0,0,0,0,0,0,0,2,0,0,0,0,0,0,0,0,0,0,0,-,-,-,-,-
2b2d70a37b164af4269fb8200158fd68,2026-06-09 06:48:07,Giovanni DE GENNARO,Giovanni DE GENNARO,GENNARO,Giovanni DE,"GENNARO, Giovanni DE",2026-05-29,World Cup #1,Tacen,Heats1,MK1,ITA,2,34,3,73.88,2,2,None,,0,0,0,0,0,0,0,2,0,0,0,0,0,0,0,0,0,0,0,0,0,0,-,-,-,-,-
11213483869faed744ced2d2ad37c580,2026-06-09 20:00:28,Giovanni DE GENNARO,Giovanni DE GENNARO,GENNARO,Giovanni DE,"GENNARO, Giovanni DE",2026-05-10,ICF World ranking I FEEL SLOVENIA  TACEN,Tacen,Heats1,MK1,ITA,,34,2,75.72,0,0,None,,0,0,0,0,0,0,0,0,0,0,0,0,0,0,0,0,0,0,0,0,0,0,0,0,-,-,-
4a0f8e9ba0bf72d00e09c01b0834c6e5,2026-06-09 20:00:28,Giovanni DE GENNARO,Giovanni DE GENNARO,GENNARO,Giovanni DE,"GENNARO, Giovanni DE",2026-05-10,ICF World ranking I FEEL SLOVENIA  TACEN,Tacen,Final,MK1,ITA,,34,1,73.35,0,0,None,,0,0,0,0,0,0,0,0,0,0,0,0,0,0,0,0,0,0,0,0,0,0,0,0,-,-,-
839d672d844d8944ee79fea96984e627,2026-05-18 01:16:32,Giovanni DE GENNARO,Giovanni DE GENNARO,GENNARO,Giovanni DE,"GENNARO, Giovanni DE",2026-05-08,International race Slalom cup,Tacen,Final,MK1,ITA,,34,3,83.86,0,0,None,,0,0,0,0,0,0,0,0,0,0,0,0,0,0,0,0,0,0,0,0,0,0,0,-,-,-,-
44ccb5d3ea1b40853b2160b1d34abdf8,2026-05-18 01:16:32,Giovanni DE GENNARO,Giovanni DE GENNARO,GENNARO,Giovanni DE,"GENNARO, Giovanni DE",2026-05-08,International race level 4,Ivrea,Heats1,MK1,ITA,,34,4,87.9,0,0,None,,0,0,0,0,0,0,0,0,0,0,0,0,0,0,0,0,0,0,0,0,0,0,0,0,0,-,-
6de04a677c9b969a060d51251be8db34,2026-05-18 01:16:32,Giovanni DE GENNARO,Giovanni DE GENNARO,GENNARO,Giovanni DE,"GENNARO, Giovanni DE",2026-05-08,International race level 4,Ivrea,Heats2,MK1,ITA,,34,6,87.9,0,0,None,,0,0,0,0,0,0,0,0,0,0,0,0,0,0,0,0,0,0,0,0,0,0,0,0,0,-,-
f537c8b1ae6d4508518d420f95f1fd72,2026-06-22 20:00:31,Giovanni DE GENNARO,Giovanni DE GENNARO,GENNARO,Giovanni DE,"GENNARO, Giovanni DE",2026-05-03,ICF World ranking ,Ivrea,Heats1,MK1,ITA,1,34,23,98.1,2,2,None,,0,0,0,0,0,0,0,0,0,0,0,0,0,0,0,0,0,0,2,0,0,0,0,0,0,-,-
8ed38294a2a75ff6fe15691fb631d73e,2026-06-09 20:00:28,Giovanni DE GENNARO,Giovanni DE GENNARO,GENNARO,Giovanni DE,"GENNARO, Giovanni DE",2026-05-01,ICF World ranking ,Ivrea,Heats1,MK1,ITA,,34,23,98.1,2,2,None,,0,0,0,0,0,0,0,0,0,0,0,0,0,0,0,0,0,0,2,0,0,0,0,0,-,-,-
a3bc53e5185571e12bdb6adccf3505a7,2026-05-18 01:16:32,Giovanni DE GENNARO,Giovanni DE GENNARO,GENNARO,Giovanni DE,"GENNARO, Giovanni DE",2026-04-30,International race level 4,Ivrea,Heats2,MK1,ITA,,34,6,87.9,0,0,None,,0,0,0,0,0,0,0,0,0,0,0,0,0,0,0,0,2,0,0,0,0,0,0,0,-,-,-
4a6650743d4e051d214063c1d20c7823,2026-05-18 01:16:32,Giovanni DE GENNARO,Giovanni DE GENNARO,GENNARO,Giovanni DE,"GENNARO, Giovanni DE",2026-04-30,International race level 4,Ivrea,Heats1,MK1,ITA,,34,4,87.9,0,0,None,,0,0,0,0,0,0,0,0,0,0,0,0,0,0,0,0,0,0,0,0,0,0,0,0,-,-,-
e8ad86671e85bafb58572f8a35bfe035,2026-06-09 20:00:28,Giovanni DE GENNARO,Giovanni DE GENNARO,GENNARO,Giovanni DE,"GENNARO, Giovanni DE",2026-03-28,ICF World ranking ,Oklahoma,Final,MK1,ITA,,34,2,75.78,2,2,None,,0,0,0,0,0,0,0,0,0,0,0,0,0,0,0,2,0,0,0,0,0,0,0,-,-,-,-
9aa1b4794e35cac528385b7d7156f798,2026-06-09 20:00:28,Giovanni DE GENNARO,Giovanni DE GENNARO,GENNARO,Giovanni DE,"GENNARO, Giovanni DE",2026-03-28,ICF World ranking ,Oklahoma,Heats1,MK1,ITA,,34,5,77.78,0,0,None,,0,0,0,0,0,0,0,0,0,0,0,0,0,0,0,0,0,0,0,0,0,0,0,-,-,-,-
d8f66ebf8158da8eba0e26c94d2c842d,2026-05-18 01:16:32,Giovanni DE GENNARO,Giovanni DE GENNARO,GENNARO,Giovanni DE,"GENNARO, Giovanni DE",2026-02-17,ICF World ranking ,Ivrea,Heats1,MK1,ITA,,34,23,98.1,2,2,None,,0,0,0,0,0,0,0,0,0,0,0,0,0,0,0,0,0,0,2,0,0,0,0,0,-,-,-
4b41279c3aa5f00e78f056a772014b0a,2026-04-02 14:26:24,Giovanni DE GENNARO,Giovanni DE GENNARO,GENNARO,Giovanni DE,"GENNARO, Giovanni DE",2026-02-17,ICF World ranking ,Oklahoma,Final,MK1,ITA,,34,2,75.78,2,2,None,,0,0,0,0,0,0,0,0,0,0,0,0,0,0,0,2,0,0,0,0,0,0,0,-,-,-,-
81e23e494b5d470250b595d27257dac7,2026-04-02 14:26:24,Giovanni DE GENNARO,Giovanni DE GENNARO,GENNARO,Giovanni DE,"GENNARO, Giovanni DE",2026-02-17,ICF World ranking ,Oklahoma,Heats1,MK1,ITA,,34,5,77.78,0,0,None,,0,0,0,0,0,0,0,0,0,0,0,0,0,0,0,0,0,0,0,0,0,0,0,-,-,-,-
f77bebb1c1f74180c9c8f7679e772362,2026-06-03 20:00:30,Giovanni DE GENNARO,Giovanni DE GENNARO,GENNARO,Giovanni DE,"GENNARO, Giovanni DE",2026-02-17,World Cup #1,Tacen,Heats1,MK1,ITA,,34,3,73.88,2,2,None,,0,0,0,0,0,0,0,0,0,0,0,0,0,0,0,0,0,0,0,0,0,0,-,-,-,-,-
24dd55d3e8fa4fed109303c9a8b2a0b3,2026-06-08 09:55:50,Giovanni DE GENNARO,Giovanni DE GENNARO,GENNARO,Giovanni DE,"GENNARO, Giovanni DE",2026-02-17,World Cup #2,Prague,Heats1,MK1,ITA,2,34,18,104.92,0,0,None,,0,0,0,0,0,0,0,0,0,0,0,0,0,0,0,0,0,0,0,0,0,0,-,-,-,-,-
9ebd97c5c5ec54259cc953380298a910,2026-05-18 01:16:32,Giovanni DE GENNARO,Giovanni DE GENNARO,GENNARO,Giovanni DE,"GENNARO, Giovanni DE",2026-02-17,ICF World ranking I FEEL SLOVENIA  TACEN,Tacen,Final,MK1,ITA,,34,1,73.35,0,0,None,,0,0,0,0,0,0,0,0,0,0,0,0,0,0,0,0,0,0,0,0,0,0,0,0,-,-,-
67faf8bd4c16cb3dd7894233c768af13,2026-05-18 01:16:32,Giovanni DE GENNARO,Giovanni DE GENNARO,GENNARO,Giovanni DE,"GENNARO, Giovanni DE",2026-02-17,ICF World ranking I FEEL SLOVENIA  TACEN,Tacen,Heats1,MK1,ITA,,34,2,75.72,0,0,None,,0,0,0,0,0,0,0,0,0,0,0,0,0,0,0,0,0,0,0,0,0,0,0,0,-,-,-
96bc7edc4abdb0cdf6d94476ad598787,2026-06-03 20:00:30,Giovanni DE GENNARO,Giovanni DE GENNARO,GENNARO,Giovanni DE,"GENNARO, Giovanni DE",2026-02-17,World Cup #1,Tacen,Final,MK1,ITA,,34,6,75.18,2,2,None,,0,0,0,0,0,0,0,0,0,0,0,0,0,0,0,0,0,0,0,0,0,0,-,-,-,-,-
5a2934960ae0ed7e45a37c8ccf7b887a,2026-02-03 15:46:38,Giovanni DE GENNARO,Giovanni DE GENNARO,GENNARO,Giovanni DE,"GENNARO, Giovanni DE",2025-10-04,World Championships ,Penrith,Semi,MK1,ITA,3,33,8,94.98,0,0,94.98,94.98,0,0,0,0,0,0,0,0,0,0,0,0,0,0,0,0,0,0,0,0,0,0,-,-,-,-,-
8c85d2d1244a7a85f2c84640fda97b3f,2026-02-03 15:46:38,Giovanni DE GENNARO,Giovanni DE GENNARO,GENNARO,Giovanni DE,"GENNARO, Giovanni DE",2025-10-04,World Championships ,Penrith,Final,MK1,ITA,3,33,12,93.87,2,2,95.87,95.87,0,0,0,0,0,0,0,0,0,2,0,0,0,0,0,0,0,0,0,0,0,0,-,-,-,-,-
7d3c47b7f30493e65e15012e95b5b74c,2026-02-03 15:46:38,Giovanni DE GENNARO,Giovanni DE GENNARO,GENNARO,Giovanni DE,"GENNARO, Giovanni DE",2025-10-03,World Championships ,Penrith,Heats1,MK1,ITA,3,33,21,89.89,0,0,89.89,89.89,0,0,0,0,0,0,0,0,0,0,0,0,0,0,0,0,0,0,0,0,0,0,-,-,-,-,-
f5d630bac3b3d908b3221aea0b914f0f,2026-02-03 15:46:38,Giovanni DE GENNARO,Giovanni DE GENNARO,GENNARO,Giovanni DE,"GENNARO, Giovanni DE",2025-09-06,World Cup Final,Augsburg,Final,MK1,ITA,2,33,9,90.83,50,50,140.83,140.83,0,0,0,0,0,0,0,0,0,-,-,50,-,-,-,-,-,-,-,-,-,-,-,-,-,-,-
70ac10d3ebb9d74cab472afa4ad2274c,2026-02-03 15:46:38,Giovanni DE GENNARO,Giovanni DE GENNARO,GENNARO,Giovanni DE,"GENNARO, Giovanni DE",2025-09-05,World Cup Final,Augsburg,Heats1,MK1,ITA,2,33,11,96.59,2,2,98.59,98.59,0,2,0,0,0,0,0,0,0,-,-,-,-,-,-,-,-,-,-,-,-,-,-,-,-,-,-
eab5f4d757d1f972ed935dc7a903dd57,2026-02-03 15:46:38,Giovanni DE GENNARO,Giovanni DE GENNARO,GENNARO,Giovanni DE,"GENNARO, Giovanni DE",2025-09-05,World Cup Final,Augsburg,Semi,MK1,ITA,2,33,5,93.4,2,2,95.4,95.4,0,0,0,0,0,0,0,2,0,-,-,-,-,-,-,-,-,-,-,-,-,-,-,-,-,-,-
67f2f2730de085758d879ce1011e8f73,2026-02-03 15:46:38,Giovanni DE GENNARO,Giovanni DE GENNARO,GENNARO,Giovanni DE,"GENNARO, Giovanni DE",2025-08-29,World Cup #4,Tacen,Heats1,MK1,ITA,2,33,14,73.42,2,2,75.42,75.42,0,0,0,0,0,0,2,0,0,0,-,-,-,-,-,-,-,-,-,-,-,-,-,-,-,-,-
2ad0d814dfabdbb3714e48b548768b5e,2026-02-03 15:46:38,Giovanni DE GENNARO,Giovanni DE GENNARO,GENNARO,Giovanni DE,"GENNARO, Giovanni DE",2025-06-28,World Cup #3,Prague,Final,MK1,ITA,1,33,3,88.94,0,0,88.94,88.94,0,0,0,0,0,0,0,0,0,0,-,-,-,-,-,-,-,-,-,-,-,-,-,-,-,-,-
7c77fb3fe079e3494db17945ef4d2022,2026-02-03 15:46:38,Giovanni DE GENNARO,Giovanni DE GENNARO,GENNARO,Giovanni DE,"GENNARO, Giovanni DE",2025-06-27,World Cup #3,Prague,Heats1,MK1,ITA,1,33,9,90.44,0,0,90.44,90.44,0,0,0,0,0,0,0,0,0,0,-,-,-,-,-,-,-,-,-,-,-,-,-,-,-,-,-
738226f63e0d9bfbe6b0c4e5885b2647,2026-02-03 15:46:38,Giovanni DE GENNARO,Giovanni DE GENNARO,GENNARO,Giovanni DE,"GENNARO, Giovanni DE",2025-06-27,World Cup Grand Prix - short,Prague,Heats1,MK1,ITA,1,33,31,50.4,4,4,54.4,54.4,0,0,0,0,0,0,0,0,0,0,-,-,-,-,-,-,-,-,-,-,-,-,-,-,-,-,-
0188003c5968217627c580dbae71540c,2026-02-03 15:46:38,Giovanni DE GENNARO,Giovanni DE GENNARO,GENNARO,Giovanni DE,"GENNARO, Giovanni DE",2025-06-14,World Cup #2,Pau,Final,MK1,ITA,1,33,7,91.3,4,4,95.3,95.3,0,0,0,0,0,0,0,0,0,2,-,2,-,-,-,-,-,-,-,-,-,-,-,-,-,-,-
c0e51d48c3e00b52775af3ae0f5a9aea,2026-02-03 15:46:38,Giovanni DE GENNARO,Giovanni DE GENNARO,GENNARO,Giovanni DE,"GENNARO, Giovanni DE",2025-06-13,World Cup #2,Pau,Heats1,MK1,ITA,1,33,10,96.27,0,0,96.27,96.27,0,0,0,0,0,0,0,0,0,-,-,-,-,-,-,-,-,-,-,-,-,-,-,-,-,-,-
62af9d8cc0b4857e468134d5e49063df,2026-02-03 15:46:38,Giovanni DE GENNARO,Giovanni DE GENNARO,GENNARO,Giovanni DE,"GENNARO, Giovanni DE",2025-05-17,Euros ,Vaires sur Marne,Semi,MK1,ITA,,33,30,88.74,100,100,188.74,188.74,0,0,0,0,0,0,0,0,50,-,-,-,-,-,-,-,-,-,-,-,-,-,-,-,50,-,-
562faa1b97f944169b3ad6dd66fd2a96,2026-02-03 15:46:38,Giovanni DE GENNARO,Giovanni DE GENNARO,GENNARO,Giovanni DE,"GENNARO, Giovanni DE",2025-05-16,Euros ,Vaires sur Marne,Heats1,MK1,ITA,,33,20,84.87,2,2,86.87,86.87,0,0,0,0,0,0,0,0,0,0,0,0,0,0,0,0,0,0,0,0,0,0,-,2,-,-,-
24b8b414b2240c73a0abe3e37d329dbf,2026-02-03 15:46:38,Giovanni DE GENNARO,Giovanni DE GENNARO,GENNARO,Giovanni DE,"GENNARO, Giovanni DE",2025-05-04,ICF World ranking ,Ivrea,Heats1,MK1,ITA,,33,1,93.29,0,0,93.29,93.29,0,0,0,0,0,0,0,0,0,0,0,0,0,0,0,0,0,0,0,0,0,0,-,-,-,-,-
e7c28a160d76a56ca7e1981a15d54b1d,2026-02-03 15:46:38,Giovanni DE GENNARO,Giovanni DE GENNARO,GENNARO,Giovanni DE,"GENNARO, Giovanni DE",2025-05-04,ICF World ranking ,Ivrea,Final,MK1,ITA,,33,1,91.28,0,0,91.28,91.28,0,0,0,0,0,0,0,0,0,0,0,0,0,0,0,0,0,0,0,0,0,0,-,-,-,-,-
645bfc1b1d32c9f86e7776bd5bd6ab79,2026-02-03 15:46:38,Giovanni DE GENNARO,Giovanni DE GENNARO,GENNARO,Giovanni DE,"GENNARO, Giovanni DE",2025-05-02,International race ,Ivrea,Heats1,MK1,ITA,,33,6,87.61,2,2,89.61,89.61,0,0,0,0,0,0,0,0,0,0,0,0,0,0,0,2,0,0,0,0,0,0,-,-,-,-,-
842e764bcb9c89923831eac8440aae99,2026-02-03 15:46:38,Giovanni DE GENNARO,Giovanni DE GENNARO,GENNARO,Giovanni DE,"GENNARO, Giovanni DE",2025-04-27,International race Tacen Slalom Cup,Tacen,Heats1,MK1,ITA,,33,2,79.35,0,0,79.35,79.35,0,0,0,0,0,0,0,0,0,0,0,0,0,0,0,0,0,0,0,0,0,0,0,0,-,-,-
8ad3ae56704259f4166caf85e79b0567,2026-02-03 15:46:38,Giovanni DE GENNARO,Giovanni DE GENNARO,GENNARO,Giovanni DE,"GENNARO, Giovanni DE",2025-04-27,International race Tacen Slalom Cup,Tacen,Final,MK1,ITA,,33,2,79.88,2,2,81.88,81.88,0,0,0,0,2,0,0,0,0,0,0,0,0,0,0,0,0,0,0,0,0,0,0,0,-,-,-
2a3d4805e012fd089bb755a0987c1cc6,2026-02-03 15:46:38,Giovanni DE GENNARO,Giovanni DE GENNARO,GENNARO,Giovanni DE,"GENNARO, Giovanni DE",2025-04-27,ICF World ranking I feel Slovenia,Tacen,Heats1,MK1,ITA,,33,60,84.91,52,52,136.91,136.91,0,0,0,0,0,0,0,2,0,0,0,0,0,0,0,50,0,0,0,0,0,0,0,-,-,-,-
d8766f82f535c0a2e5d7fc1c45114e4b,2026-02-03 15:46:38,Giovanni DE GENNARO,Giovanni DE GENNARO,GENNARO,Giovanni DE,"GENNARO, Giovanni DE",2025-02-23,Australian Open ,Penrith,Heats1,MK1,ITA,,33,6,90.14,0,0,90.14,90.14,0,0,0,0,0,0,0,0,0,0,0,0,0,0,0,0,0,0,0,0,0,0,-,-,-,-,-
86cc222f3b7cea3651be0d73355335ae,2026-02-03 15:46:38,Giovanni DE GENNARO,Giovanni DE GENNARO,GENNARO,Giovanni DE,"GENNARO, Giovanni DE",2025-02-23,Australian Open ,Penrith,Final,MK1,ITA,,33,5,87.57,2,2,89.57,89.57,0,0,0,0,0,0,0,0,0,0,0,0,0,0,0,0,0,0,0,2,0,0,-,-,-,-,-
913b77b1cab7e2e9cd3a625a80067b7e,2026-02-03 15:46:27,Giovanni DE GENNARO,Giovanni DE GENNARO,GENNARO,Giovanni DE,"GENNARO, Giovanni DE",2024-09-21,World Cup final,La Seu,Semi,MK1,ITA,,32,10,91.37,0,0,91.37,91.37,0,0,0,0,0,0,0,0,-,-,-,-,-,-,-,-,-,-,-,-,-,-,-,-,-,-,-
f4b11f6845594c25dc1b2202c07537b6,2026-02-03 15:46:27,Giovanni DE GENNARO,Giovanni DE GENNARO,GENNARO,Giovanni DE,"GENNARO, Giovanni DE",2024-09-21,World Cup final,La Seu,Final,MK1,ITA,,32,3,88.85,0,0,88.85,88.85,0,0,0,0,0,0,0,0,-,-,-,-,-,-,-,-,-,-,-,-,-,-,-,-,-,-,-
84411f56f180a3fb77e3c04221fd20ba,2026-02-03 15:46:27,Giovanni DE GENNARO,Giovanni DE GENNARO,GENNARO,Giovanni DE,"GENNARO, Giovanni DE",2024-09-20,World Cup final,La Seu,Heats1,MK1,ITA,,32,17,86.63,4,4,90.63,90.63,0,0,0,0,0,0,0,0,0,0,0,2,0,0,0,0,0,0,0,0,0,2,0,0,0,-,-
af1c9f4f744711159b681c1e6acb03b5,2026-02-03 15:46:27,Giovanni DE GENNARO,Giovanni DE GENNARO,GENNARO,Giovanni DE,"GENNARO, Giovanni DE",2024-09-14,World Cup #4,Ivrea,Semi,MK1,ITA,,32,2,85.79,0,0,85.79,85.79,0,0,0,0,0,0,0,0,-,-,-,-,-,-,-,-,-,-,-,-,-,-,-,-,-,-,-
e10024324fada4765a8f051b61e2a69c,2026-02-03 15:46:27,Giovanni DE GENNARO,Giovanni DE GENNARO,GENNARO,Giovanni DE,"GENNARO, Giovanni DE",2024-09-14,World Cup #4,Ivrea,Final,MK1,ITA,,32,8,85.52,50,50,135.52,135.52,0,0,0,0,0,0,0,0,-,-,-,-,-,-,-,-,-,-,-,-,-,-,-,-,-,-,-
f54a4813e712b2b57fb076d9e8ddad80,2026-02-03 15:46:27,Giovanni DE GENNARO,Giovanni DE GENNARO,GENNARO,Giovanni DE,"GENNARO, Giovanni DE",2024-09-13,World Cup #4,Ivrea,Heats1,MK1,ITA,,32,2,76.93,0,0,76.93,76.93,0,0,0,0,0,0,0,0,-,-,-,-,-,-,-,-,-,-,-,-,-,-,-,-,-,-,-
fddbd6508ff1fc43ab04fe6aff5dc0bb,2026-02-03 15:46:27,Giovanni DE GENNARO,Giovanni DE GENNARO,GENNARO,Giovanni DE,"GENNARO, Giovanni DE",2024-08-04,Olympic Games ,Vaires sur Marne,Final,MK1,ITA,,32,1,88.22,0,0,88.22,88.22,0,0,0,0,0,0,0,0,0,0,0,0,0,0,0,0,0,0,0,0,0,0,-,-,-,-,-
e3e60cc71a5e34b0f0adffac7a4fd310,2026-02-03 15:46:27,Giovanni DE GENNARO,Giovanni DE GENNARO,GENNARO,Giovanni DE,"GENNARO, Giovanni DE",2024-08-04,Olympic Games ,Vaires sur Marne,Semi,MK1,ITA,,32,8,91.47,2,2,93.47,93.47,0,0,0,0,0,0,0,0,0,0,0,0,0,0,0,0,0,0,0,0,0,0,-,-,-,-,-
3356f9edea74d1af8972d84e5eb1382c,2026-02-03 15:46:27,Giovanni DE GENNARO,Giovanni DE GENNARO,GENNARO,Giovanni DE,"GENNARO, Giovanni DE",2024-08-03,Olympic Games ,Vaires sur Marne,Heats1,MK1,ITA,,32,12,86.46,2,2,88.46,88.46,0,0,0,0,0,0,0,0,0,0,0,0,0,0,0,0,0,0,0,0,0,0,-,-,-,-,-
b5038d2e480197ee314da3606a53f79e,2026-02-03 15:46:27,Giovanni DE GENNARO,Giovanni DE GENNARO,GENNARO,Giovanni DE,"GENNARO, Giovanni DE",2024-06-08,World Cup #2,Prague,Final,MK1,ITA,,32,1,79.07,0,0,79.07,79.07,0,0,0,0,0,0,0,0,0,0,0,0,0,0,0,0,0,0,0,0,0,0,0,0,-,-,-
abaae973309d13b3f86028e966f5fc62,2026-02-03 15:46:27,Giovanni DE GENNARO,Giovanni DE GENNARO,GENNARO,Giovanni DE,"GENNARO, Giovanni DE",2024-06-07,World Cup #2,Prague,Heats1,MK1,ITA,,32,5,81.23,2,2,83.23,83.23,0,0,0,0,0,0,0,0,0,0,0,0,0,0,0,2,0,0,0,0,0,0,0,0,-,-,-
0562e1dc9a71fd913dededd9638e5bb0,2026-02-03 15:46:27,Giovanni DE GENNARO,Giovanni DE GENNARO,GENNARO,Giovanni DE,"GENNARO, Giovanni DE",2024-06-01,World Cup #1,Augsburg,Final,MK1,ITA,,32,7,96.12,52,52,148.12,148.12,0,0,0,0,0,0,0,0,2,0,-,-,-,-,-,-,-,-,-,-,-,-,-,-,-,-,-
6f6c0c1ae682664383422e748fbeceb3,2026-02-03 15:46:27,Giovanni DE GENNARO,Giovanni DE GENNARO,GENNARO,Giovanni DE,"GENNARO, Giovanni DE",2024-06-01,World Cup #1,Augsburg,Semi,MK1,ITA,,32,1,97.57,0,0,97.57,97.57,0,0,0,0,0,0,0,0,0,0,-,-,-,-,-,-,-,-,-,-,-,-,-,-,-,-,-
e5f47e1de2b701133427581c8567ff0c,2026-02-03 15:46:27,Giovanni DE GENNARO,Giovanni DE GENNARO,GENNARO,Giovanni DE,"GENNARO, Giovanni DE",2024-05-31,World Cup #1,Augsburg,Heats1,MK1,ITA,,32,4,95.55,0,0,95.55,95.55,0,0,0,0,0,0,0,0,0,0,-,-,-,-,-,-,-,-,-,-,-,-,-,-,-,-,-
ad579906c3151c8084a24786cadbe063,2026-02-03 15:46:27,Giovanni DE GENNARO,Giovanni DE GENNARO,GENNARO,Giovanni DE,"GENNARO, Giovanni DE",2024-05-18,Euros ,Tacen,Final,MK1,ITA,,32,1,84.56,2,2,86.56,86.56,0,0,0,0,0,0,0,0,0,0,0,0,0,0,2,0,0,0,0,0,0,-,-,-,-,-,-
3b01ccc825bcc80695f252a604e60bd1,2026-02-03 15:46:27,Giovanni DE GENNARO,Giovanni DE GENNARO,GENNARO,Giovanni DE,"GENNARO, Giovanni DE",2024-05-17,Euros ,Tacen,Heats1,MK1,ITA,,32,3,91.17,2,2,93.17,93.17,0,2,0,0,0,0,0,0,0,0,0,0,0,0,0,0,0,0,0,0,0,-,-,-,-,-,-
24fe0d3cf3702f1d3749b0c07c6a50cb,2026-02-03 15:46:27,Giovanni DE GENNARO,Giovanni DE GENNARO,GENNARO,Giovanni DE,"GENNARO, Giovanni DE",2024-04-26,National race ,Ivrea,Heats2,MK1,ITA,,32,8,83.51,2,2,85.51,85.51,2,0,0,0,0,0,0,0,0,0,0,0,0,0,0,0,0,0,0,0,0,0,-,-,-,-,-
7ba3a998e1c008d896cd7e17f6fec5d6,2026-02-03 15:46:27,Giovanni DE GENNARO,Giovanni DE GENNARO,GENNARO,Giovanni DE,"GENNARO, Giovanni DE",2024-04-26,National race ,Ivrea,Heats1,MK1,ITA,,32,1,84.6,0,0,84.6,84.6,0,0,0,0,0,0,0,0,0,0,0,0,0,0,0,0,0,0,0,0,0,0,-,-,-,-,-
7cba09fa15c84609a344c144580ce1c1,2026-02-03 15:46:27,Giovanni DE GENNARO,Giovanni DE GENNARO,GENNARO,Giovanni DE,"GENNARO, Giovanni DE",2024-04-21,ICF World ranking ,Tacen,Final,MK1,ITA,,32,2,80.59,0,0,80.59,80.59,0,0,0,0,0,0,0,0,0,0,0,0,0,0,0,0,0,0,0,0,0,0,-,-,-,-,-
e6b1fb853f8766a1f2f565c51c8d6202,2026-02-03 15:46:27,Giovanni DE GENNARO,Giovanni DE GENNARO,GENNARO,Giovanni DE,"GENNARO, Giovanni DE",2024-04-21,ICF World ranking ,Tacen,Semi,MK1,ITA,,32,3,81.1,2,2,83.1,83.1,0,2,0,0,0,0,0,0,0,0,0,0,0,0,0,0,0,0,0,0,0,0,-,-,-,-,-
c6b8f24226aa9595ce65f88c1e7b5adb,2026-02-03 15:46:27,Giovanni DE GENNARO,Giovanni DE GENNARO,GENNARO,Giovanni DE,"GENNARO, Giovanni DE",2024-04-20,ECA Open ,Tacen,Final,MK1,ITA,,32,3,88.8,0,0,88.8,88.8,0,0,0,0,0,0,0,0,0,0,0,0,0,0,0,0,0,0,0,0,0,-,-,-,-,-,-
70954940bd5f2da98721f8f6f226b941,2026-02-03 15:46:27,Giovanni DE GENNARO,Giovanni DE GENNARO,GENNARO,Giovanni DE,"GENNARO, Giovanni DE",2024-04-20,ECA Open ,Tacen,Semi,MK1,ITA,,32,3,89.89,2,2,91.89,91.89,0,2,0,0,0,0,0,0,0,0,0,0,0,0,0,0,0,0,0,0,0,-,-,-,-,-,-
48cbc4c3037fe8e4ba2dc10315243251,2026-02-03 15:46:27,Giovanni DE GENNARO,Giovanni DE GENNARO,GENNARO,Giovanni DE,"GENNARO, Giovanni DE",2024-02-03,Australian Open ,Penrith,Final,MK1,ITA,,32,4,96.15,2,2,98.15,98.15,0,0,0,0,0,0,0,0,0,0,0,0,0,0,0,2,0,0,0,0,0,0,0,-,-,-,-
9ea10c883924e26324dbf1b54899aa2f,2026-02-03 15:46:27,Giovanni DE GENNARO,Giovanni DE GENNARO,GENNARO,Giovanni DE,"GENNARO, Giovanni DE",2024-02-03,Australian Open ,Penrith,Heats1,MK1,ITA,,32,1,96.16,0,0,96.16,96.16,0,0,0,0,0,0,0,0,0,0,0,0,0,0,0,0,0,0,0,0,0,0,0,-,-,-,-
7cc3ff6512b7127bb0ebbd50bc3e4355,2026-02-03 15:46:16,Giovanni DE GENNARO,Giovanni DE GENNARO,GENNARO,Giovanni DE,"GENNARO, Giovanni DE",2023-10-07,World Cup final,Vaires sur Marne,Final,MK1,ITA,,31,9,97.49,2,2,99.49,99.49,0,0,0,0,0,0,0,0,0,0,0,0,0,0,0,0,0,0,0,2,0,-,-,-,-,-,-
4db059d51f68eee6eef25c29a1b4f329,2026-02-03 15:46:16,Giovanni DE GENNARO,Giovanni DE GENNARO,GENNARO,Giovanni DE,"GENNARO, Giovanni DE",2023-10-07,World Cup final,Vaires sur Marne,Semi,MK1,ITA,,31,8,93.14,0,0,93.14,93.14,0,0,0,0,0,0,0,0,0,0,0,0,0,0,0,0,0,0,0,0,0,-,-,-,-,-,-
a1c46573d3cdb2a9bc4127fbcb6a81f5,2026-02-03 15:46:16,Giovanni DE GENNARO,Giovanni DE GENNARO,GENNARO,Giovanni DE,"GENNARO, Giovanni DE",2023-10-06,World Cup final,Vaires sur Marne,Heats2,MK1,ITA,,31,5,90.24,0,0,90.24,90.24,0,0,0,0,0,0,0,0,0,0,0,0,0,0,0,0,0,0,0,0,0,-,-,-,-,-,-
47814159e81c7291df3ca134c6583a16,2026-02-03 15:46:16,Giovanni DE GENNARO,Giovanni DE GENNARO,GENNARO,Giovanni DE,"GENNARO, Giovanni DE",2023-10-06,World Cup final,Vaires sur Marne,Heats1,MK1,ITA,,31,12,91.04,2,2,93.04,93.04,0,2,0,0,0,0,0,0,0,0,0,0,0,0,0,0,0,0,0,0,0,-,-,-,-,-,-
273126411c988b160ad1432e8bd2e4fb,2026-02-03 15:46:16,Giovanni DE GENNARO,Giovanni DE GENNARO,GENNARO,Giovanni DE,"GENNARO, Giovanni DE",2023-09-23,World Championships ,Lee Valley,Final,MK1,ITA,,31,6,94.74,0,0,94.74,94.74,0,0,0,0,0,0,0,0,0,0,0,0,0,0,0,0,0,0,0,0,0,0,-,-,-,-,-
e5be6b60499bb010442a46c58e7a0ce3,2026-02-03 15:46:16,Giovanni DE GENNARO,Giovanni DE GENNARO,GENNARO,Giovanni DE,"GENNARO, Giovanni DE",2023-09-23,World Championships ,Lee Valley,Semi,MK1,ITA,,31,3,94.26,0,0,94.26,94.26,0,0,0,0,0,0,0,0,0,0,0,0,0,0,0,0,0,0,0,0,0,0,-,-,-,-,-
387b18c670c0cdf536060425d7d12be8,2026-02-03 15:46:16,Giovanni DE GENNARO,Giovanni DE GENNARO,GENNARO,Giovanni DE,"GENNARO, Giovanni DE",2023-09-22,World Championships ,Lee Valley,Heats1,MK1,ITA,,31,7,79.96,0,0,79.96,79.96,0,0,0,0,0,0,0,0,0,0,0,0,0,0,0,0,0,0,0,0,0,0,0,-,-,-,-
f376b885c13fa44d0c04e95dde8de1b8,2026-02-03 15:46:16,Giovanni DE GENNARO,Giovanni DE GENNARO,GENNARO,Giovanni DE,"GENNARO, Giovanni DE",2023-09-02,World Cup #4,La Seu,Final,MK1,ITA,,31,7,91.77,2,2,93.77,93.77,2,0,0,0,0,0,0,0,0,0,0,0,0,0,0,0,0,0,0,0,0,0,-,-,-,-,-
3fc481d44fba5f27f31edc8ac35e533e,2026-02-03 15:46:16,Giovanni DE GENNARO,Giovanni DE GENNARO,GENNARO,Giovanni DE,"GENNARO, Giovanni DE",2023-09-01,World Cup #4,La Seu,Heats2,MK1,ITA,,31,3,90.73,2,2,92.73,92.73,0,0,0,0,0,0,0,0,0,0,0,0,0,0,0,0,0,0,0,0,2,0,-,-,-,-,-
f93dc9e708f431c6a24d9a5e57b251d7,2026-02-03 15:46:16,Giovanni DE GENNARO,Giovanni DE GENNARO,GENNARO,Giovanni DE,"GENNARO, Giovanni DE",2023-09-01,World Cup #4,La Seu,Heats1,MK1,ITA,,31,55,88.56,54,54,142.56,142.56,0,0,0,0,0,0,0,0,0,0,0,2,2,0,0,0,0,0,50,0,0,0,-,-,-,-,-
a564c893237c97e302e2a939695240bc,2026-02-03 15:46:16,Giovanni DE GENNARO,Giovanni DE GENNARO,GENNARO,Giovanni DE,"GENNARO, Giovanni DE",2023-08-05,ICF World ranking ,Bratislava,Heats1,MK1,ITA,,31,8,87.69,2,2,89.69,89.69,0,0,0,0,0,0,0,0,0,0,0,0,0,0,0,0,0,0,0,0,0,0,0,0,0,-,-
0b789c71c35139d0c047ae45ce2c6773,2026-02-03 15:46:16,Giovanni DE GENNARO,Giovanni DE GENNARO,GENNARO,Giovanni DE,"GENNARO, Giovanni DE",2023-08-05,ICF World ranking ,Bratislava,Final,MK1,ITA,,31,9,82.22,50,50,132.22,132.22,0,0,0,0,0,0,0,0,0,0,0,0,0,0,0,0,0,0,0,0,-,-,-,-,-,-,-
1c609830a86b0f9ad7c203f53cc26c66,2026-02-03 15:46:16,Giovanni DE GENNARO,Giovanni DE GENNARO,GENNARO,Giovanni DE,"GENNARO, Giovanni DE",2023-08-05,ICF World ranking ,Bratislava,Semi,MK1,ITA,,31,10,85.54,2,2,87.54,87.54,0,0,0,0,0,0,0,0,0,0,0,0,0,0,0,0,0,0,0,0,-,-,-,-,-,-,-
f198e6ba9d1e58e00d584c9137b66a47,2026-02-03 15:46:16,Giovanni DE GENNARO,Giovanni DE GENNARO,GENNARO,Giovanni DE,"GENNARO, Giovanni DE",2023-07-02,Euros European Games,Krakow,Final,MK1,ITA,,31,5,107.26,2,2,109.26,109.26,0,0,0,0,0,0,0,0,0,0,0,0,0,0,0,2,0,0,0,0,0,-,-,-,-,-,-
6b0483afdf040b7d6e5453bbb0cd5fc1,2026-02-03 15:46:16,Giovanni DE GENNARO,Giovanni DE GENNARO,GENNARO,Giovanni DE,"GENNARO, Giovanni DE",2023-07-02,Euros European Games,Krakow,Semi,MK1,ITA,,31,8,91.92,0,0,91.92,91.92,0,0,0,0,0,0,0,0,0,0,0,0,0,0,0,0,0,0,0,0,0,-,-,-,-,-,-
b845f3b41d7cf209f9f5c0ae3c3c35a4,2026-02-03 15:46:16,Giovanni DE GENNARO,Giovanni DE GENNARO,GENNARO,Giovanni DE,"GENNARO, Giovanni DE",2023-06-30,Euros European Games,Krakow,Heats1,MK1,ITA,,31,4,85.74,0,0,85.74,85.74,0,0,0,0,0,0,0,0,0,0,0,0,0,0,0,0,0,0,0,0,0,-,-,-,-,-,-
360645e1d345bbca1c388405f3d1b5bb,2026-02-03 15:46:16,Giovanni DE GENNARO,Giovanni DE GENNARO,GENNARO,Giovanni DE,"GENNARO, Giovanni DE",2023-06-16,World Cup #3,Tacen,Semi,MK1,ITA,,31,3,88.74,0,0,88.74,88.74,0,0,0,0,0,0,0,0,0,0,0,0,0,0,0,0,0,0,0,0,0,0,0,-,-,-,-
e33155d9741b42369f390853eb824350,2026-02-03 15:46:16,Giovanni DE GENNARO,Giovanni DE GENNARO,GENNARO,Giovanni DE,"GENNARO, Giovanni DE",2023-06-16,World Cup #3,Tacen,Final,MK1,ITA,,31,6,87.6,4,4,91.6,91.6,0,0,0,0,0,0,0,0,0,0,0,0,2,0,0,0,0,0,0,0,2,0,0,-,-,-,-
78b1755acbfaa1fb46e9e79b688a2553,2026-02-03 15:46:16,Giovanni DE GENNARO,Giovanni DE GENNARO,GENNARO,Giovanni DE,"GENNARO, Giovanni DE",2023-06-15,World Cup #3,Tacen,Heats1,MK1,ITA,,31,1,86,0,0,86,86,0,0,0,0,0,0,0,0,0,0,0,0,0,0,0,0,0,0,0,0,0,0,0,-,-,-,-
f74c1addf40c6764dd0b2cbfa3df0848,2026-02-03 15:46:16,Giovanni DE GENNARO,Giovanni DE GENNARO,GENNARO,Giovanni DE,"GENNARO, Giovanni DE",2023-06-09,World Cup #2,Prague,Final,MK1,ITA,,31,3,90.82,0,0,90.82,90.82,0,0,0,0,0,0,0,0,0,0,0,0,0,0,0,0,0,0,0,0,0,0,0,0,-,-,-
5e73788f08706d6a084e776818d87a70,2026-02-03 15:46:16,Giovanni DE GENNARO,Giovanni DE GENNARO,GENNARO,Giovanni DE,"GENNARO, Giovanni DE",2023-06-09,World Cup #2,Prague,Semi,MK1,ITA,,31,5,93.02,0,0,93.02,93.02,0,0,0,0,0,0,0,0,0,0,0,0,0,0,0,0,0,0,0,0,0,0,0,0,-,-,-
1140747e84cb71e67dc050877e683824,2026-02-03 15:46:16,Giovanni DE GENNARO,Giovanni DE GENNARO,GENNARO,Giovanni DE,"GENNARO, Giovanni DE",2023-06-08,World Cup #2,Prague,Heats1,MK1,ITA,,31,5,84.44,0,0,84.44,84.44,0,0,0,0,0,0,0,0,0,0,0,0,0,0,0,0,0,0,0,0,0,0,0,0,-,-,-
eb74b6f584a93ef7eaf22430b42303e5,2026-02-03 15:46:16,Giovanni DE GENNARO,Giovanni DE GENNARO,GENNARO,Giovanni DE,"GENNARO, Giovanni DE",2023-06-02,World Cup #1,Augsburg,Semi,MK1,ITA,,31,6,92.54,2,2,94.54,94.54,0,0,0,0,0,0,0,0,0,0,2,-,-,-,-,-,-,-,-,-,-,-,-,-,-,-,-
bd43bb30350f1a808771ac6c57e734bd,2026-02-03 15:46:16,Giovanni DE GENNARO,Giovanni DE GENNARO,GENNARO,Giovanni DE,"GENNARO, Giovanni DE",2023-06-02,World Cup #1,Augsburg,Final,MK1,ITA,,31,1,90.71,0,0,90.71,90.71,0,0,0,0,0,0,0,0,0,0,-,-,-,-,-,-,-,-,-,-,-,-,-,-,-,-,-
f8b63611dfc8b17b57d3c9928a5018ce,2026-02-03 15:46:16,Giovanni DE GENNARO,Giovanni DE GENNARO,GENNARO,Giovanni DE,"GENNARO, Giovanni DE",2023-06-01,World Cup #1,Augsburg,Heats1,MK1,ITA,,31,26,90.85,4,4,94.85,94.85,0,0,0,0,0,0,2,0,0,0,0,0,0,2,0,0,0,0,0,0,0,0,0,-,-,-,-
a3be8388eb246d35e7efb0523ff8fd8f,2026-02-03 15:46:16,Giovanni DE GENNARO,Giovanni DE GENNARO,GENNARO,Giovanni DE,"GENNARO, Giovanni DE",2023-05-13,Team trials POL team 2,Krakow,Heats1,MK1,ITA,,31,2,91.59,0,0,91.59,91.59,0,0,0,0,0,0,0,0,0,0,0,0,0,0,0,0,0,0,0,0,0,0,0,-,-,-,-
36b5735c77cd1a64fe3dc7bb8b87078d,2026-02-03 15:46:16,Giovanni DE GENNARO,Giovanni DE GENNARO,GENNARO,Giovanni DE,"GENNARO, Giovanni DE",2023-05-13,Team trials POL team 2,Krakow,Heats2,MK1,ITA,,31,1,88.51,0,0,88.51,88.51,0,0,0,0,0,0,0,0,0,0,0,0,0,0,0,0,0,0,0,0,0,0,0,-,-,-,-
bb0924430dc0cbf2c77c1675b9ebf0a4,2026-02-03 15:46:16,Giovanni DE GENNARO,Giovanni DE GENNARO,GENNARO,Giovanni DE,"GENNARO, Giovanni DE",2023-05-12,Team trials POL team 1,Krakow,Heats1,MK1,ITA,,31,3,85.02,2,2,87.02,87.02,0,0,0,0,0,0,0,0,0,0,0,0,0,0,0,0,0,0,0,0,0,-,-,-,-,-,-
396a5b9bc42262c5d70f469d3c358985,2026-02-03 15:46:16,Giovanni DE GENNARO,Giovanni DE GENNARO,GENNARO,Giovanni DE,"GENNARO, Giovanni DE",2023-04-30,International race day 2 - sf-Fr,Ivrea,Semi,MK1,ITA,,31,1,82.73,0,0,82.73,82.73,0,0,0,0,0,0,0,0,0,0,0,0,0,0,0,0,0,0,0,0,0,0,-,-,-,-,-
c411a52851b6355eda71a626de508f83,2026-02-03 15:46:16,Giovanni DE GENNARO,Giovanni DE GENNARO,GENNARO,Giovanni DE,"GENNARO, Giovanni DE",2023-04-30,International race day 2 - sf-Fr,Ivrea,Final,MK1,ITA,,31,1,81.62,2,2,83.62,83.62,0,0,0,0,0,0,0,0,0,0,0,0,0,0,0,0,0,0,0,0,0,0,-,-,-,-,-
dc3a46cc827d41ab2bc7746f3df02939,2026-02-03 15:46:16,Giovanni DE GENNARO,Giovanni DE GENNARO,GENNARO,Giovanni DE,"GENNARO, Giovanni DE",2023-04-29,International race day 1 - heats,Ivrea,Heats1,MK1,ITA,,31,1,85.77,0,0,85.77,85.77,0,0,0,0,0,0,0,0,0,0,0,0,0,0,0,0,0,0,0,0,0,0,-,-,-,-,-
e855bf8623ab976632cebbf0740a88be,2026-02-03 15:46:16,Giovanni DE GENNARO,Giovanni DE GENNARO,GENNARO,Giovanni DE,"GENNARO, Giovanni DE",2023-04-29,International race day 1 - heats,Ivrea,Heats2,MK1,ITA,,31,15,87.15,50,50,137.15,137.15,0,0,0,0,0,0,0,0,0,0,0,0,0,0,0,0,0,0,0,0,0,0,-,-,-,-,-
0c7174fcafa953a6374685ea27b51d58,2026-02-03 15:46:16,Giovanni DE GENNARO,Giovanni DE GENNARO,GENNARO,Giovanni DE,"GENNARO, Giovanni DE",2023-04-23,ECA Open Cup ,Tacen,Final,MK1,ITA,,31,2,76.73,0,0,76.73,76.73,0,0,0,0,0,0,0,0,0,0,0,0,0,0,0,0,0,0,0,0,0,0,-,-,-,-,-
3e976b0fc0421df38c3a745710253dfa,2026-02-03 15:46:16,Giovanni DE GENNARO,Giovanni DE GENNARO,GENNARO,Giovanni DE,"GENNARO, Giovanni DE",2023-04-23,ECA Open Cup ,Tacen,Semi,MK1,ITA,,31,3,78.2,0,0,78.2,78.2,0,0,0,0,0,0,0,0,0,0,0,0,0,0,0,0,0,0,0,0,0,0,-,-,-,-,-
4a7b43e26e62606d4f3694b2cf67151a,2026-02-03 15:46:16,Giovanni DE GENNARO,Giovanni DE GENNARO,GENNARO,Giovanni DE,"GENNARO, Giovanni DE",2023-04-22,ECA Open Cup ,Tacen,Heats1,MK1,ITA,,31,1,76.93,2,2,78.93,78.93,0,0,0,0,0,0,0,0,0,0,0,0,0,0,0,0,0,0,0,0,0,0,-,-,-,-,-
d91a65eb08f006ac249d27ff1f9af6fc,2026-02-03 15:46:16,Giovanni DE GENNARO,Giovanni DE GENNARO,GENNARO,Giovanni DE,"GENNARO, Giovanni DE",2023-02-05,ICF World ranking ,Ile de la Reunion,Semi,MK1,ITA,,31,2,94.64,0,0,94.64,94.64,0,0,0,0,0,0,0,0,0,0,0,0,0,0,0,0,0,0,0,0,0,0,-,-,-,-,-
e66e47368e9b245682500b1c8a69a4c5,2026-02-03 15:46:16,Giovanni DE GENNARO,Giovanni DE GENNARO,GENNARO,Giovanni DE,"GENNARO, Giovanni DE",2023-02-05,ICF World ranking ,Ile de la Reunion,Final,MK1,ITA,,31,2,91.62,0,0,91.62,91.62,0,0,0,0,0,0,0,0,0,0,0,0,0,0,0,0,0,0,0,0,0,0,-,-,-,-,-
da95eb9376b3038c91b950db4744381f,2026-02-03 15:46:16,Giovanni DE GENNARO,Giovanni DE GENNARO,GENNARO,Giovanni DE,"GENNARO, Giovanni DE",2023-02-04,ICF World ranking ,Ile de la Reunion,Heats1,MK1,ITA,,31,10,89.59,4,4,93.59,93.59,0,0,0,0,0,0,0,0,0,0,0,0,0,0,0,0,0,0,0,0,0,0,-,-,-,-,-
d11e44c1a76087d4291eb1fae59fb671,2026-02-03 15:46:02,Giovanni DE GENNARO,Giovanni DE GENNARO,GENNARO,Giovanni DE,"GENNARO, Giovanni DE",2022-09-04,World Cup final,La Seu,Semi,MK1,ITA,,30,1,84.79,0,0,84.79,84.79,0,0,0,0,0,0,0,0,0,0,0,0,0,0,0,0,0,0,0,0,0,0,-,-,-,-,-
242da76c8d54cc7f21f2808c9f70d1ef,2026-02-03 15:46:02,Giovanni DE GENNARO,Giovanni DE GENNARO,GENNARO,Giovanni DE,"GENNARO, Giovanni DE",2022-09-04,World Cup final,La Seu,Final,MK1,ITA,,30,4,85.77,2,2,87.77,87.77,0,0,0,0,0,0,0,0,0,0,0,0,0,0,0,0,0,0,0,0,0,0,-,-,-,-,-
08e8cd06b3e87f786d8f4786bbee95e1,2026-02-03 15:46:02,Giovanni DE GENNARO,Giovanni DE GENNARO,GENNARO,Giovanni DE,"GENNARO, Giovanni DE",2022-09-02,World Cup final,La Seu,Heats1,MK1,ITA,,30,15,81.19,2,2,83.19,83.19,0,0,0,0,0,0,0,0,-,-,-,-,-,-,-,-,-,-,-,-,-,-,-,-,-,-,-
d5e4c6a99de4daf62a3fa358d2c41fd0,2026-02-03 15:46:02,Giovanni DE GENNARO,Giovanni DE GENNARO,GENNARO,Giovanni DE,"GENNARO, Giovanni DE",2022-08-28,World Cup #4,Pau,Semi,MK1,ITA,,30,37,98.74,52,52,150.74,150.74,0,0,0,0,0,0,0,0,0,0,0,0,0,0,0,0,0,0,0,0,0,0,-,-,-,-,-
0272f0372e71e631825d6081c56225ed,2026-02-03 15:46:02,Giovanni DE GENNARO,Giovanni DE GENNARO,GENNARO,Giovanni DE,"GENNARO, Giovanni DE",2022-08-26,World Cup #4,Pau,Heats1,MK1,ITA,,30,6,94.46,0,0,94.46,94.46,0,0,0,0,0,0,0,0,0,0,0,0,0,0,0,0,0,0,0,0,0,0,-,-,-,-,-
1b4511f5f11eb5d68f8e9fedc37d1bda,2026-02-03 15:46:02,Giovanni DE GENNARO,Giovanni DE GENNARO,GENNARO,Giovanni DE,"GENNARO, Giovanni DE",2022-07-31,World Championships ,Augsburg,Semi,MK1,ITA,,30,2,93.09,2,2,95.09,95.09,0,0,0,0,0,0,0,0,0,0,0,0,0,0,0,0,0,0,0,0,0,0,-,-,-,-,-
ced67ce494a8faad5bc724a1dc4bb249,2026-02-03 15:46:02,Giovanni DE GENNARO,Giovanni DE GENNARO,GENNARO,Giovanni DE,"GENNARO, Giovanni DE",2022-07-31,World Championships ,Augsburg,Final,MK1,ITA,,30,2,95.49,0,0,95.49,95.49,0,0,0,0,0,0,0,0,0,0,0,0,0,0,0,0,0,0,0,0,0,0,-,-,-,-,-
588b6cb4caa9d525efac5605b0e86c0e,2026-02-03 15:46:02,Giovanni DE GENNARO,Giovanni DE GENNARO,GENNARO,Giovanni DE,"GENNARO, Giovanni DE",2022-07-28,World Championships ,Augsburg,Heats1,MK1,ITA,,30,3,88.41,0,0,88.41,88.41,0,0,0,0,0,0,0,0,0,0,0,0,0,0,0,0,0,0,0,0,0,0,-,-,-,-,-
4202b76094d3becaece03fc6a109cacd,2026-02-03 15:46:02,Giovanni DE GENNARO,Giovanni DE GENNARO,GENNARO,Giovanni DE,"GENNARO, Giovanni DE",2022-06-26,World Cup #3,Tacen,Semi,MK1,ITA,,30,1,81.23,0,0,81.23,81.23,0,0,0,0,0,0,0,0,0,0,0,0,0,0,0,0,0,0,0,0,0,0,-,-,-,-,-
aff365f754ed3083cab9bf67a26b2e11,2026-02-03 15:46:02,Giovanni DE GENNARO,Giovanni DE GENNARO,GENNARO,Giovanni DE,"GENNARO, Giovanni DE",2022-06-26,World Cup #3,Tacen,Final,MK1,ITA,,30,9,80.7,50,50,130.7,130.7,0,0,0,0,0,0,0,0,0,0,0,0,0,50,0,0,0,0,0,0,0,0,-,-,-,-,-
17964a55a9d084664d8d35e88ca8ca12,2026-02-03 15:46:02,Giovanni DE GENNARO,Giovanni DE GENNARO,GENNARO,Giovanni DE,"GENNARO, Giovanni DE",2022-06-24,World Cup #3,Tacen,Heats1,MK1,ITA,,30,1,78.37,0,0,78.37,78.37,0,0,0,0,0,0,0,0,0,0,0,0,0,0,0,0,0,0,0,0,0,0,-,-,-,-,-
6d4a00ebe4952ec12634390953d40304,2026-02-03 15:46:02,Giovanni DE GENNARO,Giovanni DE GENNARO,GENNARO,Giovanni DE,"GENNARO, Giovanni DE",2022-06-19,World Cup #2,Krakow,Semi,MK1,ITA,,30,20,87.62,2,2,89.62,89.62,0,0,0,0,0,0,0,0,0,0,0,0,0,0,0,0,0,0,0,0,0,0,-,-,-,-,-
de0a8e38ee086e30c6b6ac7e163e8222,2026-02-03 15:46:02,Giovanni DE GENNARO,Giovanni DE GENNARO,GENNARO,Giovanni DE,"GENNARO, Giovanni DE",2022-06-17,World Cup #2,Krakow,Heats1,MK1,ITA,,30,1,88.99,0,0,88.99,88.99,0,0,0,0,0,0,0,0,0,0,0,0,0,0,0,0,0,0,0,0,0,0,-,-,-,-,-
62ba631098f947490759d5468d2f3c81,2026-02-03 15:46:02,Giovanni DE GENNARO,Giovanni DE GENNARO,GENNARO,Giovanni DE,"GENNARO, Giovanni DE",2022-06-12,World Cup #1,Prague,Final,MK1,ITA,,30,2,94.49,2,2,96.49,96.49,0,0,0,0,0,0,0,0,-,-,-,-,-,-,-,-,-,-,-,-,-,-,-,-,-,-,-
9dfde3f2db490623efe6ce641cea378f,2026-02-03 15:46:02,Giovanni DE GENNARO,Giovanni DE GENNARO,GENNARO,Giovanni DE,"GENNARO, Giovanni DE",2022-06-12,World Cup #1,Prague,Semi,MK1,ITA,,30,4,95.7,0,0,95.7,95.7,0,0,0,0,0,0,0,0,-,-,-,-,-,-,-,-,-,-,-,-,-,-,-,-,-,-,-
e221e25530972efa8a9203d18e586c74,2026-02-03 15:46:02,Giovanni DE GENNARO,Giovanni DE GENNARO,GENNARO,Giovanni DE,"GENNARO, Giovanni DE",2022-06-10,World Cup #1,Prague,Heats1,MK1,ITA,,30,1,85.04,0,0,85.04,85.04,0,0,0,0,0,0,0,0,-,-,-,-,-,-,-,-,-,-,-,-,-,-,-,-,-,-,-
8acf7a5fa803b873444dad663e528b55,2026-02-03 15:46:02,Giovanni DE GENNARO,Giovanni DE GENNARO,GENNARO,Giovanni DE,"GENNARO, Giovanni DE",2022-06-05,ICF World ranking ,Augsburg,Final,MK1,ITA,,30,4,100.59,2,2,102.59,102.59,0,0,0,0,0,0,0,0,0,0,0,0,0,0,0,0,0,0,0,0,0,0,-,-,-,-,-
82b89683a3a3e0ddacb294c4989c9bf9,2026-02-03 15:46:02,Giovanni DE GENNARO,Giovanni DE GENNARO,GENNARO,Giovanni DE,"GENNARO, Giovanni DE",2022-06-05,ICF World ranking ,Augsburg,Semi,MK1,ITA,,30,8,103.14,2,2,105.14,105.14,0,0,0,0,0,0,0,0,0,0,0,0,0,0,0,0,0,0,0,0,0,0,-,-,-,-,-
aa6bc5074091ae5e3d1fd934d92196e2,2026-02-03 15:46:02,Giovanni DE GENNARO,Giovanni DE GENNARO,GENNARO,Giovanni DE,"GENNARO, Giovanni DE",2022-06-04,ICF World ranking ,Augsburg,Heats1,MK1,ITA,,30,6,89.59,2,2,91.59,91.59,0,0,0,0,0,0,0,0,0,0,0,0,0,0,0,0,0,0,0,0,0,0,-,-,-,-,-
b0d25ecf740df4a52a5820e773e96835,2026-02-03 15:46:02,Giovanni DE GENNARO,Giovanni DE GENNARO,GENNARO,Giovanni DE,"GENNARO, Giovanni DE",2022-05-29,Euros ,Liptovsky Mikulas,Semi,MK1,ITA,,30,3,97.92,0,0,97.92,97.92,0,0,0,0,0,0,0,0,0,0,0,0,0,0,0,0,0,0,0,0,0,0,-,-,-,-,-
f6673af8444f581b8d035d1e8eab9215,2026-02-03 15:46:02,Giovanni DE GENNARO,Giovanni DE GENNARO,GENNARO,Giovanni DE,"GENNARO, Giovanni DE",2022-05-29,Euros ,Liptovsky Mikulas,Final,MK1,ITA,,30,2,97.67,0,0,97.67,97.67,0,0,0,0,0,0,0,0,0,0,0,0,0,0,0,0,0,0,0,0,0,0,-,-,-,-,-
3a673df35433172b6680a9d2ea6c57d1,2026-02-03 15:46:02,Giovanni DE GENNARO,Giovanni DE GENNARO,GENNARO,Giovanni DE,"GENNARO, Giovanni DE",2022-05-26,Euros ,Liptovsky Mikulas,Heats1,MK1,ITA,,30,14,88.9,2,2,90.9,90.9,0,0,0,0,0,0,0,0,0,0,0,0,0,0,0,0,0,0,0,0,0,0,-,-,-,-,-
4cc3de81919ec9f81d0fc19aae88b5d6,2026-02-03 15:46:02,Giovanni DE GENNARO,Giovanni DE GENNARO,GENNARO,Giovanni DE,"GENNARO, Giovanni DE",2022-05-08,Tatra slalom ,Liptovsky Mikulas,Semi,MK1,ITA,,30,3,88.66,0,0,88.66,88.66,0,0,0,0,0,0,0,0,0,0,0,0,0,0,0,0,0,0,0,0,0,0,0,0,-,-,-
3a579425ba8f88b2d9134ba6dae79828,2026-02-03 15:46:02,Giovanni DE GENNARO,Giovanni DE GENNARO,GENNARO,Giovanni DE,"GENNARO, Giovanni DE",2022-05-08,Tatra slalom ,Liptovsky Mikulas,Final,MK1,ITA,,30,1,85.14,0,0,85.14,85.14,0,0,0,0,0,0,0,0,0,0,0,0,0,0,0,0,0,0,0,0,0,0,0,0,-,-,-
d2b3af35733ede6b3f5ac0eae15e5f02,2026-02-03 15:46:02,Giovanni DE GENNARO,Giovanni DE GENNARO,GENNARO,Giovanni DE,"GENNARO, Giovanni DE",2022-05-08,Tatra slalom ,Liptovsky Mikulas,Heats1,MK1,ITA,,30,2,89.5,2,2,91.5,91.5,0,0,0,0,0,0,0,0,0,0,0,0,0,0,0,0,0,0,0,0,0,0,0,0,-,-,-
916ae7e90d585828256985b2dd776647,2026-02-03 15:46:02,Giovanni DE GENNARO,Giovanni DE GENNARO,GENNARO,Giovanni DE,"GENNARO, Giovanni DE",2022-04-24,ICF World ranking ,Tacen,Semi,MK1,ITA,,30,1,95.37,0,0,95.37,95.37,0,0,0,0,0,0,0,0,0,0,0,0,0,0,0,0,0,0,0,0,0,0,-,-,-,-,-
73771c2c736ca8575f65d377a1740203,2026-02-03 15:46:02,Giovanni DE GENNARO,Giovanni DE GENNARO,GENNARO,Giovanni DE,"GENNARO, Giovanni DE",2022-04-24,ICF World ranking ,Tacen,Final,MK1,ITA,,30,1,94.81,0,0,94.81,94.81,0,0,0,0,0,0,0,0,0,0,0,0,0,0,0,0,0,0,0,0,0,0,-,-,-,-,-
c60b9b4e6ad2f0b9e0d137469c9cbc7a,2026-02-03 15:46:02,Giovanni DE GENNARO,Giovanni DE GENNARO,GENNARO,Giovanni DE,"GENNARO, Giovanni DE",2022-04-23,ICF World ranking ,Tacen,Heats1,MK1,ITA,,30,2,91.32,0,0,91.32,91.32,0,0,0,0,0,0,0,0,0,0,0,0,0,0,0,0,0,0,0,0,0,0,-,-,-,-,-
23bba64ddba3cac0063241ecf2c107bc,2026-02-03 15:45:53,Giovanni DE GENNARO,Giovanni DE GENNARO,GENNARO,Giovanni DE,"GENNARO, Giovanni DE",2021-09-26,World Championships ,Bratislava,Semi,MK1,ITA,,29,8,85.91,2,2,87.91,87.91,0,0,0,0,0,0,0,0,0,0,0,0,0,0,0,0,0,0,0,0,0,0,-,-,-,-,-
e93a4e091d08c4fb21d985dc12789b75,2026-02-03 15:45:53,Giovanni DE GENNARO,Giovanni DE GENNARO,GENNARO,Giovanni DE,"GENNARO, Giovanni DE",2021-09-26,World Championships ,Bratislava,Final,MK1,ITA,,29,4,86.22,4,4,90.22,90.22,0,0,0,0,0,0,0,0,0,0,0,0,0,0,0,0,0,0,0,0,0,0,-,-,-,-,-
a56f2bf00a56f9cca602d803b769781c,2026-02-03 15:45:53,Giovanni DE GENNARO,Giovanni DE GENNARO,GENNARO,Giovanni DE,"GENNARO, Giovanni DE",2021-09-24,World Championships ,Bratislava,Heats1,MK1,ITA,,29,4,83.05,0,0,83.05,83.05,0,0,0,0,0,0,0,0,0,0,0,0,0,0,0,0,0,0,0,0,0,0,-,-,-,-,-
c8da2e9cfd80369c78674586d9452ae9,2026-02-03 15:45:53,Giovanni DE GENNARO,Giovanni DE GENNARO,GENNARO,Giovanni DE,"GENNARO, Giovanni DE",2021-09-12,World Cup ,Pau,Semi,MK1,ITA,,29,3,96.05,0,0,96.05,96.05,0,0,0,0,0,0,0,0,0,0,0,0,0,0,0,0,0,0,0,0,0,0,-,-,-,-,-
173fed37e76d48e71f3049044e2a0868,2026-02-03 15:45:53,Giovanni DE GENNARO,Giovanni DE GENNARO,GENNARO,Giovanni DE,"GENNARO, Giovanni DE",2021-09-12,World Cup ,Pau,Final,MK1,ITA,,29,7,96.35,2,2,98.35,98.35,0,0,0,0,0,0,0,0,0,0,0,0,0,0,0,0,0,0,0,0,0,0,-,-,-,-,-
20b97e9b6dbec1ab058762c881f1dde4,2026-02-03 15:45:53,Giovanni DE GENNARO,Giovanni DE GENNARO,GENNARO,Giovanni DE,"GENNARO, Giovanni DE",2021-09-10,World Cup ,Pau,Heats1,MK1,ITA,,29,2,95.01,0,0,95.01,95.01,0,0,0,0,0,0,0,0,0,0,0,0,0,0,0,0,0,0,0,0,0,0,-,-,-,-,-
d162ad0b09966b6cf5f37ff4ee5514ff,2026-02-03 15:45:53,Giovanni DE GENNARO,Giovanni DE GENNARO,GENNARO,Giovanni DE,"GENNARO, Giovanni DE",2021-09-05,World Cup ,La Seu,Semi,MK1,ITA,,29,4,84.73,0,0,84.73,84.73,0,0,0,0,0,0,0,0,0,0,0,0,0,0,0,0,0,0,0,0,0,0,-,-,-,-,-
c5f60da2b59d5b1229ed39f281c97bca,2026-02-03 15:45:53,Giovanni DE GENNARO,Giovanni DE GENNARO,GENNARO,Giovanni DE,"GENNARO, Giovanni DE",2021-09-05,World Cup ,La Seu,Final,MK1,ITA,,29,9,84.98,4,4,88.98,88.98,0,0,0,0,0,0,0,0,0,0,0,0,0,0,0,0,0,0,0,0,0,0,-,-,-,-,-
733ca29aebd9dbac17c1039b555c11af,2026-02-03 15:45:53,Giovanni DE GENNARO,Giovanni DE GENNARO,GENNARO,Giovanni DE,"GENNARO, Giovanni DE",2021-09-03,World Cup ,La Seu,Heats1,MK1,ITA,,29,12,88.3,2,2,90.3,90.3,0,0,0,0,0,0,0,0,0,0,0,0,0,0,0,0,0,0,0,0,0,0,-,-,-,-,-
9a02e6614bd951228d689cbc516a7525,2026-02-03 15:45:53,Giovanni DE GENNARO,Giovanni DE GENNARO,GENNARO,Giovanni DE,"GENNARO, Giovanni DE",2021-07-30,Olympic Games ,Tokyo,Semi,MK1,ITA,,29,14,96.23,4,4,100.23,100.23,0,0,0,0,0,0,0,0,0,0,0,0,0,0,0,0,0,0,0,0,0,0,-,-,-,-,-
7f56ba01a0ca643b230fd6b20813062e,2026-02-03 15:45:53,Giovanni DE GENNARO,Giovanni DE GENNARO,GENNARO,Giovanni DE,"GENNARO, Giovanni DE",2021-07-28,Olympic Games ,Tokyo,Heats2,MK1,ITA,,29,2,90.65,0,0,90.65,90.65,0,0,0,0,0,0,0,0,0,0,0,0,0,0,0,0,0,0,0,0,0,0,-,-,-,-,-
6295f61c6f7f4f8b9f8f39b8fe99fe12,2026-02-03 15:45:53,Giovanni DE GENNARO,Giovanni DE GENNARO,GENNARO,Giovanni DE,"GENNARO, Giovanni DE",2021-07-28,Olympic Games ,Tokyo,Heats1,MK1,ITA,,29,1,90.92,0,0,90.92,90.92,0,0,0,0,0,0,0,0,0,0,0,0,0,0,0,0,0,0,0,0,0,0,-,-,-,-,-
7089ad3817ce9ea86207eaebf3d73279,2026-02-03 15:45:53,Giovanni DE GENNARO,Giovanni DE GENNARO,GENNARO,Giovanni DE,"GENNARO, Giovanni DE",2021-06-20,World Cup ,Markkleeberg,Semi,MK1,ITA,,29,8,90.67,2,2,92.67,92.67,0,0,0,0,0,0,0,0,0,0,0,0,0,0,0,0,0,0,0,0,0,0,-,-,-,-,-
745bedf959b80ebbfc291bd7bd50f0df,2026-02-03 15:45:53,Giovanni DE GENNARO,Giovanni DE GENNARO,GENNARO,Giovanni DE,"GENNARO, Giovanni DE",2021-06-20,World Cup ,Markkleeberg,Final,MK1,ITA,,29,4,90.95,2,2,92.95,92.95,0,0,0,0,0,0,0,0,0,0,0,0,0,0,0,0,0,0,0,0,0,0,-,-,-,-,-
603ac3cef9b090d2a737d5ab0f579ad6,2026-02-03 15:45:53,Giovanni DE GENNARO,Giovanni DE GENNARO,GENNARO,Giovanni DE,"GENNARO, Giovanni DE",2021-06-18,World Cup ,Markkleeberg,Heats1,MK1,ITA,,29,8,90.65,4,4,94.65,94.65,0,0,0,0,0,0,0,0,0,0,0,0,0,0,0,0,0,0,0,0,0,0,-,-,-,-,-
1d6da391ccbd5928f3e13a414d864498,2026-02-03 15:45:53,Giovanni DE GENNARO,Giovanni DE GENNARO,GENNARO,Giovanni DE,"GENNARO, Giovanni DE",2021-06-13,World Cup ,Prague,Final,MK1,ITA,,29,2,90.87,0,0,90.87,90.87,0,0,0,0,0,0,0,0,0,0,0,0,0,0,0,0,0,0,0,0,0,0,-,-,-,-,-
d1bc377bb739290b08a95e834f739040,2026-02-03 15:45:53,Giovanni DE GENNARO,Giovanni DE GENNARO,GENNARO,Giovanni DE,"GENNARO, Giovanni DE",2021-06-13,World Cup ,Prague,Semi,MK1,ITA,,29,3,90.37,2,2,92.37,92.37,0,0,0,0,0,0,0,0,0,0,0,0,0,0,0,0,0,0,0,0,0,0,-,-,-,-,-
da10f94baea21ac0f4fbb61268bdfed4,2026-02-03 15:45:53,Giovanni DE GENNARO,Giovanni DE GENNARO,GENNARO,Giovanni DE,"GENNARO, Giovanni DE",2021-06-11,World Cup ,Prague,Heats1,MK1,ITA,,29,1,87.22,0,0,87.22,87.22,0,0,0,0,0,0,0,0,0,0,0,0,0,0,0,0,0,0,0,0,0,0,-,-,-,-,-
5ca247b0208977bf554b27e73c8409e8,2026-02-03 15:45:53,Giovanni DE GENNARO,Giovanni DE GENNARO,GENNARO,Giovanni DE,"GENNARO, Giovanni DE",2021-05-09,Euros ,Ivrea,Semi,MK1,ITA,,29,2,82.09,0,0,82.09,82.09,0,0,0,0,0,0,0,0,0,0,0,0,0,0,0,0,0,0,0,0,0,0,-,-,-,-,-
a172c46c679ad1902f497a5f0663fa3d,2026-02-03 15:45:53,Giovanni DE GENNARO,Giovanni DE GENNARO,GENNARO,Giovanni DE,"GENNARO, Giovanni DE",2021-05-09,Euros ,Ivrea,Final,MK1,ITA,,29,2,82.65,0,0,82.65,82.65,0,0,0,0,0,0,0,0,0,0,0,0,0,0,0,0,0,0,0,0,0,0,-,-,-,-,-
f7f9c0d48fecf018247a6496b30dfaf0,2026-02-03 15:45:53,Giovanni DE GENNARO,Giovanni DE GENNARO,GENNARO,Giovanni DE,"GENNARO, Giovanni DE",2021-05-07,Euros ,Ivrea,Heats1,MK1,ITA,,29,1,74.93,0,0,74.93,74.93,0,0,0,0,0,0,0,0,0,0,0,0,0,0,0,0,0,0,0,0,0,0,-,-,-,-,-
d7038b66de92df508a8b8356f71c5236,2026-02-03 15:45:45,Giovanni DE GENNARO,Giovanni DE GENNARO,GENNARO,Giovanni DE,"GENNARO, Giovanni DE",2020-09-20,Euros ,Prague,Semi,MK1,ITA,,28,23,99.59,50,50,149.59,149.59,0,0,0,0,0,0,0,0,0,0,0,0,0,0,0,0,0,0,0,0,0,0,0,0,0,-,-
32729faa655438d331e96948b0ed1d61,2026-02-03 15:45:45,Giovanni DE GENNARO,Giovanni DE GENNARO,GENNARO,Giovanni DE,"GENNARO, Giovanni DE",2020-09-18,Euros ,Prague,Heats1,MK1,ITA,,28,4,92.65,0,0,92.65,92.65,0,0,0,0,0,0,0,0,0,0,0,0,0,0,0,0,0,0,0,0,0,0,0,0,0,-,-
62718807afeb4ed26a957b93cbc46fc7,2026-02-03 15:45:45,Giovanni DE GENNARO,Giovanni DE GENNARO,GENNARO,Giovanni DE,"GENNARO, Giovanni DE",2020-02-23,Australian Open ,Penrith,Semi,MK1,ITA,,28,8,91.64,0,0,91.64,91.64,0,0,0,0,0,0,0,0,0,0,0,0,0,0,0,0,0,0,0,0,0,0,0,-,-,-,-
edb3381e3d62b99c31a968e44d4007b2,2026-02-03 15:45:45,Giovanni DE GENNARO,Giovanni DE GENNARO,GENNARO,Giovanni DE,"GENNARO, Giovanni DE",2020-02-23,Australian Open ,Penrith,Final,MK1,ITA,,28,2,89.15,0,0,89.15,89.15,0,0,0,0,0,0,0,0,0,0,0,0,0,0,0,0,0,0,0,0,0,0,0,-,-,-,-
2617ac99cb03e37c2c33878c7823daf8,2026-02-03 15:45:45,Giovanni DE GENNARO,Giovanni DE GENNARO,GENNARO,Giovanni DE,"GENNARO, Giovanni DE",2020-02-21,Australian Open ,Penrith,Heats1,MK1,ITA,,28,21,91.01,2,2,93.01,93.01,0,0,0,0,0,0,0,0,0,0,0,0,0,0,0,0,0,0,0,0,0,0,-,-,-,-,-
51f924560074cd19f07f42aa0b9eb7d9,2026-02-03 15:45:39,Giovanni DE GENNARO,Giovanni DE GENNARO,GENNARO,Giovanni DE,"GENNARO, Giovanni DE",2019-10-27,Olympic test event ,Tokyo,Heats1,MK1,ITA,,27,15,96.22,4,4,100.22,100.22,0,0,0,0,0,0,0,0,0,0,0,0,0,0,0,0,0,0,0,0,0,0,0,0,0,-,-
8aea89cc6102aae4166810b869ebe0ad,2026-02-03 15:45:39,Giovanni DE GENNARO,Giovanni DE GENNARO,GENNARO,Giovanni DE,"GENNARO, Giovanni DE",2019-10-27,Olympic test event ,Tokyo,Final,MK1,ITA,,27,4,94.63,0,0,94.63,94.63,0,0,0,0,0,0,0,0,0,0,0,0,0,0,0,0,0,0,0,0,0,0,0,0,0,-,-
d6b18c184987dd6adf26f0ffccf4c943,2026-02-03 15:45:39,Giovanni DE GENNARO,Giovanni DE GENNARO,GENNARO,Giovanni DE,"GENNARO, Giovanni DE",2019-10-27,Olympic test event ,Tokyo,Heats2,MK1,ITA,,27,5,94.54,2,2,96.54,96.54,0,0,0,0,0,0,0,0,0,0,0,0,0,0,0,0,0,0,0,0,0,0,0,0,0,-,-
ecf78cfc8674505d0b197e346a0bdb23,2026-02-03 15:45:39,Giovanni DE GENNARO,Giovanni DE GENNARO,GENNARO,Giovanni DE,"GENNARO, Giovanni DE",2019-10-27,Olympic test event ,Tokyo,Semi,MK1,ITA,,27,1,93.07,0,0,93.07,93.07,0,0,0,0,0,0,0,0,0,0,0,0,0,0,0,0,0,0,0,0,0,0,0,0,0,-,-
6bad02ccf34d54149d07801b81106cd4,2026-02-03 15:45:39,Giovanni DE GENNARO,Giovanni DE GENNARO,GENNARO,Giovanni DE,"GENNARO, Giovanni DE",2019-09-29,World Championships ,La Seu,Semi,MK1,ITA,,27,15,85.68,2,2,87.68,87.68,0,0,0,0,0,0,0,0,0,0,0,0,0,0,0,0,0,0,0,0,0,0,-,-,-,-,-
fca54d640c20b4f67e66ba2e1a33ebc6,2026-02-03 15:45:39,Giovanni DE GENNARO,Giovanni DE GENNARO,GENNARO,Giovanni DE,"GENNARO, Giovanni DE",2019-09-27,World Championships ,La Seu,Heats1,MK1,ITA,,27,3,87.97,0,0,87.97,87.97,0,0,0,0,0,0,0,0,0,0,0,0,0,0,0,0,0,0,0,0,0,0,-,-,-,-,-
6bac713b9a6198463232457d68330f6f,2026-02-03 15:45:39,Giovanni DE GENNARO,Giovanni DE GENNARO,GENNARO,Giovanni DE,"GENNARO, Giovanni DE",2019-09-08,World Cup ,Prague,Semi,MK1,ITA,,27,1,92.01,0,0,92.01,92.01,0,0,0,0,0,0,0,0,0,0,0,0,0,0,0,0,0,0,0,0,0,0,-,-,-,-,-
a83456c3f656d436600a30113e13beb3,2026-02-03 15:45:39,Giovanni DE GENNARO,Giovanni DE GENNARO,GENNARO,Giovanni DE,"GENNARO, Giovanni DE",2019-09-08,World Cup ,Prague,Final,MK1,ITA,,27,7,93.18,8,8,101.18,101.18,0,0,0,0,0,0,0,0,0,0,0,0,0,0,0,0,0,0,0,0,0,0,-,-,-,-,-
6430c66305ef0be788850243e5a210ab,2026-02-03 15:45:39,Giovanni DE GENNARO,Giovanni DE GENNARO,GENNARO,Giovanni DE,"GENNARO, Giovanni DE",2019-09-06,World Cup ,Prague,Heats1,MK1,ITA,,27,5,90.83,0,0,90.83,90.83,0,0,0,0,0,0,0,0,0,0,0,0,0,0,0,0,0,0,0,0,0,0,-,-,-,-,-
76c2909c942cf441ce66f601d2d24c0a,2026-02-03 15:45:39,Giovanni DE GENNARO,Giovanni DE GENNARO,GENNARO,Giovanni DE,"GENNARO, Giovanni DE",2019-09-01,World Cup ,Markkleeberg,Semi,MK1,ITA,,27,10,90.36,2,2,None,,0,0,0,0,0,0,0,0,0,0,0,0,0,0,0,0,0,0,0,0,0,-,-,-,-,-,-
e8218e2764db5c1e47cb71dc958b4ff0,2026-02-03 15:45:39,Giovanni DE GENNARO,Giovanni DE GENNARO,GENNARO,Giovanni DE,"GENNARO, Giovanni DE",2019-09-01,World Cup ,Markkleeberg,Final,MK1,ITA,,27,8,91.59,2,2,None,,0,0,0,0,0,0,0,0,0,0,0,0,0,0,0,0,0,0,0,0,0,-,-,-,-,-,-
6c5494cd5a13cccdd6d2990d52f8a9c0,2026-02-03 15:45:39,Giovanni DE GENNARO,Giovanni DE GENNARO,GENNARO,Giovanni DE,"GENNARO, Giovanni DE",2019-08-30,World Cup ,Markkleeberg,Heats1,MK1,ITA,,27,7,90.53,2,2,None,,0,0,0,0,0,0,0,0,0,0,0,0,0,0,0,0,0,0,0,0,0,-,-,-,-,-,-
ccc6fcf89e7278306a989bf1f5e1a84d,2026-02-03 15:45:39,Giovanni DE GENNARO,Giovanni DE GENNARO,GENNARO,Giovanni DE,"GENNARO, Giovanni DE",2019-06-30,World Cup ,Tacen,Semi,MK1,ITA,,27,8,84.9,0,0,84.9,84.9,0,0,0,0,0,0,0,0,0,0,0,0,0,0,0,0,0,0,0,0,0,0,-,-,-,-,-
efe2521fa6b45680953901d4c56956db,2026-02-03 15:45:39,Giovanni DE GENNARO,Giovanni DE GENNARO,GENNARO,Giovanni DE,"GENNARO, Giovanni DE",2019-06-30,World Cup ,Tacen,Final,MK1,ITA,,27,1,83.1,0,0,83.1,83.1,0,0,0,0,0,0,0,0,0,0,0,0,0,0,0,0,0,0,0,0,0,0,-,-,-,-,-
8c2e216ec26ec6a912eb7889dce70634,2026-02-03 15:45:39,Giovanni DE GENNARO,Giovanni DE GENNARO,GENNARO,Giovanni DE,"GENNARO, Giovanni DE",2019-06-28,World Cup ,Tacen,Heats1,MK1,ITA,,27,4,78.61,0,0,78.61,78.61,0,0,0,0,0,0,0,0,0,0,0,0,0,0,0,0,0,0,0,0,-,-,-,-,-,-,-
1113039dfd2e06d058855abc65dc5cec,2026-02-03 15:45:39,Giovanni DE GENNARO,Giovanni DE GENNARO,GENNARO,Giovanni DE,"GENNARO, Giovanni DE",2019-06-16,World Cup ,Lee Valley,Semi,MK1,ITA,,27,13,93.98,0,0,93.98,93.98,0,0,0,0,0,0,0,0,0,0,0,0,0,0,0,0,0,0,0,0,0,0,0,0,0,-,-
9945bd5f7664f59b26bbdde906e85de0,2026-02-03 15:45:39,Giovanni DE GENNARO,Giovanni DE GENNARO,GENNARO,Giovanni DE,"GENNARO, Giovanni DE",2019-06-14,World Cup ,Lee Valley,Heats1,MK1,ITA,,27,15,88.49,2,2,90.49,90.49,0,0,0,0,0,0,0,0,0,0,0,0,0,0,0,0,0,0,0,0,0,0,0,-,-,-,-
039cde0a9c5cc93d7cd5cadd5ab5569d,2026-02-03 15:45:39,Giovanni DE GENNARO,Giovanni DE GENNARO,GENNARO,Giovanni DE,"GENNARO, Giovanni DE",2019-06-02,Euros ,Pau,Semi,MK1,ITA,,27,8,95.97,0,0,95.97,95.97,0,0,0,0,0,0,0,0,0,0,0,0,0,0,0,0,0,0,0,0,0,0,0,0,0,-,-
08d95c75abdce06fe0b90c23c101ad19,2026-02-03 15:45:39,Giovanni DE GENNARO,Giovanni DE GENNARO,GENNARO,Giovanni DE,"GENNARO, Giovanni DE",2019-06-02,Euros ,Pau,Final,MK1,ITA,,27,11,97.41,2,2,99.41,99.41,0,0,0,0,0,0,0,0,0,0,0,0,0,0,0,0,0,0,0,0,0,0,0,0,0,-,-
596698a52c4e2a50f74f7d51e1e6e2fb,2026-02-03 15:45:39,Giovanni DE GENNARO,Giovanni DE GENNARO,GENNARO,Giovanni DE,"GENNARO, Giovanni DE",2019-05-31,Euros ,Pau,Heats1,MK1,ITA,,27,23,92.9,0,0,92.9,92.9,0,0,0,0,0,0,0,0,0,0,0,0,0,0,0,0,0,0,0,0,0,0,0,0,-,-,-
338a9e5a9543ba29eddfc1d1fda24611,2026-02-03 15:45:39,Giovanni DE GENNARO,Giovanni DE GENNARO,GENNARO,Giovanni DE,"GENNARO, Giovanni DE",2019-05-31,Euros ,Pau,Heats2,MK1,ITA,,27,1,87.14,0,0,87.14,87.14,0,0,0,0,0,0,0,0,0,0,0,0,0,0,0,0,0,0,0,0,0,0,0,0,-,-,-
40e219d3e08e28d1a05284d790a5863b,2026-02-03 15:45:39,Giovanni DE GENNARO,Giovanni DE GENNARO,GENNARO,Giovanni DE,"GENNARO, Giovanni DE",2019-04-13,None,La Seu,Heats1,MK1,ITA,,27,999,999,0,0,DNS,,0,0,0,0,0,0,0,0,0,0,0,0,0,0,0,0,0,0,0,0,0,0,-,-,-,-,-
2e52ae57db77b169bc2d0b6418c4208b,2026-02-03 15:45:39,Giovanni DE GENNARO,Giovanni DE GENNARO,GENNARO,Giovanni DE,"GENNARO, Giovanni DE",2019-04-13,None,La Seu,Heats2,MK1,ITA,,27,999,999,0,0,DNS,,0,0,0,0,0,0,0,0,0,0,0,0,0,0,0,0,0,0,0,0,0,0,-,-,-,-,-
d2e26f87282ec391a7312d0f1b580718,2026-02-03 15:45:39,Giovanni DE GENNARO,Giovanni DE GENNARO,GENNARO,Giovanni DE,"GENNARO, Giovanni DE",2019-04-07,None,Pau,Final,MK1,ITA,,27,4,93.06,0,0,93.06,93.06,0,0,0,0,0,0,0,0,0,0,0,0,0,0,0,0,0,0,0,0,0,0,-,-,-,-,-
432840c3a0525b9c6b844f07537d69c9,2026-02-03 15:45:39,Giovanni DE GENNARO,Giovanni DE GENNARO,GENNARO,Giovanni DE,"GENNARO, Giovanni DE",2019-04-07,None,Pau,Semi,MK1,ITA,,27,1,92.57,0,0,92.57,92.57,0,0,0,0,0,0,0,0,0,0,0,0,0,0,0,0,0,0,0,0,0,0,-,-,-,-,-
1e0a7887c97264515db390c54c69ae91,2026-02-03 15:45:39,Giovanni DE GENNARO,Giovanni DE GENNARO,GENNARO,Giovanni DE,"GENNARO, Giovanni DE",2019-04-06,None,Pau,Heats1,MK1,ITA,,27,15,93.06,2,2,95.06,95.06,0,0,0,0,0,0,0,0,0,0,0,0,0,0,0,0,0,0,0,0,-,-,-,-,-,-,-
efc3b8cdeb43796fd0ee34d49f26cf02,2026-02-03 15:45:39,Giovanni DE GENNARO,Giovanni DE GENNARO,GENNARO,Giovanni DE,"GENNARO, Giovanni DE",2019-02-24,None,Penrith,Semi,MK1,ITA,,27,11,100.39,4,4,None,,0,0,0,0,0,0,0,0,0,0,0,0,0,0,0,0,0,0,0,0,0,0,-,-,-,-,-
df95582dbdd49179832fc57de3ebdc15,2026-02-03 15:45:39,Giovanni DE GENNARO,Giovanni DE GENNARO,GENNARO,Giovanni DE,"GENNARO, Giovanni DE",2019-02-22,None,Penrith,Heats1,MK1,ITA,,27,13,103.29,0,0,None,,0,0,0,0,0,0,0,0,0,0,0,0,0,0,0,0,0,0,0,0,0,0,-,-,-,-,-
dce4f19331ee36517cd73cbd1de3ebf5,2026-02-03 15:45:39,Giovanni DE GENNARO,Giovanni DE GENNARO,GENNARO,Giovanni DE,"GENNARO, Giovanni DE",2019-02-17,None,Penrith,Semi,MK1,ITA,,27,9,90.16,0,0,None,,0,0,0,0,0,0,0,0,0,0,0,0,0,0,0,0,0,0,0,0,-,-,-,-,-,-,-
97dcc8f68ca89442feb6aa8721ea71da,2026-02-03 15:45:39,Giovanni DE GENNARO,Giovanni DE GENNARO,GENNARO,Giovanni DE,"GENNARO, Giovanni DE",2019-02-17,None,Penrith,Final,MK1,ITA,,27,7,90,0,0,None,,0,0,0,0,0,0,0,0,0,0,0,0,0,0,0,0,0,0,0,0,-,-,-,-,-,-,-
b3a4b5b646fef4dfd2096f84292124bc,2026-02-03 15:45:39,Giovanni DE GENNARO,Giovanni DE GENNARO,GENNARO,Giovanni DE,"GENNARO, Giovanni DE",2019-02-15,None,Penrith,Heats1,MK1,ITA,,27,84,93.72,50,50,None,,0,0,0,0,0,0,0,0,0,0,0,0,0,0,0,0,0,0,0,0,-,-,-,-,-,-,-
836b4bfce2e3aa76d9df911c0a4eef7a,2026-02-03 15:45:39,Giovanni DE GENNARO,Giovanni DE GENNARO,GENNARO,Giovanni DE,"GENNARO, Giovanni DE",2019-02-15,None,Penrith,Heats2,MK1,ITA,,27,1,93.69,0,0,None,,0,0,0,0,0,0,0,0,0,0,0,0,0,0,0,0,0,0,0,0,-,-,-,-,-,-,-
9afffc463c940077b4adc4a0d875021b,2026-02-03 15:45:29,Giovanni DE GENNARO,Giovanni DE GENNARO,GENNARO,Giovanni DE,"GENNARO, Giovanni DE",2018-09-30,None,"Deodoro, Rio",Semi,MK1,ITA,,26,6,93.12,0,0,None,,0,0,0,0,0,0,0,0,0,0,0,0,0,0,0,0,0,0,0,0,0,0,0,0,-,-,-
96b690b2377d08e2d47430a0cf3583e3,2026-02-03 15:45:29,Giovanni DE GENNARO,Giovanni DE GENNARO,GENNARO,Giovanni DE,"GENNARO, Giovanni DE",2018-09-30,None,"Deodoro, Rio",Final,MK1,ITA,,26,8,94.93,0,0,None,,0,0,0,0,0,0,0,0,0,0,0,0,0,0,0,0,0,0,0,0,0,0,0,0,-,-,-
a0e49f9a011d1c83c012a62075a3758c,2026-02-03 15:45:29,Giovanni DE GENNARO,Giovanni DE GENNARO,GENNARO,Giovanni DE,"GENNARO, Giovanni DE",2018-09-28,None,"Deodoro, Rio",Heats1,MK1,ITA,,26,14,88.6,0,0,None,,0,0,0,0,0,0,0,0,0,0,0,0,0,0,0,0,0,0,0,0,0,0,0,0,-,-,-
feb1794a07b7b02fa914778ab6bce958,2026-02-03 15:45:29,Giovanni DE GENNARO,Giovanni DE GENNARO,GENNARO,Giovanni DE,"GENNARO, Giovanni DE",2018-09-09,None,La Seu,Semi,MK1,ITA,,26,9,95.43,0,0,None,,0,0,0,0,0,0,0,0,0,0,0,0,0,0,0,0,0,0,0,0,0,0,0,-,-,-,-
2f376f379db7bf2c8c12927897b1e0a0,2026-02-03 15:45:29,Giovanni DE GENNARO,Giovanni DE GENNARO,GENNARO,Giovanni DE,"GENNARO, Giovanni DE",2018-09-09,None,La Seu,Final,MK1,ITA,,26,1,93.28,0,0,None,,0,0,0,0,0,0,0,0,0,0,0,0,0,0,0,0,0,0,0,0,0,0,0,-,-,-,-
5ada6274c5020d42951b9d080f1c5dbb,2026-02-03 15:45:29,Giovanni DE GENNARO,Giovanni DE GENNARO,GENNARO,Giovanni DE,"GENNARO, Giovanni DE",2018-09-07,None,La Seu,Heats1,MK1,ITA,,26,7,94.69,2,2,None,,0,0,0,0,0,0,0,0,0,0,0,0,0,0,0,0,0,0,0,0,0,0,0,-,-,-,-
29d3d1bb4ebcdc96d789876abc648843,2026-02-03 15:45:29,Giovanni DE GENNARO,Giovanni DE GENNARO,GENNARO,Giovanni DE,"GENNARO, Giovanni DE",2018-07-08,None,Augsburg,Semi,MK1,ITA,,26,32,97.5,50,50,None,,0,0,0,0,0,0,0,0,0,0,0,0,0,0,0,0,0,0,0,0,0,0,0,0,-,-,-
c5a3b69a133ab9787d9b3af5f6a12de0,2026-02-03 15:45:29,Giovanni DE GENNARO,Giovanni DE GENNARO,GENNARO,Giovanni DE,"GENNARO, Giovanni DE",2018-07-06,None,Augsburg,Heats1,MK1,ITA,,26,19,97.59,2,2,None,,0,0,0,0,0,0,0,0,0,0,0,0,0,0,0,0,0,0,0,0,0,0,0,0,-,-,-
c0c1def9269faa2bba1114661a297e51,2026-02-03 15:45:29,Giovanni DE GENNARO,Giovanni DE GENNARO,GENNARO,Giovanni DE,"GENNARO, Giovanni DE",2018-07-01,None,Krakow,Semi,MK1,ITA,,26,13,82.28,0,0,None,,0,0,0,0,0,0,0,0,0,0,0,0,0,0,0,0,0,0,0,0,0,0,-,-,-,-,-
4e96eb94928a6bf37df3d70f021cb78e,2026-02-03 15:45:29,Giovanni DE GENNARO,Giovanni DE GENNARO,GENNARO,Giovanni DE,"GENNARO, Giovanni DE",2018-06-29,None,Krakow,Heats1,MK1,ITA,,26,75,81.71,50,50,None,,0,0,0,0,0,0,0,0,0,0,0,0,0,0,0,0,0,0,0,0,0,0,-,-,-,-,-
dea95846e7250aaf62f342b30fa69f82,2026-02-03 15:45:29,Giovanni DE GENNARO,Giovanni DE GENNARO,GENNARO,Giovanni DE,"GENNARO, Giovanni DE",2018-06-29,None,Krakow,Heats2,MK1,ITA,,26,7,79.68,2,2,None,,0,0,0,0,0,0,0,0,0,0,0,0,0,0,0,0,0,0,0,0,0,0,-,-,-,-,-
bcaf4bdcbfad0685943664c5804ff542,2026-02-03 15:45:29,Giovanni DE GENNARO,Giovanni DE GENNARO,GENNARO,Giovanni DE,"GENNARO, Giovanni DE",2018-06-24,None,Liptovsky Mikulas,Semi,MK1,ITA,,26,39,94.07,54,54,None,,0,0,0,0,0,0,0,0,0,0,0,0,0,0,0,0,0,0,0,0,0,0,0,-,-,-,-
c32e951f1e73f771cc2725c9712d271b,2026-02-03 15:45:29,Giovanni DE GENNARO,Giovanni DE GENNARO,GENNARO,Giovanni DE,"GENNARO, Giovanni DE",2018-06-22,None,Liptovsky Mikulas,Heats1,MK1,ITA,,26,6,94.95,0,0,None,,0,0,0,0,0,0,0,0,0,0,0,0,0,0,0,0,0,0,0,0,0,0,0,-,-,-,-
e712e558f7f0385d9d0dea04e8e6ea84,2026-02-03 15:45:29,Giovanni DE GENNARO,Giovanni DE GENNARO,GENNARO,Giovanni DE,"GENNARO, Giovanni DE",2018-06-03,None,Prague,Semi,MK1,ITA,,26,4,94.36,0,0,None,,0,0,0,0,0,0,0,0,0,0,0,0,0,0,0,0,0,0,0,0,0,0,0,0,-,-,-
0d9789cc1ad728ed1b3105515523bf79,2026-02-03 15:45:29,Giovanni DE GENNARO,Giovanni DE GENNARO,GENNARO,Giovanni DE,"GENNARO, Giovanni DE",2018-06-03,None,Prague,Final,MK1,ITA,,26,9,94.96,0,0,None,,0,0,0,0,0,0,0,0,0,0,0,0,0,0,0,0,0,0,0,0,0,0,0,0,-,-,-
9a1ee1031ca95ff9d500b1a672f8e91a,2026-02-03 15:45:29,Giovanni DE GENNARO,Giovanni DE GENNARO,GENNARO,Giovanni DE,"GENNARO, Giovanni DE",2018-06-01,None,Prague,Heats1,MK1,ITA,,26,8,87.93,0,0,None,,0,0,0,0,0,0,0,0,0,0,0,0,0,0,0,0,0,0,0,0,0,0,0,0,-,-,-
528a81b3b7c9221f59c4b39f68fa6d24,2026-02-03 15:45:22,Giovanni DE GENNARO,Giovanni DE GENNARO,GENNARO,Giovanni DE,"GENNARO, Giovanni DE",2017-10-27,None,Pau,Heats1,MK1,ITA,,25,20,79.24,2,2,None,,0,0,0,0,0,0,0,0,0,0,0,0,0,0,0,0,0,0,0,0,0,0,0,-,-,-,-
337c582c68df7b7cbb9c63b0c5329a76,2026-02-03 15:45:22,Giovanni DE GENNARO,Giovanni DE GENNARO,GENNARO,Giovanni DE,"GENNARO, Giovanni DE",2017-10-01,None,Pau,Semi,MK1,ITA,,25,35,98.07,6,6,None,,0,0,0,0,0,0,0,0,0,0,0,0,0,0,0,0,0,0,0,0,0,0,0,-,-,-,-
75f09c1535e268045cb6b24ed3a0b873,2026-02-03 15:45:22,Giovanni DE GENNARO,Giovanni DE GENNARO,GENNARO,Giovanni DE,"GENNARO, Giovanni DE",2017-09-10,None,La Seu,Semi,MK1,ITA,,25,11,92.13,0,0,None,,0,0,0,0,0,0,0,0,0,0,0,0,0,0,0,0,0,0,0,0,0,0,0,0,-,-,-
41410fe951c4519bcd230f56faf15903,2026-02-03 15:45:22,Giovanni DE GENNARO,Giovanni DE GENNARO,GENNARO,Giovanni DE,"GENNARO, Giovanni DE",2017-09-08,None,La Seu,Heats1,MK1,ITA,,25,18,91.78,4,4,None,,0,0,0,0,0,0,0,0,0,0,0,0,0,0,0,0,0,0,0,0,0,0,0,0,-,-,-
39bbed582eb35b0bb0d4eaa53ceb4135,2026-02-03 15:45:22,Giovanni DE GENNARO,Giovanni DE GENNARO,GENNARO,Giovanni DE,"GENNARO, Giovanni DE",2017-09-03,None,Ivrea,Semi,MK1,ITA,,25,28,91.43,4,4,None,,0,0,0,0,0,0,0,0,0,0,0,0,0,0,0,0,0,0,0,0,0,0,0,-,-,-,-
cae4ae91f5f11156a8ffeb9b8718eb1a,2026-02-03 15:45:22,Giovanni DE GENNARO,Giovanni DE GENNARO,GENNARO,Giovanni DE,"GENNARO, Giovanni DE",2017-09-01,None,Ivrea,Heats1,MK1,ITA,,25,8,89.78,0,0,None,,0,0,0,0,0,0,0,0,0,0,0,0,0,0,0,0,0,0,0,0,0,0,-,-,-,-,-
3015e1b4b1df38e63aeb3d692633b39b,2026-02-03 15:45:22,Giovanni DE GENNARO,Giovanni DE GENNARO,GENNARO,Giovanni DE,"GENNARO, Giovanni DE",2017-07-02,None,Markkleeberg,Semi,MK1,ITA,,25,10,95.7,2,2,None,,0,0,0,0,0,0,0,0,0,0,0,0,0,0,0,0,0,0,0,0,0,0,0,-,-,-,-
7f1f119614eedfda70332065ebd1531f,2026-02-03 15:45:22,Giovanni DE GENNARO,Giovanni DE GENNARO,GENNARO,Giovanni DE,"GENNARO, Giovanni DE",2017-07-02,None,Markkleeberg,Final,MK1,ITA,,25,1,92.83,0,0,None,,0,0,0,0,0,0,0,0,0,0,0,0,0,0,0,0,0,0,0,0,0,0,0,-,-,-,-
e7f1973b8dd616336c1e3e691094b081,2026-02-03 15:45:22,Giovanni DE GENNARO,Giovanni DE GENNARO,GENNARO,Giovanni DE,"GENNARO, Giovanni DE",2017-06-30,None,Markkleeberg,Heats1,MK1,ITA,,25,62,93.13,52,52,None,,0,0,0,0,0,0,0,0,0,0,0,0,0,0,0,0,0,0,0,0,0,0,0,-,-,-,-
76db5a2b1012d3fee696c5e4a453c188,2026-02-03 15:45:22,Giovanni DE GENNARO,Giovanni DE GENNARO,GENNARO,Giovanni DE,"GENNARO, Giovanni DE",2017-06-30,None,Markkleeberg,Heats2,MK1,ITA,,25,6,94.21,0,0,None,,0,0,0,0,0,0,0,0,0,0,0,0,0,0,0,0,0,0,0,0,0,0,0,-,-,-,-
34e4d7015bd745503244ca083f0ef64b,2026-02-03 15:45:22,Giovanni DE GENNARO,Giovanni DE GENNARO,GENNARO,Giovanni DE,"GENNARO, Giovanni DE",2017-06-25,None,Augsburg,Semi,MK1,ITA,,25,21,99.72,4,4,None,,0,0,0,0,0,0,0,0,0,0,0,0,0,0,0,0,0,0,0,0,0,0,0,0,-,-,-
911b6ffba7129a722ae88e19eb490f7e,2026-02-03 15:45:22,Giovanni DE GENNARO,Giovanni DE GENNARO,GENNARO,Giovanni DE,"GENNARO, Giovanni DE",2017-06-23,None,Augsburg,Heats1,MK1,ITA,,25,20,96.72,0,0,None,,0,0,0,0,0,0,0,0,0,0,0,0,0,0,0,0,0,0,0,0,0,0,0,0,-,-,-
e06bfb76a7ef04275e71e545208ff615,2026-02-03 15:45:22,Giovanni DE GENNARO,Giovanni DE GENNARO,GENNARO,Giovanni DE,"GENNARO, Giovanni DE",2017-06-18,None,Prague,Semi,MK1,ITA,,25,31,87.27,52,52,None,,0,0,0,0,0,0,0,0,0,0,0,0,0,0,0,0,0,0,0,0,0,0,0,0,0,-,-
d64620ba00cf820622fcd9aea5fae889,2026-02-03 15:45:22,Giovanni DE GENNARO,Giovanni DE GENNARO,GENNARO,Giovanni DE,"GENNARO, Giovanni DE",2017-06-16,None,Prague,Heats1,MK1,ITA,,25,18,80.88,0,0,None,,0,0,0,0,0,0,0,0,0,0,0,0,0,0,0,0,0,0,0,0,0,0,0,0,0,-,-
806287343c8602184f56175fa9c74e69,2026-02-03 15:45:22,Giovanni DE GENNARO,Giovanni DE GENNARO,GENNARO,Giovanni DE,"GENNARO, Giovanni DE",2017-06-04,None,Tacen,Semi,MK1,ITA,,25,18,86.79,2,2,None,,0,0,0,0,0,0,0,0,0,0,0,0,0,0,0,0,0,0,0,0,0,0,0,0,-,-,-
3595026d0ffc44b61fe76fdf5a0fc536,2026-02-03 15:45:22,Giovanni DE GENNARO,Giovanni DE GENNARO,GENNARO,Giovanni DE,"GENNARO, Giovanni DE",2017-06-01,None,Tacen,Heats1,MK1,ITA,,25,4,91.8,2,2,None,,0,0,0,0,0,0,0,0,0,0,0,0,0,0,0,0,0,0,0,0,0,0,0,0,-,-,-
b0dc54cb336c11372fb7db6bf3e906f7,2026-02-03 15:45:15,Giovanni DE GENNARO,Giovanni DE GENNARO,GENNARO,Giovanni DE,"GENNARO, Giovanni DE",2016-08-11,Olympic Games ,"Deodoro, Rio",Final,MK1,ITA,,24,7,91.77,0,0,91.77,91.77,0,0,0,0,0,0,0,0,0,0,0,0,0,0,0,0,0,0,0,0,0,0,0,0,-,-,-
38ccec6330581ae8c4a58591bbd3c3cf,2026-02-03 15:45:15,Giovanni DE GENNARO,Giovanni DE GENNARO,GENNARO,Giovanni DE,"GENNARO, Giovanni DE",2016-08-11,Olympic Games ,"Deodoro, Rio",Semi,MK1,ITA,,24,9,93.59,2,2,95.59,95.59,0,0,0,0,0,0,0,0,0,0,0,0,0,0,0,0,0,0,0,0,0,0,0,0,-,-,-
57cf943c8fdeeb071067a2972c96810e,2026-02-03 15:45:15,Giovanni DE GENNARO,Giovanni DE GENNARO,GENNARO,Giovanni DE,"GENNARO, Giovanni DE",2016-08-09,Olympic Games ,"Deodoro, Rio",Heats1,MK1,ITA,,24,1,86.85,0,0,86.85,86.85,0,0,0,0,0,0,0,0,0,0,0,0,0,0,0,0,0,0,0,0,0,0,0,0,-,-,-
77a5753818530e735fc512f5c26d38d0,2026-02-03 15:45:15,Giovanni DE GENNARO,Giovanni DE GENNARO,GENNARO,Giovanni DE,"GENNARO, Giovanni DE",2016-08-09,Olympic Games ,"Deodoro, Rio",Heats2,MK1,ITA,,24,9,88.74,2,2,90.74,90.74,0,0,0,0,0,0,0,0,0,0,0,0,0,0,0,0,0,0,0,0,0,0,0,0,-,-,-
d5b9a3ccba2d520fc1df53dc3d4856c0,2026-02-03 15:45:15,Giovanni DE GENNARO,Giovanni DE GENNARO,GENNARO,Giovanni DE,"GENNARO, Giovanni DE",2016-06-05,World Cup ,Ivrea,Final,MK1,ITA,,24,1,88.13,2,2,90.13,90.13,0,0,0,0,0,0,0,0,0,0,0,0,0,0,0,0,0,0,0,0,0,0,0,0,-,-,-
a0d8f955cf07078f0665557985a076a6,2026-02-03 15:45:15,Giovanni DE GENNARO,Giovanni DE GENNARO,GENNARO,Giovanni DE,"GENNARO, Giovanni DE",2016-06-05,World Cup ,Ivrea,Semi,MK1,ITA,,24,10,91.66,0,0,91.66,91.66,0,0,0,0,0,0,0,0,0,0,0,0,0,0,0,0,0,0,0,0,0,0,0,0,-,-,-
e2aac2998002718482d152bb832625bc,2026-02-03 15:45:15,Giovanni DE GENNARO,Giovanni DE GENNARO,GENNARO,Giovanni DE,"GENNARO, Giovanni DE",2016-06-03,World Cup ,Ivrea,Heats1,MK1,ITA,,24,21,87.6,4,4,91.6,91.6,0,0,0,0,0,0,0,0,0,0,0,0,0,0,0,0,0,0,0,0,0,0,0,-,-,-,-
ddc51d1d2a75de4fbe7682c697236152,2026-02-03 15:45:09,Giovanni DE GENNARO,Giovanni DE GENNARO,GENNARO,Giovanni DE,"GENNARO, Giovanni DE",2015-09-20,World Championships ,Lee Valley,Semi,MK1,ITA,,23,12,94.57,0,0,94.57,94.57,0,0,0,0,0,0,0,0,0,0,0,0,0,0,0,0,0,0,0,0,0,0,-,-,-,-,-
4bff7e884a586ffe9e750d73c9ad5daa,2026-02-03 15:45:09,Giovanni DE GENNARO,Giovanni DE GENNARO,GENNARO,Giovanni DE,"GENNARO, Giovanni DE",2015-09-18,World Championships ,Lee Valley,Heats1,MK1,ITA,,23,41,87.53,0,0,87.53,87.53,0,0,0,0,0,0,0,0,0,0,0,0,0,0,0,0,0,0,0,0,0,0,-,-,-,-,-
336b983121a84269a58b14b0cd94e458,2026-02-03 15:45:09,Giovanni DE GENNARO,Giovanni DE GENNARO,GENNARO,Giovanni DE,"GENNARO, Giovanni DE",2015-09-18,World Championships ,Lee Valley,Heats2,MK1,ITA,,23,10,87.53,0,0,87.53,87.53,0,0,0,0,0,0,0,0,0,0,0,0,0,0,0,0,0,0,0,0,0,0,-,-,-,-,-
8d103027c0af8ffcf4c58bb7ad378fb5,2026-06-09 20:00:28,Jakub GRIGAR,Jakub GRIGAR,GRIGAR,Jakub,"GRIGAR, Jakub",2026-05-02,ICF World ranking TATRA INTERNATIONAL,Liptovsky Mikulas,Heats1,MK1,SVK,,29,5,102.43,4,4,None,,0,0,0,0,0,0,0,2,0,0,0,0,0,0,0,2,0,0,0,0,0,0,-,-,-,-,-
2aa2b0b317aa2acca9e954d19398c40d,2026-06-09 20:00:28,Jakub GRIGAR,Jakub GRIGAR,GRIGAR,Jakub,"GRIGAR, Jakub",2026-05-02,ICF World ranking TATRA INTERNATIONAL,Liptovsky Mikulas,Final,MK1,SVK,,29,11,100,54,54,None,,0,2,0,0,2,0,50,0,0,0,0,0,0,0,0,0,0,0,0,0,0,0,-,-,-,-,-
39239ef633b0fc527235cc8dbfc2732c,2026-04-02 14:26:24,Jakub GRIGAR,Jakub GRIGAR,GRIGAR,Jakub,"GRIGAR, Jakub",2026-03-30,ICF World ranking ,Oklahoma,FinalB,MK1,SVK,,29,34,96.96,2,2,None,,0,0,0,0,0,0,0,0,0,0,0,0,0,2,0,0,0,0,0,0,0,0,0,0,0,-,-
849d430094a98f00b16a29493c0c5788,2026-06-09 20:00:28,Jakub GRIGAR,Jakub GRIGAR,GRIGAR,Jakub,"GRIGAR, Jakub",2026-03-28,ICF World ranking ,Oklahoma,FinalB,MK1,SVK,,29,34,96.96,2,2,None,,0,0,0,0,0,0,0,0,0,0,0,0,0,2,0,0,0,0,0,0,0,0,0,0,0,-,-
3415fef5b86fe45cd6978753fe690f42,2026-06-09 20:00:28,Jakub GRIGAR,Jakub GRIGAR,GRIGAR,Jakub,"GRIGAR, Jakub",2026-03-28,ICF World ranking ,Oklahoma,Heats1,MK1,SVK,,29,27,81.38,4,4,None,,0,2,0,0,2,0,0,0,0,0,0,0,0,0,0,0,0,0,0,0,0,0,0,-,-,-,-
6e490e72447f3450a023c38c5f371904,2026-05-18 01:16:32,Jakub GRIGAR,Jakub GRIGAR,GRIGAR,Jakub,"GRIGAR, Jakub",2026-02-17,ICF World ranking TATRA INTERNATIONAL,Liptovsky Mikulas,Final,MK1,SVK,,29,11,100,54,54,None,,0,2,0,0,2,0,50,0,0,0,0,0,0,0,0,0,0,0,0,0,0,0,-,-,-,-,-
b15e8dd0d7cbd5e6d9ad11e072507896,2026-04-02 14:26:24,Jakub GRIGAR,Jakub GRIGAR,GRIGAR,Jakub,"GRIGAR, Jakub",2026-02-17,ICF World ranking ,Oklahoma,Heats1,MK1,SVK,,29,27,81.38,4,4,None,,0,2,0,0,2,0,0,0,0,0,0,0,0,0,0,0,0,0,0,0,0,0,0,-,-,-,-
8912df73c55976cd61ccf34e6ebcd24d,2026-05-18 01:16:32,Jakub GRIGAR,Jakub GRIGAR,GRIGAR,Jakub,"GRIGAR, Jakub",2026-02-17,ICF World ranking TATRA INTERNATIONAL,Liptovsky Mikulas,Heats1,MK1,SVK,,29,5,102.43,4,4,None,,0,0,0,0,0,0,0,2,0,0,0,0,0,0,0,2,0,0,0,0,0,0,-,-,-,-,-
ba3e4b2ad4c6af77d55cdbe5113df410,2026-02-24 11:16:55,Jakub GRIGAR,Jakub GRIGAR,GRIGAR,Jakub,"GRIGAR, Jakub",2026-02-08,None,Ile de la Reunion,Heats1,MK1,SVK,,29,6,100.38,2,2,None,,0,0,0,0,0,0,0,0,0,0,0,0,0,0,0,0,0,0,0,0,0,0,-,-,-,-,-
b424af7feddb2dfc57b2190fe1b75526,2026-02-24 11:16:55,Jakub GRIGAR,Jakub GRIGAR,GRIGAR,Jakub,"GRIGAR, Jakub",2026-02-08,None,Ile de la Reunion,Final,MK1,SVK,,29,6,95.03,2,2,None,,0,0,0,0,0,0,0,0,0,0,0,0,0,0,0,0,0,0,0,0,0,0,-,-,-,-,-
60d5092792661f0dfd50108466628685,2026-04-02 14:26:24,Jakub GRIGAR,Jakub GRIGAR,GRIGAR,Jakub,"GRIGAR, Jakub",2026-02-08,ICF World ranking ,Ile de la Reunion,Heats1,MK1,SVK,,29,6,100.38,2,2,None,,0,0,0,0,0,0,0,0,0,0,0,0,0,0,0,0,0,0,0,0,0,0,-,-,-,-,-
825ac8434ae18b08ac12f781d5c46311,2026-04-02 14:26:24,Jakub GRIGAR,Jakub GRIGAR,GRIGAR,Jakub,"GRIGAR, Jakub",2026-02-08,ICF World ranking ,Ile de la Reunion,Final,MK1,SVK,,29,6,95.03,2,2,None,,0,0,0,0,0,0,0,0,0,0,0,0,0,0,0,0,0,0,0,0,0,0,-,-,-,-,-
2f880e4b61c3a5e38ea12178b881677e,2026-02-03 15:46:38,Jakub GRIGAR,Jakub GRIGAR,GRIGAR,Jakub,"GRIGAR, Jakub",2025-10-04,World Championships ,Penrith,Semi,MK1,SVK,27,28,28,95.25,52,52,147.25,147.25,0,0,0,2,0,0,0,0,0,0,0,50,0,0,0,0,0,0,0,0,0,0,-,-,-,-,-
8e65e8f69e2f0cc8b03d6ab9439b8145,2026-02-03 15:46:38,Jakub GRIGAR,Jakub GRIGAR,GRIGAR,Jakub,"GRIGAR, Jakub",2025-10-03,World Championships ,Penrith,Heats1,MK1,SVK,27,28,25,90.54,0,0,90.54,90.54,0,0,0,0,0,0,0,0,0,0,0,0,0,0,0,0,0,0,0,0,0,0,-,-,-,-,-
8002ec6b349193f5487c62577890b8c1,2026-02-03 15:46:38,Jakub GRIGAR,Jakub GRIGAR,GRIGAR,Jakub,"GRIGAR, Jakub",2025-09-05,World Cup Final,Augsburg,Heats1,MK1,SVK,19,28,51,109.1,6,6,115.1,115.1,0,0,0,0,0,0,0,0,0,-,2,-,-,-,-,-,-,-,-,-,-,-,2,2,-,-,-
56a3cee49aa4bc2b82552eb95291fa47,2026-02-03 15:46:38,Jakub GRIGAR,Jakub GRIGAR,GRIGAR,Jakub,"GRIGAR, Jakub",2025-08-29,World Cup #4,Tacen,Heats1,MK1,SVK,19,28,59,78.88,50,50,128.88,128.88,0,0,0,0,0,0,0,0,0,0,-,-,50,-,-,-,-,-,-,-,-,-,-,-,-,-,-
a08a4a1f062cf51deb63fa744760d4a1,2026-02-03 15:46:38,Jakub GRIGAR,Jakub GRIGAR,GRIGAR,Jakub,"GRIGAR, Jakub",2025-08-03,ICF World ranking Grand Prix,Bratislava,Final,MK1,SVK,89,28,8,91.4,4,4,95.4,95.4,0,0,0,0,0,0,0,0,0,0,0,0,0,0,-,-,-,-,2,-,-,2,-,-,-,-,-
ded3bfb7177bdc0c96155c4c2de9ba1d,2026-02-03 15:46:38,Jakub GRIGAR,Jakub GRIGAR,GRIGAR,Jakub,"GRIGAR, Jakub",2025-08-03,ICF World ranking Grand Prix,Bratislava,Heats1,MK1,SVK,89,28,5,91.19,0,0,91.19,91.19,0,0,0,0,0,0,0,0,0,0,0,0,0,0,-,-,-,-,-,-,-,-,-,-,-,-,-
bb62aa5351deec364fb6b20c25c58f00,2026-02-03 15:46:38,Jakub GRIGAR,Jakub GRIGAR,GRIGAR,Jakub,"GRIGAR, Jakub",2025-06-27,World Cup #3,Prague,Heats1,MK1,SVK,21,28,57,96.99,54,54,150.99,150.99,0,0,0,0,0,2,0,0,0,0,-,2,-,-,-,-,-,-,-,-,-,-,-,50,-,-,-
c486ca731dbb4ab20587d4f1d76abc8f,2026-02-03 15:46:38,Jakub GRIGAR,Jakub GRIGAR,GRIGAR,Jakub,"GRIGAR, Jakub",2025-06-27,World Cup Grand Prix - short,Prague,Final,MK1,SVK,21,28,1,48.71,0,0,48.71,48.71,0,0,0,0,0,0,0,0,0,0,-,-,-,-,-,-,-,-,-,-,-,-,-,-,-,-,-
00d9c3f95e5f2ababe9331c2b8a03772,2026-02-03 15:46:38,Jakub GRIGAR,Jakub GRIGAR,GRIGAR,Jakub,"GRIGAR, Jakub",2025-06-27,World Cup Grand Prix - short,Prague,Heats1,MK1,SVK,21,28,5,50.89,0,0,50.89,50.89,0,0,0,0,0,0,0,0,0,0,-,-,-,-,-,-,-,-,-,-,-,-,-,-,-,-,-
12b88043b356b2080b25e2446a7fabdf,2026-02-03 15:46:38,Jakub GRIGAR,Jakub GRIGAR,GRIGAR,Jakub,"GRIGAR, Jakub",2025-06-13,World Cup #2,Pau,Heats1,MK1,SVK,19,28,38,100.73,2,2,102.73,102.73,0,0,0,0,2,0,0,0,0,-,-,-,-,-,-,-,-,-,-,-,-,-,-,-,-,-,-
48c8d9e250f0955174001215e8661b85,2026-02-03 15:46:38,Jakub GRIGAR,Jakub GRIGAR,GRIGAR,Jakub,"GRIGAR, Jakub",2025-06-06,World Cup #1,La Seu,Heats1,MK1,SVK,,28,14,85.21,2,2,87.21,87.21,0,2,0,0,0,0,0,0,0,0,0,0,0,0,0,0,0,0,0,0,0,0,0,-,-,-,-
3ca3da621af08542b5a7106c80506225,2026-02-03 15:46:38,Jakub GRIGAR,Jakub GRIGAR,GRIGAR,Jakub,"GRIGAR, Jakub",2025-05-17,Euros ,Vaires sur Marne,Semi,MK1,SVK,,28,11,84.64,0,0,84.64,84.64,0,0,0,0,0,0,0,0,0,-,-,-,-,-,-,-,-,-,-,-,-,-,-,-,-,-,-
744a9d40b8d9bd2e79d5f1042d373cf1,2026-02-03 15:46:38,Jakub GRIGAR,Jakub GRIGAR,GRIGAR,Jakub,"GRIGAR, Jakub",2025-05-17,Euros ,Vaires sur Marne,Final,MK1,SVK,,28,6,85.51,0,0,85.51,85.51,0,0,0,0,0,0,0,0,0,-,-,-,-,-,-,-,-,-,-,-,-,-,-,-,-,-,-
3a7ff62dea53770dad78140842ab64bd,2026-02-03 15:46:38,Jakub GRIGAR,Jakub GRIGAR,GRIGAR,Jakub,"GRIGAR, Jakub",2025-05-16,Euros ,Vaires sur Marne,Heats1,MK1,SVK,,28,3,83.38,0,0,83.38,83.38,0,0,0,0,0,0,0,0,0,0,0,0,0,0,0,0,0,0,0,0,0,0,-,-,-,-,-
4e3bdbfd668953a4e4d7dc0321a72534,2026-02-03 15:46:38,Jakub GRIGAR,Jakub GRIGAR,GRIGAR,Jakub,"GRIGAR, Jakub",2025-04-13,ICF World ranking ,Markkleeberg,Heats1,MK1,SVK,,28,1,96.18,0,0,96.18,96.18,0,0,0,0,0,0,0,0,0,0,0,0,0,0,0,0,0,0,0,0,0,0,0,0,-,-,-
2acb4cfd3bc3380884617f1268f5ee86,2026-02-03 15:46:38,Jakub GRIGAR,Jakub GRIGAR,GRIGAR,Jakub,"GRIGAR, Jakub",2025-04-13,ICF World ranking ,Markkleeberg,Final,MK1,SVK,,28,10,98.76,8,8,106.76,106.76,0,0,2,0,0,0,0,0,0,0,0,0,0,0,2,0,0,0,0,0,0,2,2,0,-,-,-
46f13c662ca7b222cb9e20b63b23a78f,2026-02-03 15:46:27,Jakub GRIGAR,Jakub GRIGAR,GRIGAR,Jakub,"GRIGAR, Jakub",2024-08-04,Olympic Games ,Vaires sur Marne,Semi,MK1,SVK,,27,5,90,2,2,92,92,0,0,0,0,0,0,0,0,0,0,0,0,0,0,0,0,0,0,0,0,0,0,-,-,-,-,-
1e25426aa5bb875041203634021e1109,2026-02-03 15:46:27,Jakub GRIGAR,Jakub GRIGAR,GRIGAR,Jakub,"GRIGAR, Jakub",2024-08-04,Olympic Games ,Vaires sur Marne,Final,MK1,SVK,,27,6,90.21,0,0,90.21,90.21,0,0,0,0,0,0,0,0,0,0,0,0,0,0,0,0,0,0,0,0,0,0,-,-,-,-,-
1b6d5eeb66648ef477c99d39219c752c,2026-02-03 15:46:27,Jakub GRIGAR,Jakub GRIGAR,GRIGAR,Jakub,"GRIGAR, Jakub",2024-08-03,Olympic Games ,Vaires sur Marne,Heats1,MK1,SVK,,27,6,87.1,0,0,87.1,87.1,0,0,0,0,0,0,0,0,0,0,0,0,0,0,0,0,0,0,0,0,0,0,-,-,-,-,-
676a1d15fe64eff31c2d3dc07b5a4cdd,2026-02-03 15:46:27,Jakub GRIGAR,Jakub GRIGAR,GRIGAR,Jakub,"GRIGAR, Jakub",2024-06-15,World Cup #3,Krakow,Semi,MK1,SVK,,27,24,92.46,2,2,94.46,94.46,0,0,0,0,0,0,0,0,0,0,0,0,0,2,0,0,0,0,0,0,0,0,-,-,-,-,-
1b2a03917614a89d042bda719f5e9018,2026-02-03 15:46:27,Jakub GRIGAR,Jakub GRIGAR,GRIGAR,Jakub,"GRIGAR, Jakub",2024-06-14,World Cup #3,Krakow,Heats1,MK1,SVK,,27,6,83.49,0,0,83.49,83.49,0,0,0,0,0,0,0,0,0,0,0,0,0,0,0,0,0,0,0,0,0,0,-,-,-,-,-
d400b79f6d08e05a072dd009ed022602,2026-02-03 15:46:27,Jakub GRIGAR,Jakub GRIGAR,GRIGAR,Jakub,"GRIGAR, Jakub",2024-06-07,World Cup #2,Prague,Heats1,MK1,SVK,,27,24,87.14,2,2,89.14,89.14,0,0,0,0,0,0,0,0,0,0,0,0,0,0,0,0,0,0,2,0,0,0,0,0,-,-,-
1b004775a55ca1ffacb0214d4cf8501d,2026-02-03 15:46:16,Jakub GRIGAR,Jakub GRIGAR,GRIGAR,Jakub,"GRIGAR, Jakub",2023-10-07,World Cup final,Vaires sur Marne,Semi,MK1,SVK,,26,19,98.49,0,0,98.49,98.49,0,0,0,0,0,0,0,0,0,0,0,0,0,0,0,0,0,0,0,0,0,-,-,-,-,-,-
793cbb4bdee90f5b0d932c7d934c6018,2026-02-03 15:46:16,Jakub GRIGAR,Jakub GRIGAR,GRIGAR,Jakub,"GRIGAR, Jakub",2023-10-06,World Cup final,Vaires sur Marne,Heats1,MK1,SVK,,26,4,90.65,0,0,90.65,90.65,0,0,0,0,0,0,0,0,0,0,0,0,0,0,0,0,0,0,0,0,0,-,-,-,-,-,-
bfe062db0fdff25c702ceb9b6b15f183,2026-02-03 15:46:16,Jakub GRIGAR,Jakub GRIGAR,GRIGAR,Jakub,"GRIGAR, Jakub",2023-10-06,World Cup final,Vaires sur Marne,Heats2,MK1,SVK,,26,1,88.92,0,0,88.92,88.92,0,0,0,0,0,0,0,0,0,0,0,0,0,0,0,0,0,0,0,0,0,-,-,-,-,-,-
005a22417e3b0fa1b3c1cbfc33bfed7f,2026-02-03 15:46:16,Jakub GRIGAR,Jakub GRIGAR,GRIGAR,Jakub,"GRIGAR, Jakub",2023-09-23,World Championships ,Lee Valley,Semi,MK1,SVK,,26,19,95.72,2,2,97.72,97.72,0,0,0,0,0,0,0,0,0,0,0,2,0,0,0,0,0,0,0,0,0,0,-,-,-,-,-
f91579fec044fd28db102db1f9cf7897,2026-02-03 15:46:16,Jakub GRIGAR,Jakub GRIGAR,GRIGAR,Jakub,"GRIGAR, Jakub",2023-09-22,World Championships ,Lee Valley,Heats1,MK1,SVK,,26,8,80.36,0,0,80.36,80.36,0,0,0,0,0,0,0,0,0,0,0,0,0,0,0,0,0,0,0,0,0,0,0,-,-,-,-
92312726765192253ab48afea84b9a9a,2026-02-03 15:46:16,Jakub GRIGAR,Jakub GRIGAR,GRIGAR,Jakub,"GRIGAR, Jakub",2023-09-01,World Cup #4,La Seu,Heats1,MK1,SVK,,26,17,91.27,2,2,93.27,93.27,0,0,0,0,0,0,0,0,0,0,0,0,0,0,2,0,0,0,0,0,0,0,-,-,-,-,-
7089d042266968e634646b984c00191b,2026-02-03 15:46:16,Jakub GRIGAR,Jakub GRIGAR,GRIGAR,Jakub,"GRIGAR, Jakub",2023-08-05,ICF World ranking ,Bratislava,Heats1,MK1,SVK,,26,1,84.18,2,2,86.18,86.18,0,0,0,0,0,0,0,0,0,0,0,0,0,0,0,0,0,0,0,0,0,0,0,0,0,-,-
1a2565a1f6c0e31ccbb775e6275951d5,2026-02-03 15:46:16,Jakub GRIGAR,Jakub GRIGAR,GRIGAR,Jakub,"GRIGAR, Jakub",2023-08-05,ICF World ranking ,Bratislava,Semi,MK1,SVK,,26,6,83.9,2,2,85.9,85.9,0,0,0,0,0,0,0,0,0,0,0,0,0,0,0,0,0,0,0,0,-,-,-,-,-,-,-
f3a44f6f59a7da0450ee4a78c1e069b7,2026-02-03 15:46:16,Jakub GRIGAR,Jakub GRIGAR,GRIGAR,Jakub,"GRIGAR, Jakub",2023-08-05,ICF World ranking ,Bratislava,Final,MK1,SVK,,26,2,82.12,2,2,84.12,84.12,0,0,0,0,0,0,0,0,0,0,0,0,0,0,0,0,0,0,0,0,-,-,-,-,-,-,-
b546e5310654dc1584e2ec375802fc60,2026-02-03 15:46:16,Jakub GRIGAR,Jakub GRIGAR,GRIGAR,Jakub,"GRIGAR, Jakub",2023-07-02,Euros European Games,Krakow,Semi,MK1,SVK,,26,9,92.01,0,0,92.01,92.01,0,0,0,0,0,0,0,0,0,0,0,0,0,0,0,0,0,0,0,0,0,-,-,-,-,-,-
4e4b3c22a0d82622a7161e5d6e3bb291,2026-02-03 15:46:16,Jakub GRIGAR,Jakub GRIGAR,GRIGAR,Jakub,"GRIGAR, Jakub",2023-07-02,Euros European Games,Krakow,Final,MK1,SVK,,26,6,89.74,2,2,91.74,91.74,0,0,0,0,0,0,0,0,0,0,0,0,0,0,0,0,0,0,0,0,2,-,-,-,-,-,-
ea6b6e9af57d2227de2088d36448ffb4,2026-02-03 15:46:16,Jakub GRIGAR,Jakub GRIGAR,GRIGAR,Jakub,"GRIGAR, Jakub",2023-06-30,Euros European Games,Krakow,Heats1,MK1,SVK,,26,9,87.51,0,0,87.51,87.51,0,0,0,0,0,0,0,0,0,0,0,0,0,0,0,0,0,0,0,0,0,-,-,-,-,-,-
8a9c91882e3f52f616b4f9f0fd192763,2026-02-03 15:46:16,Jakub GRIGAR,Jakub GRIGAR,GRIGAR,Jakub,"GRIGAR, Jakub",2023-06-02,World Cup #1,Augsburg,Semi,MK1,SVK,,26,13,95.33,2,2,97.33,97.33,0,0,0,0,0,0,2,0,0,0,-,-,-,-,-,-,-,-,-,-,-,-,-,-,-,-,-
ce7e1b3ffb1c9d87f1e236dd27001c07,2026-02-03 15:46:16,Jakub GRIGAR,Jakub GRIGAR,GRIGAR,Jakub,"GRIGAR, Jakub",2023-06-01,World Cup #1,Augsburg,Heats1,MK1,SVK,,26,21,91.76,2,2,93.76,93.76,0,0,0,0,0,0,0,0,0,0,0,0,0,0,0,0,0,2,0,0,0,0,0,-,-,-,-
24657529202b833423e099f378ad164a,2026-02-03 15:46:16,Jakub GRIGAR,Jakub GRIGAR,GRIGAR,Jakub,"GRIGAR, Jakub",2023-04-23,Tatra slalom ,Liptovsky Mikulas,Semi,MK1,SVK,,26,9,99.3,4,4,103.3,103.3,0,0,0,0,0,0,0,0,0,0,0,0,0,0,0,0,0,0,0,0,0,0,-,-,-,-,-
bcbd072fa4b9790cf50fda7cd574e62c,2026-02-03 15:46:16,Jakub GRIGAR,Jakub GRIGAR,GRIGAR,Jakub,"GRIGAR, Jakub",2023-04-23,Tatra slalom ,Liptovsky Mikulas,Final,MK1,SVK,,26,1,90.38,0,0,90.38,90.38,0,0,0,0,0,0,0,0,0,0,0,0,0,0,0,0,0,0,0,0,0,0,-,-,-,-,-
4dc530ff719a08c86133907f1c952cba,2026-02-03 15:46:16,Jakub GRIGAR,Jakub GRIGAR,GRIGAR,Jakub,"GRIGAR, Jakub",2023-04-22,Tatra slalom ,Liptovsky Mikulas,Heats1,MK1,SVK,,26,2,97.42,4,4,101.42,101.42,0,0,0,0,0,0,0,0,0,0,0,0,0,0,0,0,0,0,0,0,0,0,-,-,-,-,-
64e3e469ba2a77f9b9a391d747d66bed,2026-02-03 15:46:02,Jakub GRIGAR,Jakub GRIGAR,GRIGAR,Jakub,"GRIGAR, Jakub",2022-07-31,World Championships ,Augsburg,Semi,MK1,SVK,,25,8,94.51,2,2,96.51,96.51,0,0,0,0,0,0,0,0,0,0,0,0,0,0,0,0,0,0,0,0,0,0,-,-,-,-,-
b112cf6fce6964d09cb2d6a201d67db2,2026-02-03 15:46:02,Jakub GRIGAR,Jakub GRIGAR,GRIGAR,Jakub,"GRIGAR, Jakub",2022-07-31,World Championships ,Augsburg,Final,MK1,SVK,,25,4,96.38,0,0,96.38,96.38,0,0,0,0,0,0,0,0,0,0,0,0,0,0,0,0,0,0,0,0,0,0,-,-,-,-,-
a94f121882ca355181c3658c98a32eb4,2026-02-03 15:46:02,Jakub GRIGAR,Jakub GRIGAR,GRIGAR,Jakub,"GRIGAR, Jakub",2022-07-28,World Championships ,Augsburg,Heats1,MK1,SVK,,25,12,89.83,0,0,89.83,89.83,0,0,0,0,0,0,0,0,0,0,0,0,0,0,0,0,0,0,0,0,0,0,-,-,-,-,-
db67518d6f618c8f12e62aa544b7e178,2026-02-03 15:46:02,Jakub GRIGAR,Jakub GRIGAR,GRIGAR,Jakub,"GRIGAR, Jakub",2022-06-26,World Cup #3,Tacen,Semi,MK1,SVK,,25,10,85.63,0,0,85.63,85.63,0,0,0,0,0,0,0,0,0,0,0,0,0,0,0,0,0,0,0,0,0,0,-,-,-,-,-
eb4d8971d18d7dd52728304690d9cd9e,2026-02-03 15:46:02,Jakub GRIGAR,Jakub GRIGAR,GRIGAR,Jakub,"GRIGAR, Jakub",2022-06-26,World Cup #3,Tacen,Final,MK1,SVK,,25,3,84.61,0,0,84.61,84.61,0,0,0,0,0,0,0,0,0,0,0,0,0,0,0,0,0,0,0,0,0,0,-,-,-,-,-
f533ebae3f2b1e834c1673040ad2ec91,2026-02-03 15:46:02,Jakub GRIGAR,Jakub GRIGAR,GRIGAR,Jakub,"GRIGAR, Jakub",2022-06-24,World Cup #3,Tacen,Heats1,MK1,SVK,,25,17,83.14,0,0,83.14,83.14,0,0,0,0,0,0,0,0,0,0,0,0,0,0,0,0,0,0,0,0,0,0,-,-,-,-,-
9038400aed25ea7e4c06605ee0cfcc0a,2026-02-03 15:46:02,Jakub GRIGAR,Jakub GRIGAR,GRIGAR,Jakub,"GRIGAR, Jakub",2022-06-19,World Cup #2,Krakow,Semi,MK1,SVK,,25,13,88.24,0,0,88.24,88.24,0,0,0,0,0,0,0,0,0,0,0,0,0,0,0,0,0,0,0,0,0,0,-,-,-,-,-
f32575a4fc0622539e5fdf413ca62795,2026-02-03 15:46:02,Jakub GRIGAR,Jakub GRIGAR,GRIGAR,Jakub,"GRIGAR, Jakub",2022-06-17,World Cup #2,Krakow,Heats1,MK1,SVK,,25,9,91.8,0,0,91.8,91.8,0,0,0,0,0,0,0,0,0,0,0,0,0,0,0,0,0,0,0,0,0,0,-,-,-,-,-
5549b117b82507c694066d0923e4686c,2026-02-03 15:46:02,Jakub GRIGAR,Jakub GRIGAR,GRIGAR,Jakub,"GRIGAR, Jakub",2022-06-12,World Cup #1,Prague,Semi,MK1,SVK,,25,1,95.29,0,0,95.29,95.29,0,0,0,0,0,0,0,0,-,-,-,-,-,-,-,-,-,-,-,-,-,-,-,-,-,-,-
4193053d18c2d591ecf651d470419955,2026-02-03 15:46:02,Jakub GRIGAR,Jakub GRIGAR,GRIGAR,Jakub,"GRIGAR, Jakub",2022-06-12,World Cup #1,Prague,Final,MK1,SVK,,25,6,92.94,8,8,100.94,100.94,0,0,0,0,0,0,0,0,-,-,-,-,-,-,-,-,-,-,-,-,-,-,-,-,-,-,-
aa59fe4e1c3f0f812bfede04f35d9fd5,2026-02-03 15:46:02,Jakub GRIGAR,Jakub GRIGAR,GRIGAR,Jakub,"GRIGAR, Jakub",2022-06-10,World Cup #1,Prague,Heats1,MK1,SVK,,25,9,85.85,2,2,87.85,87.85,0,0,0,0,0,0,0,0,-,-,-,-,-,-,-,-,-,-,-,-,-,-,-,-,-,-,-
48494e5aafe795e9cdaffe6686e20792,2026-02-03 15:46:02,Jakub GRIGAR,Jakub GRIGAR,GRIGAR,Jakub,"GRIGAR, Jakub",2022-05-29,Euros ,Liptovsky Mikulas,Semi,MK1,SVK,,25,4,98.23,0,0,98.23,98.23,0,0,0,0,0,0,0,0,0,0,0,0,0,0,0,0,0,0,0,0,0,0,-,-,-,-,-
81fc769aab93412badfa852190326643,2026-02-03 15:46:02,Jakub GRIGAR,Jakub GRIGAR,GRIGAR,Jakub,"GRIGAR, Jakub",2022-05-29,Euros ,Liptovsky Mikulas,Final,MK1,SVK,,25,12,98.34,4,4,102.34,102.34,0,0,0,0,0,0,0,0,0,0,0,0,0,0,0,0,0,0,0,0,0,0,-,-,-,-,-
4708703896ebe9574b6eb71d464dfc8c,2026-02-03 15:46:02,Jakub GRIGAR,Jakub GRIGAR,GRIGAR,Jakub,"GRIGAR, Jakub",2022-05-26,Euros ,Liptovsky Mikulas,Heats1,MK1,SVK,,25,2,87.49,0,0,87.49,87.49,0,0,0,0,0,0,0,0,0,0,0,0,0,0,0,0,0,0,0,0,0,0,-,-,-,-,-
f2f59b50f13c9fa5ddea1e7aa52937d0,2026-02-03 15:46:02,Jakub GRIGAR,Jakub GRIGAR,GRIGAR,Jakub,"GRIGAR, Jakub",2022-05-08,Tatra slalom ,Liptovsky Mikulas,Heats1,MK1,SVK,,25,1,90.52,0,0,90.52,90.52,0,0,0,0,0,0,0,0,0,0,0,0,0,0,0,0,0,0,0,0,0,0,0,0,-,-,-
0890e9109983455a0bcca7377024d583,2026-02-03 15:46:02,Jakub GRIGAR,Jakub GRIGAR,GRIGAR,Jakub,"GRIGAR, Jakub",2022-05-08,Tatra slalom ,Liptovsky Mikulas,Semi,MK1,SVK,,25,1,87.71,0,0,87.71,87.71,0,0,0,0,0,0,0,0,0,0,0,0,0,0,0,0,0,0,0,0,0,0,0,0,-,-,-
f21fc925f65a73e369ca10ac8c5e39d7,2026-02-03 15:46:02,Jakub GRIGAR,Jakub GRIGAR,GRIGAR,Jakub,"GRIGAR, Jakub",2022-05-08,Tatra slalom ,Liptovsky Mikulas,Final,MK1,SVK,,25,4,88.63,0,0,88.63,88.63,0,0,0,0,0,0,0,0,0,0,0,0,0,0,0,0,0,0,0,0,0,0,0,0,-,-,-
a83c6b8c3917406e47730503657c1c08,2026-02-03 15:45:53,Jakub GRIGAR,Jakub GRIGAR,GRIGAR,Jakub,"GRIGAR, Jakub",2021-09-26,World Championships ,Bratislava,Semi,MK1,SVK,,24,1,85.16,0,0,85.16,85.16,0,0,0,0,0,0,0,0,0,0,0,0,0,0,0,0,0,0,0,0,0,0,-,-,-,-,-
e6ec6b74ed1b977001875e3d4d427c5b,2026-02-03 15:45:53,Jakub GRIGAR,Jakub GRIGAR,GRIGAR,Jakub,"GRIGAR, Jakub",2021-09-26,World Championships ,Bratislava,Final,MK1,SVK,,24,7,90.39,2,2,92.39,92.39,0,0,0,0,0,0,0,0,0,0,0,0,0,0,0,0,0,0,0,0,0,0,-,-,-,-,-
771382326d61e499bd2902c6d9ef1ebc,2026-02-03 15:45:53,Jakub GRIGAR,Jakub GRIGAR,GRIGAR,Jakub,"GRIGAR, Jakub",2021-09-24,World Championships ,Bratislava,Heats1,MK1,SVK,,24,14,84.24,0,0,84.24,84.24,0,0,0,0,0,0,0,0,0,0,0,0,0,0,0,0,0,0,0,0,0,0,-,-,-,-,-
3ad5ec61b3e782c3aae417bd9e5af2ab,2026-02-03 15:45:53,Jakub GRIGAR,Jakub GRIGAR,GRIGAR,Jakub,"GRIGAR, Jakub",2021-09-12,World Cup ,Pau,Semi,MK1,SVK,,24,28,103.4,0,0,103.4,103.4,0,0,0,0,0,0,0,0,0,0,0,0,0,0,0,0,0,0,0,0,0,0,-,-,-,-,-
3d2ff6e5e6e0d9c80ab93d16d8e72f95,2026-02-03 15:45:53,Jakub GRIGAR,Jakub GRIGAR,GRIGAR,Jakub,"GRIGAR, Jakub",2021-09-10,World Cup ,Pau,Heats1,MK1,SVK,,24,15,96.45,2,2,98.45,98.45,0,0,0,0,0,0,0,0,0,0,0,0,0,0,0,0,0,0,0,0,0,0,-,-,-,-,-
7498a07327928c0c3567d786b745efb5,2026-02-03 15:45:53,Jakub GRIGAR,Jakub GRIGAR,GRIGAR,Jakub,"GRIGAR, Jakub",2021-09-05,World Cup ,La Seu,Semi,MK1,SVK,,24,20,85.25,4,4,89.25,89.25,0,0,0,0,0,0,0,0,0,0,0,0,0,0,0,0,0,0,0,0,0,0,-,-,-,-,-
0d5c92c8e2538f92cab93c79e28823ec,2026-02-03 15:45:53,Jakub GRIGAR,Jakub GRIGAR,GRIGAR,Jakub,"GRIGAR, Jakub",2021-09-03,World Cup ,La Seu,Heats1,MK1,SVK,,24,13,90.4,0,0,90.4,90.4,0,0,0,0,0,0,0,0,0,0,0,0,0,0,0,0,0,0,0,0,0,0,-,-,-,-,-
43585ea8784457ff68972c02774a762f,2026-02-03 15:45:53,Jakub GRIGAR,Jakub GRIGAR,GRIGAR,Jakub,"GRIGAR, Jakub",2021-07-30,Olympic Games ,Tokyo,Semi,MK1,SVK,,24,4,94.27,2,2,96.27,96.27,0,0,0,0,0,0,0,0,0,0,0,0,0,0,0,0,0,0,0,0,0,0,-,-,-,-,-
128e64a25f1257847a8815776b8afe06,2026-02-03 15:45:53,Jakub GRIGAR,Jakub GRIGAR,GRIGAR,Jakub,"GRIGAR, Jakub",2021-07-30,Olympic Games ,Tokyo,Final,MK1,SVK,,24,2,94.85,0,0,94.85,94.85,0,0,0,0,0,0,0,0,0,0,0,0,0,0,0,0,0,0,0,0,0,0,-,-,-,-,-
b1537e5ca7c6a73a020fbc5fd21709de,2026-02-03 15:45:53,Jakub GRIGAR,Jakub GRIGAR,GRIGAR,Jakub,"GRIGAR, Jakub",2021-07-28,Olympic Games ,Tokyo,Heats1,MK1,SVK,,24,9,94.37,0,0,94.37,94.37,0,0,0,0,0,0,0,0,0,0,0,0,0,0,0,0,0,0,0,0,0,0,-,-,-,-,-
eab18e45ff5991bce29fde557fffa3b6,2026-02-03 15:45:53,Jakub GRIGAR,Jakub GRIGAR,GRIGAR,Jakub,"GRIGAR, Jakub",2021-07-28,Olympic Games ,Tokyo,Heats2,MK1,SVK,,24,8,90.38,2,2,92.38,92.38,0,0,0,0,0,0,0,0,0,0,0,0,0,0,0,0,0,0,0,0,0,0,-,-,-,-,-
33b55c4f25b3d4648dfba946f345c17b,2026-02-03 15:45:53,Jakub GRIGAR,Jakub GRIGAR,GRIGAR,Jakub,"GRIGAR, Jakub",2021-06-20,World Cup ,Markkleeberg,Final,MK1,SVK,,24,1,88.91,0,0,88.91,88.91,0,0,0,0,0,0,0,0,0,0,0,0,0,0,0,0,0,0,0,0,0,0,-,-,-,-,-
9676e97a7bd129220c8722a3f9e472f7,2026-02-03 15:45:53,Jakub GRIGAR,Jakub GRIGAR,GRIGAR,Jakub,"GRIGAR, Jakub",2021-06-20,World Cup ,Markkleeberg,Semi,MK1,SVK,,24,1,88.77,0,0,88.77,88.77,0,0,0,0,0,0,0,0,0,0,0,0,0,0,0,0,0,0,0,0,0,0,-,-,-,-,-
fd0c7e2fb46d253e50ffbb3cb048d903,2026-02-03 15:45:53,Jakub GRIGAR,Jakub GRIGAR,GRIGAR,Jakub,"GRIGAR, Jakub",2021-06-18,World Cup ,Markkleeberg,Heats1,MK1,SVK,,24,6,93.66,0,0,93.66,93.66,0,0,0,0,0,0,0,0,0,0,0,0,0,0,0,0,0,0,0,0,0,0,-,-,-,-,-
1831e9680f14ac765cf89a1f02669b25,2026-02-03 15:45:53,Jakub GRIGAR,Jakub GRIGAR,GRIGAR,Jakub,"GRIGAR, Jakub",2021-06-13,World Cup ,Prague,Semi,MK1,SVK,,24,4,92.39,0,0,92.39,92.39,0,0,0,0,0,0,0,0,0,0,0,0,0,0,0,0,0,0,0,0,0,0,-,-,-,-,-
9bf890d44e45ae5c7a77b7ac24ae7dce,2026-02-03 15:45:53,Jakub GRIGAR,Jakub GRIGAR,GRIGAR,Jakub,"GRIGAR, Jakub",2021-06-13,World Cup ,Prague,Final,MK1,SVK,,24,6,94.3,0,0,94.3,94.3,0,0,0,0,0,0,0,0,0,0,0,0,0,0,0,0,0,0,0,0,0,0,-,-,-,-,-
f8433e277e69d4257303d27da1f8fe2d,2026-02-03 15:45:53,Jakub GRIGAR,Jakub GRIGAR,GRIGAR,Jakub,"GRIGAR, Jakub",2021-06-11,World Cup ,Prague,Heats1,MK1,SVK,,24,25,92.25,0,0,92.25,92.25,0,0,0,0,0,0,0,0,0,0,0,0,0,0,0,0,0,0,0,0,0,0,-,-,-,-,-
b95c0dca98fdb22d538e37cd59d3ba25,2026-02-03 15:45:53,Jakub GRIGAR,Jakub GRIGAR,GRIGAR,Jakub,"GRIGAR, Jakub",2021-05-09,Euros ,Ivrea,Semi,MK1,SVK,,24,34,82.67,50,50,132.67,132.67,0,0,0,0,0,0,0,0,0,0,0,0,0,0,0,0,0,0,0,0,0,0,-,-,-,-,-
05450c5ccee6723fe5846df5c2410642,2026-02-03 15:45:53,Jakub GRIGAR,Jakub GRIGAR,GRIGAR,Jakub,"GRIGAR, Jakub",2021-05-07,Euros ,Ivrea,Heats1,MK1,SVK,,24,6,77.79,0,0,77.79,77.79,0,0,0,0,0,0,0,0,0,0,0,0,0,0,0,0,0,0,0,0,0,0,-,-,-,-,-
0df1c6f5b67b6e2f811eb8ea08d118e5,2026-02-03 15:45:45,Jakub GRIGAR,Jakub GRIGAR,GRIGAR,Jakub,"GRIGAR, Jakub",2020-02-21,Australian Open ,Penrith,Heats1,MK1,SVK,,23,48,95.77,2,2,97.77,97.77,0,0,0,0,0,0,0,0,0,0,0,0,0,0,0,0,0,0,0,0,0,0,-,-,-,-,-
b4b98bec0b7ed7a347946cce0144633f,2026-02-03 15:45:45,Jakub GRIGAR,Jakub GRIGAR,GRIGAR,Jakub,"GRIGAR, Jakub",2020-02-21,Australian Open ,Penrith,Heats2,MK1,SVK,,23,24,99.15,2,2,101.15,101.15,0,0,0,0,0,0,0,0,0,0,0,0,0,0,0,0,0,0,0,0,0,0,-,-,-,-,-
b7a37301ac922d89cd7ac3a8e04c0413,2026-02-03 15:45:39,Jakub GRIGAR,Jakub GRIGAR,GRIGAR,Jakub,"GRIGAR, Jakub",2019-10-27,Olympic test event ,Tokyo,Semi,MK1,SVK,,22,13,97.91,2,2,99.91,99.91,0,0,0,0,0,0,0,0,0,0,0,0,0,0,0,0,0,0,0,0,0,0,0,0,0,-,-
09bdf3bce7eebdced694675349dbfbc2,2026-02-03 15:45:39,Jakub GRIGAR,Jakub GRIGAR,GRIGAR,Jakub,"GRIGAR, Jakub",2019-10-27,Olympic test event ,Tokyo,Heats1,MK1,SVK,,22,2,92.77,2,2,94.77,94.77,0,0,0,0,0,0,0,0,0,0,0,0,0,0,0,0,0,0,0,0,0,0,0,0,0,-,-
a05f796f22b94ecd6982d83522863e62,2026-02-03 15:45:39,Jakub GRIGAR,Jakub GRIGAR,GRIGAR,Jakub,"GRIGAR, Jakub",2019-10-27,Olympic test event ,Tokyo,Heats2,MK1,SVK,,22,17,105.23,2,2,107.23,107.23,0,0,0,0,0,0,0,0,0,0,0,0,0,0,0,0,0,0,0,0,0,0,0,0,0,-,-
5251440b6ef115029824bc8e8c3dd278,2026-02-03 15:45:39,Jakub GRIGAR,Jakub GRIGAR,GRIGAR,Jakub,"GRIGAR, Jakub",2019-09-29,World Championships ,La Seu,Semi,MK1,SVK,,22,10,86.41,0,0,86.41,86.41,0,0,0,0,0,0,0,0,0,0,0,0,0,0,0,0,0,0,0,0,0,0,-,-,-,-,-
ea4f0ea9e013de4890a2fc8f8fefd362,2026-02-03 15:45:39,Jakub GRIGAR,Jakub GRIGAR,GRIGAR,Jakub,"GRIGAR, Jakub",2019-09-29,World Championships ,La Seu,Final,MK1,SVK,,22,10,93.59,4,4,97.59,97.59,0,0,0,0,0,0,0,0,0,0,0,0,0,0,0,0,0,0,0,0,0,0,-,-,-,-,-
f0114dcfeaa00f70eed89b8df7e7b02d,2026-02-03 15:45:39,Jakub GRIGAR,Jakub GRIGAR,GRIGAR,Jakub,"GRIGAR, Jakub",2019-09-27,World Championships ,La Seu,Heats1,MK1,SVK,,22,1,86.93,0,0,86.93,86.93,0,0,0,0,0,0,0,0,0,0,0,0,0,0,0,0,0,0,0,0,0,0,-,-,-,-,-
8807d140bf45cadd9d40768024e00abf,2026-02-03 15:45:39,Jakub GRIGAR,Jakub GRIGAR,GRIGAR,Jakub,"GRIGAR, Jakub",2019-09-08,World Cup ,Prague,Semi,MK1,SVK,,22,13,94.5,2,2,96.5,96.5,0,0,0,0,0,0,0,0,0,0,0,0,0,0,0,0,0,0,0,0,0,0,-,-,-,-,-
78e644fac08074242149b309ab1f48a6,2026-02-03 15:45:39,Jakub GRIGAR,Jakub GRIGAR,GRIGAR,Jakub,"GRIGAR, Jakub",2019-09-06,World Cup ,Prague,Heats1,MK1,SVK,,22,1,89.13,0,0,89.13,89.13,0,0,0,0,0,0,0,0,0,0,0,0,0,0,0,0,0,0,0,0,0,0,-,-,-,-,-
0be9eb5993b8fe2a77601280dbac7854,2026-02-03 15:45:39,Jakub GRIGAR,Jakub GRIGAR,GRIGAR,Jakub,"GRIGAR, Jakub",2019-09-01,World Cup ,Markkleeberg,Semi,MK1,SVK,,22,28,92.66,4,4,None,,0,0,0,0,0,0,0,0,0,0,0,0,0,0,0,0,0,0,0,0,0,-,-,-,-,-,-
de91bce607237759da85e1a784229721,2026-02-03 15:45:39,Jakub GRIGAR,Jakub GRIGAR,GRIGAR,Jakub,"GRIGAR, Jakub",2019-08-30,World Cup ,Markkleeberg,Heats2,MK1,SVK,,22,2,91.61,0,0,None,,0,0,0,0,0,0,0,0,0,0,0,0,0,0,0,0,0,0,0,0,0,-,-,-,-,-,-
98a17b9df486786bfb3de8b277d4f954,2026-02-03 15:45:39,Jakub GRIGAR,Jakub GRIGAR,GRIGAR,Jakub,"GRIGAR, Jakub",2019-08-30,World Cup ,Markkleeberg,Heats1,MK1,SVK,,22,31,98.16,0,0,None,,0,0,0,0,0,0,0,0,0,0,0,0,0,0,0,0,0,0,0,0,0,-,-,-,-,-,-
7c5f791f76f4898a444c04c035bfc401,2026-02-03 15:45:39,Jakub GRIGAR,Jakub GRIGAR,GRIGAR,Jakub,"GRIGAR, Jakub",2019-08-04,ICF World ranking ,Prague,Semi,MK1,SVK,,22,19,94.19,4,4,98.19,98.19,0,0,0,0,0,0,0,0,0,0,0,0,0,0,0,0,0,0,0,0,0,0,0,-,-,-,-
96b8332dd07263d4aca2169e27aeb12f,2026-02-03 15:45:39,Jakub GRIGAR,Jakub GRIGAR,GRIGAR,Jakub,"GRIGAR, Jakub",2019-08-03,ICF World ranking ,Prague,Heats2,MK1,SVK,,22,10,82.79,0,0,82.79,82.79,0,0,0,0,0,0,0,0,0,0,0,0,0,0,0,0,0,0,0,0,0,0,0,-,-,-,-
a2499a5787cc4ecdcbdc72aae56c781c,2026-02-03 15:45:39,Jakub GRIGAR,Jakub GRIGAR,GRIGAR,Jakub,"GRIGAR, Jakub",2019-08-03,ICF World ranking ,Prague,Heats1,MK1,SVK,,22,49,82.27,4,4,86.27,86.27,0,0,0,0,0,0,0,0,0,0,0,0,0,0,0,0,0,0,0,0,0,0,0,-,-,-,-
925ff0ef4cf105b46fd863705ae56586,2026-02-03 15:45:39,Jakub GRIGAR,Jakub GRIGAR,GRIGAR,Jakub,"GRIGAR, Jakub",2019-07-06,Euros U23,Liptovsky Mikulas,Final,MK1,SVK,,22,1,87.8,0,0,87.8,87.8,0,0,0,0,0,0,0,0,0,0,0,0,0,0,0,0,0,0,0,0,0,0,-,-,-,-,-
6662d09581380baedcf583115d4d4c4f,2026-02-03 15:45:39,Jakub GRIGAR,Jakub GRIGAR,GRIGAR,Jakub,"GRIGAR, Jakub",2019-07-06,Euros U23,Liptovsky Mikulas,Semi,MK1,SVK,,22,1,88.98,0,0,88.98,88.98,0,0,0,0,0,0,0,0,0,0,0,0,0,0,0,0,0,0,0,0,0,0,-,-,-,-,-
1eb02b19f36395c931ecf92564f9a239,2026-02-03 15:45:39,Jakub GRIGAR,Jakub GRIGAR,GRIGAR,Jakub,"GRIGAR, Jakub",2019-07-04,Euros U23,Liptovsky Mikulas,Heats1,MK1,SVK,,22,2,87.11,0,0,87.11,87.11,0,0,0,0,0,0,0,0,0,0,0,0,0,0,0,0,0,0,0,0,0,0,0,-,-,-,-
24cb6535b022ac4ecda70b3ffeff1853,2026-02-03 15:45:39,Jakub GRIGAR,Jakub GRIGAR,GRIGAR,Jakub,"GRIGAR, Jakub",2019-06-30,World Cup ,Tacen,Semi,MK1,SVK,,22,4,84.1,0,0,84.1,84.1,0,0,0,0,0,0,0,0,0,0,0,0,0,0,0,0,0,0,0,0,0,0,-,-,-,-,-
8f6e318847dcc390657c97e8f88b4a15,2026-02-03 15:45:39,Jakub GRIGAR,Jakub GRIGAR,GRIGAR,Jakub,"GRIGAR, Jakub",2019-06-30,World Cup ,Tacen,Final,MK1,SVK,,22,9,82.21,52,52,134.21,134.21,0,0,0,0,0,0,0,0,0,0,0,0,0,0,0,0,0,0,0,0,0,0,-,-,-,-,-
4db8c40eac1276d0950df6cf0890a574,2026-02-03 15:45:39,Jakub GRIGAR,Jakub GRIGAR,GRIGAR,Jakub,"GRIGAR, Jakub",2019-06-28,World Cup ,Tacen,Heats1,MK1,SVK,,22,14,81.01,0,0,81.01,81.01,0,0,0,0,0,0,0,0,0,0,0,0,0,0,0,0,0,0,0,0,-,-,-,-,-,-,-
9659172a562e0bbccc8c130504a39b56,2026-02-03 15:45:39,Jakub GRIGAR,Jakub GRIGAR,GRIGAR,Jakub,"GRIGAR, Jakub",2019-06-21,World Cup ,Bratislava,Heats2,MK1,SVK,,22,26,107.99,2,2,109.99,109.99,0,0,0,0,0,0,0,0,0,0,0,0,0,0,0,0,0,0,0,0,0,0,-,-,-,-,-
b6dc325e595035021d25e12a2daf9283,2026-02-03 15:45:39,Jakub GRIGAR,Jakub GRIGAR,GRIGAR,Jakub,"GRIGAR, Jakub",2019-06-21,World Cup ,Bratislava,Heats1,MK1,SVK,,22,38,98.44,4,4,102.44,102.44,0,0,0,0,0,0,0,0,0,0,0,0,0,0,0,0,0,0,0,0,0,0,-,-,-,-,-
d024da23b2e3edf018e410793f6021c3,2026-02-03 15:45:39,Jakub GRIGAR,Jakub GRIGAR,GRIGAR,Jakub,"GRIGAR, Jakub",2019-06-16,World Cup ,Lee Valley,Semi,MK1,SVK,,22,32,100.54,0,0,100.54,100.54,0,0,0,0,0,0,0,0,0,0,0,0,0,0,0,0,0,0,0,0,0,0,0,0,0,-,-
4d96153bb6a8d98afae870acb3274017,2026-02-03 15:45:39,Jakub GRIGAR,Jakub GRIGAR,GRIGAR,Jakub,"GRIGAR, Jakub",2019-06-14,World Cup ,Lee Valley,Heats1,MK1,SVK,,22,7,88.66,0,0,88.66,88.66,0,0,0,0,0,0,0,0,0,0,0,0,0,0,0,0,0,0,0,0,0,0,0,-,-,-,-
25744dd0eca6fcd659e4294b0340877c,2026-02-03 15:45:39,Jakub GRIGAR,Jakub GRIGAR,GRIGAR,Jakub,"GRIGAR, Jakub",2019-05-31,Euros ,Pau,Heats2,MK1,SVK,,22,13,90.15,4,4,94.15,94.15,0,0,0,0,0,0,0,0,0,0,0,0,0,0,0,0,0,0,0,0,0,0,0,0,-,-,-
1d3448db48722a6e9f15d7efa09a5a84,2026-02-03 15:45:39,Jakub GRIGAR,Jakub GRIGAR,GRIGAR,Jakub,"GRIGAR, Jakub",2019-05-31,Euros ,Pau,Heats1,MK1,SVK,,22,24,91.02,2,2,93.02,93.02,0,0,0,0,0,0,0,0,0,0,0,0,0,0,0,0,0,0,0,0,0,0,0,0,-,-,-
7c83eadc0d5bcfc7f0fdeeda449badb3,2026-02-03 15:45:39,Jakub GRIGAR,Jakub GRIGAR,GRIGAR,Jakub,"GRIGAR, Jakub",2019-04-14,None,La Seu,Final,MK1,SVK,,22,9,95.84,0,0,95.84,95.84,0,0,0,0,0,0,0,0,0,0,0,0,0,0,0,0,0,0,0,0,0,0,-,-,-,-,-
801f633cbf5245271b97c9f4b7c8f07b,2026-02-03 15:45:39,Jakub GRIGAR,Jakub GRIGAR,GRIGAR,Jakub,"GRIGAR, Jakub",2019-04-14,None,La Seu,Semi,MK1,SVK,,22,6,86.12,2,2,88.12,88.12,0,0,0,0,0,0,0,0,0,0,0,0,0,0,0,0,0,0,0,0,0,0,-,-,-,-,-
7501eee5e570cf44ce2a2a411c963048,2026-02-03 15:45:39,Jakub GRIGAR,Jakub GRIGAR,GRIGAR,Jakub,"GRIGAR, Jakub",2019-04-13,None,La Seu,Heats1,MK1,SVK,,22,8,99.45,0,0,99.45,99.45,0,0,0,0,0,0,0,0,0,0,0,0,0,0,0,0,0,0,0,0,0,0,-,-,-,-,-
f26762c66a0ed82c7ae5fa40752ce5a3,2026-02-03 15:45:39,Jakub GRIGAR,Jakub GRIGAR,GRIGAR,Jakub,"GRIGAR, Jakub",2019-04-07,None,Pau,Semi,MK1,SVK,,22,37,96.59,52,52,148.59,148.59,0,0,0,0,0,0,0,0,0,0,0,0,0,0,0,0,0,0,0,0,0,0,-,-,-,-,-
f866023ec8a6b11537f8b9cfd4ec0486,2026-02-03 15:45:39,Jakub GRIGAR,Jakub GRIGAR,GRIGAR,Jakub,"GRIGAR, Jakub",2019-04-06,None,Pau,Heats1,MK1,SVK,,22,36,97.92,0,0,97.92,97.92,0,0,0,0,0,0,0,0,0,0,0,0,0,0,0,0,0,0,0,0,-,-,-,-,-,-,-
529f92b9f30ed42a884af39fa85594ff,2026-02-03 15:45:39,Jakub GRIGAR,Jakub GRIGAR,GRIGAR,Jakub,"GRIGAR, Jakub",2019-04-06,None,Pau,Heats2,MK1,SVK,,22,5,93.52,0,0,93.52,93.52,0,0,0,0,0,0,0,0,0,0,0,0,0,0,0,0,0,0,0,0,-,-,-,-,-,-,-
714140960ca6bd52ebc46642d463ee63,2026-02-03 15:45:39,Jakub GRIGAR,Jakub GRIGAR,GRIGAR,Jakub,"GRIGAR, Jakub",2019-02-24,None,Penrith,Semi,MK1,SVK,,22,1,100.57,0,0,None,,0,0,0,0,0,0,0,0,0,0,0,0,0,0,0,0,0,0,0,0,0,0,-,-,-,-,-
87d7579b26203b09f4c986c0b87b18b6,2026-02-03 15:45:39,Jakub GRIGAR,Jakub GRIGAR,GRIGAR,Jakub,"GRIGAR, Jakub",2019-02-24,None,Penrith,Final,MK1,SVK,,22,2,99.96,0,0,None,,0,0,0,0,0,0,0,0,0,0,0,0,0,0,0,0,0,0,0,0,0,0,-,-,-,-,-
73a71ef5c8c72f90607cf0be9dcba29c,2026-02-03 15:45:39,Jakub GRIGAR,Jakub GRIGAR,GRIGAR,Jakub,"GRIGAR, Jakub",2019-02-22,None,Penrith,Heats1,MK1,SVK,,22,46,107.72,4,4,None,,0,0,0,0,0,0,0,0,0,0,0,0,0,0,0,0,0,0,0,0,0,0,-,-,-,-,-
f1119a7340d80e26e0849d77b8397298,2026-02-03 15:45:39,Jakub GRIGAR,Jakub GRIGAR,GRIGAR,Jakub,"GRIGAR, Jakub",2019-02-22,None,Penrith,Heats2,MK1,SVK,,22,4,101.59,0,0,None,,0,0,0,0,0,0,0,0,0,0,0,0,0,0,0,0,0,0,0,0,0,0,-,-,-,-,-
e8d0989922551649c54808200246d38a,2026-02-03 15:45:39,Jakub GRIGAR,Jakub GRIGAR,GRIGAR,Jakub,"GRIGAR, Jakub",2019-02-17,None,Penrith,Semi,MK1,SVK,,22,15,91.2,0,0,None,,0,0,0,0,0,0,0,0,0,0,0,0,0,0,0,0,0,0,0,0,-,-,-,-,-,-,-
cf6913dacd85539db098b597f65f5ad8,2026-02-03 15:45:39,Jakub GRIGAR,Jakub GRIGAR,GRIGAR,Jakub,"GRIGAR, Jakub",2019-02-15,None,Penrith,Heats1,MK1,SVK,,22,24,96.69,0,0,None,,0,0,0,0,0,0,0,0,0,0,0,0,0,0,0,0,0,0,0,0,-,-,-,-,-,-,-
362629b5e9e316b06d7a0a6a4c9d89b1,2026-02-03 15:45:29,Jakub GRIGAR,Jakub GRIGAR,GRIGAR,Jakub,"GRIGAR, Jakub",2018-09-30,None,"Deodoro, Rio",Semi,MK1,SVK,,21,17,95.61,0,0,None,,0,0,0,0,0,0,0,0,0,0,0,0,0,0,0,0,0,0,0,0,0,0,0,0,-,-,-
20cd795613d5528b0e3aefbb929b57e6,2026-02-03 15:45:29,Jakub GRIGAR,Jakub GRIGAR,GRIGAR,Jakub,"GRIGAR, Jakub",2018-09-28,None,"Deodoro, Rio",Heats1,MK1,SVK,,21,4,85.87,0,0,None,,0,0,0,0,0,0,0,0,0,0,0,0,0,0,0,0,0,0,0,0,0,0,0,0,-,-,-
5c3fde011c68afd27b6227c1399b1c1d,2026-02-03 15:45:29,Jakub GRIGAR,Jakub GRIGAR,GRIGAR,Jakub,"GRIGAR, Jakub",2018-09-09,None,La Seu,Semi,MK1,SVK,,21,15,96.89,0,0,None,,0,0,0,0,0,0,0,0,0,0,0,0,0,0,0,0,0,0,0,0,0,0,0,-,-,-,-
49bd8294526cfab7ca0a8fb272d8bc94,2026-02-03 15:45:29,Jakub GRIGAR,Jakub GRIGAR,GRIGAR,Jakub,"GRIGAR, Jakub",2018-09-07,None,La Seu,Heats1,MK1,SVK,,21,14,98.02,0,0,None,,0,0,0,0,0,0,0,0,0,0,0,0,0,0,0,0,0,0,0,0,0,0,0,-,-,-,-
3ec88f013cfbfb306c4eff7cc492f634,2026-02-03 15:45:29,Jakub GRIGAR,Jakub GRIGAR,GRIGAR,Jakub,"GRIGAR, Jakub",2018-08-31,None,Tacen,Heats2,MK1,SVK,,21,1,85.97,0,0,None,,0,0,0,0,0,0,0,0,0,0,0,0,0,0,0,0,0,0,0,0,0,-,-,-,-,-,-
53aea9c94fa76695baf48b2f99fba761,2026-02-03 15:45:29,Jakub GRIGAR,Jakub GRIGAR,GRIGAR,Jakub,"GRIGAR, Jakub",2018-08-31,None,Tacen,Heats1,MK1,SVK,,21,32,89.59,0,0,None,,0,0,0,0,0,0,0,0,0,0,0,0,0,0,0,0,0,0,0,0,0,-,-,-,-,-,-
d80a676fff8602e4efeed96540fd2766,2026-02-03 15:45:29,Jakub GRIGAR,Jakub GRIGAR,GRIGAR,Jakub,"GRIGAR, Jakub",2018-08-18,None,Bratislava,Final,MK1,SVK,,21,2,85.74,0,0,None,,0,0,0,0,0,0,0,0,0,0,0,0,0,0,0,0,0,0,0,0,0,-,-,-,-,-,-
51b5708e0455203c60ce11561a4e52eb,2026-02-03 15:45:29,Jakub GRIGAR,Jakub GRIGAR,GRIGAR,Jakub,"GRIGAR, Jakub",2018-08-18,None,Bratislava,Semi,MK1,SVK,,21,2,85.12,0,0,None,,0,0,0,0,0,0,0,0,0,0,0,0,0,0,0,0,0,0,0,0,0,-,-,-,-,-,-
a7c124b1f535a3fe80fd3974c6d82516,2026-02-03 15:45:29,Jakub GRIGAR,Jakub GRIGAR,GRIGAR,Jakub,"GRIGAR, Jakub",2018-08-17,None,Bratislava,Heats1,MK1,SVK,,21,14,87.78,2,2,None,,0,0,0,0,0,0,0,0,0,0,0,0,0,0,0,0,0,0,0,0,0,-,-,-,-,-,-
7024d15e2f2b53c7827c99531910af09,2026-02-03 15:45:29,Jakub GRIGAR,Jakub GRIGAR,GRIGAR,Jakub,"GRIGAR, Jakub",2018-07-21,None,Ivrea,Semi,MK1,SVK,,21,9,79.74,2,2,None,,0,0,0,0,0,0,0,0,0,0,0,0,0,0,0,0,0,0,-,-,-,-,-,-,-,-,-
39c6ad68b3c077e4f6d8eb0412fffe14,2026-02-03 15:45:29,Jakub GRIGAR,Jakub GRIGAR,GRIGAR,Jakub,"GRIGAR, Jakub",2018-07-21,None,Ivrea,Final,MK1,SVK,,21,7,91.58,0,0,None,,0,0,0,0,0,0,0,0,0,0,0,0,0,0,0,0,0,0,-,-,-,-,-,-,-,-,-
ca45992b3f1a177aa487182bf62265c5,2026-02-03 15:45:29,Jakub GRIGAR,Jakub GRIGAR,GRIGAR,Jakub,"GRIGAR, Jakub",2018-07-20,None,Ivrea,Heats1,MK1,SVK,,21,27,82.12,2,2,None,,0,0,0,0,0,0,0,0,0,0,0,0,0,0,0,0,0,0,0,-,-,-,-,-,-,-,-
d29d230314e706d8e8821863a21e917a,2026-02-03 15:45:29,Jakub GRIGAR,Jakub GRIGAR,GRIGAR,Jakub,"GRIGAR, Jakub",2018-07-08,None,Augsburg,Semi,MK1,SVK,,21,15,99.54,0,0,None,,0,0,0,0,0,0,0,0,0,0,0,0,0,0,0,0,0,0,0,0,0,0,0,0,-,-,-
3da8d9f4b12982c5db10df6bb426aac7,2026-02-03 15:45:29,Jakub GRIGAR,Jakub GRIGAR,GRIGAR,Jakub,"GRIGAR, Jakub",2018-07-06,None,Augsburg,Heats1,MK1,SVK,,21,16,97.02,2,2,None,,0,0,0,0,0,0,0,0,0,0,0,0,0,0,0,0,0,0,0,0,0,0,0,0,-,-,-
2747aada932813ccfe720c3b3b26ff53,2026-02-03 15:45:29,Jakub GRIGAR,Jakub GRIGAR,GRIGAR,Jakub,"GRIGAR, Jakub",2018-07-01,None,Krakow,Semi,MK1,SVK,,21,21,81.6,2,2,None,,0,0,0,0,0,0,0,0,0,0,0,0,0,0,0,0,0,0,0,0,0,0,-,-,-,-,-
8b2eecf86690174c1fc2d7deb26c4b94,2026-02-03 15:45:29,Jakub GRIGAR,Jakub GRIGAR,GRIGAR,Jakub,"GRIGAR, Jakub",2018-06-29,None,Krakow,Heats1,MK1,SVK,,21,24,81.76,0,0,None,,0,0,0,0,0,0,0,0,0,0,0,0,0,0,0,0,0,0,0,0,0,0,-,-,-,-,-
5757a765dc3536214eaf052008b244c7,2026-02-03 15:45:29,Jakub GRIGAR,Jakub GRIGAR,GRIGAR,Jakub,"GRIGAR, Jakub",2018-06-24,None,Liptovsky Mikulas,Semi,MK1,SVK,,21,14,96.88,0,0,None,,0,0,0,0,0,0,0,0,0,0,0,0,0,0,0,0,0,0,0,0,0,0,0,-,-,-,-
a429b26ccd87649395f85116e0edb18c,2026-02-03 15:45:29,Jakub GRIGAR,Jakub GRIGAR,GRIGAR,Jakub,"GRIGAR, Jakub",2018-06-22,None,Liptovsky Mikulas,Heats1,MK1,SVK,,21,5,94.03,0,0,None,,0,0,0,0,0,0,0,0,0,0,0,0,0,0,0,0,0,0,0,0,0,0,0,-,-,-,-
45cbe1d65cea2f695e17a3681675ffff,2026-02-03 15:45:29,Jakub GRIGAR,Jakub GRIGAR,GRIGAR,Jakub,"GRIGAR, Jakub",2018-06-03,None,Prague,Semi,MK1,SVK,,21,28,108.79,158,158,None,,0,0,0,0,0,0,0,0,0,0,0,0,0,0,0,0,0,0,0,0,0,0,0,0,-,-,-
79c4ed2dbdf53056889d6b8ee4586d92,2026-02-03 15:45:29,Jakub GRIGAR,Jakub GRIGAR,GRIGAR,Jakub,"GRIGAR, Jakub",2018-06-01,None,Prague,Heats1,MK1,SVK,,21,18,88.36,2,2,None,,0,0,0,0,0,0,0,0,0,0,0,0,0,0,0,0,0,0,0,0,0,0,0,0,-,-,-
d3554230cb0ad94c0881acd8eaa78b17,2026-02-03 15:45:22,Jakub GRIGAR,Jakub GRIGAR,GRIGAR,Jakub,"GRIGAR, Jakub",2017-10-27,None,Pau,Heats1,MK1,SVK,,20,27,80.66,2,2,None,,0,0,0,0,0,0,0,0,0,0,0,0,0,0,0,0,0,0,0,0,0,0,0,-,-,-,-
0a6cfe42acd3b0900b167f2f2710a484,2026-02-03 15:45:22,Jakub GRIGAR,Jakub GRIGAR,GRIGAR,Jakub,"GRIGAR, Jakub",2017-10-01,None,Pau,Semi,MK1,SVK,,20,16,94.29,2,2,None,,0,0,0,0,0,0,0,0,0,0,0,0,0,0,0,0,0,0,0,0,0,0,0,-,-,-,-
4302da6b64ea40300a2bf2c98f5d2e2e,2026-02-03 15:45:22,Jakub GRIGAR,Jakub GRIGAR,GRIGAR,Jakub,"GRIGAR, Jakub",2017-09-10,None,La Seu,Semi,MK1,SVK,,20,22,94.61,0,0,None,,0,0,0,0,0,0,0,0,0,0,0,0,0,0,0,0,0,0,0,0,0,0,0,0,-,-,-
6500272d9e31826c00fd762889ceb6eb,2026-02-03 15:45:22,Jakub GRIGAR,Jakub GRIGAR,GRIGAR,Jakub,"GRIGAR, Jakub",2017-09-08,None,La Seu,Heats1,MK1,SVK,,20,36,95.73,2,2,None,,0,0,0,0,0,0,0,0,0,0,0,0,0,0,0,0,0,0,0,0,0,0,0,0,-,-,-
f1ce4e90ed66328f9a653902a1002b7d,2026-02-03 15:45:22,Jakub GRIGAR,Jakub GRIGAR,GRIGAR,Jakub,"GRIGAR, Jakub",2017-09-08,None,La Seu,Heats2,MK1,SVK,,20,6,94.64,0,0,None,,0,0,0,0,0,0,0,0,0,0,0,0,0,0,0,0,0,0,0,0,0,0,0,0,-,-,-
c802292865235129eeab7f7bf458ad13,2026-02-03 15:45:22,Jakub GRIGAR,Jakub GRIGAR,GRIGAR,Jakub,"GRIGAR, Jakub",2017-09-03,None,Ivrea,Semi,MK1,SVK,,20,7,88.43,2,2,None,,0,0,0,0,0,0,0,0,0,0,0,0,0,0,0,0,0,0,0,0,0,0,0,-,-,-,-
2bbf1ab9b0b8ba46dd817461d0e05538,2026-02-03 15:45:22,Jakub GRIGAR,Jakub GRIGAR,GRIGAR,Jakub,"GRIGAR, Jakub",2017-09-03,None,Ivrea,Final,MK1,SVK,,20,5,88.82,2,2,None,,0,0,0,0,0,0,0,0,0,0,0,0,0,0,0,0,0,0,0,0,0,0,0,-,-,-,-
c15e992ba71bd13aa6d53e080461e0e1,2026-02-03 15:45:22,Jakub GRIGAR,Jakub GRIGAR,GRIGAR,Jakub,"GRIGAR, Jakub",2017-09-01,None,Ivrea,Heats1,MK1,SVK,,20,11,90.1,0,0,None,,0,0,0,0,0,0,0,0,0,0,0,0,0,0,0,0,0,0,0,0,0,0,-,-,-,-,-
596b40f36a52b631098e4435c554164e,2026-02-03 15:45:22,Jakub GRIGAR,Jakub GRIGAR,GRIGAR,Jakub,"GRIGAR, Jakub",2017-07-20,None,Bratislava,Semi,MK1,SVK,,20,4,89.68,2,2,None,,0,0,0,0,0,0,0,0,0,0,0,0,0,0,0,0,0,0,0,0,0,0,0,-,-,-,-
4a8c5986b5976ec92532179f9139186b,2026-02-03 15:45:22,Jakub GRIGAR,Jakub GRIGAR,GRIGAR,Jakub,"GRIGAR, Jakub",2017-07-20,None,Bratislava,Final,MK1,SVK,,20,1,87.86,2,2,None,,0,0,0,0,0,0,0,0,0,0,0,0,0,0,0,0,0,0,0,0,0,0,0,-,-,-,-
4c34e34ec8e7a9b6c7ad0bf2ad264598,2026-02-03 15:45:22,Jakub GRIGAR,Jakub GRIGAR,GRIGAR,Jakub,"GRIGAR, Jakub",2017-07-18,None,Bratislava,Heats1,MK1,SVK,,20,11,89.86,0,0,None,,0,0,0,0,0,0,0,0,0,0,0,0,0,0,0,0,0,0,0,0,0,0,0,-,-,-,-
14bef369553ec0c062aa7a60ed9b94a1,2026-02-03 15:45:22,Jakub GRIGAR,Jakub GRIGAR,GRIGAR,Jakub,"GRIGAR, Jakub",2017-07-02,None,Markkleeberg,Semi,MK1,SVK,,20,34,99.36,8,8,None,,0,0,0,0,0,0,0,0,0,0,0,0,0,0,0,0,0,0,0,0,0,0,0,-,-,-,-
21d3edaea3c8263fb1f4b36d98ecc9ec,2026-02-03 15:45:22,Jakub GRIGAR,Jakub GRIGAR,GRIGAR,Jakub,"GRIGAR, Jakub",2017-06-30,None,Markkleeberg,Heats1,MK1,SVK,,20,5,91.24,0,0,None,,0,0,0,0,0,0,0,0,0,0,0,0,0,0,0,0,0,0,0,0,0,0,0,-,-,-,-
ca079bdeddc79100466f44b626cbb4b9,2026-02-03 15:45:22,Jakub GRIGAR,Jakub GRIGAR,GRIGAR,Jakub,"GRIGAR, Jakub",2017-06-25,None,Augsburg,Semi,MK1,SVK,,20,6,98.88,0,0,None,,0,0,0,0,0,0,0,0,0,0,0,0,0,0,0,0,0,0,0,0,0,0,0,0,-,-,-
751d900cca4fea847e6270f9c14a0ce2,2026-02-03 15:45:22,Jakub GRIGAR,Jakub GRIGAR,GRIGAR,Jakub,"GRIGAR, Jakub",2017-06-25,None,Augsburg,Final,MK1,SVK,,20,10,114.04,100,100,None,,0,0,0,0,0,0,0,0,0,0,0,0,0,0,0,0,0,0,0,0,0,0,0,0,-,-,-
9afc2082e5e820e77958f72070041967,2026-02-03 15:45:22,Jakub GRIGAR,Jakub GRIGAR,GRIGAR,Jakub,"GRIGAR, Jakub",2017-06-23,None,Augsburg,Heats1,MK1,SVK,,20,2,93.94,0,0,None,,0,0,0,0,0,0,0,0,0,0,0,0,0,0,0,0,0,0,0,0,0,0,0,0,-,-,-
b1bcf1ede7fd4d6adc017b02c3b34363,2026-02-03 15:45:22,Jakub GRIGAR,Jakub GRIGAR,GRIGAR,Jakub,"GRIGAR, Jakub",2017-06-18,None,Prague,Final,MK1,SVK,,20,10,96.09,202,202,None,,0,0,0,0,0,0,0,0,0,0,0,0,0,0,0,0,0,0,0,0,0,0,0,0,0,-,-
1db0301b0aff1107f444fcabd7037562,2026-02-03 15:45:22,Jakub GRIGAR,Jakub GRIGAR,GRIGAR,Jakub,"GRIGAR, Jakub",2017-06-18,None,Prague,Semi,MK1,SVK,,20,10,89.61,2,2,None,,0,0,0,0,0,0,0,0,0,0,0,0,0,0,0,0,0,0,0,0,0,0,0,0,0,-,-
b0658da59c13e68d591e5dd595eb3b95,2026-02-03 15:45:22,Jakub GRIGAR,Jakub GRIGAR,GRIGAR,Jakub,"GRIGAR, Jakub",2017-06-16,None,Prague,Heats1,MK1,SVK,,20,7,80.09,0,0,None,,0,0,0,0,0,0,0,0,0,0,0,0,0,0,0,0,0,0,0,0,0,0,0,0,0,-,-
a236c507c9e549b82433b55e74bc5866,2026-02-03 15:45:22,Jakub GRIGAR,Jakub GRIGAR,GRIGAR,Jakub,"GRIGAR, Jakub",2017-06-04,None,Tacen,Final,MK1,SVK,,20,8,86.49,0,0,None,,0,0,0,0,0,0,0,0,0,0,0,0,0,0,0,0,0,0,0,0,0,0,0,0,-,-,-
8f8d5966f01578797dab288e23c1f151,2026-02-03 15:45:22,Jakub GRIGAR,Jakub GRIGAR,GRIGAR,Jakub,"GRIGAR, Jakub",2017-06-04,None,Tacen,Semi,MK1,SVK,,20,7,86.63,0,0,None,,0,0,0,0,0,0,0,0,0,0,0,0,0,0,0,0,0,0,0,0,0,0,0,0,-,-,-
e32ca0352fd710d8e5a1a5488f1d9a66,2026-02-03 15:45:22,Jakub GRIGAR,Jakub GRIGAR,GRIGAR,Jakub,"GRIGAR, Jakub",2017-06-01,None,Tacen,Heats2,MK1,SVK,,20,3,90.97,2,2,None,,0,0,0,0,0,0,0,0,0,0,0,0,0,0,0,0,0,0,0,0,0,0,0,0,-,-,-
55f09a0ac4ee458a2e6af48648fcfa30,2026-02-03 15:45:22,Jakub GRIGAR,Jakub GRIGAR,GRIGAR,Jakub,"GRIGAR, Jakub",2017-06-01,None,Tacen,Heats1,MK1,SVK,,20,35,98.97,6,6,None,,0,0,0,0,0,0,0,0,0,0,0,0,0,0,0,0,0,0,0,0,0,0,0,0,-,-,-
2e989cb692f302e84e07ab6eadd872bf,2026-02-03 15:45:15,Jakub GRIGAR,Jakub GRIGAR,GRIGAR,Jakub,"GRIGAR, Jakub",2016-08-11,Olympic Games ,"Deodoro, Rio",Final,MK1,SVK,,19,5,89.43,0,0,89.43,89.43,0,0,0,0,0,0,0,0,0,0,0,0,0,0,0,0,0,0,0,0,0,0,0,0,-,-,-
23a4f9997f0107b5be40892837475441,2026-02-03 15:45:15,Jakub GRIGAR,Jakub GRIGAR,GRIGAR,Jakub,"GRIGAR, Jakub",2016-08-11,Olympic Games ,"Deodoro, Rio",Semi,MK1,SVK,,19,1,88.84,0,0,88.84,88.84,0,0,0,0,0,0,0,0,0,0,0,0,0,0,0,0,0,0,0,0,0,0,0,0,-,-,-
63f87c48ac0283c9e0d7ace4d239a662,2026-02-03 15:45:15,Jakub GRIGAR,Jakub GRIGAR,GRIGAR,Jakub,"GRIGAR, Jakub",2016-08-09,Olympic Games ,"Deodoro, Rio",Heats1,MK1,SVK,,19,6,89.16,0,0,89.16,89.16,0,0,0,0,0,0,0,0,0,0,0,0,0,0,0,0,0,0,0,0,0,0,0,0,-,-,-
6ee672cac0d1a35f8f7a0ddd9ceda84e,2026-02-03 15:45:15,Jakub GRIGAR,Jakub GRIGAR,GRIGAR,Jakub,"GRIGAR, Jakub",2016-08-09,Olympic Games ,"Deodoro, Rio",Heats2,MK1,SVK,,19,3,85.85,2,2,87.85,87.85,0,0,0,0,0,0,0,0,0,0,0,0,0,0,0,0,0,0,0,0,0,0,0,0,-,-,-
93847066740f5c6cf645ff92e1bda5af,2026-02-03 15:45:09,Jakub GRIGAR,Jakub GRIGAR,GRIGAR,Jakub,"GRIGAR, Jakub",2015-09-18,World Championships ,Lee Valley,Heats1,MK1,SVK,,18,21,84.7,0,0,84.7,84.7,0,0,0,0,0,0,0,0,0,0,0,0,0,0,0,0,0,0,0,0,0,0,-,-,-,-,-
ebd95afeac7726f0050486bbea19c5b6,2026-09-24 20:00:38,Peter KAUZER,Peter KAUZER,KAUZER,Peter,"KAUZER, Peter",2026-09-22,Euros ,Ivrea,Heats1,MK1,SLO,8,43,8,78.37,0,0,None,,0,0,0,0,0,0,0,0,0,0,0,0,0,0,0,0,0,0,0,0,0,0,-,-,-,-,-
13cedf3929e06e3ca555181c504a7123,2026-09-11 20:00:36,Peter KAUZER,Peter KAUZER,KAUZER,Peter,"KAUZER, Peter",2026-09-13,World Cup Final,La Seu,Semi,MK1,SLO,9,43,1,85.12,0,0,None,,0,0,0,0,0,0,0,0,0,0,0,0,0,0,0,0,0,0,0,0,0,0,0,-,-,-,-
23114cf91f5f8eb34ab4ecf4e7808da2,2026-09-11 20:00:36,Peter KAUZER,Peter KAUZER,KAUZER,Peter,"KAUZER, Peter",2026-09-11,World Cup Final,La Seu,Final,MK1,SLO,9,43,7,85.46,2,2,None,,0,0,0,0,0,0,0,0,2,0,0,0,0,0,0,0,0,0,0,0,0,0,0,-,-,-,-
fe650df2ba24d8db3aa6890269408ed2,2026-09-11 20:00:36,Peter KAUZER,Peter KAUZER,KAUZER,Peter,"KAUZER, Peter",2026-09-11,World Cup Final,La Seu,Heats1,MK1,SLO,9,43,8,88.71,0,0,None,,0,0,0,0,0,0,0,0,0,0,0,0,0,0,0,0,0,0,0,0,0,0,0,-,-,-,-
4b055b68f2c15063f236bcae2ab8462a,2026-09-10 20:00:41,Peter KAUZER,Peter KAUZER,KAUZER,Peter,"KAUZER, Peter",2026-09-04,World Cup #4,Vaires,Heats1,MK1,SLO,9,43,16,95.08,2,2,None,,0,0,0,0,0,2,0,0,0,0,0,0,0,0,0,0,0,0,0,0,0,0,-,-,-,-,-
5b5ddf73d6f1b8f886c4a6a317883b58,2026-07-26 20:00:31,Peter KAUZER,Peter KAUZER,KAUZER,Peter,"KAUZER, Peter",2026-07-23,World Championships ,Oklahoma,Semi,MK1,SLO,9,43,28,100.34,52,52,None,,0,0,2,0,0,0,0,0,0,0,0,0,0,0,0,0,0,0,0,0,0,0,-,-,-,-,-
dd1dc0d3488a5a8881e7d129dcb4468a,2026-07-26 20:00:31,Peter KAUZER,Peter KAUZER,KAUZER,Peter,"KAUZER, Peter",2026-07-21,World Championships ,Oklahoma,Heats1,MK1,SLO,9,43,15,82.67,0,0,None,,0,0,0,0,0,0,0,0,0,0,0,0,0,0,0,0,0,0,0,0,0,0,-,-,-,-,-
2ea0579b1134ebaf8f48087699296f31,2026-06-17 01:18:14,Peter KAUZER,Peter KAUZER,KAUZER,Peter,"KAUZER, Peter",2026-06-12,World Cup #3,Augsburg,Final,MK1,SLO,6,43,11,91.7,56,56,None,,0,0,0,0,0,2,0,0,0,0,50,0,2,0,0,0,0,0,0,0,0,0,-,-,-,-,-
df1021b5c09ab15bce7c5c9a0307a659,2026-06-17 01:18:14,Peter KAUZER,Peter KAUZER,KAUZER,Peter,"KAUZER, Peter",2026-06-12,World Cup #3,Augsburg,Heats1,MK1,SLO,6,43,4,92,0,0,None,,0,0,0,0,0,0,0,0,0,0,0,0,0,0,0,0,0,0,0,0,0,0,-,-,-,-,-
12b2c73c3f20967b3cb5bebe290e1a2b,2026-06-09 06:48:07,Peter KAUZER,Peter KAUZER,KAUZER,Peter,"KAUZER, Peter",2026-06-05,World Cup #2,Prague,Heats1,MK1,SLO,7,43,24,103.34,4,4,None,,0,0,0,0,0,0,0,0,0,0,0,0,0,0,0,0,0,0,0,0,0,0,-,-,-,-,-
b75683b9d05783216fb61ce99afc1d3b,2026-06-09 06:48:07,Peter KAUZER,Peter KAUZER,KAUZER,Peter,"KAUZER, Peter",2026-05-29,World Cup #1,Tacen,Heats1,MK1,SLO,6,43,50,81.2,54,54,None,,0,0,0,0,0,0,0,50,0,0,2,0,0,0,0,0,0,0,0,0,0,0,-,-,-,-,-
36a1f868d0e1c4f2a3dca22b793d6d29,2026-06-09 20:00:28,Peter KAUZER,Peter KAUZER,KAUZER,Peter,"KAUZER, Peter",2026-05-10,ICF World ranking I FEEL SLOVENIA  TACEN,Tacen,Heats1,MK1,SLO,,43,11,79.83,0,0,None,,0,0,0,0,0,0,0,0,0,0,0,0,0,0,0,0,0,0,0,0,0,0,0,0,-,-,-
bacd50154e2ed02f6b3f37f5954f0f8f,2026-06-09 20:00:28,Peter KAUZER,Peter KAUZER,KAUZER,Peter,"KAUZER, Peter",2026-05-10,ICF World ranking I FEEL SLOVENIA  TACEN,Tacen,Final,MK1,SLO,,43,3,75.53,0,0,None,,0,0,0,0,0,0,0,0,0,0,0,0,0,0,0,0,0,0,0,0,0,0,0,0,-,-,-
e315e7ca88bbfade6b30471b204d0e10,2026-05-18 01:16:32,Peter KAUZER,Peter KAUZER,KAUZER,Peter,"KAUZER, Peter",2026-05-08,International race Slalom cup,Tacen,Final,MK1,SLO,,43,6,85.81,0,0,None,,0,0,0,0,0,0,0,0,0,0,0,0,0,0,0,0,0,0,0,0,0,0,0,-,-,-,-
3a4ef52cd426bab12d446454b58f3c9e,2026-05-18 01:16:32,Peter KAUZER,Peter KAUZER,KAUZER,Peter,"KAUZER, Peter",2026-05-08,International race level 4,Ivrea,Heats1,MK1,SLO,,43,2,87.7,0,0,None,,0,0,0,0,0,0,0,0,0,0,0,0,0,0,0,0,0,0,0,0,0,0,0,0,0,-,-
fb46de5035f9ea0c392d583675ede1da,2026-05-18 01:16:32,Peter KAUZER,Peter KAUZER,KAUZER,Peter,"KAUZER, Peter",2026-05-08,International race level 4,Ivrea,Heats2,MK1,SLO,,43,4,87.7,0,0,None,,0,0,0,0,0,0,0,0,0,0,0,0,0,0,0,0,0,0,0,0,0,0,0,0,0,-,-
a232d05d32dd377472d02e181676cba1,2026-06-22 20:00:31,Peter KAUZER,Peter KAUZER,KAUZER,Peter,"KAUZER, Peter",2026-05-03,ICF World ranking ,Ivrea,Final,MK1,SLO,2,43,11,90.06,6,6,None,,0,0,0,0,0,0,2,0,0,0,0,0,0,0,0,0,0,0,2,2,0,0,0,0,0,-,-
d7ebc8669c60b1846a5d7e5bd23b8ddb,2026-06-22 20:00:31,Peter KAUZER,Peter KAUZER,KAUZER,Peter,"KAUZER, Peter",2026-05-03,ICF World ranking ,Ivrea,Heats1,MK1,SLO,2,43,5,92.37,0,0,None,,0,0,0,0,0,0,0,0,0,0,0,0,0,0,0,0,0,0,0,0,0,0,0,0,0,-,-
c6713a7645d013e37b4684838d652184,2026-06-09 20:00:28,Peter KAUZER,Peter KAUZER,KAUZER,Peter,"KAUZER, Peter",2026-05-01,ICF World ranking ,Ivrea,Heats1,MK1,SLO,,43,5,92.37,0,0,None,,0,0,0,0,0,0,0,0,0,0,0,0,0,0,0,0,0,0,0,0,0,0,0,0,-,-,-
adabf32a4411628188fa5fb3570c0510,2026-06-09 20:00:28,Peter KAUZER,Peter KAUZER,KAUZER,Peter,"KAUZER, Peter",2026-05-01,ICF World ranking ,Ivrea,Final,MK1,SLO,,43,11,90.06,6,6,None,,0,0,0,0,0,0,2,0,0,0,0,0,0,0,0,0,0,0,2,2,0,0,0,0,-,-,-
2d1c3784754ca7c428bdede707c924c8,2026-05-18 01:16:32,Peter KAUZER,Peter KAUZER,KAUZER,Peter,"KAUZER, Peter",2026-04-30,International race level 4,Ivrea,Heats2,MK1,SLO,,43,4,87.7,0,0,None,,0,0,0,0,0,0,0,0,0,0,0,0,0,0,0,0,0,0,0,0,0,0,0,0,-,-,-
f7ea2891fb42dd55668201067a2f9395,2026-05-18 01:16:32,Peter KAUZER,Peter KAUZER,KAUZER,Peter,"KAUZER, Peter",2026-04-30,International race level 4,Ivrea,Heats1,MK1,SLO,,43,2,87.7,0,0,None,,0,0,0,0,0,0,0,0,0,0,0,0,0,0,0,0,0,0,0,0,0,0,0,0,-,-,-
2f6d06b7c659f2ee311c01d1fac14d3d,2026-05-01 11:38:13,Peter KAUZER,Peter KAUZER,KAUZER,Peter,"KAUZER, Peter",2026-04-13,ICF World ranking SOLKAN,Solkan,Semi,MK1,SLO,,43,8,91.93,0,0,None,,0,0,0,0,0,0,0,0,0,0,0,0,0,0,0,0,0,0,0,0,0,0,0,0,0,-,-
efa4fa92b0fd4c696c877c36303685e7,2026-05-01 11:38:13,Peter KAUZER,Peter KAUZER,KAUZER,Peter,"KAUZER, Peter",2026-04-12,ICF World ranking SOLKAN,Solkan,Final,MK1,SLO,,43,7,90.62,2,2,None,,0,0,0,0,0,0,0,0,0,0,0,0,2,0,0,0,0,0,0,0,0,0,-,-,-,-,-
11315996ffba3a36006a1a25d0d36fd5,2026-06-22 20:00:31,Peter KAUZER,Peter KAUZER,KAUZER,Peter,"KAUZER, Peter",2026-04-12,ICF World ranking SOLKAN,Solkan,Heats1,MK1,SLO,187,43,8,91.93,0,0,None,,0,0,0,0,0,0,0,0,0,0,0,0,0,0,0,0,0,0,0,0,0,0,-,-,-,-,-
70e7c77580a026d31ce7c9fc39956abf,2026-06-22 20:00:31,Peter KAUZER,Peter KAUZER,KAUZER,Peter,"KAUZER, Peter",2026-04-11,International race Open race,Solkan,Heats1,MK1,SLO,187,43,2,76.07,0,0,None,,0,0,0,0,0,0,0,0,0,0,0,0,0,0,0,0,0,0,0,0,0,0,0,0,0,-,-
d63914c0a721683a97b0a7645c4d5fea,2026-04-02 14:26:24,Peter KAUZER,Peter KAUZER,KAUZER,Peter,"KAUZER, Peter",2026-03-30,ICF World ranking ,Oklahoma,FinalB,MK1,SLO,,43,14,81.42,2,2,None,,0,0,0,0,0,0,0,0,0,0,0,0,0,0,0,2,0,0,0,0,0,0,0,0,0,-,-
5f1c78f065d7bf1732527087c371e7a2,2026-06-09 20:00:28,Peter KAUZER,Peter KAUZER,KAUZER,Peter,"KAUZER, Peter",2026-03-28,ICF World ranking ,Oklahoma,Heats1,MK1,SLO,,43,29,83.88,2,2,None,,0,0,0,0,0,0,0,0,0,0,0,0,0,0,0,0,0,0,2,0,0,0,0,-,-,-,-
d18e9f0216aa1630d2e61a2a2e239abb,2026-06-09 20:00:28,Peter KAUZER,Peter KAUZER,KAUZER,Peter,"KAUZER, Peter",2026-03-28,ICF World ranking ,Oklahoma,FinalB,MK1,SLO,,43,14,81.42,2,2,None,,0,0,0,0,0,0,0,0,0,0,0,0,0,0,0,2,0,0,0,0,0,0,0,0,0,-,-
16d63d05d82a3daf5823e7cf8bb20865,2026-05-18 01:16:32,Peter KAUZER,Peter KAUZER,KAUZER,Peter,"KAUZER, Peter",2026-02-17,ICF World ranking I FEEL SLOVENIA  TACEN,Tacen,Heats1,MK1,SLO,,43,11,79.83,0,0,None,,0,0,0,0,0,0,0,0,0,0,0,0,0,0,0,0,0,0,0,0,0,0,0,0,-,-,-
43209c6edbeb419a947b8b6a3ce1d07c,2026-06-08 09:55:50,Peter KAUZER,Peter KAUZER,KAUZER,Peter,"KAUZER, Peter",2026-02-17,World Cup #2,Prague,Heats1,MK1,SLO,7,43,24,103.34,4,4,None,,0,0,0,0,0,0,0,0,0,0,0,0,0,0,0,0,0,0,0,0,0,0,-,-,-,-,-
128f10e0f56ffb839e5649c30d3a356a,2026-05-18 01:16:32,Peter KAUZER,Peter KAUZER,KAUZER,Peter,"KAUZER, Peter",2026-02-17,ICF World ranking I FEEL SLOVENIA  TACEN,Tacen,Final,MK1,SLO,,43,3,75.53,0,0,None,,0,0,0,0,0,0,0,0,0,0,0,0,0,0,0,0,0,0,0,0,0,0,0,0,-,-,-
3397719cb254eb3d46d201c9a14d75ac,2026-06-05 06:58:25,Peter KAUZER,Peter KAUZER,KAUZER,Peter,"KAUZER, Peter",2026-02-17,World Cup #1,Tacen,Heats1,MK1,SLO,6,43,50,81.2,54,54,None,,0,0,0,0,0,0,0,50,0,0,2,0,0,0,0,0,0,0,0,0,0,0,-,-,-,-,-
7aef90fcf4e855fd267bf49b801f0934,2026-04-02 14:26:24,Peter KAUZER,Peter KAUZER,KAUZER,Peter,"KAUZER, Peter",2026-02-17,ICF World ranking ,Oklahoma,Heats1,MK1,SLO,,43,29,83.88,2,2,None,,0,0,0,0,0,0,0,0,0,0,0,0,0,0,0,0,0,0,2,0,0,0,0,-,-,-,-
0533ab6eeeea9ab633d81e24a4ca1a1d,2026-05-18 01:16:32,Peter KAUZER,Peter KAUZER,KAUZER,Peter,"KAUZER, Peter",2026-02-17,ICF World ranking ,Ivrea,Heats1,MK1,SLO,,43,5,92.37,0,0,None,,0,0,0,0,0,0,0,0,0,0,0,0,0,0,0,0,0,0,0,0,0,0,0,0,-,-,-
704003becd66c1c64ed3e5391831b2f5,2026-05-18 01:16:32,Peter KAUZER,Peter KAUZER,KAUZER,Peter,"KAUZER, Peter",2026-02-17,ICF World ranking ,Ivrea,Final,MK1,SLO,,43,11,90.06,6,6,None,,0,0,0,0,0,0,2,0,0,0,0,0,0,0,0,0,0,0,2,2,0,0,0,0,-,-,-
2bfca1e562bb3805125c486a3d4b30de,2026-02-03 15:46:38,Peter KAUZER,Peter KAUZER,KAUZER,Peter,"KAUZER, Peter",2025-10-04,World Championships ,Penrith,Semi,MK1,SLO,5,42,7,92.73,2,2,94.73,94.73,0,0,0,0,2,0,0,0,0,0,0,0,0,0,0,0,0,0,0,0,0,0,-,-,-,-,-
1e82b8b52db4cb22d59c7692727a70ff,2026-02-03 15:46:38,Peter KAUZER,Peter KAUZER,KAUZER,Peter,"KAUZER, Peter",2025-10-04,World Championships ,Penrith,Final,MK1,SLO,5,42,6,93.26,0,0,93.26,93.26,0,0,0,0,0,0,0,0,0,0,0,0,0,0,0,0,0,0,0,0,0,0,-,-,-,-,-
96dbcea219d9325dc3b9362a01166d1d,2026-02-03 15:46:38,Peter KAUZER,Peter KAUZER,KAUZER,Peter,"KAUZER, Peter",2025-10-03,World Championships ,Penrith,Heats1,MK1,SLO,5,42,6,88.18,0,0,88.18,88.18,0,0,0,0,0,0,0,0,0,0,0,0,0,0,0,0,0,0,0,0,0,0,-,-,-,-,-
7af982a02d41499eb339ed2cc9f184d1,2026-02-03 15:46:38,Peter KAUZER,Peter KAUZER,KAUZER,Peter,"KAUZER, Peter",2025-09-05,World Cup Final,Augsburg,Heats1,MK1,SLO,5,42,20,98.97,2,2,100.97,100.97,0,0,0,0,0,0,0,0,0,-,-,-,-,-,-,-,-,-,-,2,-,-,-,-,-,-,-
843dcca016f454280e11396e7f5cfa44,2026-02-03 15:46:38,Peter KAUZER,Peter KAUZER,KAUZER,Peter,"KAUZER, Peter",2025-09-05,World Cup Final,Augsburg,Semi,MK1,SLO,5,42,25,93.02,52,52,145.02,145.02,0,0,0,0,0,0,0,2,0,-,-,-,-,50,-,-,-,-,-,-,-,-,-,-,-,-,-
1d9b40fbc5aa551ecc7504b13580f2f4,2026-02-03 15:46:38,Peter KAUZER,Peter KAUZER,KAUZER,Peter,"KAUZER, Peter",2025-08-30,World Cup #4,Tacen,Final,MK1,SLO,5,42,4,73.58,0,0,73.58,73.58,0,0,0,0,0,0,0,0,0,0,-,-,-,-,-,-,-,-,-,-,-,-,-,-,-,-,-
635c0605035313b87dddf126f5893cd5,2026-02-03 15:46:38,Peter KAUZER,Peter KAUZER,KAUZER,Peter,"KAUZER, Peter",2025-08-29,World Cup #4,Tacen,Heats1,MK1,SLO,5,42,10,75.22,0,0,75.22,75.22,0,0,0,0,0,0,0,0,0,0,-,-,-,-,-,-,-,-,-,-,-,-,-,-,-,-,-
ae7695fe5fe650162c61c86ff76417a4,2026-02-03 15:46:38,Peter KAUZER,Peter KAUZER,KAUZER,Peter,"KAUZER, Peter",2025-06-28,World Cup #3,Prague,Final,MK1,SLO,4,42,9,100.8,0,0,100.8,100.8,0,0,0,0,0,0,0,0,0,0,-,-,-,-,-,-,-,-,-,-,-,-,-,-,-,-,-
a292ca355e2f15f24db13fe29c06e3ee,2026-02-03 15:46:38,Peter KAUZER,Peter KAUZER,KAUZER,Peter,"KAUZER, Peter",2025-06-27,World Cup #3,Prague,Heats1,MK1,SLO,4,42,12,91.24,0,0,91.24,91.24,0,0,0,0,0,0,0,0,0,0,-,-,-,-,-,-,-,-,-,-,-,-,-,-,-,-,-
05d5e7ebcac2192d9cceefecdb6f893d,2026-02-03 15:46:38,Peter KAUZER,Peter KAUZER,KAUZER,Peter,"KAUZER, Peter",2025-06-27,World Cup Grand Prix - short,Prague,Heats1,MK1,SLO,4,42,62,52.15,54,54,106.15,106.15,0,0,0,0,0,0,0,0,0,0,-,-,-,-,-,-,-,-,-,-,-,-,-,-,-,-,-
c97af0af130e419ce834343983636b17,2026-02-03 15:46:38,Peter KAUZER,Peter KAUZER,KAUZER,Peter,"KAUZER, Peter",2025-06-13,World Cup #2,Pau,Heats1,MK1,SLO,4,42,33,93.76,8,8,101.76,101.76,0,0,0,0,2,2,0,0,0,2,2,-,-,-,-,-,-,-,-,-,-,-,-,-,-,-,-
9c710aa79984c2f242091aa7c931a792,2026-02-03 15:46:38,Peter KAUZER,Peter KAUZER,KAUZER,Peter,"KAUZER, Peter",2025-06-06,World Cup #1,La Seu,Heats1,MK1,SLO,,42,15,87.35,0,0,87.35,87.35,0,0,0,0,0,0,0,0,0,0,0,0,0,0,0,0,0,0,0,0,0,0,0,-,-,-,-
6c28350d92bc387d4992aeafb2df90f3,2026-02-03 15:46:38,Peter KAUZER,Peter KAUZER,KAUZER,Peter,"KAUZER, Peter",2025-05-17,Euros ,Vaires sur Marne,Semi,MK1,SLO,,42,3,83.59,0,0,83.59,83.59,0,0,0,0,0,0,0,0,0,-,-,-,-,-,-,-,-,-,-,-,-,-,-,-,-,-,-
5ade3b1e1c4ed7628f3ab18907632c8d,2026-02-03 15:46:38,Peter KAUZER,Peter KAUZER,KAUZER,Peter,"KAUZER, Peter",2025-05-17,Euros ,Vaires sur Marne,Final,MK1,SLO,,42,10,97.91,2,2,99.91,99.91,0,0,0,0,0,0,0,0,0,-,-,-,-,-,-,-,2,-,-,-,-,-,-,-,-,-,-
154c99a2151e9dbf073c102b5f72c485,2026-02-03 15:46:38,Peter KAUZER,Peter KAUZER,KAUZER,Peter,"KAUZER, Peter",2025-05-16,Euros ,Vaires sur Marne,Heats1,MK1,SLO,,42,11,83.67,2,2,85.67,85.67,0,0,0,0,0,0,0,0,0,0,0,0,0,2,0,0,0,0,0,0,0,0,-,-,-,-,-
4ea06737362d348ad2b1b034cf6393b9,2026-02-03 15:46:38,Peter KAUZER,Peter KAUZER,KAUZER,Peter,"KAUZER, Peter",2025-05-04,ICF World ranking ,Ivrea,Heats1,MK1,SLO,,42,28,106.4,2,2,108.4,108.4,0,0,0,0,0,0,0,0,0,0,0,0,0,0,0,0,0,0,0,0,0,2,-,-,-,-,-
9ab2748c4b08f5220d1b55ea4622f5cf,2026-02-03 15:46:38,Peter KAUZER,Peter KAUZER,KAUZER,Peter,"KAUZER, Peter",2025-05-02,International race ,Ivrea,Heats1,MK1,SLO,,42,4,86.36,2,2,88.36,88.36,0,0,0,0,0,0,0,0,0,0,0,0,0,0,0,0,0,0,0,2,0,0,-,-,-,-,-
e3b3c51b1ac730732ddfc455b916b5d3,2026-02-03 15:46:38,Peter KAUZER,Peter KAUZER,KAUZER,Peter,"KAUZER, Peter",2025-04-27,International race Tacen Slalom Cup,Tacen,Heats1,MK1,SLO,,42,5,83.19,0,0,83.19,83.19,0,0,0,0,0,0,0,0,0,0,0,0,0,0,0,0,0,0,0,0,0,0,0,0,-,-,-
68bced169525cdf8817bf09fff09be71,2026-02-03 15:46:38,Peter KAUZER,Peter KAUZER,KAUZER,Peter,"KAUZER, Peter",2025-04-27,International race Tacen Slalom Cup,Tacen,Final,MK1,SLO,,42,4,85.09,0,0,85.09,85.09,0,0,0,0,0,0,0,0,0,0,0,0,0,0,0,0,0,0,0,0,0,0,0,0,-,-,-
6e700936b3e2353b37b4fc1ac2dfd4e6,2026-02-03 15:46:38,Peter KAUZER,Peter KAUZER,KAUZER,Peter,"KAUZER, Peter",2025-04-27,ICF World ranking I feel Slovenia,Tacen,Heats1,MK1,SLO,,42,4,85,2,2,87,87,0,0,0,0,0,0,0,0,2,0,0,0,0,0,0,0,0,0,0,0,0,0,0,-,-,-,-
fc7af8a9ee90854fd1564e4fd7f0639f,2026-02-03 15:46:38,Peter KAUZER,Peter KAUZER,KAUZER,Peter,"KAUZER, Peter",2025-04-27,ICF World ranking I feel Slovenia,Tacen,Final,MK1,SLO,,42,1,85.48,0,0,85.48,85.48,0,0,0,0,0,0,0,0,0,0,0,0,0,0,0,0,0,0,0,0,0,0,0,-,-,-,-
5d1afbf36e587a303a2b4117708e4a0b,2026-02-03 15:46:38,Peter KAUZER,Peter KAUZER,KAUZER,Peter,"KAUZER, Peter",2025-04-06,ICF World ranking ,Solkan,Heats1,MK1,SLO,,42,5,85.66,0,0,85.66,85.66,0,0,0,0,0,0,0,0,0,0,0,0,0,0,0,0,0,0,0,0,0,-,-,-,-,-,-
61eedb5550353856ae3a230378a9f98d,2026-02-03 15:46:38,Peter KAUZER,Peter KAUZER,KAUZER,Peter,"KAUZER, Peter",2025-04-06,ICF World ranking ,Solkan,Final,MK1,SLO,,42,12,89.95,50,50,139.95,139.95,0,0,0,0,0,0,0,0,0,0,0,0,0,50,0,0,0,0,0,0,0,-,-,-,-,-,-
69be31f442cce67cf853f5737ef7197d,2026-02-03 15:46:38,Peter KAUZER,Peter KAUZER,KAUZER,Peter,"KAUZER, Peter",2025-02-07,ICF World ranking ,Ile de la Reunion,Heats1,MK1,SLO,,42,3,99.8,0,0,99.8,99.8,0,0,0,0,0,0,0,0,0,0,0,0,0,0,0,0,0,0,0,0,0,0,0,0,-,-,-
959ce13db6ab55f37a0f59794b7a207a,2026-02-03 15:46:38,Peter KAUZER,Peter KAUZER,KAUZER,Peter,"KAUZER, Peter",2025-02-07,ICF World ranking ,Ile de la Reunion,Final,MK1,SLO,,42,1,92.55,0,0,92.55,92.55,0,0,0,0,0,0,0,0,0,0,0,0,0,0,0,0,0,0,0,0,0,0,0,0,-,-,-
0a3f063456aac6c1c9e784c2c94c18ae,2026-02-03 15:46:27,Peter KAUZER,Peter KAUZER,KAUZER,Peter,"KAUZER, Peter",2024-09-21,World Cup final,La Seu,Semi,MK1,SLO,,41,4,89.79,0,0,89.79,89.79,0,0,0,0,0,0,0,0,-,-,-,-,-,-,-,-,-,-,-,-,-,-,-,-,-,-,-
c2be9d29413aec012c23ddfb2263c505,2026-02-03 15:46:27,Peter KAUZER,Peter KAUZER,KAUZER,Peter,"KAUZER, Peter",2024-09-21,World Cup final,La Seu,Final,MK1,SLO,,41,7,90.9,0,0,90.9,90.9,0,0,0,0,0,0,0,0,-,-,-,-,-,-,-,-,-,-,-,-,-,-,-,-,-,-,-
ff295c97fad353d247cd243e3645f6de,2026-02-03 15:46:27,Peter KAUZER,Peter KAUZER,KAUZER,Peter,"KAUZER, Peter",2024-09-20,World Cup final,La Seu,Heats1,MK1,SLO,,41,4,88.62,0,0,88.62,88.62,0,0,0,0,0,0,0,0,0,0,0,0,0,0,0,0,0,0,0,0,0,0,0,0,0,-,-
ae70e0ed8ade24d0232a67ff56dc3f93,2026-02-03 15:46:27,Peter KAUZER,Peter KAUZER,KAUZER,Peter,"KAUZER, Peter",2024-09-14,World Cup #4,Ivrea,Semi,MK1,SLO,,41,1,84.64,0,0,84.64,84.64,0,0,0,0,0,0,0,0,-,-,-,-,-,-,-,-,-,-,-,-,-,-,-,-,-,-,-
66c3859504db13f1de9ac6650c7fc32d,2026-02-03 15:46:27,Peter KAUZER,Peter KAUZER,KAUZER,Peter,"KAUZER, Peter",2024-09-14,World Cup #4,Ivrea,Final,MK1,SLO,,41,3,88.45,0,0,88.45,88.45,0,0,0,0,0,0,0,0,-,-,-,-,-,-,-,-,-,-,-,-,-,-,-,-,-,-,-
cc86687e945e85679b2623daa13e6cd1,2026-02-03 15:46:27,Peter KAUZER,Peter KAUZER,KAUZER,Peter,"KAUZER, Peter",2024-09-13,World Cup #4,Ivrea,Heats1,MK1,SLO,,41,6,78.32,0,0,78.32,78.32,0,0,0,0,0,0,0,0,-,-,-,-,-,-,-,-,-,-,-,-,-,-,-,-,-,-,-
b3acf0ac1dd676746a6ac7b6a62158bc,2026-02-03 15:46:27,Peter KAUZER,Peter KAUZER,KAUZER,Peter,"KAUZER, Peter",2024-08-04,Olympic Games ,Vaires sur Marne,Semi,MK1,SLO,,41,18,92.8,50,50,142.8,142.8,0,0,0,0,0,0,0,0,0,0,0,0,0,0,0,0,0,0,0,0,0,0,-,-,-,-,-
39ed1a4eb177fe962f1ff84901689cbb,2026-02-03 15:46:27,Peter KAUZER,Peter KAUZER,KAUZER,Peter,"KAUZER, Peter",2024-08-03,Olympic Games ,Vaires sur Marne,Heats1,MK1,SLO,,41,16,88.93,2,2,90.93,90.93,0,0,0,0,0,0,0,0,0,0,0,0,0,0,0,0,0,0,0,0,0,0,-,-,-,-,-
b7b2b3881b74261555c57ad2c3594663,2026-02-03 15:46:27,Peter KAUZER,Peter KAUZER,KAUZER,Peter,"KAUZER, Peter",2024-06-08,World Cup #2,Prague,Final,MK1,SLO,,41,4,81.87,0,0,81.87,81.87,0,0,0,0,0,0,0,0,0,0,0,0,0,0,0,0,0,0,0,0,0,0,0,0,-,-,-
eed887141e6c89003cdefd9ec88e29a7,2026-02-03 15:46:27,Peter KAUZER,Peter KAUZER,KAUZER,Peter,"KAUZER, Peter",2024-06-07,World Cup #2,Prague,Heats1,MK1,SLO,,41,7,83.6,0,0,83.6,83.6,0,0,0,0,0,0,0,0,0,0,0,0,0,0,0,0,0,0,0,0,0,0,0,0,-,-,-
57acb5e85a7efc6d3030baa18bdd7b23,2026-02-03 15:46:27,Peter KAUZER,Peter KAUZER,KAUZER,Peter,"KAUZER, Peter",2024-06-01,World Cup #1,Augsburg,Semi,MK1,SLO,,41,8,100.63,0,0,100.63,100.63,0,0,0,0,0,0,0,0,0,0,-,-,-,-,-,-,-,-,-,-,-,-,-,-,-,-,-
e799a2aa2f2e394d4e6ec860e355ca93,2026-02-03 15:46:27,Peter KAUZER,Peter KAUZER,KAUZER,Peter,"KAUZER, Peter",2024-06-01,World Cup #1,Augsburg,Final,MK1,SLO,,41,3,100.69,2,2,102.69,102.69,0,0,0,0,0,0,0,0,2,0,-,-,-,-,-,-,-,-,-,-,-,-,-,-,-,-,-
33f0bc7dfcf28d052959d9c4c0c68cd2,2026-02-03 15:46:27,Peter KAUZER,Peter KAUZER,KAUZER,Peter,"KAUZER, Peter",2024-05-31,World Cup #1,Augsburg,Heats1,MK1,SLO,,41,24,100.23,2,2,102.23,102.23,0,0,0,0,0,0,2,0,0,0,-,-,-,-,-,-,-,-,-,-,-,-,-,-,-,-,-
9f79be3c498d1c00b69765a8946516f2,2026-02-03 15:46:27,Peter KAUZER,Peter KAUZER,KAUZER,Peter,"KAUZER, Peter",2024-05-18,Euros ,Tacen,Final,MK1,SLO,,41,10,90.43,50,50,140.43,140.43,0,0,0,50,0,0,0,0,0,0,0,0,0,0,0,0,0,0,0,0,0,-,-,-,-,-,-
4863bb28e51aca722c5b8e6388ce9552,2026-02-03 15:46:27,Peter KAUZER,Peter KAUZER,KAUZER,Peter,"KAUZER, Peter",2024-05-17,Euros ,Tacen,Heats1,MK1,SLO,,41,7,93.75,2,2,95.75,95.75,0,0,0,0,0,0,0,0,0,0,0,0,0,0,0,0,0,2,0,0,0,-,-,-,-,-,-
8be88b36923cf7a1e14b22fb87de6d4f,2026-02-03 15:46:27,Peter KAUZER,Peter KAUZER,KAUZER,Peter,"KAUZER, Peter",2024-04-21,ICF World ranking ,Tacen,Semi,MK1,SLO,,41,4,83.18,0,0,83.18,83.18,0,0,0,0,0,0,0,0,0,0,0,0,0,0,0,0,0,0,0,0,0,0,-,-,-,-,-
a0b55aab969502ae7b65b3b588c8623a,2026-02-03 15:46:27,Peter KAUZER,Peter KAUZER,KAUZER,Peter,"KAUZER, Peter",2024-04-21,ICF World ranking ,Tacen,Final,MK1,SLO,,41,4,81.15,0,0,81.15,81.15,0,0,0,0,0,0,0,0,0,0,0,0,0,0,0,0,0,0,0,0,0,0,-,-,-,-,-
d72c67a323c5be94c249209dba48ffc2,2026-02-03 15:46:27,Peter KAUZER,Peter KAUZER,KAUZER,Peter,"KAUZER, Peter",2024-04-20,ECA Open ,Tacen,Semi,MK1,SLO,,41,23,94.23,2,2,96.23,96.23,0,0,0,0,0,0,0,0,0,0,0,0,0,0,0,2,0,0,0,0,0,-,-,-,-,-,-
1748a8a6cee48bdacdac58b0ad18b6f8,2026-02-03 15:46:27,Peter KAUZER,Peter KAUZER,KAUZER,Peter,"KAUZER, Peter",2024-03-24,ICF World ranking ,Solkan,Semi,MK1,SLO,,41,1,81.34,0,0,81.34,81.34,0,0,0,0,0,0,0,0,0,0,0,0,0,0,0,0,0,0,0,0,0,0,-,-,-,-,-
b979f556307d5f224e20cccbafbf2057,2026-02-03 15:46:27,Peter KAUZER,Peter KAUZER,KAUZER,Peter,"KAUZER, Peter",2024-03-24,ICF World ranking ,Solkan,Final,MK1,SLO,,41,2,80.86,0,0,80.86,80.86,0,0,0,0,0,0,0,0,0,0,0,0,0,0,0,0,0,0,0,0,0,0,-,-,-,-,-
c704cac6305ffbea8cd0d568d705b57a,2026-02-03 15:46:27,Peter KAUZER,Peter KAUZER,KAUZER,Peter,"KAUZER, Peter",2024-03-23,ICF World ranking ,Solkan,Heats1,MK1,SLO,,41,7,85.92,0,0,85.92,85.92,0,0,0,0,0,0,0,0,0,0,0,0,0,0,0,0,0,0,0,0,0,0,-,-,-,-,-
5430a37225da75b88a4e5baabbf003e3,2026-02-03 15:46:16,Peter KAUZER,Peter KAUZER,KAUZER,Peter,"KAUZER, Peter",2023-10-07,World Cup final,Vaires sur Marne,Semi,MK1,SLO,,40,23,94.59,54,54,148.59,148.59,0,0,0,0,0,0,0,0,0,0,0,0,0,0,50,2,0,0,0,2,0,-,-,-,-,-,-
e4c253cb77013f6816c9307151ed2953,2026-02-03 15:46:16,Peter KAUZER,Peter KAUZER,KAUZER,Peter,"KAUZER, Peter",2023-10-06,World Cup final,Vaires sur Marne,Heats2,MK1,SLO,,40,7,90.74,0,0,90.74,90.74,0,0,0,0,0,0,0,0,0,0,0,0,0,0,0,0,0,0,0,0,0,-,-,-,-,-,-
16a65a5ce237070c15cdbe5e73585d97,2026-02-03 15:46:16,Peter KAUZER,Peter KAUZER,KAUZER,Peter,"KAUZER, Peter",2023-10-06,World Cup final,Vaires sur Marne,Heats1,MK1,SLO,,40,13,93.11,0,0,93.11,93.11,0,0,0,0,0,0,0,0,0,0,0,0,0,0,0,0,0,0,0,0,0,-,-,-,-,-,-
06a85376d2bdf20214d0981361fe909d,2026-02-03 15:46:16,Peter KAUZER,Peter KAUZER,KAUZER,Peter,"KAUZER, Peter",2023-09-23,World Championships ,Lee Valley,Semi,MK1,SLO,,40,7,95.64,0,0,95.64,95.64,0,0,0,0,0,0,0,0,0,0,0,0,0,0,0,0,0,0,0,0,0,0,-,-,-,-,-
78649fa447d44d756e79d1fdb01053ea,2026-02-03 15:46:16,Peter KAUZER,Peter KAUZER,KAUZER,Peter,"KAUZER, Peter",2023-09-23,World Championships ,Lee Valley,Final,MK1,SLO,,40,10,100.71,52,52,152.71,152.71,0,0,0,0,0,50,0,0,0,0,0,0,0,0,0,0,0,0,0,0,2,0,-,-,-,-,-
9901b55def8868fc61f4993c14dedbd7,2026-02-03 15:46:16,Peter KAUZER,Peter KAUZER,KAUZER,Peter,"KAUZER, Peter",2023-09-22,World Championships ,Lee Valley,Heats1,MK1,SLO,,40,11,81.43,0,0,81.43,81.43,0,0,0,0,0,0,0,0,0,0,0,0,0,0,0,0,0,0,0,0,0,0,0,-,-,-,-
36d47c9c517168126b973fa5182f52d8,2026-02-03 15:46:16,Peter KAUZER,Peter KAUZER,KAUZER,Peter,"KAUZER, Peter",2023-09-02,World Cup #4,La Seu,Final,MK1,SLO,,40,1,89.36,0,0,89.36,89.36,0,0,0,0,0,0,0,0,0,0,0,0,0,0,0,0,0,0,0,0,0,0,-,-,-,-,-
52e3e6e96947f7ffab3b3a80e61d041a,2026-02-03 15:46:16,Peter KAUZER,Peter KAUZER,KAUZER,Peter,"KAUZER, Peter",2023-09-01,World Cup #4,La Seu,Heats1,MK1,SLO,,40,9,89.56,2,2,91.56,91.56,0,0,0,0,0,0,0,0,0,0,0,0,0,0,0,0,0,0,2,0,0,0,-,-,-,-,-
6000bab8c0c00c014c046ee449569261,2026-02-03 15:46:16,Peter KAUZER,Peter KAUZER,KAUZER,Peter,"KAUZER, Peter",2023-07-02,Euros European Games,Krakow,Semi,MK1,SLO,,40,11,90.44,2,2,92.44,92.44,0,0,0,0,0,0,0,0,0,0,0,0,0,0,0,0,2,0,0,0,0,-,-,-,-,-,-
c40acba21f814a41c3734dacab4a06af,2026-02-03 15:46:16,Peter KAUZER,Peter KAUZER,KAUZER,Peter,"KAUZER, Peter",2023-06-30,Euros European Games,Krakow,Heats1,MK1,SLO,,40,15,88.2,0,0,88.2,88.2,0,0,0,0,0,0,0,0,0,0,0,0,0,0,0,0,0,0,0,0,0,-,-,-,-,-,-
232eceb39237c8ba6105de36767d9c39,2026-02-03 15:46:16,Peter KAUZER,Peter KAUZER,KAUZER,Peter,"KAUZER, Peter",2023-06-16,World Cup #3,Tacen,Semi,MK1,SLO,,40,11,87.47,4,4,91.47,91.47,0,0,0,0,0,0,0,0,0,0,0,0,2,0,0,0,0,0,0,2,0,0,0,-,-,-,-
ce26d90fbc3b286f58e8e461561d37ff,2026-02-03 15:46:16,Peter KAUZER,Peter KAUZER,KAUZER,Peter,"KAUZER, Peter",2023-06-15,World Cup #3,Tacen,Heats1,MK1,SLO,,40,19,90.81,0,0,90.81,90.81,0,0,0,0,0,0,0,0,0,0,0,0,0,0,0,0,0,0,0,0,0,0,0,-,-,-,-
7d1d7c922e82aab5cdeae1543ae656ae,2026-02-03 15:46:16,Peter KAUZER,Peter KAUZER,KAUZER,Peter,"KAUZER, Peter",2023-06-09,World Cup #2,Prague,Semi,MK1,SLO,,40,19,94.59,2,2,96.59,96.59,0,0,0,2,0,0,0,0,0,0,0,0,0,0,0,0,0,0,0,0,0,0,0,0,-,-,-
72372873b51903e13f1fc76498b52c9c,2026-02-03 15:46:16,Peter KAUZER,Peter KAUZER,KAUZER,Peter,"KAUZER, Peter",2023-06-08,World Cup #2,Prague,Heats1,MK1,SLO,,40,11,86.48,0,0,86.48,86.48,0,0,0,0,0,0,0,0,0,0,0,0,0,0,0,0,0,0,0,0,0,0,0,0,-,-,-
df240394386966ebb7248bfecd366343,2026-02-03 15:46:16,Peter KAUZER,Peter KAUZER,KAUZER,Peter,"KAUZER, Peter",2023-06-02,World Cup #1,Augsburg,Semi,MK1,SLO,,40,26,96.74,6,6,102.74,102.74,0,2,0,0,0,0,0,0,0,0,-,-,-,-,-,2,-,-,-,-,2,-,-,-,-,-,-
6d7b5f5269209c32fd9ffcad084ff3c5,2026-02-03 15:46:16,Peter KAUZER,Peter KAUZER,KAUZER,Peter,"KAUZER, Peter",2023-06-01,World Cup #1,Augsburg,Heats1,MK1,SLO,,40,33,92.85,4,4,96.85,96.85,0,0,0,2,0,0,2,0,0,0,0,0,0,0,0,0,0,0,0,0,0,0,0,-,-,-,-
772f1329948b0464f9bbe5cec624391e,2026-02-03 15:46:16,Peter KAUZER,Peter KAUZER,KAUZER,Peter,"KAUZER, Peter",2023-06-01,World Cup #1,Augsburg,Heats2,MK1,SLO,,40,1,90.43,0,0,90.43,90.43,0,0,0,0,0,0,0,0,0,0,0,0,0,0,0,0,0,0,0,0,0,0,0,-,-,-,-
a8a20ae140ea8853efbe0b02f7d76630,2026-02-03 15:46:16,Peter KAUZER,Peter KAUZER,KAUZER,Peter,"KAUZER, Peter",2023-04-23,ECA Open Cup ,Tacen,Final,MK1,SLO,,40,1,75.66,0,0,75.66,75.66,0,0,0,0,0,0,0,0,0,0,0,0,0,0,0,0,0,0,0,0,0,0,-,-,-,-,-
d48f15d4e97026d76f21266080a13e15,2026-02-03 15:46:16,Peter KAUZER,Peter KAUZER,KAUZER,Peter,"KAUZER, Peter",2023-04-23,ECA Open Cup ,Tacen,Semi,MK1,SLO,,40,1,75.29,0,0,75.29,75.29,0,0,0,0,0,0,0,0,0,0,0,0,0,0,0,0,0,0,0,0,0,0,-,-,-,-,-
fd8079df432fcb55fd9053bfd55babe0,2026-02-03 15:46:16,Peter KAUZER,Peter KAUZER,KAUZER,Peter,"KAUZER, Peter",2023-04-22,ECA Open Cup ,Tacen,Heats1,MK1,SLO,,40,2,77.31,2,2,79.31,79.31,0,0,0,0,0,0,0,0,0,0,0,0,0,0,0,0,0,0,0,0,0,0,-,-,-,-,-
ec878538bf29a13f18609eace1d014a0,2026-02-03 15:46:16,Peter KAUZER,Peter KAUZER,KAUZER,Peter,"KAUZER, Peter",2023-03-25,ICF World ranking ,Solkan,Semi,MK1,SLO,,40,2,86.53,0,0,86.53,86.53,0,0,0,0,0,0,0,0,0,0,0,0,0,0,0,0,0,0,0,0,0,0,-,-,-,-,-
eafcf68398e0658ed7e8530e51ab0d77,2026-02-03 15:46:16,Peter KAUZER,Peter KAUZER,KAUZER,Peter,"KAUZER, Peter",2023-03-25,ICF World ranking ,Solkan,Final,MK1,SLO,,40,1,86,0,0,86,86,0,0,0,0,0,0,0,0,0,0,0,0,0,0,0,0,0,0,0,0,0,0,-,-,-,-,-
b73528188d06f00231238de104f18076,2026-02-03 15:46:16,Peter KAUZER,Peter KAUZER,KAUZER,Peter,"KAUZER, Peter",2023-03-24,ICF World ranking ,Solkan,Heats1,MK1,SLO,,40,7,92.85,0,0,92.85,92.85,0,0,0,0,0,0,0,0,0,0,0,0,0,0,0,0,0,0,0,0,0,0,-,-,-,-,-
eab8daecb9f0cc08fea1761752f417ff,2026-02-03 15:46:02,Peter KAUZER,Peter KAUZER,KAUZER,Peter,"KAUZER, Peter",2022-09-18,ICF World ranking ,Lee Valley,Semi,MK1,SLO,,39,6,96.6,0,0,96.6,96.6,0,0,0,0,0,0,0,0,0,0,0,0,0,0,0,0,0,0,0,0,0,0,-,-,-,-,-
b2587bfcab57ec89a7ebfc709516c892,2026-02-03 15:46:02,Peter KAUZER,Peter KAUZER,KAUZER,Peter,"KAUZER, Peter",2022-09-18,ICF World ranking ,Lee Valley,Final,MK1,SLO,,39,1,94.52,0,0,94.52,94.52,0,0,0,0,0,0,0,0,0,0,0,0,0,0,0,0,0,0,0,0,0,0,-,-,-,-,-
ffc2e3045201327a128a3cabfed7b487,2026-02-03 15:46:02,Peter KAUZER,Peter KAUZER,KAUZER,Peter,"KAUZER, Peter",2022-09-17,ICF World ranking ,Lee Valley,Heats1,MK1,SLO,,39,12,98.97,2,2,100.97,100.97,0,0,0,0,0,0,0,0,0,0,0,0,0,0,0,0,0,0,0,0,0,0,-,-,-,-,-
be185b20a3c4d1f68d5f911aef87ad18,2026-02-03 15:46:02,Peter KAUZER,Peter KAUZER,KAUZER,Peter,"KAUZER, Peter",2022-09-04,World Cup final,La Seu,Semi,MK1,SLO,,39,6,87.42,0,0,87.42,87.42,0,0,0,0,0,0,0,0,0,0,0,0,0,0,0,0,0,0,0,0,0,0,-,-,-,-,-
984d8a395b60205bc4d9f9df9375a0dc,2026-02-03 15:46:02,Peter KAUZER,Peter KAUZER,KAUZER,Peter,"KAUZER, Peter",2022-09-04,World Cup final,La Seu,Final,MK1,SLO,,39,7,91.54,0,0,91.54,91.54,0,0,0,0,0,0,0,0,0,0,0,0,0,0,0,0,0,0,0,0,0,0,-,-,-,-,-
f1b0b9f98fa773d6e347404a2e9f7a97,2026-02-03 15:46:02,Peter KAUZER,Peter KAUZER,KAUZER,Peter,"KAUZER, Peter",2022-09-02,World Cup final,La Seu,Heats1,MK1,SLO,,39,24,81.93,2,2,83.93,83.93,0,0,0,0,0,0,0,0,-,-,-,-,-,-,-,-,-,-,-,-,-,-,-,-,-,-,-
014a43c28f2ac2467c231a8b9c29320d,2026-02-03 15:46:02,Peter KAUZER,Peter KAUZER,KAUZER,Peter,"KAUZER, Peter",2022-08-28,World Cup #4,Pau,Semi,MK1,SLO,,39,40,117.89,52,52,169.89,169.89,0,0,0,0,0,0,0,0,0,0,0,0,0,0,0,0,0,0,0,0,0,0,-,-,-,-,-
d8543a33f4df8e0200c7304f3294cc19,2026-02-03 15:46:02,Peter KAUZER,Peter KAUZER,KAUZER,Peter,"KAUZER, Peter",2022-08-26,World Cup #4,Pau,Heats1,MK1,SLO,,39,15,95.98,0,0,95.98,95.98,0,0,0,0,0,0,0,0,0,0,0,0,0,0,0,0,0,0,0,0,0,0,-,-,-,-,-
23cb501541b653f72f5e64a25f8358ff,2026-02-03 15:46:02,Peter KAUZER,Peter KAUZER,KAUZER,Peter,"KAUZER, Peter",2022-07-31,World Championships ,Augsburg,Semi,MK1,SLO,,39,1,94.76,0,0,94.76,94.76,0,0,0,0,0,0,0,0,0,0,0,0,0,0,0,0,0,0,0,0,0,0,-,-,-,-,-
798b77fb6f3e2e85b1ec5745bb0ead8c,2026-02-03 15:46:02,Peter KAUZER,Peter KAUZER,KAUZER,Peter,"KAUZER, Peter",2022-07-31,World Championships ,Augsburg,Final,MK1,SLO,,39,10,103.9,4,4,107.9,107.9,0,0,0,0,0,0,0,0,0,0,0,0,0,0,0,0,0,0,0,0,0,0,-,-,-,-,-
72c0cb487b27efb300a12f9234f668c9,2026-02-03 15:46:02,Peter KAUZER,Peter KAUZER,KAUZER,Peter,"KAUZER, Peter",2022-07-28,World Championships ,Augsburg,Heats1,MK1,SLO,,39,28,90.66,2,2,92.66,92.66,0,0,0,0,0,0,0,0,0,0,0,0,0,0,0,0,0,0,0,0,0,0,-,-,-,-,-
7ea10104b4bd87ce44f8638fe30191fc,2026-02-03 15:46:02,Peter KAUZER,Peter KAUZER,KAUZER,Peter,"KAUZER, Peter",2022-06-26,World Cup #3,Tacen,Semi,MK1,SLO,,39,2,81.48,0,0,81.48,81.48,0,0,0,0,0,0,0,0,0,0,0,0,0,0,0,0,0,0,0,0,0,0,-,-,-,-,-
a17622e032e6a9577a5702e8ff78b61f,2026-02-03 15:46:02,Peter KAUZER,Peter KAUZER,KAUZER,Peter,"KAUZER, Peter",2022-06-26,World Cup #3,Tacen,Final,MK1,SLO,,39,4,79.94,6,6,85.94,85.94,2,0,0,0,0,0,0,0,0,0,0,0,2,0,2,0,0,0,0,0,0,0,-,-,-,-,-
89084c43fca76c0dedb35761bc7eab16,2026-02-03 15:46:02,Peter KAUZER,Peter KAUZER,KAUZER,Peter,"KAUZER, Peter",2022-06-24,World Cup #3,Tacen,Heats1,MK1,SLO,,39,12,80.28,2,2,82.28,82.28,0,0,0,0,0,0,0,0,0,0,0,0,0,0,2,0,0,0,0,0,0,0,-,-,-,-,-
106723996f2cc0bff8e44edaef3d98b6,2026-02-03 15:46:02,Peter KAUZER,Peter KAUZER,KAUZER,Peter,"KAUZER, Peter",2022-06-19,World Cup #2,Krakow,Semi,MK1,SLO,,39,2,85.3,0,0,85.3,85.3,0,0,0,0,0,0,0,0,0,0,0,0,0,0,0,0,0,0,0,0,0,0,-,-,-,-,-
7f4b4599facd2fb4b79d3f1dded0115c,2026-02-03 15:46:02,Peter KAUZER,Peter KAUZER,KAUZER,Peter,"KAUZER, Peter",2022-06-19,World Cup #2,Krakow,Final,MK1,SLO,,39,8,85.02,50,50,135.02,135.02,0,0,0,0,0,0,0,0,0,0,0,0,0,0,0,0,0,0,0,0,0,0,-,-,-,-,-
275011578102d598ab378778fa4ae032,2026-02-03 15:46:02,Peter KAUZER,Peter KAUZER,KAUZER,Peter,"KAUZER, Peter",2022-06-17,World Cup #2,Krakow,Heats1,MK1,SLO,,39,13,90.52,2,2,92.52,92.52,0,0,0,0,0,0,0,0,0,0,0,0,0,0,0,0,0,0,0,0,0,0,-,-,-,-,-
10227b5513692437fdce72f019bec9de,2026-02-03 15:46:02,Peter KAUZER,Peter KAUZER,KAUZER,Peter,"KAUZER, Peter",2022-06-12,World Cup #1,Prague,Semi,MK1,SLO,,39,10,97.18,0,0,97.18,97.18,0,0,0,0,0,0,0,0,-,-,-,-,-,-,-,-,-,-,-,-,-,-,-,-,-,-,-
e53792944f4b817117367bde3911376a,2026-02-03 15:46:02,Peter KAUZER,Peter KAUZER,KAUZER,Peter,"KAUZER, Peter",2022-06-12,World Cup #1,Prague,Final,MK1,SLO,,39,1,95.54,0,0,95.54,95.54,0,0,0,0,0,0,0,0,-,-,-,-,-,-,-,-,-,-,-,-,-,-,-,-,-,-,-
a2f983979534875f47f0a6320fbc8e41,2026-02-03 15:46:02,Peter KAUZER,Peter KAUZER,KAUZER,Peter,"KAUZER, Peter",2022-06-10,World Cup #1,Prague,Heats1,MK1,SLO,,39,16,87.47,2,2,89.47,89.47,0,0,0,0,0,0,0,0,-,-,-,-,-,-,-,-,-,-,-,-,-,-,-,-,-,-,-
f653ca1dc1c66c487faded9498905e27,2026-02-03 15:46:02,Peter KAUZER,Peter KAUZER,KAUZER,Peter,"KAUZER, Peter",2022-06-05,ICF World ranking ,Augsburg,Semi,MK1,SLO,,39,3,102.16,0,0,102.16,102.16,0,0,0,0,0,0,0,0,0,0,0,0,0,0,0,0,0,0,0,0,0,0,-,-,-,-,-
97735551fda34c19c12443680fefec5f,2026-02-03 15:46:02,Peter KAUZER,Peter KAUZER,KAUZER,Peter,"KAUZER, Peter",2022-06-05,ICF World ranking ,Augsburg,Final,MK1,SLO,,39,1,102.07,0,0,102.07,102.07,0,0,0,0,0,0,0,0,0,0,0,0,0,0,0,0,0,0,0,0,0,0,-,-,-,-,-
210ebb7aeac03c5a78d9887db4b45612,2026-02-03 15:46:02,Peter KAUZER,Peter KAUZER,KAUZER,Peter,"KAUZER, Peter",2022-06-04,ICF World ranking ,Augsburg,Heats1,MK1,SLO,,39,12,92.34,0,0,92.34,92.34,0,0,0,0,0,0,0,0,0,0,0,0,0,0,0,0,0,0,0,0,0,0,-,-,-,-,-
9919ca14a32dece052dcef8574776d6d,2026-02-03 15:46:02,Peter KAUZER,Peter KAUZER,KAUZER,Peter,"KAUZER, Peter",2022-05-26,Euros ,Liptovsky Mikulas,Heats1,MK1,SLO,,39,33,91.56,4,4,95.56,95.56,0,0,0,0,0,0,0,0,0,0,0,0,0,0,0,0,0,0,0,0,0,0,-,-,-,-,-
a9c006a52873baa65e0d578bd60551c0,2026-02-03 15:46:02,Peter KAUZER,Peter KAUZER,KAUZER,Peter,"KAUZER, Peter",2022-05-26,Euros ,Liptovsky Mikulas,Heats2,MK1,SLO,,39,14,88.38,8,8,96.38,96.38,0,0,0,0,0,0,0,0,0,0,0,0,0,0,0,0,0,0,0,0,0,0,-,-,-,-,-
470724a280fec1ca468b7d34e7fdf173,2026-02-03 15:46:02,Peter KAUZER,Peter KAUZER,KAUZER,Peter,"KAUZER, Peter",2022-04-24,ICF World ranking ,Tacen,Semi,MK1,SLO,,39,3,96.96,2,2,98.96,98.96,0,0,0,0,0,0,0,0,0,0,0,0,0,0,0,0,0,0,0,0,0,0,-,-,-,-,-
652cdeb5839f28f0334588af57fd665e,2026-02-03 15:46:02,Peter KAUZER,Peter KAUZER,KAUZER,Peter,"KAUZER, Peter",2022-04-24,ICF World ranking ,Tacen,Final,MK1,SLO,,39,2,94.05,2,2,96.05,96.05,0,0,0,0,0,0,0,0,0,0,0,0,0,0,0,0,0,0,0,0,0,0,-,-,-,-,-
ffb05470e1ca4daeb8b5ce6dc3f2f8ba,2026-02-03 15:46:02,Peter KAUZER,Peter KAUZER,KAUZER,Peter,"KAUZER, Peter",2022-04-23,ICF World ranking ,Tacen,Heats1,MK1,SLO,,39,1,91.08,0,0,91.08,91.08,0,0,0,0,0,0,0,0,0,0,0,0,0,0,0,0,0,0,0,0,0,0,-,-,-,-,-
c29fec1e2e2dd253994cfa9c651a4cdc,2026-02-03 15:46:02,Peter KAUZER,Peter KAUZER,KAUZER,Peter,"KAUZER, Peter",2022-03-26,ICF World ranking ,Solkan,Heats1,MK1,SLO,,39,2,85,0,0,85,85,0,0,0,0,0,0,0,0,0,0,0,0,0,0,0,0,0,0,0,0,0,0,-,-,-,-,-
bcecb54f0834b4b11b92ed8470de70f0,2026-02-03 15:46:02,Peter KAUZER,Peter KAUZER,KAUZER,Peter,"KAUZER, Peter",2022-03-26,ICF World ranking ,Solkan,Heats2,MK1,SLO,,39,1,84.28,0,0,84.28,84.28,0,0,0,0,0,0,0,0,0,0,0,0,0,0,0,0,0,0,0,0,0,0,-,-,-,-,-
8ffa2b60bbf5f9f5b1144dc41ed04e67,2026-02-03 15:45:53,Peter KAUZER,Peter KAUZER,KAUZER,Peter,"KAUZER, Peter",2021-09-26,World Championships ,Bratislava,Semi,MK1,SLO,,38,7,83.47,4,4,87.47,87.47,0,0,0,0,0,0,0,0,0,0,0,0,0,0,0,0,0,0,0,0,0,0,-,-,-,-,-
b5fc40da0750560e2bed4b65c3729f34,2026-02-03 15:45:53,Peter KAUZER,Peter KAUZER,KAUZER,Peter,"KAUZER, Peter",2021-09-26,World Championships ,Bratislava,Final,MK1,SLO,,38,8,84.1,52,52,136.1,136.1,0,0,0,0,0,0,0,0,0,0,0,0,0,0,0,0,0,0,0,0,0,0,-,-,-,-,-
2deea497defe126a7477f747a917064d,2026-02-03 15:45:53,Peter KAUZER,Peter KAUZER,KAUZER,Peter,"KAUZER, Peter",2021-09-24,World Championships ,Bratislava,Heats1,MK1,SLO,,38,5,83.2,0,0,83.2,83.2,0,0,0,0,0,0,0,0,0,0,0,0,0,0,0,0,0,0,0,0,0,0,-,-,-,-,-
b9b25fcf3bb96a272fcbb95f24bc2a41,2026-02-03 15:45:53,Peter KAUZER,Peter KAUZER,KAUZER,Peter,"KAUZER, Peter",2021-09-12,World Cup ,Pau,Final,MK1,SLO,,38,2,95.63,0,0,95.63,95.63,0,0,0,0,0,0,0,0,0,0,0,0,0,0,0,0,0,0,0,0,0,0,-,-,-,-,-
a0347c8fed54568dbb8efaeac25dcd73,2026-02-03 15:45:53,Peter KAUZER,Peter KAUZER,KAUZER,Peter,"KAUZER, Peter",2021-09-12,World Cup ,Pau,Semi,MK1,SLO,,38,7,98.46,0,0,98.46,98.46,0,0,0,0,0,0,0,0,0,0,0,0,0,0,0,0,0,0,0,0,0,0,-,-,-,-,-
efb254d44850d66f016410aad6788e56,2026-02-03 15:45:53,Peter KAUZER,Peter KAUZER,KAUZER,Peter,"KAUZER, Peter",2021-09-10,World Cup ,Pau,Heats1,MK1,SLO,,38,16,98.6,0,0,98.6,98.6,0,0,0,0,0,0,0,0,0,0,0,0,0,0,0,0,0,0,0,0,0,0,-,-,-,-,-
70947073af0fcb8012683de226e016a2,2026-02-03 15:45:53,Peter KAUZER,Peter KAUZER,KAUZER,Peter,"KAUZER, Peter",2021-09-05,World Cup ,La Seu,Semi,MK1,SLO,,38,2,84.27,0,0,84.27,84.27,0,0,0,0,0,0,0,0,0,0,0,0,0,0,0,0,0,0,0,0,0,0,-,-,-,-,-
3ca05d6bead3180fd9f57a4a7a3c7bb4,2026-02-03 15:45:53,Peter KAUZER,Peter KAUZER,KAUZER,Peter,"KAUZER, Peter",2021-09-05,World Cup ,La Seu,Final,MK1,SLO,,38,3,83.26,0,0,83.26,83.26,0,0,0,0,0,0,0,0,0,0,0,0,0,0,0,0,0,0,0,0,0,0,-,-,-,-,-
505af697d9f0da31b8656c4fea6c22f2,2026-02-03 15:45:53,Peter KAUZER,Peter KAUZER,KAUZER,Peter,"KAUZER, Peter",2021-09-03,World Cup ,La Seu,Heats1,MK1,SLO,,38,11,89.98,0,0,89.98,89.98,0,0,0,0,0,0,0,0,0,0,0,0,0,0,0,0,0,0,0,0,0,0,-,-,-,-,-
60c727ea5cf16f6d13a5dfddff753519,2026-02-03 15:45:53,Peter KAUZER,Peter KAUZER,KAUZER,Peter,"KAUZER, Peter",2021-07-30,Olympic Games ,Tokyo,Semi,MK1,SLO,,38,12,99.1,0,0,99.1,99.1,0,0,0,0,0,0,0,0,0,0,0,0,0,0,0,0,0,0,0,0,0,0,-,-,-,-,-
34545935b50dd7971e19bcbb064f0d2e,2026-02-03 15:45:53,Peter KAUZER,Peter KAUZER,KAUZER,Peter,"KAUZER, Peter",2021-07-28,Olympic Games ,Tokyo,Heats1,MK1,SLO,,38,4,93.04,0,0,93.04,93.04,0,0,0,0,0,0,0,0,0,0,0,0,0,0,0,0,0,0,0,0,0,0,-,-,-,-,-
4d053a2f85d99df33a43622c358663e5,2026-02-03 15:45:53,Peter KAUZER,Peter KAUZER,KAUZER,Peter,"KAUZER, Peter",2021-07-28,Olympic Games ,Tokyo,Heats2,MK1,SLO,,38,23,103.64,2,2,105.64,105.64,0,0,0,0,0,0,0,0,0,0,0,0,0,0,0,0,0,0,0,0,0,0,-,-,-,-,-
66931a3743e2629bf10a2602fd0df325,2026-02-03 15:45:53,Peter KAUZER,Peter KAUZER,KAUZER,Peter,"KAUZER, Peter",2021-06-20,World Cup ,Markkleeberg,Final,MK1,SLO,,38,8,93.55,2,2,95.55,95.55,0,0,0,0,0,0,0,0,0,0,0,0,0,0,0,0,0,0,0,0,0,0,-,-,-,-,-
7d5c3fe36289750e77926481a106bb67,2026-02-03 15:45:53,Peter KAUZER,Peter KAUZER,KAUZER,Peter,"KAUZER, Peter",2021-06-20,World Cup ,Markkleeberg,Semi,MK1,SLO,,38,9,90.82,2,2,92.82,92.82,0,0,0,0,0,0,0,0,0,0,0,0,0,0,0,0,0,0,0,0,0,0,-,-,-,-,-
da568f1505e8c724167e522f36823fb9,2026-02-03 15:45:53,Peter KAUZER,Peter KAUZER,KAUZER,Peter,"KAUZER, Peter",2021-06-18,World Cup ,Markkleeberg,Heats1,MK1,SLO,,38,43,93.32,50,50,143.32,143.32,0,0,0,0,0,0,0,0,0,0,0,0,0,0,0,0,0,0,0,0,0,0,-,-,-,-,-
c57ca37027a0a21a50cc898e418dabbe,2026-02-03 15:45:53,Peter KAUZER,Peter KAUZER,KAUZER,Peter,"KAUZER, Peter",2021-06-18,World Cup ,Markkleeberg,Heats2,MK1,SLO,,38,2,94.14,0,0,94.14,94.14,0,0,0,0,0,0,0,0,0,0,0,0,0,0,0,0,0,0,0,0,0,0,-,-,-,-,-
6436af6823bf07860a31f62a9a9d17d3,2026-02-03 15:45:53,Peter KAUZER,Peter KAUZER,KAUZER,Peter,"KAUZER, Peter",2021-06-13,World Cup ,Prague,Semi,MK1,SLO,,38,8,90.45,4,4,94.45,94.45,0,0,0,0,0,0,0,0,0,0,0,0,0,0,0,0,0,0,0,0,0,0,-,-,-,-,-
4e59615f55e25e537cd2c2f1e731248e,2026-02-03 15:45:53,Peter KAUZER,Peter KAUZER,KAUZER,Peter,"KAUZER, Peter",2021-06-13,World Cup ,Prague,Final,MK1,SLO,,38,9,93.42,4,4,97.42,97.42,0,0,0,0,0,0,0,0,0,0,0,0,0,0,0,0,0,0,0,0,0,0,-,-,-,-,-
2270aba1ecb3d833eb12a42f28fe3030,2026-02-03 15:45:53,Peter KAUZER,Peter KAUZER,KAUZER,Peter,"KAUZER, Peter",2021-06-11,World Cup ,Prague,Heats1,MK1,SLO,,38,7,87.43,2,2,89.43,89.43,0,0,0,0,0,0,0,0,0,0,0,0,0,0,0,0,0,0,0,0,0,0,-,-,-,-,-
38d2fe8951f46487af0b27c4a007d1bc,2026-02-03 15:45:53,Peter KAUZER,Peter KAUZER,KAUZER,Peter,"KAUZER, Peter",2021-05-09,Euros ,Ivrea,Semi,MK1,SLO,,38,4,82.76,0,0,82.76,82.76,0,0,0,0,0,0,0,0,0,0,0,0,0,0,0,0,0,0,0,0,0,0,-,-,-,-,-
d74e70a45a6818ccad9451e317a6ab73,2026-02-03 15:45:53,Peter KAUZER,Peter KAUZER,KAUZER,Peter,"KAUZER, Peter",2021-05-09,Euros ,Ivrea,Final,MK1,SLO,,38,3,82.92,0,0,82.92,82.92,0,0,0,0,0,0,0,0,0,0,0,0,0,0,0,0,0,0,0,0,0,0,-,-,-,-,-
34fe7ada36d22a14003f20cd0447b0a2,2026-02-03 15:45:53,Peter KAUZER,Peter KAUZER,KAUZER,Peter,"KAUZER, Peter",2021-05-07,Euros ,Ivrea,Heats1,MK1,SLO,,38,17,79.6,0,0,79.6,79.6,0,0,0,0,0,0,0,0,0,0,0,0,0,0,0,0,0,0,0,0,0,0,-,-,-,-,-
32323c9bf25b5469483e0d1b6b36e099,2026-02-03 15:45:45,Peter KAUZER,Peter KAUZER,KAUZER,Peter,"KAUZER, Peter",2020-10-18,World Cup ,Tacen,Final,MK1,SLO,,37,2,73.89,0,0,73.89,73.89,0,0,0,0,0,0,0,0,0,0,0,0,0,0,0,0,0,0,0,0,0,0,-,-,-,-,-
31e182514db2be7448ac218cea654891,2026-02-03 15:45:45,Peter KAUZER,Peter KAUZER,KAUZER,Peter,"KAUZER, Peter",2020-10-18,World Cup ,Tacen,Semi,MK1,SLO,,37,1,72.3,0,0,72.3,72.3,0,0,0,0,0,0,0,0,0,0,0,0,0,0,0,0,0,0,0,0,0,0,-,-,-,-,-
7c3e2234c04957c4f422d93ad936bfee,2026-02-03 15:45:45,Peter KAUZER,Peter KAUZER,KAUZER,Peter,"KAUZER, Peter",2020-10-16,World Cup ,Tacen,Heats1,MK1,SLO,,37,11,78.03,2,2,80.03,80.03,0,0,0,0,0,0,0,0,0,0,0,0,0,0,0,0,0,0,0,0,0,0,-,-,-,-,-
60629653ab6982f3f8226c09695b38ea,2026-02-03 15:45:45,Peter KAUZER,Peter KAUZER,KAUZER,Peter,"KAUZER, Peter",2020-09-20,Euros ,Prague,Semi,MK1,SLO,,37,5,101.11,0,0,101.11,101.11,0,0,0,0,0,0,0,0,0,0,0,0,0,0,0,0,0,0,0,0,0,0,0,0,0,-,-
77536d7df1c5086cea1a6f99a58928d2,2026-02-03 15:45:45,Peter KAUZER,Peter KAUZER,KAUZER,Peter,"KAUZER, Peter",2020-09-20,Euros ,Prague,Final,MK1,SLO,,37,2,98.49,0,0,98.49,98.49,0,0,0,0,0,0,0,0,0,0,0,0,0,0,0,0,0,0,0,0,0,0,0,0,0,-,-
cdce08f7840ccaa1b87689c20cdfdc68,2026-02-03 15:45:45,Peter KAUZER,Peter KAUZER,KAUZER,Peter,"KAUZER, Peter",2020-09-18,Euros ,Prague,Heats1,MK1,SLO,,37,9,94.38,0,0,94.38,94.38,0,0,0,0,0,0,0,0,0,0,0,0,0,0,0,0,0,0,0,0,0,0,0,0,0,-,-
56a34830231cf4c17cf4753f267541d1,2026-02-03 15:45:45,Peter KAUZER,Peter KAUZER,KAUZER,Peter,"KAUZER, Peter",2020-02-23,Australian Open ,Penrith,Semi,MK1,SLO,,37,2,91.17,0,0,91.17,91.17,0,0,0,0,0,0,0,0,0,0,0,0,0,0,0,0,0,0,0,0,0,0,0,-,-,-,-
a0fa9a66f2b478447176d45e834a7605,2026-02-03 15:45:45,Peter KAUZER,Peter KAUZER,KAUZER,Peter,"KAUZER, Peter",2020-02-23,Australian Open ,Penrith,Final,MK1,SLO,,37,4,91.38,0,0,91.38,91.38,0,0,0,0,0,0,0,0,0,0,0,0,0,0,0,0,0,0,0,0,0,0,0,-,-,-,-
bb892373f7192be515bd1c5d13c1878e,2026-02-03 15:45:45,Peter KAUZER,Peter KAUZER,KAUZER,Peter,"KAUZER, Peter",2020-02-21,Australian Open ,Penrith,Heats1,MK1,SLO,,37,13,91.69,0,0,91.69,91.69,0,0,0,0,0,0,0,0,0,0,0,0,0,0,0,0,0,0,0,0,0,0,-,-,-,-,-
ce11993398d0efb7e8f18c8ee4dd5e2f,2026-02-03 15:45:39,Peter KAUZER,Peter KAUZER,KAUZER,Peter,"KAUZER, Peter",2019-09-29,World Championships ,La Seu,Semi,MK1,SLO,,36,35,86.97,50,50,136.97,136.97,0,0,0,0,0,0,0,0,0,0,0,0,0,0,0,0,0,0,0,0,0,0,-,-,-,-,-
426583c0e7bd88234b26343e4e7d9972,2026-02-03 15:45:39,Peter KAUZER,Peter KAUZER,KAUZER,Peter,"KAUZER, Peter",2019-09-27,World Championships ,La Seu,Heats1,MK1,SLO,,36,6,88.88,0,0,88.88,88.88,0,0,0,0,0,0,0,0,0,0,0,0,0,0,0,0,0,0,0,0,0,0,-,-,-,-,-
0d917d5154721e6b401bf69594cebc89,2026-02-03 15:45:39,Peter KAUZER,Peter KAUZER,KAUZER,Peter,"KAUZER, Peter",2019-09-08,World Cup ,Prague,Final,MK1,SLO,,36,4,92.82,2,2,94.82,94.82,0,0,0,0,0,0,0,0,0,0,0,0,0,0,0,0,0,0,0,0,0,0,-,-,-,-,-
3c697b12d5651b0f685ff72785d99de3,2026-02-03 15:45:39,Peter KAUZER,Peter KAUZER,KAUZER,Peter,"KAUZER, Peter",2019-09-08,World Cup ,Prague,Semi,MK1,SLO,,36,6,95.09,0,0,95.09,95.09,0,0,0,0,0,0,0,0,0,0,0,0,0,0,0,0,0,0,0,0,0,0,-,-,-,-,-
47dfcbfc0491e6073d2e6fdfdc1eb1b9,2026-02-03 15:45:39,Peter KAUZER,Peter KAUZER,KAUZER,Peter,"KAUZER, Peter",2019-09-06,World Cup ,Prague,Heats1,MK1,SLO,,36,38,93.83,4,4,97.83,97.83,0,0,0,0,0,0,0,0,0,0,0,0,0,0,0,0,0,0,0,0,0,0,-,-,-,-,-
d9db56d93d7831ada99588fa1b7e03d6,2026-02-03 15:45:39,Peter KAUZER,Peter KAUZER,KAUZER,Peter,"KAUZER, Peter",2019-09-06,World Cup ,Prague,Heats2,MK1,SLO,,36,6,94.17,0,0,94.17,94.17,0,0,0,0,0,0,0,0,0,0,0,0,0,0,0,0,0,0,0,0,0,0,-,-,-,-,-
d311b3dfc0bade1501e1a27c7c24f177,2026-02-03 15:45:39,Peter KAUZER,Peter KAUZER,KAUZER,Peter,"KAUZER, Peter",2019-09-01,World Cup ,Markkleeberg,Semi,MK1,SLO,,36,4,90.73,0,0,None,,0,0,0,0,0,0,0,0,0,0,0,0,0,0,0,0,0,0,0,0,0,-,-,-,-,-,-
1aed211586f1590ff804844f6d546b03,2026-02-03 15:45:39,Peter KAUZER,Peter KAUZER,KAUZER,Peter,"KAUZER, Peter",2019-09-01,World Cup ,Markkleeberg,Final,MK1,SLO,,36,7,91.28,2,2,None,,0,0,0,0,0,0,0,0,0,0,0,0,0,0,0,0,0,0,0,0,0,-,-,-,-,-,-
cfc48d6724504c41b4f97d6cbc1c0335,2026-02-03 15:45:39,Peter KAUZER,Peter KAUZER,KAUZER,Peter,"KAUZER, Peter",2019-08-30,World Cup ,Markkleeberg,Heats1,MK1,SLO,,36,6,92.33,0,0,None,,0,0,0,0,0,0,0,0,0,0,0,0,0,0,0,0,0,0,0,0,0,-,-,-,-,-,-
914982c9636c68d6c3f0a03c24f22e0d,2026-02-03 15:45:39,Peter KAUZER,Peter KAUZER,KAUZER,Peter,"KAUZER, Peter",2019-06-30,World Cup ,Tacen,Semi,MK1,SLO,,36,5,84.5,0,0,84.5,84.5,0,0,0,0,0,0,0,0,0,0,0,0,0,0,0,0,0,0,0,0,0,0,-,-,-,-,-
5eff10deb7da045139976a8b272ae732,2026-02-03 15:45:39,Peter KAUZER,Peter KAUZER,KAUZER,Peter,"KAUZER, Peter",2019-06-30,World Cup ,Tacen,Final,MK1,SLO,,36,2,83.15,0,0,83.15,83.15,0,0,0,0,0,0,0,0,0,0,0,0,0,0,0,0,0,0,0,0,0,0,-,-,-,-,-
709578612368cc20a1a115ec5e97a81b,2026-02-03 15:45:39,Peter KAUZER,Peter KAUZER,KAUZER,Peter,"KAUZER, Peter",2019-06-28,World Cup ,Tacen,Heats1,MK1,SLO,,36,5,78.86,0,0,78.86,78.86,0,0,0,0,0,0,0,0,0,0,0,0,0,0,0,0,0,0,0,0,-,-,-,-,-,-,-
c6e79d8b83dc50f42fb016a92dd2032a,2026-02-03 15:45:39,Peter KAUZER,Peter KAUZER,KAUZER,Peter,"KAUZER, Peter",2019-06-23,World Cup ,Bratislava,Semi,MK1,SLO,,36,8,91.02,0,0,91.02,91.02,0,0,0,0,0,0,0,0,0,0,0,0,0,0,0,0,0,0,0,0,0,0,-,-,-,-,-
a37374e72ec210384a598335445ed532,2026-02-03 15:45:39,Peter KAUZER,Peter KAUZER,KAUZER,Peter,"KAUZER, Peter",2019-06-23,World Cup ,Bratislava,Final,MK1,SLO,,36,6,89.36,50,50,139.36,139.36,0,0,0,0,0,0,0,0,0,0,0,0,0,0,0,0,0,0,0,0,0,0,-,-,-,-,-
ce9e987808a43d92c404ae42c6b9e560,2026-02-03 15:45:39,Peter KAUZER,Peter KAUZER,KAUZER,Peter,"KAUZER, Peter",2019-06-21,World Cup ,Bratislava,Heats1,MK1,SLO,,36,10,89.94,2,2,91.94,91.94,0,0,0,0,0,0,0,0,0,0,0,0,0,0,0,0,0,0,0,0,0,0,-,-,-,-,-
67779f13e0cad9251b477d63ffd047b9,2026-02-03 15:45:39,Peter KAUZER,Peter KAUZER,KAUZER,Peter,"KAUZER, Peter",2019-06-16,World Cup ,Lee Valley,Semi,MK1,SLO,,36,6,92.34,0,0,92.34,92.34,0,0,0,0,0,0,0,0,0,0,0,0,0,0,0,0,0,0,0,0,0,0,0,0,0,-,-
135a230d382ce34250dda69d2906fbaa,2026-02-03 15:45:39,Peter KAUZER,Peter KAUZER,KAUZER,Peter,"KAUZER, Peter",2019-06-16,World Cup ,Lee Valley,Final,MK1,SLO,,36,8,94,50,50,144,144,0,0,0,0,0,0,0,0,0,0,0,0,0,0,0,0,0,0,0,0,0,0,0,0,0,-,-
981b9ed8f654f4365a81684c1c56cc3f,2026-02-03 15:45:39,Peter KAUZER,Peter KAUZER,KAUZER,Peter,"KAUZER, Peter",2019-06-14,World Cup ,Lee Valley,Heats1,MK1,SLO,,36,24,90.16,2,2,92.16,92.16,0,0,0,0,0,0,0,0,0,0,0,0,0,0,0,0,0,0,0,0,0,0,0,-,-,-,-
a6c6313327e4bfea97bd6e74fb4b7e6f,2026-02-03 15:45:39,Peter KAUZER,Peter KAUZER,KAUZER,Peter,"KAUZER, Peter",2019-06-02,Euros ,Pau,Semi,MK1,SLO,,36,30,95.1,100,100,195.1,195.1,0,0,0,0,0,0,0,0,0,0,0,0,0,0,0,0,0,0,0,0,0,0,0,0,0,-,-
d724b6ce168ff2cf7659aea5a1729b2e,2026-02-03 15:45:39,Peter KAUZER,Peter KAUZER,KAUZER,Peter,"KAUZER, Peter",2019-05-31,Euros ,Pau,Heats1,MK1,SLO,,36,15,90.99,0,0,90.99,90.99,0,0,0,0,0,0,0,0,0,0,0,0,0,0,0,0,0,0,0,0,0,0,0,0,-,-,-
25ee44796ce91344dd2e74e42c1a54fb,2026-02-03 15:45:39,Peter KAUZER,Peter KAUZER,KAUZER,Peter,"KAUZER, Peter",2019-03-31,None,Solkan,Final,MK1,SLO,,36,1,82.75,0,0,82.75,82.75,0,0,0,0,0,0,0,0,0,0,0,0,0,0,0,0,0,0,0,-,-,-,-,-,-,-,-
9c9c1cec025682305dee15645b0b7497,2026-02-03 15:45:39,Peter KAUZER,Peter KAUZER,KAUZER,Peter,"KAUZER, Peter",2019-03-31,None,Solkan,Semi,MK1,SLO,,36,1,84.1,0,0,84.1,84.1,0,0,0,0,0,0,0,0,0,0,0,0,0,0,0,0,0,0,0,-,-,-,-,-,-,-,-
5d99d83caaa6885bb1b618f974e17827,2026-02-03 15:45:39,Peter KAUZER,Peter KAUZER,KAUZER,Peter,"KAUZER, Peter",2019-03-30,None,Solkan,Heats1,MK1,SLO,,36,3,81.25,0,0,None,,0,0,0,0,0,0,0,0,0,0,0,0,0,0,0,0,0,0,0,-,-,-,-,-,-,-,-
dbe83770f7f6f838749e226a4d374c94,2026-02-03 15:45:39,Peter KAUZER,Peter KAUZER,KAUZER,Peter,"KAUZER, Peter",2019-02-24,None,Penrith,Semi,MK1,SLO,,36,8,103.83,0,0,None,,0,0,0,0,0,0,0,0,0,0,0,0,0,0,0,0,0,0,0,0,0,0,-,-,-,-,-
b8563a2bc3eb42f910cfa8a3ad9af8a0,2026-02-03 15:45:39,Peter KAUZER,Peter KAUZER,KAUZER,Peter,"KAUZER, Peter",2019-02-24,None,Penrith,Final,MK1,SLO,,36,6,103.69,0,0,None,,0,0,0,0,0,0,0,0,0,0,0,0,0,0,0,0,0,0,0,0,0,0,-,-,-,-,-
ecec620316c3352b55c2d7979e6c0912,2026-02-03 15:45:39,Peter KAUZER,Peter KAUZER,KAUZER,Peter,"KAUZER, Peter",2019-02-22,None,Penrith,Heats1,MK1,SLO,,36,8,102.51,0,0,None,,0,0,0,0,0,0,0,0,0,0,0,0,0,0,0,0,0,0,0,0,0,0,-,-,-,-,-
62eccdb43631812e183c89e2f61e03ac,2026-02-03 15:45:39,Peter KAUZER,Peter KAUZER,KAUZER,Peter,"KAUZER, Peter",2019-02-17,None,Penrith,Semi,MK1,SLO,,36,2,88.35,0,0,None,,0,0,0,0,0,0,0,0,0,0,0,0,0,0,0,0,0,0,0,0,-,-,-,-,-,-,-
eb3e90bd6ebcd6761d6b25f8d5f93784,2026-02-03 15:45:39,Peter KAUZER,Peter KAUZER,KAUZER,Peter,"KAUZER, Peter",2019-02-17,None,Penrith,Final,MK1,SLO,,36,10,88.72,52,52,None,,0,0,0,0,0,0,0,0,0,0,0,0,0,0,0,0,0,0,0,0,-,-,-,-,-,-,-
8c60ca597134ae9afa8820f208585bb6,2026-02-03 15:45:39,Peter KAUZER,Peter KAUZER,KAUZER,Peter,"KAUZER, Peter",2019-02-15,None,Penrith,Heats1,MK1,SLO,,36,10,95.09,0,0,None,,0,0,0,0,0,0,0,0,0,0,0,0,0,0,0,0,0,0,0,0,-,-,-,-,-,-,-
079c30bfb951801fddaa6053c0fa9d22,2026-02-03 15:45:29,Peter KAUZER,Peter KAUZER,KAUZER,Peter,"KAUZER, Peter",2018-09-30,None,"Deodoro, Rio",Semi,MK1,SLO,,35,5,92.25,0,0,None,,0,0,0,0,0,0,0,0,0,0,0,0,0,0,0,0,0,0,0,0,0,0,0,0,-,-,-
bc921e6793bdd17d03b15262b9a7236f,2026-02-03 15:45:29,Peter KAUZER,Peter KAUZER,KAUZER,Peter,"KAUZER, Peter",2018-09-30,None,"Deodoro, Rio",Final,MK1,SLO,,35,10,100.61,52,52,None,,0,0,0,0,0,0,0,0,0,0,0,0,0,0,0,0,0,0,0,0,0,0,0,0,-,-,-
db9892272f3665fedac86e53a185cd7e,2026-02-03 15:45:29,Peter KAUZER,Peter KAUZER,KAUZER,Peter,"KAUZER, Peter",2018-09-28,None,"Deodoro, Rio",Heats1,MK1,SLO,,35,6,86.82,0,0,None,,0,0,0,0,0,0,0,0,0,0,0,0,0,0,0,0,0,0,0,0,0,0,0,0,-,-,-
862d86c96087300d86ffae1495d4aeb9,2026-02-03 15:45:29,Peter KAUZER,Peter KAUZER,KAUZER,Peter,"KAUZER, Peter",2018-09-09,None,La Seu,Semi,MK1,SLO,,35,20,95.47,2,2,None,,0,0,0,0,0,0,0,0,0,0,0,0,0,0,0,0,0,0,0,0,0,0,0,-,-,-,-
30d97bde464c834658b13ae6744c7064,2026-02-03 15:45:29,Peter KAUZER,Peter KAUZER,KAUZER,Peter,"KAUZER, Peter",2018-09-07,None,La Seu,Heats1,MK1,SLO,,35,4,95.37,0,0,None,,0,0,0,0,0,0,0,0,0,0,0,0,0,0,0,0,0,0,0,0,0,0,0,-,-,-,-
7c3d61e3321d030bce88d74ebc372d3b,2026-02-03 15:45:29,Peter KAUZER,Peter KAUZER,KAUZER,Peter,"KAUZER, Peter",2018-08-31,None,Tacen,Heats1,MK1,SLO,,35,11,83.62,2,2,None,,0,0,0,0,0,0,0,0,0,0,0,0,0,0,0,0,0,0,0,0,0,-,-,-,-,-,-
56448eebdf9ccd1216849247a67995d5,2026-02-03 15:45:29,Peter KAUZER,Peter KAUZER,KAUZER,Peter,"KAUZER, Peter",2018-07-08,None,Augsburg,Semi,MK1,SLO,,35,4,97.26,0,0,None,,0,0,0,0,0,0,0,0,0,0,0,0,0,0,0,0,0,0,0,0,0,0,0,0,-,-,-
714a10aed6a593361dac4e99897340d3,2026-02-03 15:45:29,Peter KAUZER,Peter KAUZER,KAUZER,Peter,"KAUZER, Peter",2018-07-08,None,Augsburg,Final,MK1,SLO,,35,1,92.86,2,2,None,,0,0,0,0,0,0,0,0,0,0,0,0,0,0,0,0,0,0,0,0,0,0,0,0,-,-,-
a2d0fe8fbf1b03ea42c0063bcd2c8a23,2026-02-03 15:45:29,Peter KAUZER,Peter KAUZER,KAUZER,Peter,"KAUZER, Peter",2018-07-06,None,Augsburg,Heats1,MK1,SLO,,35,8,97.41,0,0,None,,0,0,0,0,0,0,0,0,0,0,0,0,0,0,0,0,0,0,0,0,0,0,0,0,-,-,-
e8cf652c36b81a77937efc66aefed1f3,2026-02-03 15:45:29,Peter KAUZER,Peter KAUZER,KAUZER,Peter,"KAUZER, Peter",2018-07-01,None,Krakow,Semi,MK1,SLO,,35,3,79.65,0,0,None,,0,0,0,0,0,0,0,0,0,0,0,0,0,0,0,0,0,0,0,0,0,0,-,-,-,-,-
44858bb4a18e96ed0d81fbe272563001,2026-02-03 15:45:29,Peter KAUZER,Peter KAUZER,KAUZER,Peter,"KAUZER, Peter",2018-07-01,None,Krakow,Final,MK1,SLO,,35,2,78.24,0,0,None,,0,0,0,0,0,0,0,0,0,0,0,0,0,0,0,0,0,0,0,0,0,0,-,-,-,-,-
52b0e903da696c95f463ec76ecb2ac56,2026-02-03 15:45:29,Peter KAUZER,Peter KAUZER,KAUZER,Peter,"KAUZER, Peter",2018-06-29,None,Krakow,Heats1,MK1,SLO,,35,10,80.19,0,0,None,,0,0,0,0,0,0,0,0,0,0,0,0,0,0,0,0,0,0,0,0,0,0,-,-,-,-,-
d728870c5cd36a187d887e667c805ef3,2026-02-03 15:45:29,Peter KAUZER,Peter KAUZER,KAUZER,Peter,"KAUZER, Peter",2018-06-24,None,Liptovsky Mikulas,Semi,MK1,SLO,,35,35,111.91,0,0,None,,0,0,0,0,0,0,0,0,0,0,0,0,0,0,0,0,0,0,0,0,0,0,0,-,-,-,-
ef5a6db584306f613cecad325a2437df,2026-02-03 15:45:29,Peter KAUZER,Peter KAUZER,KAUZER,Peter,"KAUZER, Peter",2018-06-22,None,Liptovsky Mikulas,Heats1,MK1,SLO,,35,7,95.06,0,0,None,,0,0,0,0,0,0,0,0,0,0,0,0,0,0,0,0,0,0,0,0,0,0,0,-,-,-,-
10c370abce31b9a9b1a63f470b929a65,2026-02-03 15:45:29,Peter KAUZER,Peter KAUZER,KAUZER,Peter,"KAUZER, Peter",2018-06-03,None,Prague,Semi,MK1,SLO,,35,9,96.02,0,0,None,,0,0,0,0,0,0,0,0,0,0,0,0,0,0,0,0,0,0,0,0,0,0,0,0,-,-,-
363ca70c9143f00209eeacd6e0a1e410,2026-02-03 15:45:29,Peter KAUZER,Peter KAUZER,KAUZER,Peter,"KAUZER, Peter",2018-06-03,None,Prague,Final,MK1,SLO,,35,1,91.02,0,0,None,,0,0,0,0,0,0,0,0,0,0,0,0,0,0,0,0,0,0,0,0,0,0,0,0,-,-,-
ad7259527c59249840cdd6a2b2115e1e,2026-02-03 15:45:29,Peter KAUZER,Peter KAUZER,KAUZER,Peter,"KAUZER, Peter",2018-06-01,None,Prague,Heats1,MK1,SLO,,35,3,86.06,0,0,None,,0,0,0,0,0,0,0,0,0,0,0,0,0,0,0,0,0,0,0,0,0,0,0,0,-,-,-
2a3f6904813ebd146626aedeeccb19ce,2026-02-03 15:45:22,Peter KAUZER,Peter KAUZER,KAUZER,Peter,"KAUZER, Peter",2017-10-27,None,Pau,Heats1,MK1,SLO,,34,26,82.51,0,0,None,,0,0,0,0,0,0,0,0,0,0,0,0,0,0,0,0,0,0,0,0,0,0,0,-,-,-,-
c2a70a9ff51a2183f9d3d519ae6b9c4d,2026-02-03 15:45:22,Peter KAUZER,Peter KAUZER,KAUZER,Peter,"KAUZER, Peter",2017-10-01,None,Pau,Semi,MK1,SLO,,34,1,89.28,0,0,None,,0,0,0,0,0,0,0,0,0,0,0,0,0,0,0,0,0,0,0,0,0,0,0,-,-,-,-
6eb557ff6209275547bd1535a1304c66,2026-02-03 15:45:22,Peter KAUZER,Peter KAUZER,KAUZER,Peter,"KAUZER, Peter",2017-10-01,None,Pau,Final,MK1,SLO,,34,3,90.13,2,2,None,,0,0,0,0,0,0,0,0,0,0,0,0,0,0,0,0,0,0,0,0,0,0,0,-,-,-,-
f04fbc1ae7572e0f3eb5f173a713f3a3,2026-02-03 15:45:22,Peter KAUZER,Peter KAUZER,KAUZER,Peter,"KAUZER, Peter",2017-09-10,None,La Seu,Final,MK1,SLO,,34,1,86.96,0,0,None,,0,0,0,0,0,0,0,0,0,0,0,0,0,0,0,0,0,0,0,0,0,0,0,0,-,-,-
aa89ef3574b08be6c5afd4ca77f67ead,2026-02-03 15:45:22,Peter KAUZER,Peter KAUZER,KAUZER,Peter,"KAUZER, Peter",2017-09-10,None,La Seu,Semi,MK1,SLO,,34,2,88.78,0,0,None,,0,0,0,0,0,0,0,0,0,0,0,0,0,0,0,0,0,0,0,0,0,0,0,0,-,-,-
8e0a873deba0a0c65b9d3c922918cc9d,2026-02-03 15:45:22,Peter KAUZER,Peter KAUZER,KAUZER,Peter,"KAUZER, Peter",2017-09-08,None,La Seu,Heats1,MK1,SLO,,34,19,95.85,0,0,None,,0,0,0,0,0,0,0,0,0,0,0,0,0,0,0,0,0,0,0,0,0,0,0,0,-,-,-
bfdf2b3fd052710a040dd9c85dc89ddb,2026-02-03 15:45:22,Peter KAUZER,Peter KAUZER,KAUZER,Peter,"KAUZER, Peter",2017-09-03,None,Ivrea,Semi,MK1,SLO,,34,3,86.24,2,2,None,,0,0,0,0,0,0,0,0,0,0,0,0,0,0,0,0,0,0,0,0,0,0,0,-,-,-,-
d34c77220affcf1475a7bbdbd1c6f8ae,2026-02-03 15:45:22,Peter KAUZER,Peter KAUZER,KAUZER,Peter,"KAUZER, Peter",2017-09-03,None,Ivrea,Final,MK1,SLO,,34,3,89.31,0,0,None,,0,0,0,0,0,0,0,0,0,0,0,0,0,0,0,0,0,0,0,0,0,0,0,-,-,-,-
797048e013fa381d76b0f077f6dc7d7d,2026-02-03 15:45:22,Peter KAUZER,Peter KAUZER,KAUZER,Peter,"KAUZER, Peter",2017-09-01,None,Ivrea,Heats1,MK1,SLO,,34,6,89.4,0,0,None,,0,0,0,0,0,0,0,0,0,0,0,0,0,0,0,0,0,0,0,0,0,0,-,-,-,-,-
c23a3e4ade6da2d6a1c6511e88cfb12c,2026-02-03 15:45:22,Peter KAUZER,Peter KAUZER,KAUZER,Peter,"KAUZER, Peter",2017-07-02,None,Markkleeberg,Semi,MK1,SLO,,34,20,96.35,4,4,None,,0,0,0,0,0,0,0,0,0,0,0,0,0,0,0,0,0,0,0,0,0,0,0,-,-,-,-
c5cc10b9623ad43a6377b3cef500ed43,2026-02-03 15:45:22,Peter KAUZER,Peter KAUZER,KAUZER,Peter,"KAUZER, Peter",2017-06-30,None,Markkleeberg,Heats1,MK1,SLO,,34,16,91.84,2,2,None,,0,0,0,0,0,0,0,0,0,0,0,0,0,0,0,0,0,0,0,0,0,0,0,-,-,-,-
d4ce7fc937639115fafd73548d7cdbc5,2026-02-03 15:45:22,Peter KAUZER,Peter KAUZER,KAUZER,Peter,"KAUZER, Peter",2017-06-25,None,Augsburg,Final,MK1,SLO,,34,7,101.25,4,4,None,,0,0,0,0,0,0,0,0,0,0,0,0,0,0,0,0,0,0,0,0,0,0,0,0,-,-,-
c11fbbb30fda070801ff862086fb25a3,2026-02-03 15:45:22,Peter KAUZER,Peter KAUZER,KAUZER,Peter,"KAUZER, Peter",2017-06-25,None,Augsburg,Semi,MK1,SLO,,34,3,97.59,0,0,None,,0,0,0,0,0,0,0,0,0,0,0,0,0,0,0,0,0,0,0,0,0,0,0,0,-,-,-
b47ec7f3d142a1602ff85ad70bc79b1c,2026-02-03 15:45:22,Peter KAUZER,Peter KAUZER,KAUZER,Peter,"KAUZER, Peter",2017-06-23,None,Augsburg,Heats1,MK1,SLO,,34,13,96,0,0,None,,0,0,0,0,0,0,0,0,0,0,0,0,0,0,0,0,0,0,0,0,0,0,0,0,-,-,-
09964e9a4fc5533f31306f69a2e6b94b,2026-02-03 15:45:22,Peter KAUZER,Peter KAUZER,KAUZER,Peter,"KAUZER, Peter",2017-06-18,None,Prague,Semi,MK1,SLO,,34,30,88.37,50,50,None,,0,0,0,0,0,0,0,0,0,0,0,0,0,0,0,0,0,0,0,0,0,0,0,0,0,-,-
f6ec4f85f67cf5a825684784727d66f9,2026-02-03 15:45:22,Peter KAUZER,Peter KAUZER,KAUZER,Peter,"KAUZER, Peter",2017-06-16,None,Prague,Heats1,MK1,SLO,,34,5,79.33,0,0,None,,0,0,0,0,0,0,0,0,0,0,0,0,0,0,0,0,0,0,0,0,0,0,0,0,0,-,-
f468c53c728f3c3f2735bbb0eb066281,2026-02-03 15:45:22,Peter KAUZER,Peter KAUZER,KAUZER,Peter,"KAUZER, Peter",2017-06-04,None,Tacen,Semi,MK1,SLO,,34,12,85.49,2,2,None,,0,0,0,0,0,0,0,0,0,0,0,0,0,0,0,0,0,0,0,0,0,0,0,0,-,-,-
33846b4920fedcbffe503003baa7b915,2026-02-03 15:45:22,Peter KAUZER,Peter KAUZER,KAUZER,Peter,"KAUZER, Peter",2017-06-04,None,Tacen,Final,MK1,SLO,,34,6,84.69,0,0,None,,0,0,0,0,0,0,0,0,0,0,0,0,0,0,0,0,0,0,0,0,0,0,0,0,-,-,-
64164a8e0caeec7b647563a0f4611bb1,2026-02-03 15:45:22,Peter KAUZER,Peter KAUZER,KAUZER,Peter,"KAUZER, Peter",2017-06-01,None,Tacen,Heats1,MK1,SLO,,34,8,94.67,0,0,None,,0,0,0,0,0,0,0,0,0,0,0,0,0,0,0,0,0,0,0,0,0,0,0,0,-,-,-
d405359dc839666d03ce7cd15d300a82,2026-02-03 15:45:15,Peter KAUZER,Peter KAUZER,KAUZER,Peter,"KAUZER, Peter",2016-08-11,Olympic Games ,"Deodoro, Rio",Final,MK1,SLO,,33,2,88.7,0,0,88.7,88.7,0,0,0,0,0,0,0,0,0,0,0,0,0,0,0,0,0,0,0,0,0,0,0,0,-,-,-
a7a1f4e8836fe7512008c0bff50bbae0,2026-02-03 15:45:15,Peter KAUZER,Peter KAUZER,KAUZER,Peter,"KAUZER, Peter",2016-08-11,Olympic Games ,"Deodoro, Rio",Semi,MK1,SLO,,33,4,91.01,0,0,91.01,91.01,0,0,0,0,0,0,0,0,0,0,0,0,0,0,0,0,0,0,0,0,0,0,0,0,-,-,-
31fb9bf4e82d2177d25213ba8db5d7dc,2026-02-03 15:45:15,Peter KAUZER,Peter KAUZER,KAUZER,Peter,"KAUZER, Peter",2016-08-09,Olympic Games ,"Deodoro, Rio",Heats1,MK1,SLO,,33,8,89.11,2,2,91.11,91.11,0,0,0,0,0,0,0,0,0,0,0,0,0,0,0,0,0,0,0,0,0,0,0,0,-,-,-
e52d63f103206fb65c399bf50da82db9,2026-02-03 15:45:15,Peter KAUZER,Peter KAUZER,KAUZER,Peter,"KAUZER, Peter",2016-08-09,Olympic Games ,"Deodoro, Rio",Heats2,MK1,SLO,,33,15,94.88,2,2,96.88,96.88,0,0,0,0,0,0,0,0,0,0,0,0,0,0,0,0,0,0,0,0,0,0,0,0,-,-,-
aa4589c44fe0605616eacf55a1e196c0,2026-02-03 15:45:09,Peter KAUZER,Peter KAUZER,KAUZER,Peter,"KAUZER, Peter",2015-09-20,World Championships ,Lee Valley,Final,MK1,SLO,,32,4,92.71,0,0,92.71,92.71,0,0,0,0,0,0,0,0,0,0,0,0,0,0,0,0,0,0,0,0,0,0,-,-,-,-,-
b30eeace289f5e9178459e4321f9013e,2026-02-03 15:45:09,Peter KAUZER,Peter KAUZER,KAUZER,Peter,"KAUZER, Peter",2015-09-20,World Championships ,Lee Valley,Semi,MK1,SLO,,32,3,88.62,2,2,90.62,90.62,0,0,0,0,0,0,0,0,0,0,0,0,0,0,0,0,0,0,0,0,0,0,-,-,-,-,-
c3a146fd23bd93b7aaea436eeb2ae761,2026-02-03 15:45:09,Peter KAUZER,Peter KAUZER,KAUZER,Peter,"KAUZER, Peter",2015-09-18,World Championships ,Lee Valley,Heats1,MK1,SLO,,32,14,84,0,0,84,84,0,0,0,0,0,0,0,0,0,0,0,0,0,0,0,0,0,0,0,0,0,0,-,-,-,-,-
9af21c07913cf197937e1f505031c761,2026-09-24 20:00:38,Jakub KREJCI,Jakub KREJCI,KREJCI,Jakub,"KREJCI, Jakub",2026-09-22,Euros ,Ivrea,Heats1,MK1,CZE,3,24,3,77.32,0,0,None,,0,0,0,0,0,0,0,0,0,0,0,0,0,0,0,0,0,0,0,0,0,0,-,-,-,-,-
7e1d62fad58b0b51e8992dbfdb511588,2026-09-11 20:00:36,Jakub KREJCI,Jakub KREJCI,KREJCI,Jakub,"KREJCI, Jakub",2026-09-13,World Cup Final,La Seu,Semi,MK1,CZE,3,24,2,85.89,0,0,None,,0,0,0,0,0,0,0,0,0,0,0,0,0,0,0,0,0,0,0,0,0,0,0,-,-,-,-
58b861e06342947f1b56109402c2ccba,2026-09-11 20:00:36,Jakub KREJCI,Jakub KREJCI,KREJCI,Jakub,"KREJCI, Jakub",2026-09-11,World Cup Final,La Seu,Final,MK1,CZE,3,24,4,84.77,0,0,None,,0,0,0,0,0,0,0,0,0,0,0,0,0,0,0,0,0,0,0,0,0,0,0,-,-,-,-
4d097ae8e4ec50dc01f1383bd0ca2760,2026-09-11 20:00:36,Jakub KREJCI,Jakub KREJCI,KREJCI,Jakub,"KREJCI, Jakub",2026-09-11,World Cup Final,La Seu,Heats1,MK1,CZE,3,24,1,86.31,0,0,None,,0,0,0,0,0,0,0,0,0,0,0,0,0,0,0,0,0,0,0,0,0,0,0,-,-,-,-
53e5bcedf9457a2bc0c1a2cf5deb2a7a,2026-09-10 20:00:41,Jakub KREJCI,Jakub KREJCI,KREJCI,Jakub,"KREJCI, Jakub",2026-09-04,World Cup #4,Vaires,Heats1,MK1,CZE,3,24,78,94.15,200,200,None,,0,0,0,0,0,0,50,0,0,0,0,0,0,0,0,0,0,0,0,50,50,50,-,-,-,-,-
31c704f59b33f7c0eb1f447de923dc8a,2026-08-18 20:00:32,Jakub KREJCI,Jakub KREJCI,KREJCI,Jakub,"KREJCI, Jakub",2026-08-13,International race Short,Prague,Final,MK1,CZE,138,24,1,35.99,0,0,None,,0,0,0,0,0,0,0,0,0,0,0,0,-,-,-,-,-,-,-,-,-,-,-,-,-,-,-
abd2eccc00601ad76529c02c69849b21,2026-08-18 20:00:32,Jakub KREJCI,Jakub KREJCI,KREJCI,Jakub,"KREJCI, Jakub",2026-08-13,International race Short,Prague,Heats1,MK1,CZE,138,24,3,37.88,0,0,None,,0,0,0,0,0,0,0,0,0,0,0,0,-,-,-,-,-,-,-,-,-,-,-,-,-,-,-
08c637bcfb46029d925ae318ecdd78ec,2026-07-30 20:00:34,Jakub KREJCI,Jakub KREJCI,KREJCI,Jakub,"KREJCI, Jakub",2026-07-25,World Championships ,Oklahoma,Final,MK1,CZE,4,24,1,83.65,0,0,None,,0,0,0,0,0,0,0,0,0,0,0,0,0,0,0,0,0,0,0,0,0,0,-,-,-,-,-
a833a1c778b4f7ca54a1b2e9cdb63c2b,2026-07-26 20:00:31,Jakub KREJCI,Jakub KREJCI,KREJCI,Jakub,"KREJCI, Jakub",2026-07-23,World Championships ,Oklahoma,Semi,MK1,CZE,4,24,2,84.8,0,0,None,,0,0,0,0,0,0,0,0,0,0,0,0,0,0,0,0,0,0,0,0,0,0,-,-,-,-,-
3342f33ff709ee889a552055ab21643c,2026-07-26 20:00:31,Jakub KREJCI,Jakub KREJCI,KREJCI,Jakub,"KREJCI, Jakub",2026-07-23,World Championships ,Oklahoma,Final,MK1,CZE,4,24,1,83.65,0,0,None,,0,0,0,0,0,0,0,0,0,0,0,0,0,0,0,0,0,0,0,0,0,0,-,-,-,-,-
2a427ac1bdb61b6a0db19ce09630f206,2026-07-26 20:00:31,Jakub KREJCI,Jakub KREJCI,KREJCI,Jakub,"KREJCI, Jakub",2026-07-21,World Championships ,Oklahoma,Heats1,MK1,CZE,4,24,1,80.02,0,0,None,,0,0,0,0,0,0,0,0,0,0,0,0,0,0,0,0,0,0,0,0,0,0,-,-,-,-,-
d8010aad56aa5baf600d3b1f5528d5fc,2026-06-17 01:18:14,Jakub KREJCI,Jakub KREJCI,KREJCI,Jakub,"KREJCI, Jakub",2026-06-12,World Cup #3,Augsburg,Heats1,MK1,CZE,5,24,3,91.98,0,0,None,,0,0,0,0,0,0,0,0,0,0,0,0,0,0,0,0,0,0,0,0,0,0,-,-,-,-,-
8ff7d845cc03608e553eacf3b3b56802,2026-06-17 01:18:14,Jakub KREJCI,Jakub KREJCI,KREJCI,Jakub,"KREJCI, Jakub",2026-06-12,World Cup #3,Augsburg,Final,MK1,CZE,5,24,1,88.81,0,0,None,,0,0,0,0,0,0,0,0,0,0,0,0,0,0,0,0,0,0,0,0,0,0,-,-,-,-,-
d9dda0882938e998f8799f18e931d467,2026-06-09 06:48:07,Jakub KREJCI,Jakub KREJCI,KREJCI,Jakub,"KREJCI, Jakub",2026-06-05,World Cup #2,Prague,Heats1,MK1,CZE,6,24,1,97.93,0,0,None,,0,0,0,0,0,0,0,0,0,0,0,0,0,0,0,0,0,0,0,0,0,0,-,-,-,-,-
000c75fde1f5eb936900bcd75847ad84,2026-06-09 06:48:07,Jakub KREJCI,Jakub KREJCI,KREJCI,Jakub,"KREJCI, Jakub",2026-06-05,World Cup #2,Prague,Final,MK1,CZE,6,24,1,98.1,0,0,None,,0,0,0,0,0,0,0,0,0,0,0,0,0,0,0,0,0,0,0,0,0,0,-,-,-,-,-
34d552229c0e9b407cdb85fcac9771a1,2026-06-09 06:48:07,Jakub KREJCI,Jakub KREJCI,KREJCI,Jakub,"KREJCI, Jakub",2026-05-29,World Cup #1,Tacen,Final,MK1,CZE,5,24,3,75.62,0,0,None,,0,0,0,0,0,0,0,0,0,0,0,0,0,0,0,0,0,0,0,0,0,0,-,-,-,-,-
8d23d0aa2bcdf0f7e75d0f9f9bdbdd21,2026-06-09 06:48:07,Jakub KREJCI,Jakub KREJCI,KREJCI,Jakub,"KREJCI, Jakub",2026-05-29,World Cup #1,Tacen,Heats1,MK1,CZE,5,24,9,77.55,0,0,None,,0,0,0,0,0,0,0,0,0,0,0,0,0,0,0,0,0,0,0,0,0,0,-,-,-,-,-
081ed2baf48627a29fff24c9798a80f8,2026-06-09 20:00:28,Jakub KREJCI,Jakub KREJCI,KREJCI,Jakub,"KREJCI, Jakub",2026-03-28,ICF World ranking ,Oklahoma,Heats1,MK1,CZE,,24,2,76.98,0,0,None,,0,0,0,0,0,0,0,0,0,0,0,0,0,0,0,0,0,0,0,0,0,0,0,-,-,-,-
ab9e3185f18e85402152dcb252ac8f9e,2026-06-09 20:00:28,Jakub KREJCI,Jakub KREJCI,KREJCI,Jakub,"KREJCI, Jakub",2026-03-28,ICF World ranking ,Oklahoma,Final,MK1,CZE,,24,5,77.06,4,4,None,,2,0,0,0,0,0,0,0,0,0,0,0,0,0,2,0,0,0,0,0,0,0,0,-,-,-,-
5e3289981fc3d8c38cb36f08ec20be50,2026-06-09 20:00:28,Jakub KREJCI,Jakub KREJCI,KREJCI,Jakub,"KREJCI, Jakub",2026-02-21,Australian Open ,Penrith,Final,MK1,CZE,,24,1,95.97,0,0,None,,0,0,0,0,0,0,0,0,0,0,0,0,0,0,0,0,0,0,0,0,0,0,-,-,-,-,-
cbf9af1ee0dbc54b5dd63b27d1af30e0,2026-06-09 20:00:28,Jakub KREJCI,Jakub KREJCI,KREJCI,Jakub,"KREJCI, Jakub",2026-02-21,Australian Open ,Penrith,Heats1,MK1,CZE,,24,8,96.43,4,4,None,,0,0,0,0,0,0,2,0,0,0,0,0,0,0,0,0,0,0,2,0,0,0,-,-,-,-,-
71623e347cd537eba3729e5bd1663861,2026-06-02 22:00:37,Jakub KREJCI,Jakub KREJCI,KREJCI,Jakub,"KREJCI, Jakub",2026-02-17,World Cup #1,Tacen,Heats1,MK1,CZE,,24,9,3.05,0,0,None,,0,0,0,0,0,0,0,0,0,0,0,0,0,0,0,0,0,0,0,0,0,0,-,-,-,-,-
4a8cad20160d1483be24f603300f4e47,2026-06-02 22:00:37,Jakub KREJCI,Jakub KREJCI,KREJCI,Jakub,"KREJCI, Jakub",2026-02-17,World Cup #1,Tacen,Final,MK1,CZE,,24,3,2.91,0,0,None,,0,0,0,0,0,0,0,0,0,0,0,0,0,0,0,0,0,0,0,0,0,0,-,-,-,-,-
1f12250f03405831b62fe7aebb12f504,2026-02-24 11:16:55,Jakub KREJCI,Jakub KREJCI,KREJCI,Jakub,"KREJCI, Jakub",2026-02-17,Australian Open ,Penrith,Final,MK1,CZE,,24,1,95.97,0,0,None,,0,0,0,0,0,0,0,0,0,0,0,0,0,0,0,0,0,0,0,0,0,0,-,-,-,-,-
bd62a34e7d52d60e616f4d75d93dacef,2026-02-24 11:16:55,Jakub KREJCI,Jakub KREJCI,KREJCI,Jakub,"KREJCI, Jakub",2026-02-17,Australian Open ,Penrith,Heats1,MK1,CZE,,24,8,96.43,4,4,None,,0,0,0,0,0,0,2,0,0,0,0,0,0,0,0,0,0,0,2,0,0,0,-,-,-,-,-
8cabd923900d1326954699306fcd8a22,2026-06-08 09:55:50,Jakub KREJCI,Jakub KREJCI,KREJCI,Jakub,"KREJCI, Jakub",2026-02-17,World Cup #2,Prague,Heats1,MK1,CZE,6,24,1,97.93,0,0,None,,0,0,0,0,0,0,0,0,0,0,0,0,0,0,0,0,0,0,0,0,0,0,-,-,-,-,-
a0f522acbc52758e8abd9503d3d6a8a8,2026-04-02 14:26:24,Jakub KREJCI,Jakub KREJCI,KREJCI,Jakub,"KREJCI, Jakub",2026-02-17,ICF World ranking ,Oklahoma,Heats1,MK1,CZE,,24,2,76.98,0,0,None,,0,0,0,0,0,0,0,0,0,0,0,0,0,0,0,0,0,0,0,0,0,0,0,-,-,-,-
72a9dcace1c85c58de48cd67d4b48a22,2026-04-02 14:26:24,Jakub KREJCI,Jakub KREJCI,KREJCI,Jakub,"KREJCI, Jakub",2026-02-17,ICF World ranking ,Oklahoma,Final,MK1,CZE,,24,5,77.06,4,4,None,,2,0,0,0,0,0,0,0,0,0,0,0,0,0,2,0,0,0,0,0,0,0,0,-,-,-,-
8c291fb008d06484d9b0836f49453e1b,2026-06-08 09:55:50,Jakub KREJCI,Jakub KREJCI,KREJCI,Jakub,"KREJCI, Jakub",2026-02-17,World Cup #2,Prague,Final,MK1,CZE,6,24,1,98.1,0,0,None,,0,0,0,0,0,0,0,0,0,0,0,0,0,0,0,0,0,0,0,0,0,0,-,-,-,-,-
828e9a814eae922b336d6bce762b9686,2026-02-03 15:46:38,Jakub KREJCI,Jakub KREJCI,KREJCI,Jakub,"KREJCI, Jakub",2025-10-04,World Championships ,Penrith,Final,MK1,CZE,8,23,2,92.27,0,0,92.27,92.27,0,0,0,0,0,0,0,0,0,0,0,0,0,0,0,0,0,0,0,0,0,0,-,-,-,-,-
33ac46a1dbc779127f66feae893fbdae,2026-02-03 15:46:38,Jakub KREJCI,Jakub KREJCI,KREJCI,Jakub,"KREJCI, Jakub",2025-10-04,World Championships ,Penrith,Semi,MK1,CZE,8,23,3,90.83,2,2,92.83,92.83,0,0,0,0,0,0,0,0,0,0,0,0,0,0,0,0,0,0,0,2,0,0,-,-,-,-,-
ac1dd5cef5808bd50f00838181baf979,2026-02-03 15:46:38,Jakub KREJCI,Jakub KREJCI,KREJCI,Jakub,"KREJCI, Jakub",2025-10-03,World Championships ,Penrith,Heats1,MK1,CZE,8,23,1,86.94,0,0,86.94,86.94,0,0,0,0,0,0,0,0,0,0,0,0,0,0,0,0,0,0,0,0,0,0,-,-,-,-,-
52ca4872077ff9192d15cdfa1274b02b,2026-02-03 15:46:38,Jakub KREJCI,Jakub KREJCI,KREJCI,Jakub,"KREJCI, Jakub",2025-09-06,World Cup Final,Augsburg,Final,MK1,CZE,8,23,7,93.35,10,10,103.35,103.35,0,2,0,0,0,0,0,2,0,-,2,-,-,-,-,-,-,-,-,-,-,2,-,-,2,-,-
c8dc49c68f6846053f7fc4f920a7be3c,2026-02-03 15:46:38,Jakub KREJCI,Jakub KREJCI,KREJCI,Jakub,"KREJCI, Jakub",2025-09-05,World Cup Final,Augsburg,Heats1,MK1,CZE,8,23,4,94.43,2,2,96.43,96.43,0,0,0,0,0,0,0,2,0,-,-,-,-,-,-,-,-,-,-,-,-,-,-,-,-,-,-
24b35184b94774d9adbf796e1e921ccb,2026-02-03 15:46:38,Jakub KREJCI,Jakub KREJCI,KREJCI,Jakub,"KREJCI, Jakub",2025-09-05,World Cup Final,Augsburg,Semi,MK1,CZE,8,23,8,92.18,4,4,96.18,96.18,0,0,0,0,0,0,0,2,0,-,-,-,-,-,-,-,-,-,2,-,-,-,-,-,-,-,-
9bf687aecd7d41456366768e306b3f22,2026-02-03 15:46:38,Jakub KREJCI,Jakub KREJCI,KREJCI,Jakub,"KREJCI, Jakub",2025-08-30,World Cup #4,Tacen,Final,MK1,CZE,8,23,9,72.84,2,2,74.84,74.84,2,0,0,0,0,0,0,0,0,0,-,-,-,-,-,-,-,-,-,-,-,-,-,-,-,-,-
825c6fd8c56bf846c6dac91dfc2915c2,2026-02-03 15:46:38,Jakub KREJCI,Jakub KREJCI,KREJCI,Jakub,"KREJCI, Jakub",2025-08-29,World Cup #4,Tacen,Heats1,MK1,CZE,8,23,7,72.54,2,2,74.54,74.54,0,0,0,0,0,0,0,0,0,0,-,-,-,-,-,-,-,-,-,-,-,2,-,-,-,-,-
688e2413f4a296f56485a1d9d1b9e69c,2026-02-03 15:46:38,Jakub KREJCI,Jakub KREJCI,KREJCI,Jakub,"KREJCI, Jakub",2025-07-12,World Championships U23 & JR,Foix,Semi,MK1,CZE,2,23,3,83.1,0,0,83.1,83.1,0,0,0,0,0,0,0,0,0,-,-,-,-,-,-,-,-,-,-,-,-,-,-,-,-,-,-
a01375958733865d22c45df202b64e2c,2026-02-03 15:46:38,Jakub KREJCI,Jakub KREJCI,KREJCI,Jakub,"KREJCI, Jakub",2025-07-12,World Championships U23 & JR,Foix,Final,MK1,CZE,2,23,5,84.28,0,0,84.28,84.28,0,0,0,0,0,0,0,0,0,-,-,-,-,-,-,-,-,-,-,-,-,-,-,-,-,-,-
f219f14a8432ddf9b78a1c150b829567,2026-02-03 15:46:38,Jakub KREJCI,Jakub KREJCI,KREJCI,Jakub,"KREJCI, Jakub",2025-07-11,World Championships U23 & JR,Foix,Heats1,MK1,CZE,2,23,4,84.52,0,0,84.52,84.52,0,0,0,0,0,0,0,0,0,0,0,0,0,0,0,0,0,0,0,0,0,0,-,-,-,-,-
6f610701429a04ca42785a38c0320e2e,2026-02-03 15:46:38,Jakub KREJCI,Jakub KREJCI,KREJCI,Jakub,"KREJCI, Jakub",2025-06-27,World Cup #3,Prague,Heats1,MK1,CZE,7,23,22,96.12,0,0,96.12,96.12,0,0,0,0,0,0,0,0,0,0,-,-,-,-,-,-,-,-,-,-,-,-,-,-,-,-,-
f5bd554008348f66214401ab218f2cac,2026-02-03 15:46:38,Jakub KREJCI,Jakub KREJCI,KREJCI,Jakub,"KREJCI, Jakub",2025-06-27,World Cup Grand Prix - short,Prague,Heats1,MK1,CZE,7,23,28,51.93,2,2,53.93,53.93,0,0,0,0,0,0,0,0,0,0,-,-,-,-,-,-,-,-,-,-,-,-,-,-,-,-,-
bde8c4d7e5834ef4441e10747cf9b79e,2026-02-03 15:46:38,Jakub KREJCI,Jakub KREJCI,KREJCI,Jakub,"KREJCI, Jakub",2025-06-14,World Cup #2,Pau,Final,MK1,CZE,7,23,6,92.82,2,2,94.82,94.82,0,0,0,0,0,0,0,0,0,-,-,-,2,-,-,-,-,-,-,-,-,-,-,-,-,-,-
3d007906423169459e08432b23f231a1,2026-02-03 15:46:38,Jakub KREJCI,Jakub KREJCI,KREJCI,Jakub,"KREJCI, Jakub",2025-06-13,World Cup #2,Pau,Heats1,MK1,CZE,7,23,4,93.12,0,0,93.12,93.12,0,0,0,0,0,0,0,0,0,-,-,-,-,-,-,-,-,-,-,-,-,-,-,-,-,-,-
cd0a9f9fc551a275450f6552ddc1fc41,2026-02-03 15:46:38,Jakub KREJCI,Jakub KREJCI,KREJCI,Jakub,"KREJCI, Jakub",2025-06-07,World Cup #1,La Seu,Final,MK1,CZE,,23,4,84.56,0,0,84.56,84.56,0,0,0,0,0,0,0,0,0,0,0,0,0,0,0,0,0,0,0,0,0,0,0,-,-,-,-
24a372d72987b4739d2e78f12027078c,2026-02-03 15:46:38,Jakub KREJCI,Jakub KREJCI,KREJCI,Jakub,"KREJCI, Jakub",2025-06-06,World Cup #1,La Seu,Heats1,MK1,CZE,,23,10,86.51,0,0,86.51,86.51,0,0,0,0,0,0,0,0,0,0,0,0,0,0,0,0,0,0,0,0,0,0,0,-,-,-,-
39955dd480de58a5f6f59f7a1fe67571,2026-02-03 15:46:38,Jakub KREJCI,Jakub KREJCI,KREJCI,Jakub,"KREJCI, Jakub",2025-05-16,Euros ,Vaires sur Marne,Heats1,MK1,CZE,,23,51,82.46,54,54,136.46,136.46,0,0,0,0,0,0,0,0,0,0,0,0,0,50,2,0,0,0,0,2,0,0,-,-,-,-,-
43cbd836c6033d813d2afd27a139f62c,2026-02-03 15:46:38,Jakub KREJCI,Jakub KREJCI,KREJCI,Jakub,"KREJCI, Jakub",2025-03-09,Pyrenees Cup ,Pau,Heats1,MK1,CZE,,23,1,89.16,0,0,89.16,89.16,0,0,0,0,0,0,0,0,0,0,0,0,0,0,0,0,0,0,0,0,0,0,0,0,-,-,-
17c35a5b2a8de5dd9483d1c9ddd24a0c,2026-02-03 15:46:38,Jakub KREJCI,Jakub KREJCI,KREJCI,Jakub,"KREJCI, Jakub",2025-03-09,Pyrenees Cup ,Pau,Final,MK1,CZE,,23,2,88.66,2,2,90.66,90.66,0,0,0,0,0,0,0,0,0,0,2,0,0,0,0,0,0,0,0,0,0,0,0,0,-,-,-
fe2958ac353088f60f3af50593b14a7e,2026-06-22 20:00:52,Jakub KREJCI,Jakub KREJCI,KREJCI,Jakub,"KREJCI, Jakub",2025-03-06,Champion Race ,Pau,Final,MK1,CZE,,23,5,47.1,0,0,None,,0,0,0,0,0,0,0,0,0,0,0,0,0,0,0,0,0,0,0,0,0,0,-,-,-,-,-
dade6ea06253b26f9cb5ced8cfe197b8,2026-02-03 15:46:38,Jakub KREJCI,Jakub KREJCI,KREJCI,Jakub,"KREJCI, Jakub",2025-03-05,Champion Race ,Pau,Final,MK1,CZE,,23,5,47.1,0,0,47.1,47.1,0,0,0,0,0,0,0,0,0,0,0,0,0,0,-,-,-,-,-,-,-,-,-,-,-,-,-
19082b3cde0e5338a3ab9033d19528e6,2026-02-03 15:46:27,Jakub KREJCI,Jakub KREJCI,KREJCI,Jakub,"KREJCI, Jakub",2024-09-21,World Cup final,La Seu,Semi,MK1,CZE,,22,12,90,2,2,92,92,0,0,0,0,0,0,0,0,-,-,-,-,-,-,2,-,-,-,-,-,-,-,-,-,-,-,-
603e5dd9193b1a5bfa795951ca0fa0ce,2026-02-03 15:46:27,Jakub KREJCI,Jakub KREJCI,KREJCI,Jakub,"KREJCI, Jakub",2024-09-20,World Cup final,La Seu,Heats1,MK1,CZE,,22,2,87.25,0,0,87.25,87.25,0,0,0,0,0,0,0,0,0,0,0,0,0,0,0,0,0,0,0,0,0,0,0,0,0,-,-
d997275cdfb95a5b3b9e81f78f0e5f9b,2026-02-03 15:46:27,Jakub KREJCI,Jakub KREJCI,KREJCI,Jakub,"KREJCI, Jakub",2024-09-14,World Cup #4,Ivrea,Final,MK1,CZE,,22,7,84.57,50,50,134.57,134.57,0,0,0,0,0,0,0,0,-,-,-,-,-,-,-,-,-,-,-,-,-,-,-,-,-,-,-
47cc6119b6d1e49752a7123488b0e569,2026-02-03 15:46:27,Jakub KREJCI,Jakub KREJCI,KREJCI,Jakub,"KREJCI, Jakub",2024-09-14,World Cup #4,Ivrea,Semi,MK1,CZE,,22,3,86.25,0,0,86.25,86.25,0,0,0,0,0,0,0,0,-,-,-,-,-,-,-,-,-,-,-,-,-,-,-,-,-,-,-
c648234b8d3b147353712398f50b7794,2026-02-03 15:46:27,Jakub KREJCI,Jakub KREJCI,KREJCI,Jakub,"KREJCI, Jakub",2024-09-13,World Cup #4,Ivrea,Heats1,MK1,CZE,,22,1,76.78,0,0,76.78,76.78,0,0,0,0,0,0,0,0,-,-,-,-,-,-,-,-,-,-,-,-,-,-,-,-,-,-,-
1ffcc6f3dedc34e985811834d8828a21,2026-02-03 15:46:27,Jakub KREJCI,Jakub KREJCI,KREJCI,Jakub,"KREJCI, Jakub",2024-08-17,Euros ,Krakow,Semi,MK1,CZE,,22,3,83.46,0,0,83.46,83.46,0,0,0,0,0,0,0,0,0,-,-,-,-,-,-,-,-,-,-,-,-,-,-,-,-,-,-
204884b1b97849cd60edbe86373eaa3f,2026-02-03 15:46:27,Jakub KREJCI,Jakub KREJCI,KREJCI,Jakub,"KREJCI, Jakub",2024-08-17,Euros ,Krakow,Final,MK1,CZE,,22,4,84.96,2,2,86.96,86.96,0,0,0,0,0,0,0,2,0,-,-,-,-,-,-,-,-,-,-,-,-,-,-,-,-,-,-
3714f24ed0517d92d302048022970931,2026-02-03 15:46:27,Jakub KREJCI,Jakub KREJCI,KREJCI,Jakub,"KREJCI, Jakub",2024-08-16,Euros ,Krakow,Heats1,MK1,CZE,,22,2,92.48,0,0,92.48,92.48,0,0,0,0,0,0,0,0,0,0,0,0,0,0,0,0,0,0,0,0,0,0,-,-,-,-,-
006c158967bc9a9e5aa4511c7d875e17,2026-02-03 15:46:27,Jakub KREJCI,Jakub KREJCI,KREJCI,Jakub,"KREJCI, Jakub",2024-08-03,ICF World ranking ,Prague,Heats1,MK1,CZE,,22,31,88.54,0,0,88.54,88.54,0,0,0,0,0,0,0,0,0,0,0,0,0,0,0,0,0,0,0,0,0,0,0,0,0,-,-
2ad36f0b1c6eea1529b8dd011f0282e7,2026-02-03 15:46:27,Jakub KREJCI,Jakub KREJCI,KREJCI,Jakub,"KREJCI, Jakub",2024-08-03,ICF World ranking ,Prague,Heats2,MK1,CZE,,22,1,83.98,0,0,83.98,83.98,0,0,0,0,0,0,0,0,0,0,0,0,0,0,0,0,0,0,0,0,0,0,0,0,0,-,-
3531e12e535fdeb20e9e7a6957f2e709,2026-02-03 15:46:27,Jakub KREJCI,Jakub KREJCI,KREJCI,Jakub,"KREJCI, Jakub",2024-08-03,ICF World ranking ,Prague,Semi,MK1,CZE,,22,1,85.08,0,0,85.08,85.08,0,0,0,0,0,0,0,0,0,0,0,0,0,0,0,0,0,0,0,0,0,0,0,0,0,-,-
9f647e6c1adfb04e86147be98b2c6bda,2026-02-03 15:46:27,Jakub KREJCI,Jakub KREJCI,KREJCI,Jakub,"KREJCI, Jakub",2024-08-03,ICF World ranking ,Prague,Final,MK1,CZE,,22,8,85.48,4,4,89.48,89.48,0,0,0,0,0,0,0,0,0,0,0,0,0,0,0,0,0,0,0,0,2,0,2,0,0,-,-
2cfcddb53588ede887aba603f22f7d5a,2026-02-03 15:46:27,Jakub KREJCI,Jakub KREJCI,KREJCI,Jakub,"KREJCI, Jakub",2024-07-06,World Championships ,Liptovsky Mikulas,Semi,MK1,CZE,,22,1,89.2,0,0,89.2,89.2,0,0,0,0,0,0,0,0,0,0,0,0,0,0,0,0,0,0,0,0,0,0,-,-,-,-,-
b5616a5c56707938e240274dfb29d3ad,2026-02-03 15:46:27,Jakub KREJCI,Jakub KREJCI,KREJCI,Jakub,"KREJCI, Jakub",2024-07-06,World Championships ,Liptovsky Mikulas,Final,MK1,CZE,,22,2,89.97,0,0,89.97,89.97,0,0,0,0,0,0,0,0,0,0,0,0,0,0,0,0,0,0,0,0,0,0,-,-,-,-,-
5e6fab8e75c8f0be80c7d4a1e7a373a1,2026-02-03 15:46:27,Jakub KREJCI,Jakub KREJCI,KREJCI,Jakub,"KREJCI, Jakub",2024-07-05,World Championships ,Liptovsky Mikulas,Heats1,MK1,CZE,,22,7,76.53,2,2,78.53,78.53,2,0,0,0,0,0,0,0,0,0,0,0,0,0,0,0,0,0,0,0,0,0,-,-,-,-,-
10d578eedd8a0d75fbeedd5bf16d972a,2026-02-03 15:46:27,Jakub KREJCI,Jakub KREJCI,KREJCI,Jakub,"KREJCI, Jakub",2024-06-15,World Cup #3,Krakow,Semi,MK1,CZE,,22,2,86.2,0,0,86.2,86.2,0,0,0,0,0,0,0,0,0,0,0,0,0,0,0,0,0,0,0,0,0,0,-,-,-,-,-
65382e27f0575147a814171eb4410b38,2026-02-03 15:46:27,Jakub KREJCI,Jakub KREJCI,KREJCI,Jakub,"KREJCI, Jakub",2024-06-15,World Cup #3,Krakow,Final,MK1,CZE,,22,3,86.34,0,0,86.34,86.34,0,0,0,0,0,0,0,0,0,0,0,0,0,0,0,0,0,0,0,0,0,0,-,-,-,-,-
713169513fa9769d2916ad852b947564,2026-02-03 15:46:27,Jakub KREJCI,Jakub KREJCI,KREJCI,Jakub,"KREJCI, Jakub",2024-06-14,World Cup #3,Krakow,Heats1,MK1,CZE,,22,12,84.07,0,0,84.07,84.07,0,0,0,0,0,0,0,0,0,0,0,0,0,0,0,0,0,0,0,0,0,0,-,-,-,-,-
29addab628583e069f2180a60808af50,2026-02-03 15:46:27,Jakub KREJCI,Jakub KREJCI,KREJCI,Jakub,"KREJCI, Jakub",2024-06-08,World Cup #2,Prague,Final,MK1,CZE,,22,3,81.35,0,0,81.35,81.35,0,0,0,0,0,0,0,0,0,0,0,0,0,0,0,0,0,0,0,0,0,0,0,0,-,-,-
5837c89040a20ffc55f42e562a46d2a5,2026-02-03 15:46:27,Jakub KREJCI,Jakub KREJCI,KREJCI,Jakub,"KREJCI, Jakub",2024-06-07,World Cup #2,Prague,Heats1,MK1,CZE,,22,9,81.99,2,2,83.99,83.99,0,0,0,0,0,2,0,0,0,0,0,0,0,0,0,0,0,0,0,0,0,0,0,0,-,-,-
877c1701b8e2be4c7389409173097382,2026-02-03 15:46:27,Jakub KREJCI,Jakub KREJCI,KREJCI,Jakub,"KREJCI, Jakub",2024-06-01,World Cup #1,Augsburg,Semi,MK1,CZE,,22,30,101.57,4,4,105.57,105.57,0,0,0,0,0,0,0,0,0,0,-,-,2,-,-,-,2,-,-,-,-,-,-,-,-,-,-
c5135f9f4f135313885b8d145d49d10c,2026-02-03 15:46:27,Jakub KREJCI,Jakub KREJCI,KREJCI,Jakub,"KREJCI, Jakub",2024-05-31,World Cup #1,Augsburg,Heats1,MK1,CZE,,22,10,97.15,2,2,99.15,99.15,0,0,0,0,0,0,0,0,0,0,-,2,-,-,-,-,-,-,-,-,-,-,-,-,-,-,-
34cd72930685a213bb4a04c6e95c8eab,2026-02-03 15:46:27,Jakub KREJCI,Jakub KREJCI,KREJCI,Jakub,"KREJCI, Jakub",2024-05-17,Euros ,Tacen,Heats1,MK1,CZE,,22,24,100.79,4,4,104.79,104.79,0,2,0,0,0,0,0,0,0,0,0,0,0,0,0,0,0,2,0,0,0,-,-,-,-,-,-
3885d51e34d20ca5cbfe3ec3f9183632,2026-02-03 15:46:27,Jakub KREJCI,Jakub KREJCI,KREJCI,Jakub,"KREJCI, Jakub",2024-03-15,Panam champs ,"Deodoro, Rio",Final,MK1,CZE,,22,2,87.34,0,0,87.34,87.34,0,0,0,0,0,0,0,0,0,0,0,0,0,0,0,0,0,0,0,0,0,0,-,-,-,-,-
482b22ba9498d9557d10642ab906642b,2026-02-03 15:46:27,Jakub KREJCI,Jakub KREJCI,KREJCI,Jakub,"KREJCI, Jakub",2024-03-15,Panam champs ,"Deodoro, Rio",Semi,MK1,CZE,,22,1,86.74,0,0,86.74,86.74,0,0,0,0,0,0,0,0,0,0,0,0,0,0,0,0,0,0,0,0,0,0,-,-,-,-,-
8c490a4a3fb0927bba83f68734d1c340,2026-02-03 15:46:16,Jakub KREJCI,Jakub KREJCI,KREJCI,Jakub,"KREJCI, Jakub",2023-10-07,World Cup final,Vaires sur Marne,Semi,MK1,CZE,,21,17,96.01,2,2,98.01,98.01,0,0,0,0,0,0,0,0,0,0,0,0,0,0,0,2,0,0,0,0,0,-,-,-,-,-,-
5d65a78db6f5dea0123f08a4828741a8,2026-02-03 15:46:16,Jakub KREJCI,Jakub KREJCI,KREJCI,Jakub,"KREJCI, Jakub",2023-10-06,World Cup final,Vaires sur Marne,Heats1,MK1,CZE,,21,5,90.82,0,0,90.82,90.82,0,0,0,0,0,0,0,0,0,0,0,0,0,0,0,0,0,0,0,0,0,-,-,-,-,-,-
bac116dfb8bbc594c2435728091a845c,2026-02-03 15:46:16,Jakub KREJCI,Jakub KREJCI,KREJCI,Jakub,"KREJCI, Jakub",2023-10-06,World Cup final,Vaires sur Marne,Heats2,MK1,CZE,,21,11,89.35,2,2,91.35,91.35,0,0,0,0,0,0,2,0,0,0,0,0,0,0,0,0,0,0,0,0,0,-,-,-,-,-,-
bab38d0d4494caf5560f59c58c31ec91,2026-02-03 15:46:16,Jakub KREJCI,Jakub KREJCI,KREJCI,Jakub,"KREJCI, Jakub",2023-09-23,World Championships ,Lee Valley,Semi,MK1,CZE,,21,17,95.21,2,2,97.21,97.21,0,0,2,0,0,0,0,0,0,0,0,0,0,0,0,0,0,0,0,0,0,0,-,-,-,-,-
4fffbb6c1af33102e95d68bdc9535814,2026-02-03 15:46:16,Jakub KREJCI,Jakub KREJCI,KREJCI,Jakub,"KREJCI, Jakub",2023-09-22,World Championships ,Lee Valley,Heats1,MK1,CZE,,21,1,79.11,0,0,79.11,79.11,0,0,0,0,0,0,0,0,0,0,0,0,0,0,0,0,0,0,0,0,0,0,0,-,-,-,-
e1278ea6af4b9a8124c2fd132a19a2e6,2026-02-03 15:46:16,Jakub KREJCI,Jakub KREJCI,KREJCI,Jakub,"KREJCI, Jakub",2023-09-01,World Cup #4,La Seu,Heats1,MK1,CZE,,21,26,94.03,2,2,96.03,96.03,0,0,2,0,0,0,0,0,0,0,0,0,0,0,0,0,0,0,0,0,0,0,-,-,-,-,-
157315fb7ae594f23e777ededbc147d2,2026-02-03 15:46:16,Jakub KREJCI,Jakub KREJCI,KREJCI,Jakub,"KREJCI, Jakub",2023-08-20,World Championships Junior & U23,Krakow,Semi,MK1,CZE,,21,1,81.61,0,0,81.61,81.61,0,0,0,0,0,0,0,0,0,0,0,0,0,0,0,0,0,0,0,0,0,-,-,-,-,-,-
33d3d5ea83736f2c62b275c0defc1ace,2026-02-03 15:46:16,Jakub KREJCI,Jakub KREJCI,KREJCI,Jakub,"KREJCI, Jakub",2023-08-20,World Championships Junior & U23,Krakow,Final,MK1,CZE,,21,9,83.05,6,6,89.05,89.05,0,0,2,0,0,0,0,0,0,0,0,0,0,0,0,0,0,0,0,2,2,-,-,-,-,-,-
689b051ef95dfda5b09d03dc510b6335,2026-02-03 15:46:16,Jakub KREJCI,Jakub KREJCI,KREJCI,Jakub,"KREJCI, Jakub",2023-08-19,World Championships Junior & U23,Krakow,Heats1,MK1,CZE,,21,1,80.49,0,0,80.49,80.49,0,0,0,0,0,0,0,0,0,0,0,0,0,0,0,0,0,0,0,0,0,-,-,-,-,-,-
18ebfa8f258d9181eb0c97c01b783de9,2026-02-03 15:46:16,Jakub KREJCI,Jakub KREJCI,KREJCI,Jakub,"KREJCI, Jakub",2023-07-23,Euros Junior & U23,Bratislava,Final,MK1,CZE,,21,2,87.68,0,0,87.68,87.68,0,0,0,0,0,0,0,0,0,0,0,0,0,0,0,0,0,0,0,0,0,0,0,0,0,-,-
122e56850554d3b5b25e891b8b9b06d9,2026-02-03 15:46:16,Jakub KREJCI,Jakub KREJCI,KREJCI,Jakub,"KREJCI, Jakub",2023-07-23,Euros Junior & U23,Bratislava,Semi,MK1,CZE,,21,6,87.61,4,4,91.61,91.61,0,0,0,0,0,2,0,0,0,0,0,0,0,0,0,0,0,0,0,0,0,2,0,0,0,-,-
a124d1e5989203d2ba1706a97bcdc15a,2026-02-03 15:46:16,Jakub KREJCI,Jakub KREJCI,KREJCI,Jakub,"KREJCI, Jakub",2023-07-22,Euros Junior & U23,Bratislava,Heats2,MK1,CZE,,21,1,79.68,0,0,79.68,79.68,0,0,0,0,0,0,0,0,0,0,0,0,0,0,0,0,0,0,0,0,0,0,0,0,-,-,-
2dbd7b0374f35b94a26434ac519b0381,2026-02-03 15:46:16,Jakub KREJCI,Jakub KREJCI,KREJCI,Jakub,"KREJCI, Jakub",2023-07-22,Euros Junior & U23,Bratislava,Heats1,MK1,CZE,,21,48,82.58,50,50,132.58,132.58,0,0,0,0,0,0,0,0,0,0,0,0,0,0,0,0,0,0,0,50,0,0,0,0,-,-,-
b304e8257900960344e65859c6f8fe74,2026-02-03 15:46:16,Jakub KREJCI,Jakub KREJCI,KREJCI,Jakub,"KREJCI, Jakub",2023-07-02,Euros European Games,Krakow,Semi,MK1,CZE,,21,2,89.53,0,0,89.53,89.53,0,0,0,0,0,0,0,0,0,0,0,0,0,0,0,0,0,0,0,0,0,-,-,-,-,-,-
99b760506ecd58ec620936c1d3690793,2026-02-03 15:46:16,Jakub KREJCI,Jakub KREJCI,KREJCI,Jakub,"KREJCI, Jakub",2023-07-02,Euros European Games,Krakow,Final,MK1,CZE,,21,7,92.38,2,2,94.38,94.38,0,0,0,0,0,0,0,0,0,0,0,0,0,2,0,0,0,0,0,0,0,-,-,-,-,-,-
a0defff48f3b80e886570e5de944f918,2026-02-03 15:46:16,Jakub KREJCI,Jakub KREJCI,KREJCI,Jakub,"KREJCI, Jakub",2023-06-30,Euros European Games,Krakow,Heats2,MK1,CZE,,21,5,87.13,2,2,89.13,89.13,0,0,0,0,0,0,0,0,0,0,2,0,0,0,0,0,0,0,0,0,0,-,-,-,-,-,-
ab81ccc8e1c6ef91eeecd7cfadd81b4f,2026-02-03 15:46:16,Jakub KREJCI,Jakub KREJCI,KREJCI,Jakub,"KREJCI, Jakub",2023-06-30,Euros European Games,Krakow,Heats1,MK1,CZE,,21,36,85.82,6,6,91.82,91.82,2,0,0,0,0,0,0,0,0,0,0,0,0,2,0,0,0,2,0,0,0,-,-,-,-,-,-
fc922b7ab369e847bdf38d7eec5bbc3f,2026-02-03 15:46:16,Jakub KREJCI,Jakub KREJCI,KREJCI,Jakub,"KREJCI, Jakub",2023-06-16,World Cup #3,Tacen,Semi,MK1,CZE,,21,30,95.7,4,4,99.7,99.7,0,0,0,0,0,0,0,0,0,0,0,0,0,0,0,2,0,2,0,0,0,0,0,-,-,-,-
6d5feab6063499652f17609f29f4dde1,2026-02-03 15:46:16,Jakub KREJCI,Jakub KREJCI,KREJCI,Jakub,"KREJCI, Jakub",2023-06-15,World Cup #3,Tacen,Heats1,MK1,CZE,,21,2,86.3,0,0,86.3,86.3,0,0,0,0,0,0,0,0,0,0,0,0,0,0,0,0,0,0,0,0,0,0,0,-,-,-,-
5900af9d8bb3882025322e28a1239dbd,2026-02-03 15:46:16,Jakub KREJCI,Jakub KREJCI,KREJCI,Jakub,"KREJCI, Jakub",2023-06-09,World Cup #2,Prague,Semi,MK1,CZE,,21,4,92.74,0,0,92.74,92.74,0,0,0,0,0,0,0,0,0,0,0,0,0,0,0,0,0,0,0,0,0,0,0,0,-,-,-
5d6c19c0ed0206e456a4e74179cdc05f,2026-02-03 15:46:16,Jakub KREJCI,Jakub KREJCI,KREJCI,Jakub,"KREJCI, Jakub",2023-06-09,World Cup #2,Prague,Final,MK1,CZE,,21,7,92.5,2,2,94.5,94.5,0,0,0,0,0,0,0,2,0,0,0,0,0,0,0,0,0,0,0,0,0,0,0,0,-,-,-
404a9a11c53870010517a4a703b02293,2026-02-03 15:46:16,Jakub KREJCI,Jakub KREJCI,KREJCI,Jakub,"KREJCI, Jakub",2023-06-08,World Cup #2,Prague,Heats1,MK1,CZE,,21,6,85.2,0,0,85.2,85.2,0,0,0,0,0,0,0,0,0,0,0,0,0,0,0,0,0,0,0,0,0,0,0,0,-,-,-
3f0a7255d95567ad1b0700d040703c63,2026-02-03 15:46:16,Jakub KREJCI,Jakub KREJCI,KREJCI,Jakub,"KREJCI, Jakub",2023-06-02,World Cup #1,Augsburg,Semi,MK1,CZE,,21,5,92.23,2,2,94.23,94.23,0,2,0,0,0,0,0,0,0,0,-,-,-,-,-,-,-,-,-,-,-,-,-,-,-,-,-
c4777e44f4aa0288260f9b2b6888c971,2026-02-03 15:46:16,Jakub KREJCI,Jakub KREJCI,KREJCI,Jakub,"KREJCI, Jakub",2023-06-02,World Cup #1,Augsburg,Final,MK1,CZE,,21,6,93.5,2,2,95.5,95.5,0,0,0,0,0,0,0,0,0,0,-,-,-,-,-,-,-,-,-,-,-,-,-,-,-,-,-
bd733cb501d3a86ac43272f66f9bd63f,2026-02-03 15:46:16,Jakub KREJCI,Jakub KREJCI,KREJCI,Jakub,"KREJCI, Jakub",2023-06-01,World Cup #1,Augsburg,Heats1,MK1,CZE,,21,14,89.83,2,2,91.83,91.83,0,0,0,0,0,0,0,0,0,2,0,0,0,0,0,0,0,0,0,0,0,0,0,-,-,-,-
70ff0db82d3584f37eedce56bb1e4cf8,2026-02-03 15:46:16,Jakub KREJCI,Jakub KREJCI,KREJCI,Jakub,"KREJCI, Jakub",2023-03-26,Pyrenees Cup ,La Seu,Semi,MK1,CZE,,21,9,91.57,4,4,95.57,95.57,0,0,0,0,0,0,0,0,0,0,0,0,0,0,2,0,0,0,2,0,0,-,-,-,-,-,-
bd81ad14c3af693c9fbfeb07413323fa,2026-02-03 15:46:16,Jakub KREJCI,Jakub KREJCI,KREJCI,Jakub,"KREJCI, Jakub",2023-03-26,Pyrenees Cup ,La Seu,Final,MK1,CZE,,21,4,90.63,2,2,92.63,92.63,0,0,0,0,0,0,0,0,0,0,0,0,0,0,2,0,0,0,0,0,0,-,-,-,-,-,-
a1c3e91b6c2d633688c5cf8ce54b5d79,2026-02-03 15:46:16,Jakub KREJCI,Jakub KREJCI,KREJCI,Jakub,"KREJCI, Jakub",2023-03-25,Pyrenees Cup ,La Seu,Heats1,MK1,CZE,,21,3,87.33,0,0,87.33,87.33,0,0,0,0,0,0,0,0,0,0,0,0,0,0,0,0,0,0,0,0,0,-,-,-,-,-,-
02b24529260edba64a4aa145a3ee1437,2026-02-03 15:46:02,Jakub KREJCI,Jakub KREJCI,KREJCI,Jakub,"KREJCI, Jakub",2022-09-18,ICF World ranking ,Lee Valley,Semi,MK1,CZE,,20,10,98.28,0,0,98.28,98.28,0,0,0,0,0,0,0,0,0,0,0,0,0,0,0,0,0,0,0,0,0,0,-,-,-,-,-
ed14ae0b9588c3ff48d378f73210a708,2026-02-03 15:46:02,Jakub KREJCI,Jakub KREJCI,KREJCI,Jakub,"KREJCI, Jakub",2022-09-18,ICF World ranking ,Lee Valley,Final,MK1,CZE,,20,7,101.45,2,2,103.45,103.45,0,0,0,0,0,0,0,0,0,0,0,0,0,0,0,0,0,0,0,0,0,0,-,-,-,-,-
1339d3f054e28eda65db5ae21b23bad2,2026-02-03 15:46:02,Jakub KREJCI,Jakub KREJCI,KREJCI,Jakub,"KREJCI, Jakub",2022-09-17,ICF World ranking ,Lee Valley,Heats1,MK1,CZE,,20,9,99.73,0,0,99.73,99.73,0,0,0,0,0,0,0,0,0,0,0,0,0,0,0,0,0,0,0,0,0,0,-,-,-,-,-
d5968b79613f4295dc870b9b116f8086,2026-02-03 15:46:02,Jakub KREJCI,Jakub KREJCI,KREJCI,Jakub,"KREJCI, Jakub",2022-08-21,Euros U23/junior,Ceske Budejovice,Semi,MK1,CZE,,20,1,78.67,0,0,78.67,78.67,0,0,0,0,0,0,0,0,0,0,0,0,0,0,0,0,0,0,0,0,0,0,-,-,-,-,-
a7292d3e19bf76c2cff6c9417b1b0cb5,2026-02-03 15:46:02,Jakub KREJCI,Jakub KREJCI,KREJCI,Jakub,"KREJCI, Jakub",2022-08-21,Euros U23/junior,Ceske Budejovice,Final,MK1,CZE,,20,1,79.05,0,0,79.05,79.05,0,0,0,0,0,0,0,0,0,0,0,0,0,0,0,0,0,0,0,0,0,0,-,-,-,-,-
86f81fc3304ed3f5e6f1f488b657a094,2026-02-03 15:46:02,Jakub KREJCI,Jakub KREJCI,KREJCI,Jakub,"KREJCI, Jakub",2022-08-19,Euros U23/junior,Ceske Budejovice,Heats1,MK1,CZE,,20,1,83.26,0,0,83.26,83.26,0,0,0,0,0,0,0,0,0,0,0,0,0,0,0,0,0,0,0,0,0,0,-,-,-,-,-
9912070ffa2af025a8d7b8215fc4788a,2026-02-03 15:46:02,Jakub KREJCI,Jakub KREJCI,KREJCI,Jakub,"KREJCI, Jakub",2022-07-10,World Championships U23/junior,Ivrea,Final,MK1,CZE,,20,10,83.07,58,58,141.07,141.07,0,0,0,0,0,0,0,0,0,0,0,0,0,0,0,0,0,0,0,0,0,0,-,-,-,-,-
b497defa7f9feb0af2d1f56d928a39fb,2026-02-03 15:46:02,Jakub KREJCI,Jakub KREJCI,KREJCI,Jakub,"KREJCI, Jakub",2022-07-10,World Championships U23/junior,Ivrea,Semi,MK1,CZE,,20,2,81.78,0,0,81.78,81.78,0,0,0,0,0,0,0,0,0,0,0,0,0,0,0,0,0,0,0,0,0,0,-,-,-,-,-
e353b88fc96e1374790930c12c364bb4,2026-02-03 15:46:02,Jakub KREJCI,Jakub KREJCI,KREJCI,Jakub,"KREJCI, Jakub",2022-07-08,World Championships U23/junior,Ivrea,Heats1,MK1,CZE,,20,4,75.81,0,0,75.81,75.81,0,0,0,0,0,0,0,0,0,0,0,0,0,0,0,0,0,0,0,0,0,0,-,-,-,-,-
4da3981f978d18423717803e73e3cdb0,2026-02-03 15:46:02,Jakub KREJCI,Jakub KREJCI,KREJCI,Jakub,"KREJCI, Jakub",2022-06-05,ICF World ranking ,Augsburg,Semi,MK1,CZE,,20,13,106.69,0,0,106.69,106.69,0,0,0,0,0,0,0,0,0,0,0,0,0,0,0,0,0,0,0,0,0,0,-,-,-,-,-
d93aeb0652e36acd79c29df73a1c14dd,2026-02-03 15:46:02,Jakub KREJCI,Jakub KREJCI,KREJCI,Jakub,"KREJCI, Jakub",2022-06-04,ICF World ranking ,Augsburg,Heats1,MK1,CZE,,20,40,91.72,6,6,97.72,97.72,0,0,0,0,0,0,0,0,0,0,0,0,0,0,0,0,0,0,0,0,0,0,-,-,-,-,-
f0dccdb4719cbbcd660e6e9bd6eb3715,2026-02-03 15:46:02,Jakub KREJCI,Jakub KREJCI,KREJCI,Jakub,"KREJCI, Jakub",2022-06-04,ICF World ranking ,Augsburg,Heats2,MK1,CZE,,20,1,91.33,0,0,91.33,91.33,0,0,0,0,0,0,0,0,0,0,0,0,0,0,0,0,0,0,0,0,0,0,-,-,-,-,-
df99f4cc30bf9fa46f725a17a982ba0a,2026-02-03 15:45:53,Jakub KREJCI,Jakub KREJCI,KREJCI,Jakub,"KREJCI, Jakub",2021-09-10,World Cup ,Pau,Heats1,MK1,CZE,,19,31,100.21,0,0,100.21,100.21,0,0,0,0,0,0,0,0,0,0,0,0,0,0,0,0,0,0,0,0,0,0,-,-,-,-,-
586ae7f0795f63c1f547fa05542ed536,2026-02-03 15:45:53,Jakub KREJCI,Jakub KREJCI,KREJCI,Jakub,"KREJCI, Jakub",2021-09-10,World Cup ,Pau,Heats2,MK1,CZE,,19,30,94.79,56,56,150.79,150.79,0,0,0,0,0,0,0,0,0,0,0,0,0,0,0,0,0,0,0,0,0,0,-,-,-,-,-
5c44222593b913f906615f34910aeb0a,2026-02-03 15:45:53,Jakub KREJCI,Jakub KREJCI,KREJCI,Jakub,"KREJCI, Jakub",2021-09-05,World Cup ,La Seu,Semi,MK1,CZE,,19,38,87.76,52,52,139.76,139.76,0,0,0,0,0,0,0,0,0,0,0,0,0,0,0,0,0,0,0,0,0,0,-,-,-,-,-
b8bef90e31a61b0843c0216f72fcf69b,2026-02-03 15:45:53,Jakub KREJCI,Jakub KREJCI,KREJCI,Jakub,"KREJCI, Jakub",2021-09-03,World Cup ,La Seu,Heats1,MK1,CZE,,19,18,90.88,0,0,90.88,90.88,0,0,0,0,0,0,0,0,0,0,0,0,0,0,0,0,0,0,0,0,0,0,-,-,-,-,-
27dbd00ec437b6824aaabc9120d87af5,2026-02-03 15:45:53,Jakub KREJCI,Jakub KREJCI,KREJCI,Jakub,"KREJCI, Jakub",2021-08-22,Euros ,Solkan,Semi,MK1,CZE,,19,11,91.33,2,2,93.33,93.33,0,0,0,0,0,0,0,0,0,0,0,0,0,0,0,0,0,0,0,0,0,0,-,-,-,-,-
b13fb978e0000daab732cf71ac5f8b50,2026-02-03 15:45:53,Jakub KREJCI,Jakub KREJCI,KREJCI,Jakub,"KREJCI, Jakub",2021-08-22,Euros ,Solkan,Final,MK1,CZE,,19,1,88.47,0,0,88.47,88.47,0,0,0,0,0,0,0,0,0,0,0,0,0,0,0,0,0,0,0,0,0,0,-,-,-,-,-
59543acc7c6680b6446e98cc487e3652,2026-02-03 15:45:53,Jakub KREJCI,Jakub KREJCI,KREJCI,Jakub,"KREJCI, Jakub",2021-08-20,Euros ,Solkan,Heats1,MK1,CZE,,19,9,97.63,0,0,97.63,97.63,0,0,0,0,0,0,0,0,0,0,0,0,0,0,0,0,0,0,0,0,0,0,-,-,-,-,-
dfd65b8cbdef3d5bd829566457aee14d,2026-02-03 15:45:53,Jakub KREJCI,Jakub KREJCI,KREJCI,Jakub,"KREJCI, Jakub",2021-07-11,World Championships U23,Tacen,Semi,MK1,CZE,,19,3,83.87,0,0,83.87,83.87,0,0,0,0,0,0,0,0,0,0,0,0,0,0,0,0,0,0,0,0,0,0,-,-,-,-,-
33fe460d13c9451fb2c15381293b029c,2026-02-03 15:45:53,Jakub KREJCI,Jakub KREJCI,KREJCI,Jakub,"KREJCI, Jakub",2021-07-11,World Championships U23,Tacen,Final,MK1,CZE,,19,1,81.89,0,0,81.89,81.89,0,0,0,0,0,0,0,0,0,0,0,0,0,0,0,0,0,0,0,0,0,0,-,-,-,-,-
bf4077574a9957d721705ce882a4191e,2026-02-03 15:45:53,Jakub KREJCI,Jakub KREJCI,KREJCI,Jakub,"KREJCI, Jakub",2021-07-09,World Championships U23,Tacen,Heats1,MK1,CZE,,19,4,72,0,0,72,72,0,0,0,0,0,0,0,0,0,0,0,0,0,0,0,0,0,0,0,0,0,-,-,-,-,-,-
96f57435b1f62f9150873b0f945a41d1,2026-02-03 15:45:45,Jakub KREJCI,Jakub KREJCI,KREJCI,Jakub,"KREJCI, Jakub",2020-10-18,World Cup ,Tacen,Semi,MK1,CZE,,18,4,74.26,0,0,74.26,74.26,0,0,0,0,0,0,0,0,0,0,0,0,0,0,0,0,0,0,0,0,0,0,-,-,-,-,-
20f5adfcb8c3a617b0d449e4cde58b2f,2026-02-03 15:45:45,Jakub KREJCI,Jakub KREJCI,KREJCI,Jakub,"KREJCI, Jakub",2020-10-18,World Cup ,Tacen,Final,MK1,CZE,,18,6,75.96,0,0,75.96,75.96,0,0,0,0,0,0,0,0,0,0,0,0,0,0,0,0,0,0,0,0,0,0,-,-,-,-,-
3c02db899d079842fa6ab502a379d19d,2026-02-03 15:45:45,Jakub KREJCI,Jakub KREJCI,KREJCI,Jakub,"KREJCI, Jakub",2020-10-16,World Cup ,Tacen,Heats1,MK1,CZE,,18,18,82.94,0,0,82.94,82.94,0,0,0,0,0,0,0,0,0,0,0,0,0,0,0,0,0,0,0,0,0,0,-,-,-,-,-
90b0347d3c7366da82eac3e4d5101e48,2026-02-03 15:45:45,Jakub KREJCI,Jakub KREJCI,KREJCI,Jakub,"KREJCI, Jakub",2020-10-04,Euros Junior,Krakow,Semi,MK1,CZE,,18,1,91.75,2,2,93.75,93.75,0,0,0,0,0,0,0,0,0,0,0,0,0,0,0,0,0,0,0,0,-,-,-,-,-,-,-
81efb3eb29dc218dbe8b48ec6f8b9802,2026-02-03 15:45:45,Jakub KREJCI,Jakub KREJCI,KREJCI,Jakub,"KREJCI, Jakub",2020-10-04,Euros Junior,Krakow,Final,MK1,CZE,,18,3,92.57,6,6,98.57,98.57,0,0,0,0,0,0,0,0,0,0,0,0,0,0,0,0,0,0,0,0,-,-,-,-,-,-,-
c03607c40c8f74ba130b88f7fda0e5e5,2026-02-03 15:45:45,Jakub KREJCI,Jakub KREJCI,KREJCI,Jakub,"KREJCI, Jakub",2020-10-02,Euros Junior,Krakow,Heats1,MK1,CZE,,18,2,93.66,0,0,93.66,93.66,0,0,0,0,0,0,0,0,0,0,0,0,0,0,0,0,0,0,0,0,-,-,-,-,-,-,-
daebdb42ff00fe20ccbda28802afc10a,2026-02-03 15:45:45,Jakub KREJCI,Jakub KREJCI,KREJCI,Jakub,"KREJCI, Jakub",2020-02-23,Australian Open ,Penrith,Semi,MK1,CZE,,18,35,95.54,50,50,145.54,145.54,0,0,0,0,0,0,0,0,0,0,0,0,0,0,0,0,0,0,0,0,0,0,0,-,-,-,-
26c509849a3966539429eed0dfb95ab0,2026-02-03 15:45:45,Jakub KREJCI,Jakub KREJCI,KREJCI,Jakub,"KREJCI, Jakub",2020-02-21,Australian Open ,Penrith,Heats1,MK1,CZE,,18,18,92.6,0,0,92.6,92.6,0,0,0,0,0,0,0,0,0,0,0,0,0,0,0,0,0,0,0,0,0,0,-,-,-,-,-
35eaf22fea196eee2367bacf5d702876,2026-02-03 15:45:39,Jakub KREJCI,Jakub KREJCI,KREJCI,Jakub,"KREJCI, Jakub",2019-08-10,Slovak Open ,Bratislava,Heats1,MK1,CZE,,17,17,92.21,2,2,94.21,94.21,0,0,0,0,0,0,0,0,0,0,0,0,0,0,0,0,0,0,0,0,0,-,-,-,-,-,-
9da82132b06032daa05d2fb86420865c,2026-02-03 15:45:39,Jakub KREJCI,Jakub KREJCI,KREJCI,Jakub,"KREJCI, Jakub",2019-08-10,Slovak Open ,Bratislava,Semi,MK1,CZE,,17,4,98.57,2,2,100.57,100.57,0,0,0,0,0,0,0,0,0,0,0,0,0,0,0,0,0,0,0,0,0,-,-,-,-,-,-
08d4623a0aa3c297c0a87ac9f5e0a0a4,2026-02-03 15:45:39,Jakub KREJCI,Jakub KREJCI,KREJCI,Jakub,"KREJCI, Jakub",2019-08-10,Slovak Open ,Bratislava,Final,MK1,CZE,,17,2,99.55,0,0,99.55,99.55,0,0,0,0,0,0,0,0,0,0,0,0,0,0,0,0,0,0,0,0,0,-,-,-,-,-,-
51c9a0e7a040aad59e76a0a64fa0142d,2026-02-03 15:45:39,Jakub KREJCI,Jakub KREJCI,KREJCI,Jakub,"KREJCI, Jakub",2019-08-04,ICF World ranking ,Prague,Semi,MK1,CZE,,17,22,93.65,6,6,99.65,99.65,0,0,0,0,0,0,0,0,0,0,0,0,0,0,0,0,0,0,0,0,0,0,0,-,-,-,-
618132f1f2231fb6929836c31ca75719,2026-02-03 15:45:39,Jakub KREJCI,Jakub KREJCI,KREJCI,Jakub,"KREJCI, Jakub",2019-08-03,ICF World ranking ,Prague,Heats1,MK1,CZE,,17,9,81.31,0,0,81.31,81.31,0,0,0,0,0,0,0,0,0,0,0,0,0,0,0,0,0,0,0,0,0,0,0,-,-,-,-
e0150fea75cfdb0086353727987201ae,2026-02-03 15:45:39,Jakub KREJCI,Jakub KREJCI,KREJCI,Jakub,"KREJCI, Jakub",2019-07-21,World Championships Junior,Krakow,Final,MK1,CZE,,17,2,85.42,0,0,85.42,85.42,0,0,0,0,0,0,0,0,0,0,0,0,0,0,0,0,0,0,0,0,-,-,-,-,-,-,-
a626e0e6c1194a1a23ccbae08d2e3a35,2026-02-03 15:45:39,Jakub KREJCI,Jakub KREJCI,KREJCI,Jakub,"KREJCI, Jakub",2019-07-21,World Championships Junior,Krakow,Semi,MK1,CZE,,17,2,87.13,2,2,89.13,89.13,0,0,0,0,0,0,0,0,0,0,0,0,0,0,0,0,0,0,0,0,-,-,-,-,-,-,-
b29b016aa555ce9207db671f6838ead0,2026-02-03 15:45:39,Jakub KREJCI,Jakub KREJCI,KREJCI,Jakub,"KREJCI, Jakub",2019-07-19,World Championships Junior,Krakow,Heats1,MK1,CZE,,17,11,94.57,4,4,98.57,98.57,0,0,0,0,0,0,0,0,0,0,0,0,0,0,0,0,0,0,0,0,-,-,-,-,-,-,-
355b85cd0060a595ffa5c0df5e3d3623,2026-02-03 15:45:39,Jakub KREJCI,Jakub KREJCI,KREJCI,Jakub,"KREJCI, Jakub",2019-07-07,Euros Junior,Liptovsky Mikulas,Semi,MK1,CZE,,17,6,93.11,4,4,97.11,97.11,0,0,0,0,0,0,0,0,0,0,0,0,0,0,0,0,0,0,0,0,0,0,-,-,-,-,-
1bf9e0e9185812ce75ff592dee24a69b,2026-02-03 15:45:39,Jakub KREJCI,Jakub KREJCI,KREJCI,Jakub,"KREJCI, Jakub",2019-07-07,Euros Junior,Liptovsky Mikulas,Final,MK1,CZE,,17,12,91.81,50,50,141.81,141.81,0,0,0,0,0,0,0,0,0,0,0,0,0,0,0,0,0,0,0,0,0,0,-,-,-,-,-
d9fe402288bcc609b8cf58d511cf7ea2,2026-02-03 15:45:39,Jakub KREJCI,Jakub KREJCI,KREJCI,Jakub,"KREJCI, Jakub",2019-07-05,Euros Junior,Liptovsky Mikulas,Heats1,MK1,CZE,,17,1,88.47,0,0,88.47,88.47,0,0,0,0,0,0,0,0,0,0,0,0,0,0,0,0,0,0,0,0,0,0,0,-,-,-,-
d5092a247fd0b283fb366670cf6c3e92,2026-02-03 15:45:39,Jakub KREJCI,Jakub KREJCI,KREJCI,Jakub,"KREJCI, Jakub",2019-03-31,None,Solkan,Semi,MK1,CZE,,17,11,87.45,0,0,87.45,87.45,0,0,0,0,0,0,0,0,0,0,0,0,0,0,0,0,0,0,0,-,-,-,-,-,-,-,-
ff319d472625246abe2c4b9e5a562678,2026-02-03 15:45:39,Jakub KREJCI,Jakub KREJCI,KREJCI,Jakub,"KREJCI, Jakub",2019-03-30,None,Solkan,Heats1,MK1,CZE,,17,4,81.6,0,0,None,,0,0,0,0,0,0,0,0,0,0,0,0,0,0,0,0,0,0,0,-,-,-,-,-,-,-,-
386c044b78ea54de6f17fe0be8a912a4,2026-02-03 15:45:39,Jakub KREJCI,Jakub KREJCI,KREJCI,Jakub,"KREJCI, Jakub",2019-02-15,None,Penrith,Heats1,MK1,CZE,,17,32,97.08,0,0,None,,0,0,0,0,0,0,0,0,0,0,0,0,0,0,0,0,0,0,0,0,-,-,-,-,-,-,-
22722850cf9db0ddd79f12a3e76f4708,2026-02-03 15:45:39,Jakub KREJCI,Jakub KREJCI,KREJCI,Jakub,"KREJCI, Jakub",2019-02-15,None,Penrith,Heats2,MK1,CZE,,17,73,99.95,102,102,None,,0,0,0,0,0,0,0,0,0,0,0,0,0,0,0,0,0,0,0,0,-,-,-,-,-,-,-
aada83f83131fb8c4d06e3c477569d00,2026-02-03 15:45:29,Jakub KREJCI,Jakub KREJCI,KREJCI,Jakub,"KREJCI, Jakub",2018-08-19,None,Bratislava,Semi,MK1,CZE,,16,7,91.03,0,0,None,,0,0,0,0,0,0,0,0,0,0,0,0,0,0,0,0,0,0,0,0,0,-,-,-,-,-,-
e41473b84d7097e47a00b5bee758b43a,2026-02-03 15:45:29,Jakub KREJCI,Jakub KREJCI,KREJCI,Jakub,"KREJCI, Jakub",2018-08-19,None,Bratislava,Final,MK1,CZE,,16,10,91.78,4,4,None,,0,0,0,0,0,0,0,0,0,0,0,0,0,0,0,0,0,0,0,0,0,-,-,-,-,-,-
0a760991a8c13885ed59bbaddadfdaac,2026-02-03 15:45:29,Jakub KREJCI,Jakub KREJCI,KREJCI,Jakub,"KREJCI, Jakub",2018-08-17,None,Bratislava,Heats1,MK1,CZE,,16,3,88.55,2,2,None,,0,0,0,0,0,0,0,0,0,0,0,0,0,0,0,0,0,0,0,0,0,-,-,-,-,-,-
17e89c014f873b54910c43b1439abb37,2026-02-03 15:45:29,Jakub KREJCI,Jakub KREJCI,KREJCI,Jakub,"KREJCI, Jakub",2018-07-21,None,Ivrea,Semi,MK1,CZE,,16,12,81.43,4,4,None,,0,0,0,0,0,0,0,0,0,0,0,0,0,0,0,0,0,0,0,0,0,0,0,0,0,-,-
62e68a284df4a2966934aa509e874169,2026-02-03 15:45:29,Jakub KREJCI,Jakub KREJCI,KREJCI,Jakub,"KREJCI, Jakub",2018-07-20,None,Ivrea,Heats1,MK1,CZE,,16,6,84.36,0,0,None,,0,0,0,0,0,0,0,0,0,0,0,0,0,0,0,0,0,0,0,0,0,0,0,0,0,-,-
1c7137d6b4deef42d2fb7455deca563b,2026-09-24 20:00:38,David LLORENTE,David LLORENTE,LLORENTE,David,"LLORENTE, David",2026-09-22,Euros ,Ivrea,Heats1,MK1,ESP,22,30,2,77.29,0,0,None,,0,0,0,0,0,0,0,0,0,0,0,0,0,0,0,0,0,0,0,0,0,0,-,-,-,-,-
e52504b8f9cb910473270e974131d100,2026-09-11 20:00:36,David LLORENTE,David LLORENTE,LLORENTE,David,"LLORENTE, David",2026-09-11,World Cup Final,La Seu,Heats1,MK1,ESP,28,30,33,88.74,4,4,None,,0,0,0,0,2,0,0,0,0,0,0,0,0,0,0,0,0,0,0,2,0,0,0,-,-,-,-
eb0a4209e343297c132eef9d4a642071,2026-09-10 20:00:41,David LLORENTE,David LLORENTE,LLORENTE,David,"LLORENTE, David",2026-09-04,World Cup #4,Vaires,Heats1,MK1,ESP,28,30,17,95.1,2,2,None,,0,0,0,0,0,0,0,0,0,2,0,0,0,0,0,0,0,0,0,0,0,0,-,-,-,-,-
ed04a35f49e3b7ed8918f39f7c32b874,2026-07-26 20:00:31,David LLORENTE,David LLORENTE,LLORENTE,David,"LLORENTE, David",2026-07-21,World Championships ,Oklahoma,Heats1,MK1,ESP,27,30,33,83.07,2,2,None,,0,0,0,2,0,0,0,0,0,0,0,0,0,0,0,0,0,0,0,0,0,0,-,-,-,-,-
7ea8bab3266af40b97187bcde8cb33aa,2026-06-17 01:18:14,David LLORENTE,David LLORENTE,LLORENTE,David,"LLORENTE, David",2026-06-12,World Cup #3,Augsburg,Heats1,MK1,ESP,25,30,75,94.81,156,156,None,,2,0,0,0,0,0,0,50,50,50,2,0,0,0,0,0,0,0,0,0,0,0,-,-,-,-,-
16ee379c8c459bd229b98222c503b3d4,2026-06-09 06:48:07,David LLORENTE,David LLORENTE,LLORENTE,David,"LLORENTE, David",2026-06-05,World Cup #2,Prague,Final,MK1,ESP,29,30,7,102.9,4,4,None,,0,0,0,0,0,0,0,0,0,0,0,0,0,0,0,0,0,0,0,0,0,0,-,-,-,-,-
120c493ca14ce9c86a70bc5f849862fe,2026-06-09 06:48:07,David LLORENTE,David LLORENTE,LLORENTE,David,"LLORENTE, David",2026-06-05,World Cup #2,Prague,Heats1,MK1,ESP,29,30,4,100.44,0,0,None,,0,0,0,0,0,0,0,0,0,0,0,0,0,0,0,0,0,0,0,0,0,0,-,-,-,-,-
9b49a50bf6e0c0c3db1ab5aeac451c6d,2026-06-09 06:48:07,David LLORENTE,David LLORENTE,LLORENTE,David,"LLORENTE, David",2026-05-29,World Cup #1,Tacen,Heats1,MK1,ESP,24,30,45,85.75,8,8,None,,2,0,0,0,0,0,0,0,0,0,2,0,2,0,0,0,0,0,0,0,0,0,-,-,-,-,-
10a40c47259c60d7f0652ecc490cd11b,2026-04-02 14:26:24,David LLORENTE,David LLORENTE,LLORENTE,David,"LLORENTE, David",2026-03-30,ICF World ranking ,Oklahoma,FinalB,MK1,ESP,,30,,0,0,0,None,,0,0,0,0,0,0,0,0,0,0,0,0,0,0,0,0,0,0,0,0,0,0,0,0,0,-,-
506622db253a8f3ab88820af8337b786,2026-06-09 20:00:28,David LLORENTE,David LLORENTE,LLORENTE,David,"LLORENTE, David",2026-03-28,ICF World ranking ,Oklahoma,FinalB,MK1,ESP,,30,,0,0,0,None,,0,0,0,0,0,0,0,0,0,0,0,0,0,0,0,0,0,0,0,0,0,0,0,0,0,-,-
4dec40829167c7853223376b43b4dc0b,2026-06-09 20:00:28,David LLORENTE,David LLORENTE,LLORENTE,David,"LLORENTE, David",2026-03-28,ICF World ranking ,Oklahoma,Heats1,MK1,ESP,,30,70,70.41,500,500,None,,0,0,0,0,0,0,0,50,0,0,0,0,0,0,50,50,50,50,50,50,50,50,50,-,-,-,-
756b51191c927e0803e7e58aa0ca5e07,2026-06-09 20:00:28,David LLORENTE,David LLORENTE,LLORENTE,David,"LLORENTE, David",2026-03-14,Pyrenees Cup ,Pau,Heats1,MK1,ESP,,30,24,89.29,2,2,None,,0,0,0,0,0,0,0,0,0,0,0,0,0,0,0,0,0,0,0,0,0,0,-,-,-,-,-
e34103c0e94a033ee21069d7e3e97a69,2026-04-02 14:26:24,David LLORENTE,David LLORENTE,LLORENTE,David,"LLORENTE, David",2026-03-07,Pyrenees Cup ,La Seu,Final,MK1,ESP,,30,1,79.04,0,0,None,,0,0,0,0,0,0,0,0,0,0,0,0,0,0,0,0,0,0,0,0,0,0,-,-,-,-,-
087f69dff0061c9f500c7847d58fa189,2026-04-02 14:26:24,David LLORENTE,David LLORENTE,LLORENTE,David,"LLORENTE, David",2026-03-07,Pyrenees Cup ,La Seu,Heats1,MK1,ESP,,30,5,81.82,0,0,None,,0,0,0,0,0,0,0,0,0,0,0,0,0,0,0,0,0,0,0,0,0,0,-,-,-,-,-
273ff94d05519e71b6dd3a9923c038cf,2026-04-02 14:26:24,David LLORENTE,David LLORENTE,LLORENTE,David,"LLORENTE, David",2026-02-17,ICF World ranking ,Oklahoma,Heats1,MK1,ESP,,30,70,70.41,500,500,None,,0,0,0,0,0,0,0,50,0,0,0,0,0,0,50,50,50,50,50,50,50,50,50,-,-,-,-
bd316efa4ae4174bc90f79127675cfb7,2026-04-02 14:26:24,David LLORENTE,David LLORENTE,LLORENTE,David,"LLORENTE, David",2026-02-17,Pyrenees Cup ,Pau,Heats1,MK1,ESP,,30,24,89.29,2,2,None,,0,0,0,0,0,0,0,0,0,0,0,0,0,0,0,0,0,0,0,0,0,0,-,-,-,-,-
8ad3bdc9980dc7251f19ade7290b9086,2026-06-05 06:58:25,David LLORENTE,David LLORENTE,LLORENTE,David,"LLORENTE, David",2026-02-17,World Cup #1,Tacen,Heats1,MK1,ESP,24,30,45,85.75,8,8,None,,2,0,0,0,0,0,0,0,0,0,2,0,2,0,0,0,0,0,0,0,0,0,-,-,-,-,-
1edbbe27ee4095b813d377508393a64d,2026-03-08 22:10:18,David LLORENTE,David LLORENTE,LLORENTE,David,"LLORENTE, David",2026-02-17,None,La Seu,Heats1,MK1,ESP,,30,5,81.82,0,0,None,,0,0,0,0,0,0,0,0,0,0,0,0,0,0,0,0,0,0,0,0,0,0,-,-,-,-,-
1abc3f3a62baa76247b8b379fda4a87d,2026-06-08 09:55:50,David LLORENTE,David LLORENTE,LLORENTE,David,"LLORENTE, David",2026-02-17,World Cup #2,Prague,Heats1,MK1,ESP,29,30,4,100.44,0,0,None,,0,0,0,0,0,0,0,0,0,0,0,0,0,0,0,0,0,0,0,0,0,0,-,-,-,-,-
4690a060a4ac2d861d99f7bed897e535,2026-06-08 09:55:50,David LLORENTE,David LLORENTE,LLORENTE,David,"LLORENTE, David",2026-02-17,World Cup #2,Prague,Final,MK1,ESP,29,30,7,102.9,4,4,None,,0,0,0,0,0,0,0,0,0,0,0,0,0,0,0,0,0,0,0,0,0,0,-,-,-,-,-
958119a39cc2ed0c2ed327709301d1fd,2026-03-08 22:10:18,David LLORENTE,David LLORENTE,LLORENTE,David,"LLORENTE, David",2026-02-17,None,La Seu,Final,MK1,ESP,,30,1,79.04,0,0,None,,0,0,0,0,0,0,0,0,0,0,0,0,0,0,0,0,0,0,0,0,0,0,-,-,-,-,-
d571e81f0a9e97e2459a2631c8d4faa0,2026-04-02 14:26:24,David LLORENTE,David LLORENTE,LLORENTE,David,"LLORENTE, David",2026-02-08,ICF World ranking ,Ile de la Reunion,Final,MK1,ESP,,30,8,95.55,6,6,None,,0,0,0,0,0,0,0,0,0,0,0,0,0,0,0,0,0,0,0,0,0,0,-,-,-,-,-
1e1a83d85713ec77e3a3c86154589898,2026-04-02 14:26:24,David LLORENTE,David LLORENTE,LLORENTE,David,"LLORENTE, David",2026-02-08,ICF World ranking ,Ile de la Reunion,Heats1,MK1,ESP,,30,2,95.88,0,0,None,,0,0,0,0,0,0,0,0,0,0,0,0,0,0,0,0,0,0,0,0,0,0,-,-,-,-,-
bcbd89806248467c99910b1e410c581b,2026-02-24 11:16:55,David LLORENTE,David LLORENTE,LLORENTE,David,"LLORENTE, David",2026-02-08,None,Ile de la Reunion,Final,MK1,ESP,,30,8,95.55,6,6,None,,0,0,0,0,0,0,0,0,0,0,0,0,0,0,0,0,0,0,0,0,0,0,-,-,-,-,-
350d352540f03326b1b04fad07febbdc,2026-02-24 11:16:55,David LLORENTE,David LLORENTE,LLORENTE,David,"LLORENTE, David",2026-02-08,None,Ile de la Reunion,Heats1,MK1,ESP,,30,2,95.88,0,0,None,,0,0,0,0,0,0,0,0,0,0,0,0,0,0,0,0,0,0,0,0,0,0,-,-,-,-,-
d10718b52f589437cd1c72ecf3a15af5,2026-02-03 15:46:38,David LLORENTE,David LLORENTE,LLORENTE,David,"LLORENTE, David",2025-10-03,World Championships ,Penrith,Heats1,MK1,ESP,26,29,69,88.32,52,52,140.32,140.32,0,0,0,0,0,0,0,0,0,0,0,0,0,0,0,0,0,0,0,0,0,0,-,-,-,-,-
41ba732a9da9af66f01cda2d826eb938,2026-02-03 15:46:38,David LLORENTE,David LLORENTE,LLORENTE,David,"LLORENTE, David",2025-08-29,World Cup #4,Tacen,Heats1,MK1,ESP,24,29,35,77.11,4,4,81.11,81.11,0,0,0,0,0,0,0,0,0,0,-,-,-,-,-,-,-,-,-,2,2,-,-,-,-,-,-
5dba1b83331ee3b01de06f4f91148370,2026-02-03 15:46:38,David LLORENTE,David LLORENTE,LLORENTE,David,"LLORENTE, David",2025-06-27,World Cup Grand Prix - short,Prague,Heats1,MK1,ESP,26,29,34,56.11,0,0,56.11,56.11,0,0,0,0,0,0,0,0,0,0,-,-,-,-,-,-,-,-,-,-,-,-,-,-,-,-,-
18bc3d6fd77708d7070a1156d58497ab,2026-02-03 15:46:38,David LLORENTE,David LLORENTE,LLORENTE,David,"LLORENTE, David",2025-06-27,World Cup #3,Prague,Heats1,MK1,ESP,26,29,29,93.54,6,6,99.54,99.54,0,0,0,2,0,0,0,0,0,0,-,-,-,-,-,-,-,-,-,2,2,-,-,-,-,-,-
4d4ba333610c257c5ae17ddbfc98ce01,2026-02-03 15:46:38,David LLORENTE,David LLORENTE,LLORENTE,David,"LLORENTE, David",2025-06-13,World Cup #2,Pau,Heats1,MK1,ESP,27,29,70,93.91,54,54,147.91,147.91,0,0,0,2,50,0,0,2,0,-,-,-,-,-,-,-,-,-,-,-,-,-,-,-,-,-,-
88d67b9e08e5bd8592da98654bc2ceb6,2026-02-03 15:46:38,David LLORENTE,David LLORENTE,LLORENTE,David,"LLORENTE, David",2025-06-07,World Cup #1,La Seu,Final,MK1,ESP,,29,9,86.77,2,2,88.77,88.77,0,0,0,0,0,0,0,0,0,0,0,2,0,0,0,0,0,0,0,0,0,0,0,-,-,-,-
71d88b923b94adeb3ccfc0027cbf8837,2026-02-03 15:46:38,David LLORENTE,David LLORENTE,LLORENTE,David,"LLORENTE, David",2025-06-06,World Cup #1,La Seu,Heats1,MK1,ESP,,29,11,84.98,2,2,86.98,86.98,0,0,0,0,0,0,0,0,0,0,0,2,0,0,0,0,0,0,0,0,0,0,0,-,-,-,-
8a04e21edb806cceeb94f90270d2a3e2,2026-02-03 15:46:38,David LLORENTE,David LLORENTE,LLORENTE,David,"LLORENTE, David",2025-05-17,Euros ,Vaires sur Marne,Semi,MK1,ESP,,29,17,84.25,2,2,86.25,86.25,0,0,0,0,0,0,0,0,2,-,-,-,-,-,-,-,-,-,-,-,-,-,-,-,-,-,-
1234659c0ca027dedec828103b54d7ea,2026-02-03 15:46:38,David LLORENTE,David LLORENTE,LLORENTE,David,"LLORENTE, David",2025-05-16,Euros ,Vaires sur Marne,Heats1,MK1,ESP,,29,17,84.64,2,2,86.64,86.64,0,0,0,0,0,0,0,0,0,0,0,0,0,0,0,0,0,0,0,2,0,0,-,-,-,-,-
57f7fb6dce5cfbf752027441cd5d404a,2026-02-03 15:46:38,David LLORENTE,David LLORENTE,LLORENTE,David,"LLORENTE, David",2025-05-04,ICF World ranking ,Ivrea,Heats1,MK1,ESP,,29,13,96.1,2,2,98.1,98.1,0,0,2,0,0,0,0,0,0,0,0,0,0,0,0,0,0,0,0,0,0,0,-,-,-,-,-
a88653d4aa3e4567a3e7b3bbe95ccf53,2026-02-03 15:46:38,David LLORENTE,David LLORENTE,LLORENTE,David,"LLORENTE, David",2025-03-16,Pyrenees Cup ,La Seu,Final,MK1,ESP,,29,6,79.6,2,2,81.6,81.6,0,0,0,0,0,0,0,0,0,0,0,0,0,2,0,0,0,0,0,0,-,-,-,-,-,-,-
b1f6c26f11c38ae15fcb0e2a8e438d96,2026-02-03 15:46:38,David LLORENTE,David LLORENTE,LLORENTE,David,"LLORENTE, David",2025-03-15,Pyrenees Cup ,La Seu,Heats1,MK1,ESP,,29,1,79.81,0,0,79.81,79.81,0,0,0,0,0,0,0,0,0,0,0,0,0,0,0,0,0,0,0,0,-,-,-,-,-,-,-
5d3f3f72a7b90bc08b5a4a966f279d85,2026-02-03 15:46:38,David LLORENTE,David LLORENTE,LLORENTE,David,"LLORENTE, David",2025-03-09,Pyrenees Cup ,Pau,Heats1,MK1,ESP,,29,9,92.29,0,0,92.29,92.29,0,0,0,0,0,0,0,0,0,0,0,0,0,0,0,0,0,0,0,0,0,0,0,0,-,-,-
e6fae2aca5a7985560a68d8b0ca9ff8e,2026-02-03 15:46:38,David LLORENTE,David LLORENTE,LLORENTE,David,"LLORENTE, David",2025-03-09,Pyrenees Cup ,Pau,Final,MK1,ESP,,29,9,92.32,2,2,94.32,94.32,0,0,0,0,0,2,0,0,0,0,0,0,0,0,0,0,0,0,0,0,0,0,0,0,-,-,-
bb51d39a35d481a1cf2afb6b7207f6e6,2026-02-03 15:46:38,David LLORENTE,David LLORENTE,LLORENTE,David,"LLORENTE, David",2025-02-23,Australian Open ,Penrith,Heats1,MK1,ESP,,29,7,90.31,0,0,90.31,90.31,0,0,0,0,0,0,0,0,0,0,0,0,0,0,0,0,0,0,0,0,0,0,-,-,-,-,-
668972c80ce64a16050ea072f029e761,2026-02-03 15:46:38,David LLORENTE,David LLORENTE,LLORENTE,David,"LLORENTE, David",2025-02-23,Australian Open ,Penrith,Final,MK1,ESP,,29,12,91.91,8,8,99.91,99.91,0,0,0,0,0,0,0,0,0,0,2,0,2,0,2,0,0,0,0,0,0,2,-,-,-,-,-
daa2f7c90efaf5df5a490a3d1d459ffd,2026-02-03 15:46:38,David LLORENTE,David LLORENTE,LLORENTE,David,"LLORENTE, David",2025-01-24,Oceania Championships ,Penrith,Heats1,MK1,ESP,,29,8,91.72,2,2,93.72,93.72,0,0,0,0,0,0,0,0,0,2,0,0,0,0,0,0,0,0,0,0,0,0,-,-,-,-,-
503690c3c7fb9c6e0e0edb556c1a7b2f,2026-02-03 15:46:38,David LLORENTE,David LLORENTE,LLORENTE,David,"LLORENTE, David",2025-01-24,Oceania Championships ,Penrith,Semi,MK1,ESP,,29,26,98.08,54,54,152.08,152.08,0,0,0,0,0,0,0,0,0,0,0,0,0,2,0,0,50,0,0,0,0,0,2,-,-,-,-
0e67e9398025f01d938922c6bc2db692,2026-02-03 15:46:27,David LLORENTE,David LLORENTE,LLORENTE,David,"LLORENTE, David",2024-09-21,World Cup final,La Seu,Semi,MK1,ESP,,28,11,91.77,0,0,91.77,91.77,0,0,0,0,0,0,0,0,-,-,-,-,-,-,-,-,-,-,-,-,-,-,-,-,-,-,-
16e4f1de6ceeabad95d62739e77c65f5,2026-02-03 15:46:27,David LLORENTE,David LLORENTE,LLORENTE,David,"LLORENTE, David",2024-09-20,World Cup final,La Seu,Heats1,MK1,ESP,,28,22,89.64,2,2,91.64,91.64,0,0,0,0,0,2,0,0,0,0,0,0,0,0,0,0,0,0,0,0,0,0,0,0,0,-,-
acc01e1f81d0ce155659043afe45f77a,2026-02-03 15:46:27,David LLORENTE,David LLORENTE,LLORENTE,David,"LLORENTE, David",2024-09-14,World Cup #4,Ivrea,Semi,MK1,ESP,,28,22,95.08,2,2,97.08,97.08,0,0,0,0,0,0,0,0,-,-,-,-,-,-,-,-,-,-,2,-,-,-,-,-,-,-,-
12ef5dfd858f2bbae4c63e6d5a47f2eb,2026-02-03 15:46:27,David LLORENTE,David LLORENTE,LLORENTE,David,"LLORENTE, David",2024-09-13,World Cup #4,Ivrea,Heats1,MK1,ESP,,28,29,79.51,2,2,81.51,81.51,0,0,0,0,0,0,0,0,-,-,-,-,-,-,-,-,-,-,-,-,-,-,-,2,-,-,-
1333c4fba1f58f38b149190d17722683,2026-02-03 15:46:27,David LLORENTE,David LLORENTE,LLORENTE,David,"LLORENTE, David",2024-05-31,World Cup #1,Augsburg,Heats1,MK1,ESP,,28,63,98.08,106,106,204.08,204.08,0,0,0,0,0,0,2,50,0,0,-,50,2,-,-,-,-,-,-,2,-,-,-,-,-,-,-
f548e7c36b68b08675d0a4a8a0b46ac1,2026-02-03 15:46:27,David LLORENTE,David LLORENTE,LLORENTE,David,"LLORENTE, David",2024-05-31,World Cup #1,Augsburg,Heats2,MK1,ESP,,28,15,102.27,4,4,106.27,106.27,0,0,0,0,0,0,0,0,0,0,-,2,-,-,-,-,-,-,-,2,-,-,-,-,-,-,-
5dd11f13f78c95bce751d6a176550a63,2026-02-03 15:46:27,David LLORENTE,David LLORENTE,LLORENTE,David,"LLORENTE, David",2024-05-17,Euros ,Tacen,Heats1,MK1,ESP,,28,22,102.37,2,2,104.37,104.37,0,0,0,0,0,0,0,0,0,0,0,0,0,0,0,0,0,2,0,0,0,-,-,-,-,-,-
286948734ecd8c382883fa1a11e95894,2026-02-03 15:46:27,David LLORENTE,David LLORENTE,LLORENTE,David,"LLORENTE, David",2024-03-16,Pyrenees Cup ,Pau,Heats1,MK1,ESP,,28,24,102.58,2,2,104.58,104.58,0,0,0,0,0,0,0,0,0,0,2,0,0,0,0,0,0,0,0,0,0,0,0,0,-,-,-
a9bd874e12bf10903137f1e72d682ce9,2026-02-03 15:46:27,David LLORENTE,David LLORENTE,LLORENTE,David,"LLORENTE, David",2024-03-16,Pyrenees Cup ,Pau,FinalB,MK1,ESP,,28,1,95.23,0,0,95.23,95.23,0,0,0,0,0,0,0,0,0,0,0,0,0,0,0,0,0,0,0,0,0,0,0,0,-,-,-
689528bab1af35d986c313995e801da1,2026-02-03 15:46:27,David LLORENTE,David LLORENTE,LLORENTE,David,"LLORENTE, David",2024-03-14,Champion Race ,Pau,Final,MK1,ESP,,28,7,46.79,0,0,46.79,46.79,0,0,0,0,0,0,0,0,0,0,0,0,-,-,-,-,-,-,-,-,-,-,-,-,-,-,-
1c5264d6a4e28dc44418dcde58cb7f65,2026-02-03 15:46:27,David LLORENTE,David LLORENTE,LLORENTE,David,"LLORENTE, David",2024-03-09,Pyrenees Cup ,La Seu,Heats1,MK1,ESP,,28,6,91.98,0,0,91.98,91.98,0,0,0,0,0,0,0,0,0,0,0,0,0,0,0,0,0,0,0,0,0,0,0,-,-,-,-
aabe590b065cc8fd14ef719c60974b6a,2026-02-03 15:46:27,David LLORENTE,David LLORENTE,LLORENTE,David,"LLORENTE, David",2024-03-09,Pyrenees Cup ,La Seu,Final,MK1,ESP,,28,5,85.67,4,4,89.67,89.67,0,0,2,0,0,0,0,2,0,0,0,0,0,0,0,0,0,0,0,0,0,0,0,-,-,-,-
d9e92d5d22af09f7a13ada4454a3748a,2026-02-03 15:46:16,David LLORENTE,David LLORENTE,LLORENTE,David,"LLORENTE, David",2023-10-06,World Cup final,Vaires sur Marne,Heats2,MK1,ESP,,27,43,102.45,6,6,108.45,108.45,0,0,0,0,0,0,0,0,2,2,0,0,0,0,0,2,0,0,0,0,0,-,-,-,-,-,-
f91578695bc5b8e38e9edf3ca6c57690,2026-02-03 15:46:16,David LLORENTE,David LLORENTE,LLORENTE,David,"LLORENTE, David",2023-10-06,World Cup final,Vaires sur Marne,Heats1,MK1,ESP,,27,25,93.8,2,2,95.8,95.8,0,0,0,0,0,0,0,0,0,0,0,0,0,0,0,0,0,2,0,0,0,-,-,-,-,-,-
c3e0f13847f515071c6568e1c07ca2ad,2026-02-03 15:46:16,David LLORENTE,David LLORENTE,LLORENTE,David,"LLORENTE, David",2023-09-23,World Championships ,Lee Valley,Semi,MK1,ESP,,27,21,93.8,4,4,97.8,97.8,0,0,2,0,0,0,0,0,0,0,0,2,0,0,0,0,0,0,0,0,0,0,-,-,-,-,-
cc2cf8e6769cdc4c3008b00ac3bba4ec,2026-02-03 15:46:16,David LLORENTE,David LLORENTE,LLORENTE,David,"LLORENTE, David",2023-09-22,World Championships ,Lee Valley,Heats1,MK1,ESP,,27,17,82.56,0,0,82.56,82.56,0,0,0,0,0,0,0,0,0,0,0,0,0,0,0,0,0,0,0,0,0,0,0,-,-,-,-
431a3eed0feca47a0cbf412fc7bfdb9b,2026-02-03 15:46:16,David LLORENTE,David LLORENTE,LLORENTE,David,"LLORENTE, David",2023-09-01,World Cup #4,La Seu,Heats1,MK1,ESP,,27,6,90.03,0,0,90.03,90.03,0,0,0,0,0,0,0,0,0,0,0,0,0,0,0,0,0,0,0,0,0,0,-,-,-,-,-
dcb9a907ea6f4b572801ff9c02226ce6,2026-02-03 15:46:16,David LLORENTE,David LLORENTE,LLORENTE,David,"LLORENTE, David",2023-07-02,Euros European Games,Krakow,Semi,MK1,ESP,,27,36,91.16,50,50,141.16,141.16,0,0,0,0,0,0,0,0,0,0,0,0,0,0,0,0,50,0,0,0,0,-,-,-,-,-,-
0738182bd50ac4f9e492a13c8d2a81e9,2026-02-03 15:46:16,David LLORENTE,David LLORENTE,LLORENTE,David,"LLORENTE, David",2023-06-30,Euros European Games,Krakow,Heats1,MK1,ESP,,27,6,85.97,0,0,85.97,85.97,0,0,0,0,0,0,0,0,0,0,0,0,0,0,0,0,0,0,0,0,0,-,-,-,-,-,-
f0b11e2a5d97a0249dcd82d9266b0caf,2026-02-03 15:46:16,David LLORENTE,David LLORENTE,LLORENTE,David,"LLORENTE, David",2023-06-09,World Cup #2,Prague,Final,MK1,ESP,,27,10,96.88,50,50,146.88,146.88,0,0,0,0,0,0,0,0,0,0,0,0,0,0,0,0,0,0,50,0,0,0,0,0,-,-,-
add8ceb01ec7792c3a2bd2b8a5511bd5,2026-02-03 15:46:16,David LLORENTE,David LLORENTE,LLORENTE,David,"LLORENTE, David",2023-06-09,World Cup #2,Prague,Semi,MK1,ESP,,27,8,94.3,0,0,94.3,94.3,0,0,0,0,0,0,0,0,0,0,0,0,0,0,0,0,0,0,0,0,0,0,0,0,-,-,-
bd1d3a561968dc0b466f43ec956363b6,2026-02-03 15:46:16,David LLORENTE,David LLORENTE,LLORENTE,David,"LLORENTE, David",2023-06-08,World Cup #2,Prague,Heats1,MK1,ESP,,27,24,88.25,0,0,88.25,88.25,0,0,0,0,0,0,0,0,0,0,0,0,0,0,0,0,0,0,0,0,0,0,0,0,-,-,-
634ed017a8360ee029794e223689b4c6,2026-02-03 15:46:16,David LLORENTE,David LLORENTE,LLORENTE,David,"LLORENTE, David",2023-03-26,Pyrenees Cup ,La Seu,Semi,MK1,ESP,,27,18,95.02,4,4,99.02,99.02,0,0,0,0,0,0,0,0,0,0,0,0,0,0,0,0,2,0,0,0,2,-,-,-,-,-,-
c36e9b0db3ed39cb092b517914e52739,2026-02-03 15:46:16,David LLORENTE,David LLORENTE,LLORENTE,David,"LLORENTE, David",2023-03-25,Pyrenees Cup ,La Seu,Heats1,MK1,ESP,,27,1,85.87,0,0,85.87,85.87,0,0,0,0,0,0,0,0,0,0,0,0,0,0,0,0,0,0,0,0,0,-,-,-,-,-,-
9aebf9dad4093fa92e306d66f7bed084,2026-02-03 15:46:02,David LLORENTE,David LLORENTE,LLORENTE,David,"LLORENTE, David",2022-09-18,ICF World ranking ,Lee Valley,Semi,MK1,ESP,,26,36,114.59,2,2,116.59,116.59,0,0,0,0,0,0,0,0,0,0,0,0,0,0,0,0,0,0,0,0,0,0,-,-,-,-,-
bc3aa1033c5fa4d34fea6e75772974ac,2026-02-03 15:46:02,David LLORENTE,David LLORENTE,LLORENTE,David,"LLORENTE, David",2022-09-17,ICF World ranking ,Lee Valley,Heats1,MK1,ESP,,26,64,104.81,52,52,156.81,156.81,0,0,0,0,0,0,0,0,0,0,0,0,0,0,0,0,0,0,0,0,0,0,-,-,-,-,-
85e689f80e0438c061aec37de342707a,2026-02-03 15:46:02,David LLORENTE,David LLORENTE,LLORENTE,David,"LLORENTE, David",2022-09-17,ICF World ranking ,Lee Valley,Heats2,MK1,ESP,,26,4,101.23,0,0,101.23,101.23,0,0,0,0,0,0,0,0,0,0,0,0,0,0,0,0,0,0,0,0,0,0,-,-,-,-,-
e0670a847027ac25a155498735e49933,2026-02-03 15:46:02,David LLORENTE,David LLORENTE,LLORENTE,David,"LLORENTE, David",2022-06-12,World Cup #1,Prague,Semi,MK1,ESP,,26,24,100.72,2,2,102.72,102.72,0,2,0,0,0,0,0,0,-,-,-,-,-,-,-,-,-,-,-,-,-,-,-,-,-,-,-
be7d9ac840d485da3c29559fed3ffa3f,2026-02-03 15:46:02,David LLORENTE,David LLORENTE,LLORENTE,David,"LLORENTE, David",2022-06-10,World Cup #1,Prague,Heats1,MK1,ESP,,26,4,87.14,0,0,87.14,87.14,0,0,0,0,0,0,0,0,-,-,-,-,-,-,-,-,-,-,-,-,-,-,-,-,-,-,-
9bc733db012aba0f968ecfb6fe7e3993,2026-02-03 15:46:02,David LLORENTE,David LLORENTE,LLORENTE,David,"LLORENTE, David",2022-06-05,ICF World ranking ,Augsburg,Semi,MK1,ESP,,26,22,107.43,4,4,111.43,111.43,0,0,0,0,0,0,0,0,0,0,0,0,0,0,0,0,0,0,0,0,0,0,-,-,-,-,-
1d21651ba21b0284cb60e2a4848ea181,2026-02-03 15:46:02,David LLORENTE,David LLORENTE,LLORENTE,David,"LLORENTE, David",2022-06-04,ICF World ranking ,Augsburg,Heats1,MK1,ESP,,26,13,92.5,0,0,92.5,92.5,0,0,0,0,0,0,0,0,0,0,0,0,0,0,0,0,0,0,0,0,0,0,-,-,-,-,-
addaf72083e360d60c8668d33e7ec482,2026-02-03 15:46:02,David LLORENTE,David LLORENTE,LLORENTE,David,"LLORENTE, David",2022-05-08,Pyrenees Cup ,Pau,Semi,MK1,ESP,,26,13,96.96,2,2,98.96,98.96,0,0,0,0,0,0,0,0,0,0,0,0,0,0,0,0,0,0,0,0,0,0,-,-,-,-,-
9c43f80082566566ccb888397bb01e75,2026-02-03 15:46:02,David LLORENTE,David LLORENTE,LLORENTE,David,"LLORENTE, David",2022-05-07,Pyrenees Cup ,Pau,Heats1,MK1,ESP,,26,13,99.12,4,4,103.12,103.12,0,0,0,0,0,0,0,0,0,0,0,0,0,0,0,0,0,0,0,0,0,0,-,-,-,-,-
b657c475f39f98b6764f410d5d29dee6,2026-02-03 15:46:02,David LLORENTE,David LLORENTE,LLORENTE,David,"LLORENTE, David",2022-05-01,Pyrenees Cup ,La Seu,Final,MK1,ESP,,26,10,88.49,52,52,140.49,140.49,0,0,0,0,0,0,0,0,0,0,0,0,0,0,0,0,0,0,0,0,0,0,-,-,-,-,-
14a0e64a4ad83ce145046c89c2625b44,2026-02-03 15:46:02,David LLORENTE,David LLORENTE,LLORENTE,David,"LLORENTE, David",2022-05-01,Pyrenees Cup ,La Seu,Semi,MK1,ESP,,26,3,88.25,2,2,90.25,90.25,0,0,0,0,0,0,0,0,0,0,0,0,0,0,0,0,0,0,0,0,0,0,-,-,-,-,-
8ab1e6cb2fe2258971c0bb521bb18a2b,2026-02-03 15:46:02,David LLORENTE,David LLORENTE,LLORENTE,David,"LLORENTE, David",2022-04-30,Pyrenees Cup ,La Seu,Heats1,MK1,ESP,,26,4,82.65,2,2,84.65,84.65,0,0,0,0,0,0,0,0,0,0,0,0,0,0,0,0,0,0,0,0,0,0,-,-,-,-,-
fc59974e996060a704834395d6504026,2026-02-03 15:45:53,David LLORENTE,David LLORENTE,LLORENTE,David,"LLORENTE, David",2021-11-21,Segre Cup day 2,Ponts,Semi,MK1,ESP,,25,6,81.87,4,4,85.87,85.87,0,0,0,0,0,0,0,0,0,0,0,0,0,0,0,0,0,0,0,0,0,-,-,-,-,-,-
7ded53b328392b628449106d139214cb,2026-02-03 15:45:53,David LLORENTE,David LLORENTE,LLORENTE,David,"LLORENTE, David",2021-11-21,Segre Cup day 2,Ponts,Final,MK1,ESP,,25,3,80.64,0,0,80.64,80.64,0,0,0,0,0,0,0,0,0,0,0,0,0,0,0,0,0,0,0,0,0,-,-,-,-,-,-
6bad16b13baf5dd9e2134597319ba98e,2026-02-03 15:45:53,David LLORENTE,David LLORENTE,LLORENTE,David,"LLORENTE, David",2021-11-20,Segre Cup day 1,La Seu,Semi,MK1,ESP,,25,2,82.2,0,0,82.2,82.2,0,0,0,0,0,0,0,0,0,0,0,0,0,0,0,0,0,0,0,0,0,-,-,-,-,-,-
fb3882ed1693443a609008d95c77d92d,2026-02-03 15:45:53,David LLORENTE,David LLORENTE,LLORENTE,David,"LLORENTE, David",2021-11-20,Segre Cup day 1,La Seu,Final,MK1,ESP,,25,3,81.31,0,0,81.31,81.31,0,0,0,0,0,0,0,0,0,0,0,0,0,0,0,0,0,0,0,0,0,-,-,-,-,-,-
70a80e5c8ec033a9915c73dcc460cc6b,2026-02-03 15:45:53,David LLORENTE,David LLORENTE,LLORENTE,David,"LLORENTE, David",2021-09-26,World Championships ,Bratislava,Semi,MK1,ESP,,25,21,87.83,4,4,91.83,91.83,0,0,0,0,0,0,0,0,0,0,0,0,0,0,0,0,0,0,0,0,0,0,-,-,-,-,-
df44a303a8a8b1b2d5a5c3f686cec016,2026-02-03 15:45:53,David LLORENTE,David LLORENTE,LLORENTE,David,"LLORENTE, David",2021-09-24,World Championships ,Bratislava,Heats1,MK1,ESP,,25,11,83.83,0,0,83.83,83.83,0,0,0,0,0,0,0,0,0,0,0,0,0,0,0,0,0,0,0,0,0,0,-,-,-,-,-
7c2e646300ccf0802f98bc5bee06ccb6,2026-02-03 15:45:53,David LLORENTE,David LLORENTE,LLORENTE,David,"LLORENTE, David",2021-09-12,World Cup ,Pau,Semi,MK1,ESP,,25,15,98.56,2,2,100.56,100.56,0,0,0,0,0,0,0,0,0,0,0,0,0,0,0,0,0,0,0,0,0,0,-,-,-,-,-
d0a4e62e5177ba5f27e4e922a2d0b3b1,2026-02-03 15:45:53,David LLORENTE,David LLORENTE,LLORENTE,David,"LLORENTE, David",2021-09-10,World Cup ,Pau,Heats1,MK1,ESP,,25,3,95.1,0,0,95.1,95.1,0,0,0,0,0,0,0,0,0,0,0,0,0,0,0,0,0,0,0,0,0,0,-,-,-,-,-
f9a4e126075eb3f66b27fca5728be7b1,2026-02-03 15:45:53,David LLORENTE,David LLORENTE,LLORENTE,David,"LLORENTE, David",2021-09-05,World Cup ,La Seu,Semi,MK1,ESP,,25,17,86.08,2,2,88.08,88.08,0,0,0,0,0,0,0,0,0,0,0,0,0,0,0,0,0,0,0,0,0,0,-,-,-,-,-
6f17ca5b678b86b23f4b62797d1a4358,2026-02-03 15:45:53,David LLORENTE,David LLORENTE,LLORENTE,David,"LLORENTE, David",2021-09-03,World Cup ,La Seu,Heats1,MK1,ESP,,25,1,85.85,0,0,85.85,85.85,0,0,0,0,0,0,0,0,0,0,0,0,0,0,0,0,0,0,0,0,0,0,-,-,-,-,-
8d138d23fdc677c05d6c15f01a820653,2026-02-03 15:45:53,David LLORENTE,David LLORENTE,LLORENTE,David,"LLORENTE, David",2021-07-30,Olympic Games ,Tokyo,Semi,MK1,ESP,,25,8,98.26,0,0,98.26,98.26,0,0,0,0,0,0,0,0,0,0,0,0,0,0,0,0,0,0,0,0,0,0,-,-,-,-,-
f7d1537e2a55ab7c0f6c6cacee1a4179,2026-02-03 15:45:53,David LLORENTE,David LLORENTE,LLORENTE,David,"LLORENTE, David",2021-07-30,Olympic Games ,Tokyo,Final,MK1,ESP,,25,10,98.08,52,52,150.08,150.08,0,0,0,0,0,0,0,0,0,0,0,0,0,0,0,0,0,0,0,0,0,0,-,-,-,-,-
47f15d2e33d157d6d9c16976e8c13cc5,2026-02-03 15:45:53,David LLORENTE,David LLORENTE,LLORENTE,David,"LLORENTE, David",2021-07-28,Olympic Games ,Tokyo,Heats2,MK1,ESP,,25,14,93.83,2,2,95.83,95.83,0,0,0,0,0,0,0,0,0,0,0,0,0,0,0,0,0,0,0,0,0,0,-,-,-,-,-
c0b464f02c63301b74475c11c24c7dc3,2026-02-03 15:45:53,David LLORENTE,David LLORENTE,LLORENTE,David,"LLORENTE, David",2021-07-28,Olympic Games ,Tokyo,Heats1,MK1,ESP,,25,22,97.62,50,50,147.62,147.62,0,0,0,0,0,0,0,0,0,0,0,0,0,0,0,0,0,0,0,0,0,0,-,-,-,-,-
479f9811070da1514aa4a7a5d4d13d22,2026-02-03 15:45:53,David LLORENTE,David LLORENTE,LLORENTE,David,"LLORENTE, David",2021-06-20,World Cup ,Markkleeberg,Semi,MK1,ESP,,25,38,99.19,58,58,157.19,157.19,0,0,0,0,0,0,0,0,0,0,0,0,0,0,0,0,0,0,0,0,0,0,-,-,-,-,-
d954a679257b7187913e5116cc39c9ef,2026-02-03 15:45:53,David LLORENTE,David LLORENTE,LLORENTE,David,"LLORENTE, David",2021-06-18,World Cup ,Markkleeberg,Heats1,MK1,ESP,,25,19,95.2,2,2,97.2,97.2,0,0,0,0,0,0,0,0,0,0,0,0,0,0,0,0,0,0,0,0,0,0,-,-,-,-,-
652c1a4528249a17905e4b0ffc7edd91,2026-02-03 15:45:53,David LLORENTE,David LLORENTE,LLORENTE,David,"LLORENTE, David",2021-06-13,World Cup ,Prague,Semi,MK1,ESP,,25,6,93.34,0,0,93.34,93.34,0,0,0,0,0,0,0,0,0,0,0,0,0,0,0,0,0,0,0,0,0,0,-,-,-,-,-
f67f2a2a4f366efde4b2b6273d061cbf,2026-02-03 15:45:53,David LLORENTE,David LLORENTE,LLORENTE,David,"LLORENTE, David",2021-06-13,World Cup ,Prague,Final,MK1,ESP,,25,8,93.04,2,2,95.04,95.04,0,0,0,0,0,0,0,0,0,0,0,0,0,0,0,0,0,0,0,0,0,0,-,-,-,-,-
73604e12fcf839b38a337ce20a7310b7,2026-02-03 15:45:53,David LLORENTE,David LLORENTE,LLORENTE,David,"LLORENTE, David",2021-06-11,World Cup ,Prague,Heats1,MK1,ESP,,25,17,91,0,0,91,91,0,0,0,0,0,0,0,0,0,0,0,0,0,0,0,0,0,0,0,0,0,0,-,-,-,-,-
32ab677ed12cf2a9148efbb2c8d61173,2026-02-03 15:45:53,David LLORENTE,David LLORENTE,LLORENTE,David,"LLORENTE, David",2021-05-09,Euros ,Ivrea,Semi,MK1,ESP,,25,18,84.49,2,2,86.49,86.49,0,0,0,0,0,0,0,0,0,0,0,0,0,0,0,0,0,0,0,0,0,0,-,-,-,-,-
2b58dc54e9f34ddd11ee6a145b5c12e7,2026-02-03 15:45:53,David LLORENTE,David LLORENTE,LLORENTE,David,"LLORENTE, David",2021-05-07,Euros ,Ivrea,Heats1,MK1,ESP,,25,13,79.33,0,0,79.33,79.33,0,0,0,0,0,0,0,0,0,0,0,0,0,0,0,0,0,0,0,0,0,0,-,-,-,-,-
4ff6150f2716f65dc4210d87279d5f70,2026-02-03 15:45:53,David LLORENTE,David LLORENTE,LLORENTE,David,"LLORENTE, David",2021-03-21,Pyrenees Cup ,La Seu,Semi,MK1,ESP,,25,0,0,0,0,None,,0,0,0,0,0,0,0,0,0,0,0,0,0,0,0,0,0,0,0,0,-,-,-,-,-,-,-
44c6317f8247fc9bcf0a1c67031291ec,2026-02-03 15:45:53,David LLORENTE,David LLORENTE,LLORENTE,David,"LLORENTE, David",2021-03-20,Pyrenees Cup ,La Seu,Heats2,MK1,ESP,,25,99,999,0,0,None,,0,0,0,0,0,0,0,0,0,0,0,0,0,0,0,0,0,0,0,0,0,-,-,-,-,-,-
6e5aeee6fbe2df39796008edc5b5fa62,2026-02-03 15:45:45,David LLORENTE,David LLORENTE,LLORENTE,David,"LLORENTE, David",2020-11-08,World Cup ,Pau,Semi,MK1,ESP,,24,12,94.99,6,6,100.99,100.99,0,0,0,0,0,0,0,0,0,0,0,0,0,0,0,0,0,0,0,0,0,0,-,-,-,-,-
8eb8a3c27aa879cadb637026cb3f438c,2026-02-03 15:45:45,David LLORENTE,David LLORENTE,LLORENTE,David,"LLORENTE, David",2020-10-06,World Cup ,Pau,Heats1,MK1,ESP,,24,17,98.72,6,6,104.72,104.72,0,0,0,0,0,0,0,0,0,0,0,0,0,0,0,0,0,0,0,0,0,0,-,-,-,-,-
43437448cde868c223db36a02f05e856,2026-02-03 15:45:45,David LLORENTE,David LLORENTE,LLORENTE,David,"LLORENTE, David",2020-10-04,Team trials Repesca 2,La Seu,Semi,MK1,ESP,,24,3,97.21,0,0,97.21,97.21,0,0,0,0,0,0,0,0,0,0,0,0,0,0,0,0,0,0,0,0,0,0,-,-,-,-,-
ddc7d9375d78e61badc9a29978b053eb,2026-02-03 15:45:45,David LLORENTE,David LLORENTE,LLORENTE,David,"LLORENTE, David",2020-10-04,Team trials Repesca 2,La Seu,Final,MK1,ESP,,24,10,139.61,0,0,139.61,139.61,0,0,0,0,0,0,0,0,0,0,0,0,0,0,0,0,0,0,0,0,0,0,-,-,-,-,-
2bb9f0ed4f254531531341e401dc3660,2026-02-03 15:45:45,David LLORENTE,David LLORENTE,LLORENTE,David,"LLORENTE, David",2020-10-03,Team trials Repesca 1,La Seu,Semi,MK1,ESP,,24,5,97.1,0,0,97.1,97.1,0,0,0,0,0,0,0,0,0,0,0,0,0,0,0,0,0,0,0,0,0,0,-,-,-,-,-
1ea693a44555528804116848995ca850,2026-02-03 15:45:45,David LLORENTE,David LLORENTE,LLORENTE,David,"LLORENTE, David",2020-10-03,Team trials Repesca 1,La Seu,Final,MK1,ESP,,24,5,95.13,0,0,95.13,95.13,0,0,0,0,0,0,0,0,0,0,0,0,0,0,0,0,0,0,0,0,0,0,-,-,-,-,-
4b3d948a756477975d24d6ea8cf1a8c0,2026-02-03 15:45:45,David LLORENTE,David LLORENTE,LLORENTE,David,"LLORENTE, David",2020-02-23,Australian Open ,Penrith,Semi,MK1,ESP,,24,24,94.25,2,2,96.25,96.25,0,0,0,0,0,0,0,0,0,0,0,0,0,0,0,0,0,0,0,0,0,0,0,-,-,-,-
8f7f402b745ec08df10f20f08fb233e4,2026-02-03 15:45:45,David LLORENTE,David LLORENTE,LLORENTE,David,"LLORENTE, David",2020-02-21,Australian Open ,Penrith,Heats1,MK1,ESP,,24,4,90.71,0,0,90.71,90.71,0,0,0,0,0,0,0,0,0,0,0,0,0,0,0,0,0,0,0,0,0,0,-,-,-,-,-
80160f84957ce84a83f6505f1f51bd80,2026-02-03 15:45:45,David LLORENTE,David LLORENTE,LLORENTE,David,"LLORENTE, David",2020-02-03,Oceania Championships ,Auckland,Semi,MK1,ESP,,24,37,94,104,104,198,198,0,0,0,0,0,0,0,0,0,0,0,0,0,0,0,0,0,0,0,0,0,0,0,0,0,-,-
26263039404167a486f5c1462c78d361,2026-02-03 15:45:45,David LLORENTE,David LLORENTE,LLORENTE,David,"LLORENTE, David",2020-02-01,Oceania Championships ,Auckland,Heats1,MK1,ESP,,24,8,89.4,4,4,93.4,93.4,0,0,0,0,0,0,0,0,0,0,0,0,0,0,0,0,0,0,0,0,0,0,0,0,0,-,-
8cab8db2e85d028ad35f4dbd090acd65,2026-02-03 15:45:39,David LLORENTE,David LLORENTE,LLORENTE,David,"LLORENTE, David",2019-10-27,Olympic test event ,Tokyo,Heats1,MK1,ESP,,23,11,95.57,4,4,99.57,99.57,0,0,0,0,0,0,0,0,0,0,0,0,0,0,0,0,0,0,0,0,0,0,0,0,0,-,-
f2aa1ac80b636431d9581888462f8931,2026-02-03 15:45:39,David LLORENTE,David LLORENTE,LLORENTE,David,"LLORENTE, David",2019-10-27,Olympic test event ,Tokyo,Heats2,MK1,ESP,,23,22,96.14,152,152,248.14,248.14,0,0,0,0,0,0,0,0,0,0,0,0,0,0,0,0,0,0,0,0,0,0,0,0,0,-,-
18caad6f853cf27d84d33862b60fa5fe,2026-02-03 15:45:39,David LLORENTE,David LLORENTE,LLORENTE,David,"LLORENTE, David",2019-10-27,Olympic test event ,Tokyo,Semi,MK1,ESP,,23,5,92.59,2,2,94.59,94.59,0,0,0,0,0,0,0,0,0,0,0,0,0,0,0,0,0,0,0,0,0,0,0,0,0,-,-
86bdb9fb1f5fd5b7e29c37e438c7481f,2026-02-03 15:45:39,David LLORENTE,David LLORENTE,LLORENTE,David,"LLORENTE, David",2019-10-27,Olympic test event ,Tokyo,Final,MK1,ESP,,23,1,91.53,2,2,93.53,93.53,0,0,0,0,0,0,0,0,0,0,0,0,0,0,0,0,0,0,0,0,0,0,0,0,0,-,-
29be66994c82de66b48d40e2a4bb9861,2026-02-03 15:45:39,David LLORENTE,David LLORENTE,LLORENTE,David,"LLORENTE, David",2019-09-29,World Championships ,La Seu,Final,MK1,ESP,,23,2,83.96,2,2,85.96,85.96,0,0,0,0,0,0,0,0,0,0,0,0,0,0,0,0,0,0,0,0,0,0,-,-,-,-,-
b972134d46833d09abba14416ccad53f,2026-02-03 15:45:39,David LLORENTE,David LLORENTE,LLORENTE,David,"LLORENTE, David",2019-09-29,World Championships ,La Seu,Semi,MK1,ESP,,23,9,86.29,0,0,86.29,86.29,0,0,0,0,0,0,0,0,0,0,0,0,0,0,0,0,0,0,0,0,0,0,-,-,-,-,-
857e7a65fe15b28711ddb23fc2648b7a,2026-02-03 15:45:39,David LLORENTE,David LLORENTE,LLORENTE,David,"LLORENTE, David",2019-09-27,World Championships ,La Seu,Heats1,MK1,ESP,,23,9,89.72,0,0,89.72,89.72,0,0,0,0,0,0,0,0,0,0,0,0,0,0,0,0,0,0,0,0,0,0,-,-,-,-,-
4ea5599277a9d5b96277e3881b37b57c,2026-02-03 15:45:39,David LLORENTE,David LLORENTE,LLORENTE,David,"LLORENTE, David",2019-09-01,World Cup ,Markkleeberg,Semi,MK1,ESP,,23,24,93.17,2,2,None,,0,0,0,0,0,0,0,0,0,0,0,0,0,0,0,0,0,0,0,0,0,-,-,-,-,-,-
8f82338fb7881cf4bd6a75645e3017ec,2026-02-03 15:45:39,David LLORENTE,David LLORENTE,LLORENTE,David,"LLORENTE, David",2019-08-30,World Cup ,Markkleeberg,Heats1,MK1,ESP,,23,32,96.33,2,2,None,,0,0,0,0,0,0,0,0,0,0,0,0,0,0,0,0,0,0,0,0,0,-,-,-,-,-,-
08eeac7cde4d055b65e86e2e8ce1f1f1,2026-02-03 15:45:39,David LLORENTE,David LLORENTE,LLORENTE,David,"LLORENTE, David",2019-08-30,World Cup ,Markkleeberg,Heats2,MK1,ESP,,23,3,92.01,0,0,None,,0,0,0,0,0,0,0,0,0,0,0,0,0,0,0,0,0,0,0,0,0,-,-,-,-,-,-
224677b0b5f747e2db8efb2b609834fc,2026-02-03 15:45:39,David LLORENTE,David LLORENTE,LLORENTE,David,"LLORENTE, David",2019-07-20,World Championships U23,Krakow,Semi,MK1,ESP,,23,17,86.35,4,4,90.35,90.35,0,0,0,0,0,0,0,0,0,0,0,0,0,0,0,0,0,0,0,0,-,-,-,-,-,-,-
c53f01dd96b280d67533a33da1284bb2,2026-02-03 15:45:39,David LLORENTE,David LLORENTE,LLORENTE,David,"LLORENTE, David",2019-07-18,World Championships U23,Krakow,Heats1,MK1,ESP,,23,1,90.53,2,2,92.53,92.53,0,0,0,0,0,0,0,0,0,0,0,0,0,0,0,0,0,0,0,0,-,-,-,-,-,-,-
03f7f395b70d5b1e534428d943a8b70d,2026-02-03 15:45:39,David LLORENTE,David LLORENTE,LLORENTE,David,"LLORENTE, David",2019-07-06,Euros U23,Liptovsky Mikulas,Final,MK1,ESP,,23,4,87.67,2,2,89.67,89.67,0,0,0,0,0,0,0,0,0,0,0,0,0,0,0,0,0,0,0,0,0,0,-,-,-,-,-
45c98d68fee29bb6fd48d35400a64ac1,2026-02-03 15:45:39,David LLORENTE,David LLORENTE,LLORENTE,David,"LLORENTE, David",2019-07-06,Euros U23,Liptovsky Mikulas,Semi,MK1,ESP,,23,8,91.71,0,0,91.71,91.71,0,0,0,0,0,0,0,0,0,0,0,0,0,0,0,0,0,0,0,0,0,0,-,-,-,-,-
488e7b884bcd667bd538ee4c37fd44b7,2026-02-03 15:45:39,David LLORENTE,David LLORENTE,LLORENTE,David,"LLORENTE, David",2019-07-04,Euros U23,Liptovsky Mikulas,Heats2,MK1,ESP,,23,1,87.65,2,2,89.65,89.65,0,0,0,0,0,0,0,0,0,0,0,0,0,0,0,0,0,0,0,0,0,0,0,-,-,-,-
a02959f6b9cf4366eaaeac50b98fbe63,2026-02-03 15:45:39,David LLORENTE,David LLORENTE,LLORENTE,David,"LLORENTE, David",2019-07-04,Euros U23,Liptovsky Mikulas,Heats1,MK1,ESP,,23,44,101.3,6,6,107.3,107.3,0,0,0,0,0,0,0,0,0,0,0,0,0,0,0,0,0,0,0,0,0,0,0,-,-,-,-
3e885c6b8db23535fafc8e334ccd3c28,2026-02-03 15:45:39,David LLORENTE,David LLORENTE,LLORENTE,David,"LLORENTE, David",2019-06-23,World Cup ,Bratislava,Semi,MK1,ESP,,23,31,95.65,52,52,147.65,147.65,0,0,0,0,0,0,0,0,0,0,0,0,0,0,0,0,0,0,0,0,0,0,-,-,-,-,-
1bf1ef91720b96c6d35b9b154fe2a868,2026-02-03 15:45:39,David LLORENTE,David LLORENTE,LLORENTE,David,"LLORENTE, David",2019-06-21,World Cup ,Bratislava,Heats2,MK1,ESP,,23,7,92.2,2,2,94.2,94.2,0,0,0,0,0,0,0,0,0,0,0,0,0,0,0,0,0,0,0,0,0,0,-,-,-,-,-
811649dc0b5fb268290751014b97b44e,2026-02-03 15:45:39,David LLORENTE,David LLORENTE,LLORENTE,David,"LLORENTE, David",2019-06-21,World Cup ,Bratislava,Heats1,MK1,ESP,,23,50,94.59,52,52,146.59,146.59,0,0,0,0,0,0,0,0,0,0,0,0,0,0,0,0,0,0,0,0,0,0,-,-,-,-,-
fb0f23b620edae1b27306e054873726f,2026-02-03 15:45:39,David LLORENTE,David LLORENTE,LLORENTE,David,"LLORENTE, David",2019-06-16,World Cup ,Lee Valley,Final,MK1,ESP,,23,6,91.39,4,4,95.39,95.39,0,0,0,0,0,0,0,0,0,0,0,0,0,0,0,0,0,0,0,0,0,0,0,0,0,-,-
301256306ae07d13e8705d5491e1d54c,2026-02-03 15:45:39,David LLORENTE,David LLORENTE,LLORENTE,David,"LLORENTE, David",2019-06-16,World Cup ,Lee Valley,Semi,MK1,ESP,,23,9,91,2,2,93,93,0,0,0,0,0,0,0,0,0,0,0,0,0,0,0,0,0,0,0,0,0,0,0,0,0,-,-
1ce7c50faacf5ed29efc1b5504e50cb7,2026-02-03 15:45:39,David LLORENTE,David LLORENTE,LLORENTE,David,"LLORENTE, David",2019-06-14,World Cup ,Lee Valley,Heats1,MK1,ESP,,23,9,89.11,0,0,89.11,89.11,0,0,0,0,0,0,0,0,0,0,0,0,0,0,0,0,0,0,0,0,0,0,0,-,-,-,-
f8be6a6750c4446052c24a53841a5d98,2026-02-03 15:45:39,David LLORENTE,David LLORENTE,LLORENTE,David,"LLORENTE, David",2019-06-02,Euros ,Pau,Semi,MK1,ESP,,23,11,97.29,0,0,97.29,97.29,0,0,0,0,0,0,0,0,0,0,0,0,0,0,0,0,0,0,0,0,0,0,0,0,0,-,-
3cbdd92c6ecf109c4ddeb115349088ff,2026-02-03 15:45:39,David LLORENTE,David LLORENTE,LLORENTE,David,"LLORENTE, David",2019-06-02,Euros ,Pau,Final,MK1,ESP,,23,5,95.37,0,0,95.37,95.37,0,0,0,0,0,0,0,0,0,0,0,0,0,0,0,0,0,0,0,0,0,0,0,0,0,-,-
6e1945b4f349f37fdc4b6c5f4ee74bf2,2026-02-03 15:45:39,David LLORENTE,David LLORENTE,LLORENTE,David,"LLORENTE, David",2019-05-31,Euros ,Pau,Heats2,MK1,ESP,,23,3,90.67,0,0,90.67,90.67,0,0,0,0,0,0,0,0,0,0,0,0,0,0,0,0,0,0,0,0,0,0,0,0,-,-,-
46e3cda573249f076834d2e6b09f2702,2026-02-03 15:45:39,David LLORENTE,David LLORENTE,LLORENTE,David,"LLORENTE, David",2019-05-31,Euros ,Pau,Heats1,MK1,ESP,,23,32,91.13,4,4,95.13,95.13,0,0,0,0,0,0,0,0,0,0,0,0,0,0,0,0,0,0,0,0,0,0,0,0,-,-,-
89ace3949f632f0f49db8da24d8bdadf,2026-02-03 15:45:39,David LLORENTE,David LLORENTE,LLORENTE,David,"LLORENTE, David",2019-05-04,Team trials ESP-FRA,Pau,Final,MK1,ESP,,23,6,96.29,2,2,98.29,98.29,0,0,0,0,0,0,0,0,0,0,0,0,0,0,0,0,0,0,0,0,0,0,0,0,0,-,-
519b0f89a6eac11fcdb88d44481e3853,2026-02-03 15:45:39,David LLORENTE,David LLORENTE,LLORENTE,David,"LLORENTE, David",2019-05-04,Team trials ESP-FRA,Pau,Semi,MK1,ESP,,23,5,97.71,0,0,97.71,97.71,0,0,0,0,0,0,0,0,0,0,0,0,0,0,0,0,0,0,0,0,0,0,0,0,0,-,-
3c7bbc029c60abaeecd8b154e2a5e0a6,2026-02-03 15:45:39,David LLORENTE,David LLORENTE,LLORENTE,David,"LLORENTE, David",2019-05-02,Team trials ESP-FRA,Pau,Semi,MK1,ESP,,23,5,101.16,0,0,101.16,101.16,0,0,0,0,0,0,0,0,0,0,0,0,0,0,0,0,0,0,0,0,0,0,0,0,0,-,-
f228cfe0bdb14b7581f56c3f51e6b7df,2026-02-03 15:45:39,David LLORENTE,David LLORENTE,LLORENTE,David,"LLORENTE, David",2019-05-02,Team trials ESP-FRA,Pau,Final,MK1,ESP,,23,10,104.41,54,54,158.41,158.41,0,0,0,0,0,0,0,0,0,0,0,0,0,0,0,0,0,0,0,0,0,0,0,0,0,-,-
66859e451e4590134358660a583def41,2026-02-03 15:45:39,David LLORENTE,David LLORENTE,LLORENTE,David,"LLORENTE, David",2019-04-28,Team trials ESP-FRA,La Seu,Semi,MK1,ESP,,23,3,96.48,0,0,96.48,96.48,0,0,0,0,0,0,0,0,0,0,0,0,0,0,0,0,0,0,0,0,0,0,0,0,-,-,-
0057708085a42b3aa488cce122f94bd0,2026-02-03 15:45:39,David LLORENTE,David LLORENTE,LLORENTE,David,"LLORENTE, David",2019-04-28,Team trials ESP-FRA,La Seu,Final,MK1,ESP,,23,9,113.82,2,2,115.82,115.82,0,0,0,0,0,0,0,0,0,0,0,0,0,0,0,0,0,0,0,0,0,0,0,0,-,-,-
c94b7cec85c3c9ed9a5269742c8ad432,2026-02-03 15:45:39,David LLORENTE,David LLORENTE,LLORENTE,David,"LLORENTE, David",2019-04-26,Team trials ESP-FRA,La Seu,FinalB,MK1,ESP,,23,9,90.51,52,52,142.51,142.51,0,0,0,0,0,0,0,0,0,0,0,0,0,0,0,0,0,0,0,0,0,0,0,0,-,-,-
059ddcf7956302b911478e41fff5ad84,2026-02-03 15:45:39,David LLORENTE,David LLORENTE,LLORENTE,David,"LLORENTE, David",2019-04-26,Team trials ESP-FRA,La Seu,Semi,MK1,ESP,,23,12,89.98,2,2,91.98,91.98,0,0,0,0,0,0,0,0,0,0,0,0,0,0,0,0,0,0,0,0,0,0,0,0,-,-,-
4ce4fa938c292a75b90ead22f3fedc2c,2026-02-03 15:45:39,David LLORENTE,David LLORENTE,LLORENTE,David,"LLORENTE, David",2019-04-14,None,La Seu,Semi,MK1,ESP,,23,5,87.95,0,0,87.95,87.95,0,0,0,0,0,0,0,0,0,0,0,0,0,0,0,0,0,0,0,0,0,0,-,-,-,-,-
74091236f457819250b971cc5d690200,2026-02-03 15:45:39,David LLORENTE,David LLORENTE,LLORENTE,David,"LLORENTE, David",2019-04-14,None,La Seu,Final,MK1,ESP,,23,7,87.67,2,2,89.67,89.67,0,0,0,0,0,0,0,0,0,0,0,0,0,0,0,0,0,0,0,0,0,0,-,-,-,-,-
ae8a16b41b43e6412da5b81e6766746f,2026-02-03 15:45:39,David LLORENTE,David LLORENTE,LLORENTE,David,"LLORENTE, David",2019-04-13,None,La Seu,Heats2,MK1,ESP,,23,2,96.57,0,0,96.57,96.57,0,0,0,0,0,0,0,0,0,0,0,0,0,0,0,0,0,0,0,0,0,0,-,-,-,-,-
78809e5ecca6010104419b1f22ff1d49,2026-02-03 15:45:39,David LLORENTE,David LLORENTE,LLORENTE,David,"LLORENTE, David",2019-04-13,None,La Seu,Heats1,MK1,ESP,,23,109,99.96,58,58,157.96,157.96,0,0,0,0,0,0,0,0,0,0,0,0,0,0,0,0,0,0,0,0,0,0,-,-,-,-,-
e1f4df568c91f3fb2dc2a0d8de1f3962,2026-02-03 15:45:39,David LLORENTE,David LLORENTE,LLORENTE,David,"LLORENTE, David",2019-04-07,None,Pau,Semi,MK1,ESP,,23,34,92.53,52,52,144.53,144.53,0,0,0,0,0,0,0,0,0,0,0,0,0,0,0,0,0,0,0,0,0,0,-,-,-,-,-
a0385bcb6050d211ef781acb3ad96c58,2026-02-03 15:45:39,David LLORENTE,David LLORENTE,LLORENTE,David,"LLORENTE, David",2019-04-06,None,Pau,Heats1,MK1,ESP,,23,15,93.06,2,2,95.06,95.06,0,0,0,0,0,0,0,0,0,0,0,0,0,0,0,0,0,0,0,0,-,-,-,-,-,-,-
9470e0ad7e908d70c0d8c27216fd3022,2026-02-03 15:45:39,David LLORENTE,David LLORENTE,LLORENTE,David,"LLORENTE, David",2019-02-22,None,Penrith,Heats1,MK1,ESP,,23,47,107.83,4,4,None,,0,0,0,0,0,0,0,0,0,0,0,0,0,0,0,0,0,0,0,0,0,0,-,-,-,-,-
a81b409751d3b37acd87db1f6c69fa1f,2026-02-03 15:45:39,David LLORENTE,David LLORENTE,LLORENTE,David,"LLORENTE, David",2019-02-22,None,Penrith,Heats2,MK1,ESP,,23,17,103.23,6,6,None,,0,0,0,0,0,0,0,0,0,0,0,0,0,0,0,0,0,0,0,0,0,0,-,-,-,-,-
0f03a97f77c2a8b9b0f633859b96e26b,2026-02-03 15:45:39,David LLORENTE,David LLORENTE,LLORENTE,David,"LLORENTE, David",2019-02-17,None,Penrith,Semi,MK1,ESP,,23,29,92.58,2,2,None,,0,0,0,0,0,0,0,0,0,0,0,0,0,0,0,0,0,0,0,0,-,-,-,-,-,-,-
9dcef5e6d690e6ef8e6ace961377a78a,2026-02-03 15:45:39,David LLORENTE,David LLORENTE,LLORENTE,David,"LLORENTE, David",2019-02-15,None,Penrith,Heats2,MK1,ESP,,23,2,95.02,0,0,None,,0,0,0,0,0,0,0,0,0,0,0,0,0,0,0,0,0,0,0,0,-,-,-,-,-,-,-
2e16b09b8160d3069ef2920361161ef5,2026-02-03 15:45:39,David LLORENTE,David LLORENTE,LLORENTE,David,"LLORENTE, David",2019-02-15,None,Penrith,Heats1,MK1,ESP,,23,39,95.1,4,4,None,,0,0,0,0,0,0,0,0,0,0,0,0,0,0,0,0,0,0,0,0,-,-,-,-,-,-,-
24bc5a08845a15203f099c4ab99a48ec,2026-02-03 15:45:29,David LLORENTE,David LLORENTE,LLORENTE,David,"LLORENTE, David",2018-09-30,None,"Deodoro, Rio",Semi,MK1,ESP,,22,39,117.73,50,50,None,,0,0,0,0,0,0,0,0,0,0,0,0,0,0,0,0,0,0,0,0,0,0,0,0,-,-,-
889df38faf3bd947f78a24bf8fa75345,2026-02-03 15:45:29,David LLORENTE,David LLORENTE,LLORENTE,David,"LLORENTE, David",2018-09-28,None,"Deodoro, Rio",Heats1,MK1,ESP,,22,28,88.23,2,2,None,,0,0,0,0,0,0,0,0,0,0,0,0,0,0,0,0,0,0,0,0,0,0,0,0,-,-,-
5681288917bd5e69d6bdd9a0a3b95e19,2026-02-03 15:45:29,David LLORENTE,David LLORENTE,LLORENTE,David,"LLORENTE, David",2018-09-09,None,La Seu,Semi,MK1,ESP,,22,2,94.15,0,0,None,,0,0,0,0,0,0,0,0,0,0,0,0,0,0,0,0,0,0,0,0,0,0,0,-,-,-,-
50b6e3f3685b48299b2d53c1c25fb226,2026-02-03 15:45:29,David LLORENTE,David LLORENTE,LLORENTE,David,"LLORENTE, David",2018-09-09,None,La Seu,Final,MK1,ESP,,22,10,106.43,102,102,None,,0,0,0,0,0,0,0,0,0,0,0,0,0,0,0,0,0,0,0,0,0,0,0,-,-,-,-
a3a79555dc0f6beb5390253c791fc27e,2026-02-03 15:45:29,David LLORENTE,David LLORENTE,LLORENTE,David,"LLORENTE, David",2018-09-07,None,La Seu,Heats1,MK1,ESP,,22,10,97.49,0,0,None,,0,0,0,0,0,0,0,0,0,0,0,0,0,0,0,0,0,0,0,0,0,0,0,-,-,-,-
10329199c48ff5634ed9b8eed468720c,2026-02-03 15:45:29,David LLORENTE,David LLORENTE,LLORENTE,David,"LLORENTE, David",2018-08-18,None,Bratislava,Semi,MK1,ESP,,22,3,85.24,0,0,None,,0,0,0,0,0,0,0,0,0,0,0,0,0,0,0,0,0,0,0,0,0,-,-,-,-,-,-
1b0276b707c0cef8b41267f327fefe80,2026-02-03 15:45:29,David LLORENTE,David LLORENTE,LLORENTE,David,"LLORENTE, David",2018-08-18,None,Bratislava,Final,MK1,ESP,,22,1,84.17,0,0,None,,0,0,0,0,0,0,0,0,0,0,0,0,0,0,0,0,0,0,0,0,0,-,-,-,-,-,-
cd94bc71311cdc34b1535e7e707e7f62,2026-02-03 15:45:29,David LLORENTE,David LLORENTE,LLORENTE,David,"LLORENTE, David",2018-08-17,None,Bratislava,Heats1,MK1,ESP,,22,11,87.19,2,2,None,,0,0,0,0,0,0,0,0,0,0,0,0,0,0,0,0,0,0,0,0,0,-,-,-,-,-,-
7aca0b45c4ee4a647fc498e61b641886,2026-02-03 15:45:29,David LLORENTE,David LLORENTE,LLORENTE,David,"LLORENTE, David",2018-07-21,None,Ivrea,Final,MK1,ESP,,22,6,88.28,2,2,None,,0,0,0,0,0,0,0,0,0,0,0,0,0,0,0,0,0,0,-,-,-,-,-,-,-,-,-
55cb1e19cd5cb31afa0f896bdea2bdcc,2026-02-03 15:45:29,David LLORENTE,David LLORENTE,LLORENTE,David,"LLORENTE, David",2018-07-21,None,Ivrea,Semi,MK1,ESP,,22,2,79.07,0,0,None,,0,0,0,0,0,0,0,0,0,0,0,0,0,0,0,0,0,0,-,-,-,-,-,-,-,-,-
0d99ac850bf76c9eed9996eb548a4739,2026-02-03 15:45:29,David LLORENTE,David LLORENTE,LLORENTE,David,"LLORENTE, David",2018-07-20,None,Ivrea,Heats1,MK1,ESP,,22,3,78.51,2,2,None,,0,0,0,0,0,0,0,0,0,0,0,0,0,0,0,0,0,0,0,-,-,-,-,-,-,-,-
bb4a6bff0b2000941030007c9ad7bfec,2026-02-03 15:45:29,David LLORENTE,David LLORENTE,LLORENTE,David,"LLORENTE, David",2018-07-08,None,Augsburg,Semi,MK1,ESP,,22,38,105.61,50,50,None,,0,0,0,0,0,0,0,0,0,0,0,0,0,0,0,0,0,0,0,0,0,0,0,0,-,-,-
af36abc888b7069de5715ebade975921,2026-02-03 15:45:29,David LLORENTE,David LLORENTE,LLORENTE,David,"LLORENTE, David",2018-07-06,None,Augsburg,Heats1,MK1,ESP,,22,20,99.89,0,0,None,,0,0,0,0,0,0,0,0,0,0,0,0,0,0,0,0,0,0,0,0,0,0,0,0,-,-,-
5dfeaf1a9352c073ceceb630a693d1bd,2026-02-03 15:45:29,David LLORENTE,David LLORENTE,LLORENTE,David,"LLORENTE, David",2018-07-01,None,Krakow,Semi,MK1,ESP,,22,29,82.15,8,8,None,,0,0,0,0,0,0,0,0,0,0,0,0,0,0,0,0,0,0,0,0,0,0,-,-,-,-,-
f6497d73e9e7476540ed8228138e0ddd,2026-02-03 15:45:29,David LLORENTE,David LLORENTE,LLORENTE,David,"LLORENTE, David",2018-06-29,None,Krakow,Heats1,MK1,ESP,,22,22,81.71,0,0,None,,0,0,0,0,0,0,0,0,0,0,0,0,0,0,0,0,0,0,0,0,0,0,-,-,-,-,-
3aa4bc7243387fd08d815ad7ab39e0c8,2026-02-03 15:45:29,David LLORENTE,David LLORENTE,LLORENTE,David,"LLORENTE, David",2018-06-22,None,Liptovsky Mikulas,Heats1,MK1,ESP,,22,54,106.06,2,2,None,,0,0,0,0,0,0,0,0,0,0,0,0,0,0,0,0,0,0,0,0,0,0,0,-,-,-,-
bf7fa57f4bc56549444539c1995b19fa,2026-02-03 15:45:29,David LLORENTE,David LLORENTE,LLORENTE,David,"LLORENTE, David",2018-06-22,None,Liptovsky Mikulas,Heats2,MK1,ESP,,22,21,99.31,2,2,None,,0,0,0,0,0,0,0,0,0,0,0,0,0,0,0,0,0,0,0,0,0,0,0,-,-,-,-
322e93f7ecff665b7676f7830a4639e2,2026-02-03 15:45:29,David LLORENTE,David LLORENTE,LLORENTE,David,"LLORENTE, David",2018-06-03,None,Prague,Semi,MK1,ESP,,22,29,105.45,208,208,None,,0,0,0,0,0,0,0,0,0,0,0,0,0,0,0,0,0,0,0,0,0,0,0,0,-,-,-
2c1ac729dab0a6f8780f315ac0ddc285,2026-02-03 15:45:29,David LLORENTE,David LLORENTE,LLORENTE,David,"LLORENTE, David",2018-06-01,None,Prague,Heats2,MK1,ESP,,22,4,89.71,0,0,None,,0,0,0,0,0,0,0,0,0,0,0,0,0,0,0,0,0,0,0,0,0,0,0,0,-,-,-
b4138c9dfa3305482faeb87c5f7ca683,2026-02-03 15:45:29,David LLORENTE,David LLORENTE,LLORENTE,David,"LLORENTE, David",2018-06-01,None,Prague,Heats1,MK1,ESP,,22,62,99.9,56,56,None,,0,0,0,0,0,0,0,0,0,0,0,0,0,0,0,0,0,0,0,0,0,0,0,0,-,-,-
de473610def548cf45a5f0ba1ec91c50,2026-02-03 15:45:29,David LLORENTE,David LLORENTE,LLORENTE,David,"LLORENTE, David",2018-04-15,None,La Seu,Semi,MK1,ESP,,22,10,89.55,2,2,None,,0,0,0,0,0,0,0,0,0,0,0,0,0,0,0,0,0,0,0,0,0,-,-,-,-,-,-
dc87a0bcd01b1b65aa03e7338706b5fd,2026-02-03 15:45:29,David LLORENTE,David LLORENTE,LLORENTE,David,"LLORENTE, David",2018-04-15,None,La Seu,Final,MK1,ESP,,22,5,91.21,0,0,None,,0,0,0,0,0,0,0,0,0,0,0,0,0,0,0,0,0,0,0,0,0,-,-,-,-,-,-
ca3ad25df58175443a5ed5e6951a6cda,2026-02-03 15:45:29,David LLORENTE,David LLORENTE,LLORENTE,David,"LLORENTE, David",2018-04-13,None,La Seu,Heats1,MK1,ESP,,22,5,84.71,2,2,None,,0,0,0,0,0,0,0,0,0,0,0,0,0,0,0,0,0,0,0,0,0,-,-,-,-,-,-
7a20dd2dff47686360f1404af6571249,2026-02-03 15:45:22,David LLORENTE,David LLORENTE,LLORENTE,David,"LLORENTE, David",2017-10-27,None,Pau,Heats1,MK1,ESP,,21,52,81.69,6,6,None,,0,0,0,0,0,0,0,0,0,0,0,0,0,0,0,0,0,0,0,0,0,0,0,-,-,-,-
5a0890dbd50e1acd0371c58988afe414,2026-02-03 15:45:22,David LLORENTE,David LLORENTE,LLORENTE,David,"LLORENTE, David",2017-10-27,None,Pau,Heats2,MK1,ESP,,21,10,79.86,2,2,None,,0,0,0,0,0,0,0,0,0,0,0,0,0,0,0,0,0,0,0,0,0,0,0,-,-,-,-
93c71f90f79d241418bdc14dafb31b71,2026-02-03 15:45:22,David LLORENTE,David LLORENTE,LLORENTE,David,"LLORENTE, David",2017-10-01,None,Pau,Semi,MK1,ESP,,21,27,96.68,2,2,None,,0,0,0,0,0,0,0,0,0,0,0,0,0,0,0,0,0,0,0,0,0,0,0,-,-,-,-
2bfdf05f27604b5253bbcf0b2bd43b9f,2026-02-03 15:45:22,David LLORENTE,David LLORENTE,LLORENTE,David,"LLORENTE, David",2017-09-10,None,La Seu,Semi,MK1,ESP,,21,5,90.71,0,0,None,,0,0,0,0,0,0,0,0,0,0,0,0,0,0,0,0,0,0,0,0,0,0,0,0,-,-,-
732809c1fe7fa462bc397a4df5dfbd3a,2026-02-03 15:45:22,David LLORENTE,David LLORENTE,LLORENTE,David,"LLORENTE, David",2017-09-10,None,La Seu,Final,MK1,ESP,,21,7,90.76,0,0,None,,0,0,0,0,0,0,0,0,0,0,0,0,0,0,0,0,0,0,0,0,0,0,0,0,-,-,-
4ad220ec35fa9957dc2be02c86f62f95,2026-02-03 15:45:22,David LLORENTE,David LLORENTE,LLORENTE,David,"LLORENTE, David",2017-09-08,None,La Seu,Heats1,MK1,ESP,,21,14,92.9,2,2,None,,0,0,0,0,0,0,0,0,0,0,0,0,0,0,0,0,0,0,0,0,0,0,0,0,-,-,-
d5f08add904b64b0c986026b999f0a23,2026-02-03 15:45:22,David LLORENTE,David LLORENTE,LLORENTE,David,"LLORENTE, David",2017-08-20,None,Hohenlimburg,Semi,MK1,ESP,,21,17,100.09,4,4,None,,0,0,0,0,0,0,0,0,0,0,0,0,0,0,0,0,0,0,0,0,0,0,0,0,0,-,-
c260cc28e17a1cd71a42c69d8b8b81cb,2026-02-03 15:45:22,David LLORENTE,David LLORENTE,LLORENTE,David,"LLORENTE, David",2017-08-18,None,Hohenlimburg,Heats1,MK1,ESP,,21,4,97.51,0,0,None,,0,0,0,0,0,0,0,0,0,0,0,0,0,0,0,0,0,0,0,0,0,0,0,0,0,-,-
32adf2d514f532e170a2e684060d6814,2026-02-03 15:45:22,David LLORENTE,David LLORENTE,LLORENTE,David,"LLORENTE, David",2017-07-20,None,Bratislava,Semi,MK1,ESP,,21,15,94.82,2,2,None,,0,0,0,0,0,0,0,0,0,0,0,0,0,0,0,0,0,0,0,0,0,0,0,-,-,-,-
306c9bbec035d708bb88baa0b7adf4f6,2026-02-03 15:45:22,David LLORENTE,David LLORENTE,LLORENTE,David,"LLORENTE, David",2017-07-18,None,Bratislava,Heats1,MK1,ESP,,21,78,96.77,202,202,None,,0,0,0,0,0,0,0,0,0,0,0,0,0,0,0,0,0,0,0,0,0,0,0,-,-,-,-
81e771309e50d90e29f268b3a422c649,2026-02-03 15:45:22,David LLORENTE,David LLORENTE,LLORENTE,David,"LLORENTE, David",2017-07-18,None,Bratislava,Heats2,MK1,ESP,,21,4,89.44,0,0,None,,0,0,0,0,0,0,0,0,0,0,0,0,0,0,0,0,0,0,0,0,0,0,0,-,-,-,-
2c09cf9475eb9ea82cdfe77268ecaf42,2026-02-03 15:45:22,David LLORENTE,David LLORENTE,LLORENTE,David,"LLORENTE, David",2017-07-02,None,Markkleeberg,Semi,MK1,ESP,,21,39,105.65,54,54,None,,0,0,0,0,0,0,0,0,0,0,0,0,0,0,0,0,0,0,0,0,0,0,0,-,-,-,-
25eaf7c692881ef98030f885cd83e201,2026-02-03 15:45:22,David LLORENTE,David LLORENTE,LLORENTE,David,"LLORENTE, David",2017-06-30,None,Markkleeberg,Heats1,MK1,ESP,,21,10,90.77,2,2,None,,0,0,0,0,0,0,0,0,0,0,0,0,0,0,0,0,0,0,0,0,0,0,0,-,-,-,-
8ce97d1a26f8d6424bd05ba5b725cff0,2026-02-03 15:45:22,David LLORENTE,David LLORENTE,LLORENTE,David,"LLORENTE, David",2017-06-25,None,Augsburg,Semi,MK1,ESP,,21,40,106.66,152,152,None,,0,0,0,0,0,0,0,0,0,0,0,0,0,0,0,0,0,0,0,0,0,0,0,0,-,-,-
650cfd8167930521adbc5974f7bebb43,2026-02-03 15:45:22,David LLORENTE,David LLORENTE,LLORENTE,David,"LLORENTE, David",2017-06-23,None,Augsburg,Heats1,MK1,ESP,,21,28,97.3,0,0,None,,0,0,0,0,0,0,0,0,0,0,0,0,0,0,0,0,0,0,0,0,0,0,0,0,-,-,-
da7b726faeaa5b6a86e0d4914c726891,2026-02-03 15:45:22,David LLORENTE,David LLORENTE,LLORENTE,David,"LLORENTE, David",2017-06-16,None,Prague,Heats1,MK1,ESP,,21,35,83.03,0,0,None,,0,0,0,0,0,0,0,0,0,0,0,0,0,0,0,0,0,0,0,0,0,0,0,0,0,-,-
295cbe656d377f1b40b86fe1f1f2fe02,2026-02-03 15:45:22,David LLORENTE,David LLORENTE,LLORENTE,David,"LLORENTE, David",2017-06-16,None,Prague,Heats2,MK1,ESP,,21,18,80.63,6,6,None,,0,0,0,0,0,0,0,0,0,0,0,0,0,0,0,0,0,0,0,0,0,0,0,0,0,-,-
c6f8c90f16b0539683b50c3bc8cbe30f,2026-02-03 15:45:22,David LLORENTE,David LLORENTE,LLORENTE,David,"LLORENTE, David",2017-06-01,None,Tacen,Heats1,MK1,ESP,,21,29,99.49,2,2,None,,0,0,0,0,0,0,0,0,0,0,0,0,0,0,0,0,0,0,0,0,0,0,0,0,-,-,-
c544cbcd56a1edd0dd7c3d8e849b79f1,2026-02-03 15:45:22,David LLORENTE,David LLORENTE,LLORENTE,David,"LLORENTE, David",2017-06-01,None,Tacen,Heats2,MK1,ESP,,21,15,95.16,6,6,None,,0,0,0,0,0,0,0,0,0,0,0,0,0,0,0,0,0,0,0,0,0,0,0,0,-,-,-
2f9e972e8d249ea31596af46e047bb36,2026-02-03 15:46:27,Boris NEVEU,Boris NEVEU,NEVEU,Boris,"NEVEU, Boris",2024-03-16,Pyrenees Cup ,Pau,FinalB,MK1,FRA,,38,2,96.76,0,0,96.76,96.76,0,0,0,0,0,0,0,0,0,0,0,0,0,0,0,0,0,0,0,0,0,0,0,0,-,-,-
e84988e848af7dba664f9c4bd9f50474,2026-02-03 15:46:27,Boris NEVEU,Boris NEVEU,NEVEU,Boris,"NEVEU, Boris",2024-03-16,Pyrenees Cup ,Pau,Heats1,MK1,FRA,,38,120,110.67,158,158,268.67,268.67,2,2,0,0,0,0,0,0,0,0,0,2,0,0,0,0,0,0,0,2,0,50,50,50,-,-,-
b1938f8c5e394547852e603d58b080c0,2026-02-03 15:46:27,Boris NEVEU,Boris NEVEU,NEVEU,Boris,"NEVEU, Boris",2024-03-14,Champion Race ,Pau,Final,MK1,FRA,,38,8,47.15,0,0,47.15,47.15,0,0,0,0,0,0,0,0,0,0,0,0,-,-,-,-,-,-,-,-,-,-,-,-,-,-,-
8ebd525f21e478f5f6bc882ef044c5c6,2026-02-03 15:46:27,Boris NEVEU,Boris NEVEU,NEVEU,Boris,"NEVEU, Boris",2024-03-09,Pyrenees Cup ,La Seu,Heats1,MK1,FRA,,38,67,92.04,50,50,142.04,142.04,0,0,0,0,0,0,0,0,0,0,50,0,0,0,0,0,0,0,0,0,0,0,0,-,-,-,-
81ebe2f4489d1b458b15d7b898f2745c,2026-02-03 15:46:27,Boris NEVEU,Boris NEVEU,NEVEU,Boris,"NEVEU, Boris",2024-03-09,Pyrenees Cup ,La Seu,FinalB,MK1,FRA,,38,59,90.71,50,50,140.71,140.71,0,0,0,0,0,0,0,0,0,0,0,0,0,0,0,0,0,0,0,0,0,50,0,-,-,-,-
6d5f26bdabbb6231f8bf4c86cf185751,2026-02-03 15:46:27,Boris NEVEU,Boris NEVEU,NEVEU,Boris,"NEVEU, Boris",2024-02-10,ICF World ranking ,Ile de la Reunion,Final,MK1,FRA,,38,6,95.39,0,0,95.39,95.39,0,0,0,0,0,0,0,0,0,0,0,0,0,0,0,0,0,0,0,0,0,0,-,-,-,-,-
e7da53f3b3e6b17a076f87f244f0be54,2026-02-03 15:46:27,Boris NEVEU,Boris NEVEU,NEVEU,Boris,"NEVEU, Boris",2024-02-10,ICF World ranking ,Ile de la Reunion,Heats1,MK1,FRA,,38,4,94.45,0,0,94.45,94.45,0,0,0,0,0,0,0,0,0,0,0,0,0,0,0,0,0,0,0,0,0,0,-,-,-,-,-
bb6b05db79091fe947da8230081350b7,2026-02-03 15:46:16,Boris NEVEU,Boris NEVEU,NEVEU,Boris,"NEVEU, Boris",2023-10-06,World Cup final,Vaires sur Marne,Heats2,MK1,FRA,,37,21,94.48,0,0,94.48,94.48,0,0,0,0,0,0,0,0,0,0,0,0,0,0,0,0,0,0,0,0,0,-,-,-,-,-,-
1dff612a102d462d998b8013ebba95d2,2026-02-03 15:46:16,Boris NEVEU,Boris NEVEU,NEVEU,Boris,"NEVEU, Boris",2023-10-06,World Cup final,Vaires sur Marne,Heats1,MK1,FRA,,37,49,92.66,50,50,142.66,142.66,0,0,0,0,0,0,0,0,0,50,0,0,0,0,0,0,0,0,0,0,0,-,-,-,-,-,-
558f6af3ab773fffb937e8b30e8a9389,2026-02-03 15:46:16,Boris NEVEU,Boris NEVEU,NEVEU,Boris,"NEVEU, Boris",2023-09-23,World Championships ,Lee Valley,Semi,MK1,FRA,,37,20,97.76,0,0,97.76,97.76,0,0,0,0,0,0,0,0,0,0,0,0,0,0,0,0,0,0,0,0,0,0,-,-,-,-,-
d8a5cecb4f47d05a8bbac279cca627a6,2026-02-03 15:46:16,Boris NEVEU,Boris NEVEU,NEVEU,Boris,"NEVEU, Boris",2023-09-22,World Championships ,Lee Valley,Heats1,MK1,FRA,,37,24,81.44,2,2,83.44,83.44,0,0,2,0,0,0,0,0,0,0,0,0,0,0,0,0,0,0,0,0,0,0,0,-,-,-,-
3c8a87f3cdd7d064c2b573a78b4d7737,2026-02-03 15:46:16,Boris NEVEU,Boris NEVEU,NEVEU,Boris,"NEVEU, Boris",2023-09-01,World Cup #4,La Seu,Heats1,MK1,FRA,,37,16,92.73,0,0,92.73,92.73,0,0,0,0,0,0,0,0,0,0,0,0,0,0,0,0,0,0,0,0,0,0,-,-,-,-,-
16cb9abc7df077df3a4b3b2010e110dc,2026-02-03 15:46:16,Boris NEVEU,Boris NEVEU,NEVEU,Boris,"NEVEU, Boris",2023-07-02,Euros European Games,Krakow,Semi,MK1,FRA,,37,33,106.56,2,2,108.56,108.56,0,0,0,0,0,0,0,0,0,0,0,0,2,0,0,0,0,0,0,0,0,-,-,-,-,-,-
f26524e81fa00b2109bd5b7c2afb86c5,2026-02-03 15:46:16,Boris NEVEU,Boris NEVEU,NEVEU,Boris,"NEVEU, Boris",2023-06-30,Euros European Games,Krakow,Heats1,MK1,FRA,,37,10,87.82,0,0,87.82,87.82,0,0,0,0,0,0,0,0,0,0,0,0,0,0,0,0,0,0,0,0,0,-,-,-,-,-,-
4e02b92d9f97213ce6ed426181cc6bfe,2026-02-03 15:46:16,Boris NEVEU,Boris NEVEU,NEVEU,Boris,"NEVEU, Boris",2023-06-09,World Cup #2,Prague,Semi,MK1,FRA,,37,16,95.89,0,0,95.89,95.89,0,0,0,0,0,0,0,0,0,0,0,0,0,0,0,0,0,0,0,0,0,0,0,0,-,-,-
64393168bfe45c7d2c5b0d5256ada2c7,2026-02-03 15:46:16,Boris NEVEU,Boris NEVEU,NEVEU,Boris,"NEVEU, Boris",2023-06-08,World Cup #2,Prague,Heats1,MK1,FRA,,37,21,87.88,0,0,87.88,87.88,0,0,0,0,0,0,0,0,0,0,0,0,0,0,0,0,0,0,0,0,0,0,0,0,-,-,-
6a8c45b50dd995a888c0f97a7013e142,2026-02-03 15:46:16,Boris NEVEU,Boris NEVEU,NEVEU,Boris,"NEVEU, Boris",2023-06-02,World Cup #1,Augsburg,Semi,MK1,FRA,,37,32,100.79,4,4,104.79,104.79,0,0,0,2,0,0,0,2,0,0,-,-,-,-,-,-,-,-,-,-,-,-,-,-,-,-,-
159c18def612fcda10cdef66a4c1d4dc,2026-02-03 15:46:16,Boris NEVEU,Boris NEVEU,NEVEU,Boris,"NEVEU, Boris",2023-06-01,World Cup #1,Augsburg,Heats1,MK1,FRA,,37,18,93.04,0,0,93.04,93.04,0,0,0,0,0,0,0,0,0,0,0,0,0,0,0,0,0,0,0,0,0,0,0,-,-,-,-
c541a1f720b2c929f0ecb9508763a5c7,2026-02-03 15:46:16,Boris NEVEU,Boris NEVEU,NEVEU,Boris,"NEVEU, Boris",2023-04-25,Team trials France 2023 1,Vaires sur Marne,Heats1,MK1,FRA,,37,8,91.97,2,2,93.97,93.97,0,0,0,0,0,0,0,0,0,0,0,0,0,0,0,0,0,0,0,0,0,0,0,0,0,-,-
d336e95f818f0d2ad4762790f2faa2b0,2026-02-03 15:46:02,Boris NEVEU,Boris NEVEU,NEVEU,Boris,"NEVEU, Boris",2022-09-18,ICF World ranking ,Lee Valley,Semi,MK1,FRA,,36,14,100.84,0,0,100.84,100.84,0,0,0,0,0,0,0,0,0,0,0,0,0,0,0,0,0,0,0,0,0,0,-,-,-,-,-
fbe3f3526a233e584d00a70c8160f9f2,2026-02-03 15:46:02,Boris NEVEU,Boris NEVEU,NEVEU,Boris,"NEVEU, Boris",2022-09-17,ICF World ranking ,Lee Valley,Heats1,MK1,FRA,,36,17,102.74,0,0,102.74,102.74,0,0,0,0,0,0,0,0,0,0,0,0,0,0,0,0,0,0,0,0,0,0,-,-,-,-,-
c5c0e248eeacb9253c5076c51195cc5f,2026-02-03 15:46:02,Boris NEVEU,Boris NEVEU,NEVEU,Boris,"NEVEU, Boris",2022-09-04,World Cup final,La Seu,Semi,MK1,FRA,,36,35,93.35,54,54,147.35,147.35,0,0,0,0,0,0,0,0,0,0,0,0,0,0,0,0,0,0,0,0,0,0,-,-,-,-,-
1bd3ff234e2a045c07e0fc9cff3977e6,2026-02-03 15:46:02,Boris NEVEU,Boris NEVEU,NEVEU,Boris,"NEVEU, Boris",2022-09-02,World Cup final,La Seu,Heats1,MK1,FRA,,36,16,83.35,0,0,83.35,83.35,0,0,0,0,0,0,0,0,-,-,-,-,-,-,-,-,-,-,-,-,-,-,-,-,-,-,-
879388cf8712725a9423027fd432d78c,2026-02-03 15:46:02,Boris NEVEU,Boris NEVEU,NEVEU,Boris,"NEVEU, Boris",2022-08-28,World Cup #4,Pau,Final,MK1,FRA,,36,3,98.64,0,0,98.64,98.64,0,0,0,0,0,0,0,0,0,0,0,0,0,0,0,0,0,0,0,0,0,0,-,-,-,-,-
00a8a6a8cea0cfe2a139f7d6ab2d488d,2026-02-03 15:46:02,Boris NEVEU,Boris NEVEU,NEVEU,Boris,"NEVEU, Boris",2022-08-28,World Cup #4,Pau,Semi,MK1,FRA,,36,9,101.06,0,0,101.06,101.06,0,0,0,0,0,0,0,0,0,0,0,0,0,0,0,0,0,0,0,0,0,0,-,-,-,-,-
dd66c4b3be18f36ef153d6b882f6d84e,2026-02-03 15:46:02,Boris NEVEU,Boris NEVEU,NEVEU,Boris,"NEVEU, Boris",2022-08-26,World Cup #4,Pau,Heats1,MK1,FRA,,36,17,96.2,0,0,96.2,96.2,0,0,0,0,0,0,0,0,0,0,0,0,0,0,0,0,0,0,0,0,0,0,-,-,-,-,-
df369f6d01c60d2b6e15d7c4a29d8ab0,2026-02-03 15:46:02,Boris NEVEU,Boris NEVEU,NEVEU,Boris,"NEVEU, Boris",2022-07-31,World Championships ,Augsburg,Semi,MK1,FRA,,36,10,96.95,0,0,96.95,96.95,0,0,0,0,0,0,0,0,0,0,0,0,0,0,0,0,0,0,0,0,0,0,-,-,-,-,-
ee368687b2a484bff341137069d3b326,2026-02-03 15:46:02,Boris NEVEU,Boris NEVEU,NEVEU,Boris,"NEVEU, Boris",2022-07-31,World Championships ,Augsburg,Final,MK1,FRA,,36,3,95.75,0,0,95.75,95.75,0,0,0,0,0,0,0,0,0,0,0,0,0,0,0,0,0,0,0,0,0,0,-,-,-,-,-
76dd352e2d1c937d93480b5a32b57bf6,2026-02-03 15:46:02,Boris NEVEU,Boris NEVEU,NEVEU,Boris,"NEVEU, Boris",2022-07-28,World Championships ,Augsburg,Heats1,MK1,FRA,,36,13,89.93,0,0,89.93,89.93,0,0,0,0,0,0,0,0,0,0,0,0,0,0,0,0,0,0,0,0,0,0,-,-,-,-,-
b1467e7e2f48a3f4e462ae93c255d2d0,2026-02-03 15:46:02,Boris NEVEU,Boris NEVEU,NEVEU,Boris,"NEVEU, Boris",2022-06-19,World Cup #2,Krakow,Semi,MK1,FRA,,36,6,87.46,0,0,87.46,87.46,0,0,0,0,0,0,0,0,0,0,0,0,0,0,0,0,0,0,0,0,0,0,-,-,-,-,-
8bc0586adf7f82f231ddfde899f44bec,2026-02-03 15:46:02,Boris NEVEU,Boris NEVEU,NEVEU,Boris,"NEVEU, Boris",2022-06-19,World Cup #2,Krakow,Final,MK1,FRA,,36,10,87.23,104,104,191.23,191.23,0,0,0,0,0,0,0,0,0,0,0,0,0,0,0,0,0,0,0,0,0,0,-,-,-,-,-
78d64c4dc3e4130f4a44ae6c355a6794,2026-02-03 15:46:02,Boris NEVEU,Boris NEVEU,NEVEU,Boris,"NEVEU, Boris",2022-06-17,World Cup #2,Krakow,Heats1,MK1,FRA,,36,20,91.99,2,2,93.99,93.99,0,0,0,0,0,0,0,0,0,0,0,0,0,0,0,0,0,0,0,0,0,0,-,-,-,-,-
27d8239fd8e5f57ea85a2a241ff716b2,2026-02-03 15:46:02,Boris NEVEU,Boris NEVEU,NEVEU,Boris,"NEVEU, Boris",2022-06-12,World Cup #1,Prague,Semi,MK1,FRA,,36,13,98.08,0,0,98.08,98.08,0,0,0,0,0,0,0,0,-,-,-,-,-,-,-,-,-,-,-,-,-,-,-,-,-,-,-
11b9668e49c41dacb4753af3e9693e61,2026-02-03 15:46:02,Boris NEVEU,Boris NEVEU,NEVEU,Boris,"NEVEU, Boris",2022-06-10,World Cup #1,Prague,Heats1,MK1,FRA,,36,25,89.63,2,2,91.63,91.63,0,0,0,0,0,0,0,0,-,-,-,-,-,-,-,-,-,-,-,-,-,-,-,-,-,-,-
6053a7061ae69bc39de3cb80dc1ea34e,2026-02-03 15:45:53,Boris NEVEU,Boris NEVEU,NEVEU,Boris,"NEVEU, Boris",2021-09-26,World Championships ,Bratislava,Final,MK1,FRA,,35,1,83.92,0,0,83.92,83.92,0,0,0,0,0,0,0,0,0,0,0,0,0,0,0,0,0,0,0,0,0,0,-,-,-,-,-
9c8aed783be37c9e2ee017df02d083fd,2026-02-03 15:45:53,Boris NEVEU,Boris NEVEU,NEVEU,Boris,"NEVEU, Boris",2021-09-26,World Championships ,Bratislava,Semi,MK1,FRA,,35,6,85.12,2,2,87.12,87.12,0,0,0,0,0,0,0,0,0,0,0,0,0,0,0,0,0,0,0,0,0,0,-,-,-,-,-
cc43ac8d96db3d4adfff9d9531079018,2026-02-03 15:45:53,Boris NEVEU,Boris NEVEU,NEVEU,Boris,"NEVEU, Boris",2021-09-24,World Championships ,Bratislava,Heats1,MK1,FRA,,35,1,82.14,0,0,82.14,82.14,0,0,0,0,0,0,0,0,0,0,0,0,0,0,0,0,0,0,0,0,0,0,-,-,-,-,-
9fee286bfe00b9ed867707663cc09e56,2026-02-03 15:45:53,Boris NEVEU,Boris NEVEU,NEVEU,Boris,"NEVEU, Boris",2021-09-12,World Cup ,Pau,Semi,MK1,FRA,,35,9,97.56,2,2,99.56,99.56,0,0,0,0,0,0,0,0,0,0,0,0,0,0,0,0,0,0,0,0,0,0,-,-,-,-,-
1e660e4e5042c3d3db12e19e26cfa212,2026-02-03 15:45:53,Boris NEVEU,Boris NEVEU,NEVEU,Boris,"NEVEU, Boris",2021-09-12,World Cup ,Pau,Final,MK1,FRA,,35,4,96.5,0,0,96.5,96.5,0,0,0,0,0,0,0,0,0,0,0,0,0,0,0,0,0,0,0,0,0,0,-,-,-,-,-
39283ce6caf3235d4406e85c9ab64efb,2026-02-03 15:45:53,Boris NEVEU,Boris NEVEU,NEVEU,Boris,"NEVEU, Boris",2021-09-10,World Cup ,Pau,Heats1,MK1,FRA,,35,10,97.19,0,0,97.19,97.19,0,0,0,0,0,0,0,0,0,0,0,0,0,0,0,0,0,0,0,0,0,0,-,-,-,-,-
5f5022fa91defa22a1a9b9b9613cf1dd,2026-02-03 15:45:53,Boris NEVEU,Boris NEVEU,NEVEU,Boris,"NEVEU, Boris",2021-09-05,World Cup ,La Seu,Semi,MK1,FRA,,35,6,85.11,0,0,85.11,85.11,0,0,0,0,0,0,0,0,0,0,0,0,0,0,0,0,0,0,0,0,0,0,-,-,-,-,-
c0d94745870ce4fa0cbb830b21da782c,2026-02-03 15:45:53,Boris NEVEU,Boris NEVEU,NEVEU,Boris,"NEVEU, Boris",2021-09-05,World Cup ,La Seu,Final,MK1,FRA,,35,5,84.09,0,0,84.09,84.09,0,0,0,0,0,0,0,0,0,0,0,0,0,0,0,0,0,0,0,0,0,0,-,-,-,-,-
07234131a48b9fe8d65ecd9b93df5306,2026-02-03 15:45:53,Boris NEVEU,Boris NEVEU,NEVEU,Boris,"NEVEU, Boris",2021-09-03,World Cup ,La Seu,Heats1,MK1,FRA,,35,50,88.74,50,50,138.74,138.74,0,0,0,0,0,0,0,0,0,0,0,0,0,0,0,0,0,0,0,0,0,0,-,-,-,-,-
ea1a6ed3f8356ba7fa6c4721113b30c4,2026-02-03 15:45:53,Boris NEVEU,Boris NEVEU,NEVEU,Boris,"NEVEU, Boris",2021-09-03,World Cup ,La Seu,Heats2,MK1,FRA,,35,1,90.09,0,0,90.09,90.09,0,0,0,0,0,0,0,0,0,0,0,0,0,0,0,0,0,0,0,0,0,0,-,-,-,-,-
7915e98e058881d7b59c5f2cd1bc3603,2026-02-03 15:45:53,Boris NEVEU,Boris NEVEU,NEVEU,Boris,"NEVEU, Boris",2021-07-30,Olympic Games ,Tokyo,Final,MK1,FRA,,35,7,97.18,4,4,101.18,101.18,0,0,0,0,0,0,0,0,0,0,0,0,0,0,0,0,0,0,0,0,0,0,-,-,-,-,-
e0f8a44e8a95b4c24a63afaab73942be,2026-02-03 15:45:53,Boris NEVEU,Boris NEVEU,NEVEU,Boris,"NEVEU, Boris",2021-07-30,Olympic Games ,Tokyo,Semi,MK1,FRA,,35,2,94.86,0,0,94.86,94.86,0,0,0,0,0,0,0,0,0,0,0,0,0,0,0,0,0,0,0,0,0,0,-,-,-,-,-
cf459d4d33fefbf5e787af04395c9193,2026-02-03 15:45:53,Boris NEVEU,Boris NEVEU,NEVEU,Boris,"NEVEU, Boris",2021-07-28,Olympic Games ,Tokyo,Heats2,MK1,FRA,,35,5,91.78,0,0,91.78,91.78,0,0,0,0,0,0,0,0,0,0,0,0,0,0,0,0,0,0,0,0,0,0,-,-,-,-,-
e4d93c195bdc77e9a44b38c27e68f476,2026-02-03 15:45:53,Boris NEVEU,Boris NEVEU,NEVEU,Boris,"NEVEU, Boris",2021-07-28,Olympic Games ,Tokyo,Heats1,MK1,FRA,,35,21,97.12,50,50,147.12,147.12,0,0,0,0,0,0,0,0,0,0,0,0,0,0,0,0,0,0,0,0,0,0,-,-,-,-,-
fc815909cf7f4dbdcd6fd65eb1f04c74,2026-02-03 15:45:53,Boris NEVEU,Boris NEVEU,NEVEU,Boris,"NEVEU, Boris",2021-06-20,World Cup ,Markkleeberg,Final,MK1,FRA,,35,3,89.86,2,2,91.86,91.86,0,0,0,0,0,0,0,0,0,0,0,0,0,0,0,0,0,0,0,0,0,0,-,-,-,-,-
fd4708d23fe17ec0199684489a71d96a,2026-02-03 15:45:53,Boris NEVEU,Boris NEVEU,NEVEU,Boris,"NEVEU, Boris",2021-06-20,World Cup ,Markkleeberg,Semi,MK1,FRA,,35,5,92.05,0,0,92.05,92.05,0,0,0,0,0,0,0,0,0,0,0,0,0,0,0,0,0,0,0,0,0,0,-,-,-,-,-
cd2d134737ec970d225039308eb54337,2026-02-03 15:45:53,Boris NEVEU,Boris NEVEU,NEVEU,Boris,"NEVEU, Boris",2021-06-18,World Cup ,Markkleeberg,Heats1,MK1,FRA,,35,11,94.31,2,2,96.31,96.31,0,0,0,0,0,0,0,0,0,0,0,0,0,0,0,0,0,0,0,0,0,0,-,-,-,-,-
406b99e060e4b700787b84d51b1f0743,2026-02-03 15:45:53,Boris NEVEU,Boris NEVEU,NEVEU,Boris,"NEVEU, Boris",2021-06-13,World Cup ,Prague,Semi,MK1,FRA,,35,21,94.93,2,2,96.93,96.93,0,0,0,0,0,0,0,0,0,0,0,0,0,0,0,0,0,0,0,0,0,0,-,-,-,-,-
a6b968a10b371a3960b0fd4cbb8f9140,2026-02-03 15:45:53,Boris NEVEU,Boris NEVEU,NEVEU,Boris,"NEVEU, Boris",2021-06-11,World Cup ,Prague,Heats1,MK1,FRA,,35,9,89.75,0,0,89.75,89.75,0,0,0,0,0,0,0,0,0,0,0,0,0,0,0,0,0,0,0,0,0,0,-,-,-,-,-
c02440bbb54229f9d8d143f90c726cbc,2026-02-03 15:45:53,Boris NEVEU,Boris NEVEU,NEVEU,Boris,"NEVEU, Boris",2021-05-09,Euros ,Ivrea,Semi,MK1,FRA,,35,19,86.7,0,0,86.7,86.7,0,0,0,0,0,0,0,0,0,0,0,0,0,0,0,0,0,0,0,0,0,0,-,-,-,-,-
b8d3ec6eac7027be82d0d2b83ba7ef75,2026-02-03 15:45:53,Boris NEVEU,Boris NEVEU,NEVEU,Boris,"NEVEU, Boris",2021-05-07,Euros ,Ivrea,Heats1,MK1,FRA,,35,9,78.33,0,0,78.33,78.33,0,0,0,0,0,0,0,0,0,0,0,0,0,0,0,0,0,0,0,0,0,0,-,-,-,-,-
bc3b68d31df84985c0030053a9c4536c,2026-02-03 15:45:53,Boris NEVEU,Boris NEVEU,NEVEU,Boris,"NEVEU, Boris",2021-04-25,Team trials day 3,Vaires sur Marne,Final,MK1,FRA,,35,3,93.43,0,0,93.43,93.43,0,0,0,0,0,0,0,0,0,0,0,0,0,0,0,0,0,0,0,0,0,0,0,0,0,-,-
7aa89eb10ece75af45738699fe04be11,2026-02-03 15:45:53,Boris NEVEU,Boris NEVEU,NEVEU,Boris,"NEVEU, Boris",2021-04-25,Team trials day 3,Vaires sur Marne,Semi,MK1,FRA,,35,1,93.96,0,0,93.96,93.96,0,0,0,0,0,0,0,0,0,0,0,0,0,0,0,0,0,0,0,0,0,0,0,0,0,-,-
d2f3ddade7913cdb4125d8d5650afed7,2026-02-03 15:45:53,Boris NEVEU,Boris NEVEU,NEVEU,Boris,"NEVEU, Boris",2021-04-23,Team trials day 2,Vaires sur Marne,Final,MK1,FRA,,35,10,89.68,50,50,139.68,139.68,0,0,0,0,0,0,0,0,0,0,0,0,0,0,0,0,0,0,0,0,0,0,0,0,0,-,-
1efd1bc25f8dfa2794b20351e7d49ce3,2026-02-03 15:45:53,Boris NEVEU,Boris NEVEU,NEVEU,Boris,"NEVEU, Boris",2021-04-23,Team trials day 2,Vaires sur Marne,Semi,MK1,FRA,,35,9,91.69,2,2,93.69,93.69,0,0,0,0,0,0,0,0,0,0,0,0,0,0,0,0,0,0,0,0,0,0,0,0,0,-,-
af3a462c060b764f21030c85f04fce66,2026-02-03 15:45:53,Boris NEVEU,Boris NEVEU,NEVEU,Boris,"NEVEU, Boris",2021-04-22,Team trials day 1,Vaires sur Marne,Semi,MK1,FRA,,35,19,110.23,4,4,114.23,114.23,0,0,0,0,0,0,0,0,0,0,0,0,0,0,0,0,0,0,0,0,0,0,0,0,0,-,-
4e38e8f98c44dd6a83dc07eeb7f28a95,2026-02-03 15:45:53,Boris NEVEU,Boris NEVEU,NEVEU,Boris,"NEVEU, Boris",2021-04-22,Team trials day 1,Vaires sur Marne,FinalB,MK1,FRA,,35,2,101.5,2,2,103.5,103.5,0,0,0,0,0,0,0,0,0,0,0,0,0,0,0,0,0,0,0,0,0,0,0,0,0,-,-
ce2e8044567d90ab82efb5bc1da22798,2026-02-03 15:45:53,Boris NEVEU,Boris NEVEU,NEVEU,Boris,"NEVEU, Boris",2021-03-27,Pyrenees Cup ,Pau,Heats2,MK1,FRA,,35,12,101.69,0,0,101.69,101.69,0,0,0,0,0,0,0,0,0,0,0,0,0,0,0,0,0,0,0,0,0,0,-,-,-,-,-
10dd7a9d5471a2b1672090e37a5a4721,2026-02-03 15:45:53,Boris NEVEU,Boris NEVEU,NEVEU,Boris,"NEVEU, Boris",2021-03-27,Pyrenees Cup ,Pau,Heats1,MK1,FRA,,35,83,96.9,152,152,248.9,248.9,0,0,0,0,0,0,0,0,0,0,0,0,0,0,0,0,0,0,0,0,0,0,-,-,-,-,-
4f85256cea06b3c2e226d54617edf754,2026-02-03 15:45:45,Boris NEVEU,Boris NEVEU,NEVEU,Boris,"NEVEU, Boris",2020-11-08,World Cup ,Pau,Semi,MK1,FRA,,34,18,97.21,50,50,147.21,147.21,0,0,0,0,0,0,0,0,0,0,0,0,0,0,0,0,0,0,0,0,0,0,-,-,-,-,-
2d02ff05ef42614203d7653189c1a539,2026-02-03 15:45:45,Boris NEVEU,Boris NEVEU,NEVEU,Boris,"NEVEU, Boris",2020-10-11,Team trials Course 3,Pau,Final,MK1,FRA,,34,8,88.79,50,50,138.79,138.79,0,0,0,0,0,0,0,0,0,0,0,0,0,0,0,0,0,0,0,0,0,0,0,0,-,-,-
0a0270ca77236b1c1c384b402e71c4d3,2026-02-03 15:45:45,Boris NEVEU,Boris NEVEU,NEVEU,Boris,"NEVEU, Boris",2020-10-11,Team trials Course 3,Pau,Semi,MK1,FRA,,34,7,89.91,0,0,89.91,89.91,0,0,0,0,0,0,0,0,0,0,0,0,0,0,0,0,0,0,0,0,0,0,0,0,-,-,-
1c8c5d34b73b4f84a6ad8d4b1f28b6bf,2026-02-03 15:45:45,Boris NEVEU,Boris NEVEU,NEVEU,Boris,"NEVEU, Boris",2020-10-10,Team trials Course 2,Pau,Semi,MK1,FRA,,34,6,96.36,0,0,96.36,96.36,0,0,0,0,0,0,0,0,0,0,0,0,0,0,0,0,0,0,0,0,0,0,0,0,-,-,-
7b43cefe8dc84d1623a0a969dc541bd2,2026-02-03 15:45:45,Boris NEVEU,Boris NEVEU,NEVEU,Boris,"NEVEU, Boris",2020-10-10,Team trials Course 2,Pau,Final,MK1,FRA,,34,3,92.74,0,0,92.74,92.74,0,0,0,0,0,0,0,0,0,0,0,0,0,0,0,0,0,0,0,0,0,0,0,0,-,-,-
62a23450bcc920d3e7c47d6f39a94cee,2026-02-03 15:45:45,Boris NEVEU,Boris NEVEU,NEVEU,Boris,"NEVEU, Boris",2020-10-08,Team trials Course 1,Pau,FinalB,MK1,FRA,,34,1,96.57,0,0,96.57,96.57,0,0,0,0,0,0,0,0,0,0,0,0,0,0,0,0,0,0,0,0,0,0,0,0,-,-,-
9b68ba104f0b78ac5b5ba63b4b5a231f,2026-02-03 15:45:45,Boris NEVEU,Boris NEVEU,NEVEU,Boris,"NEVEU, Boris",2020-10-08,Team trials Course 1,Pau,Semi,MK1,FRA,,34,14,101.75,4,4,105.75,105.75,0,0,0,0,0,0,0,0,0,0,0,0,0,0,0,0,0,0,0,0,0,0,0,0,-,-,-
22ce81d08dc952279c7fcda9b73e0493,2026-02-03 15:45:45,Boris NEVEU,Boris NEVEU,NEVEU,Boris,"NEVEU, Boris",2020-10-06,World Cup ,Pau,Heats1,MK1,FRA,,34,12,98.21,2,2,100.21,100.21,0,0,0,0,0,0,0,0,0,0,0,0,0,0,0,0,0,0,0,0,0,0,-,-,-,-,-
5c841f5a1914d9b6500b4e2fcd2ad300,2026-02-03 15:45:45,Boris NEVEU,Boris NEVEU,NEVEU,Boris,"NEVEU, Boris",2020-09-20,Euros ,Prague,Semi,MK1,FRA,,34,6,102.09,0,0,102.09,102.09,0,0,0,0,0,0,0,0,0,0,0,0,0,0,0,0,0,0,0,0,0,0,0,0,0,-,-
2fa380dbf83966f409402a79a9e2ea61,2026-02-03 15:45:45,Boris NEVEU,Boris NEVEU,NEVEU,Boris,"NEVEU, Boris",2020-09-20,Euros ,Prague,Final,MK1,FRA,,34,5,99.71,0,0,99.71,99.71,0,0,0,0,0,0,0,0,0,0,0,0,0,0,0,0,0,0,0,0,0,0,0,0,0,-,-
f920a458a8ef213c5f8e1093b21d7af8,2026-02-03 15:45:45,Boris NEVEU,Boris NEVEU,NEVEU,Boris,"NEVEU, Boris",2020-09-18,Euros ,Prague,Heats1,MK1,FRA,,34,6,93.25,0,0,93.25,93.25,0,0,0,0,0,0,0,0,0,0,0,0,0,0,0,0,0,0,0,0,0,0,0,0,0,-,-
1e6c31eb5fed9fe993ceecbec8b541e5,2026-02-03 15:45:45,Boris NEVEU,Boris NEVEU,NEVEU,Boris,"NEVEU, Boris",2020-02-23,Australian Open ,Penrith,Semi,MK1,FRA,,34,15,92.99,0,0,92.99,92.99,0,0,0,0,0,0,0,0,0,0,0,0,0,0,0,0,0,0,0,0,0,0,0,-,-,-,-
2647514fb80e90780eeb08335f85ac3d,2026-02-03 15:45:45,Boris NEVEU,Boris NEVEU,NEVEU,Boris,"NEVEU, Boris",2020-02-21,Australian Open ,Penrith,Heats1,MK1,FRA,,34,15,92.03,0,0,92.03,92.03,0,0,0,0,0,0,0,0,0,0,0,0,0,0,0,0,0,0,0,0,0,0,-,-,-,-,-
04bf171e1dec81c978b34ad9ead72a07,2026-02-03 15:45:39,Boris NEVEU,Boris NEVEU,NEVEU,Boris,"NEVEU, Boris",2019-10-27,Olympic test event ,Tokyo,Semi,MK1,FRA,,33,3,93.18,0,0,93.18,93.18,0,0,0,0,0,0,0,0,0,0,0,0,0,0,0,0,0,0,0,0,0,0,0,0,0,-,-
bc0b7b622cad371d14d550f8c541c7f2,2026-02-03 15:45:39,Boris NEVEU,Boris NEVEU,NEVEU,Boris,"NEVEU, Boris",2019-10-27,Olympic test event ,Tokyo,Heats1,MK1,FRA,,33,4,96.21,0,0,96.21,96.21,0,0,0,0,0,0,0,0,0,0,0,0,0,0,0,0,0,0,0,0,0,0,0,0,0,-,-
5773a8e7441423203a60227ec17ae78d,2026-02-03 15:45:39,Boris NEVEU,Boris NEVEU,NEVEU,Boris,"NEVEU, Boris",2019-10-27,Olympic test event ,Tokyo,Final,MK1,FRA,,33,6,95.61,0,0,95.61,95.61,0,0,0,0,0,0,0,0,0,0,0,0,0,0,0,0,0,0,0,0,0,0,0,0,0,-,-
42f53b78aac8892ca2e64a7fadc5c0f0,2026-02-03 15:45:39,Boris NEVEU,Boris NEVEU,NEVEU,Boris,"NEVEU, Boris",2019-10-27,Olympic test event ,Tokyo,Heats2,MK1,FRA,,33,19,91.94,50,50,141.94,141.94,0,0,0,0,0,0,0,0,0,0,0,0,0,0,0,0,0,0,0,0,0,0,0,0,0,-,-
97104ed70bd13d0598388fd3e7b2b8d9,2026-02-03 15:45:39,Boris NEVEU,Boris NEVEU,NEVEU,Boris,"NEVEU, Boris",2019-09-29,World Championships ,La Seu,Semi,MK1,FRA,,33,29,91.2,0,0,91.2,91.2,0,0,0,0,0,0,0,0,0,0,0,0,0,0,0,0,0,0,0,0,0,0,-,-,-,-,-
c3deabcc9ab422a22ae7ea792826b7db,2026-02-03 15:45:39,Boris NEVEU,Boris NEVEU,NEVEU,Boris,"NEVEU, Boris",2019-09-27,World Championships ,La Seu,Heats1,MK1,FRA,,33,15,90.81,0,0,90.81,90.81,0,0,0,0,0,0,0,0,0,0,0,0,0,0,0,0,0,0,0,0,0,0,-,-,-,-,-
cfc2d4baaf2f5095d498a954d64e08bb,2026-02-03 15:45:39,Boris NEVEU,Boris NEVEU,NEVEU,Boris,"NEVEU, Boris",2019-09-08,World Cup ,Prague,Final,MK1,FRA,,33,3,94.18,0,0,94.18,94.18,0,0,0,0,0,0,0,0,0,0,0,0,0,0,0,0,0,0,0,0,0,0,-,-,-,-,-
a377febeffe21bde4d5e3c7a3a0b97eb,2026-02-03 15:45:39,Boris NEVEU,Boris NEVEU,NEVEU,Boris,"NEVEU, Boris",2019-09-08,World Cup ,Prague,Semi,MK1,FRA,,33,3,93.29,0,0,93.29,93.29,0,0,0,0,0,0,0,0,0,0,0,0,0,0,0,0,0,0,0,0,0,0,-,-,-,-,-
354fb036dc8a885d6ab40ff3c22c0cb7,2026-02-03 15:45:39,Boris NEVEU,Boris NEVEU,NEVEU,Boris,"NEVEU, Boris",2019-09-06,World Cup ,Prague,Heats1,MK1,FRA,,33,6,91.56,0,0,91.56,91.56,0,0,0,0,0,0,0,0,0,0,0,0,0,0,0,0,0,0,0,0,0,0,-,-,-,-,-
3da9d61ebee709ef4371b3b2569b6d7c,2026-02-03 15:45:39,Boris NEVEU,Boris NEVEU,NEVEU,Boris,"NEVEU, Boris",2019-09-01,World Cup ,Markkleeberg,Final,MK1,FRA,,33,9,89.8,52,52,None,,0,0,0,0,0,0,0,0,0,0,0,0,0,0,0,0,0,0,0,0,0,-,-,-,-,-,-
bbfb4c1bfc0628244615574c24cccfcf,2026-02-03 15:45:39,Boris NEVEU,Boris NEVEU,NEVEU,Boris,"NEVEU, Boris",2019-09-01,World Cup ,Markkleeberg,Semi,MK1,FRA,,33,5,91.06,0,0,None,,0,0,0,0,0,0,0,0,0,0,0,0,0,0,0,0,0,0,0,0,0,-,-,-,-,-,-
6c2c2af11d138224b6a512e4d167a879,2026-02-03 15:45:39,Boris NEVEU,Boris NEVEU,NEVEU,Boris,"NEVEU, Boris",2019-08-30,World Cup ,Markkleeberg,Heats2,MK1,FRA,,33,1,91.24,0,0,None,,0,0,0,0,0,0,0,0,0,0,0,0,0,0,0,0,0,0,0,0,0,-,-,-,-,-,-
7a8285dd05e493604a8643193754a7db,2026-02-03 15:45:39,Boris NEVEU,Boris NEVEU,NEVEU,Boris,"NEVEU, Boris",2019-08-30,World Cup ,Markkleeberg,Heats1,MK1,FRA,,33,38,99.03,0,0,None,,0,0,0,0,0,0,0,0,0,0,0,0,0,0,0,0,0,0,0,0,0,-,-,-,-,-,-
0eb521f53b0ec3eb464594927122e13d,2026-02-03 15:45:39,Boris NEVEU,Boris NEVEU,NEVEU,Boris,"NEVEU, Boris",2019-06-23,World Cup ,Bratislava,Final,MK1,FRA,,33,3,90.13,0,0,90.13,90.13,0,0,0,0,0,0,0,0,0,0,0,0,0,0,0,0,0,0,0,0,0,0,-,-,-,-,-
fbf9d3358e402500319440b6d52ca6d3,2026-02-03 15:45:39,Boris NEVEU,Boris NEVEU,NEVEU,Boris,"NEVEU, Boris",2019-06-23,World Cup ,Bratislava,Semi,MK1,FRA,,33,10,91.35,0,0,91.35,91.35,0,0,0,0,0,0,0,0,0,0,0,0,0,0,0,0,0,0,0,0,0,0,-,-,-,-,-
1ef478f22fd5bf22c59bf5a7cb487423,2026-02-03 15:45:39,Boris NEVEU,Boris NEVEU,NEVEU,Boris,"NEVEU, Boris",2019-06-21,World Cup ,Bratislava,Heats1,MK1,FRA,,33,11,92.13,0,0,92.13,92.13,0,0,0,0,0,0,0,0,0,0,0,0,0,0,0,0,0,0,0,0,0,0,-,-,-,-,-
e7e09c5fc1d0fe5979078058fddfec70,2026-02-03 15:45:39,Boris NEVEU,Boris NEVEU,NEVEU,Boris,"NEVEU, Boris",2019-06-16,World Cup ,Lee Valley,Semi,MK1,FRA,,33,15,92.17,2,2,94.17,94.17,0,0,0,0,0,0,0,0,0,0,0,0,0,0,0,0,0,0,0,0,0,0,0,0,0,-,-
127a0a0e3010837e918219a95298ed81,2026-02-03 15:45:39,Boris NEVEU,Boris NEVEU,NEVEU,Boris,"NEVEU, Boris",2019-06-14,World Cup ,Lee Valley,Heats1,MK1,FRA,,33,29,93.46,0,0,93.46,93.46,0,0,0,0,0,0,0,0,0,0,0,0,0,0,0,0,0,0,0,0,0,0,0,-,-,-,-
a089975388efbb94ed41763171b01716,2026-02-03 15:45:39,Boris NEVEU,Boris NEVEU,NEVEU,Boris,"NEVEU, Boris",2019-06-02,Euros ,Pau,Final,MK1,FRA,,33,9,96.76,0,0,96.76,96.76,0,0,0,0,0,0,0,0,0,0,0,0,0,0,0,0,0,0,0,0,0,0,0,0,0,-,-
f73e217161480493082cf233f64da05c,2026-02-03 15:45:39,Boris NEVEU,Boris NEVEU,NEVEU,Boris,"NEVEU, Boris",2019-06-02,Euros ,Pau,Semi,MK1,FRA,,33,10,94.86,2,2,96.86,96.86,0,0,0,0,0,0,0,0,0,0,0,0,0,0,0,0,0,0,0,0,0,0,0,0,0,-,-
68fffd3042fed2921b2eaba449343ae9,2026-02-03 15:45:39,Boris NEVEU,Boris NEVEU,NEVEU,Boris,"NEVEU, Boris",2019-05-31,Euros ,Pau,Heats1,MK1,FRA,,33,7,90.25,0,0,90.25,90.25,0,0,0,0,0,0,0,0,0,0,0,0,0,0,0,0,0,0,0,0,0,0,0,0,-,-,-
affaa8cc8be0a08055cc0dd8f4a6cc3f,2026-02-03 15:45:39,Boris NEVEU,Boris NEVEU,NEVEU,Boris,"NEVEU, Boris",2019-05-04,Team trials ESP-FRA,Pau,Final,MK1,FRA,,33,1,94.65,0,0,94.65,94.65,0,0,0,0,0,0,0,0,0,0,0,0,0,0,0,0,0,0,0,0,0,0,0,0,0,-,-
abffcd940a3bcfd93b499f9ac2b4c8b0,2026-02-03 15:45:39,Boris NEVEU,Boris NEVEU,NEVEU,Boris,"NEVEU, Boris",2019-05-04,Team trials ESP-FRA,Pau,Semi,MK1,FRA,,33,2,96.59,0,0,96.59,96.59,0,0,0,0,0,0,0,0,0,0,0,0,0,0,0,0,0,0,0,0,0,0,0,0,0,-,-
8dd1d559b8b9733d959843215be77a99,2026-02-03 15:45:39,Boris NEVEU,Boris NEVEU,NEVEU,Boris,"NEVEU, Boris",2019-05-02,Team trials ESP-FRA,Pau,Final,MK1,FRA,,33,1,97.64,0,0,97.64,97.64,0,0,0,0,0,0,0,0,0,0,0,0,0,0,0,0,0,0,0,0,0,0,0,0,0,-,-
e8e69622a2de6d0af416d909e4528c28,2026-02-03 15:45:39,Boris NEVEU,Boris NEVEU,NEVEU,Boris,"NEVEU, Boris",2019-05-02,Team trials ESP-FRA,Pau,Semi,MK1,FRA,,33,6,101.51,0,0,101.51,101.51,0,0,0,0,0,0,0,0,0,0,0,0,0,0,0,0,0,0,0,0,0,0,0,0,0,-,-
bfe9aa8a095e7fed43a812c0722817df,2026-02-03 15:45:39,Boris NEVEU,Boris NEVEU,NEVEU,Boris,"NEVEU, Boris",2019-04-28,Team trials ESP-FRA,La Seu,Final,MK1,FRA,,33,1,95.03,0,0,95.03,95.03,0,0,0,0,0,0,0,0,0,0,0,0,0,0,0,0,0,0,0,0,0,0,0,0,-,-,-
0ce420658298f707f8059c9cd467f206,2026-02-03 15:45:39,Boris NEVEU,Boris NEVEU,NEVEU,Boris,"NEVEU, Boris",2019-04-28,Team trials ESP-FRA,La Seu,Semi,MK1,FRA,,33,8,98.39,0,0,98.39,98.39,0,0,0,0,0,0,0,0,0,0,0,0,0,0,0,0,0,0,0,0,0,0,0,0,-,-,-
a69597793c60c0a63f5dfc02b2f569cc,2026-02-03 15:45:39,Boris NEVEU,Boris NEVEU,NEVEU,Boris,"NEVEU, Boris",2019-04-26,Team trials ESP-FRA,La Seu,Final,MK1,FRA,,33,4,88.97,2,2,90.97,90.97,0,0,0,0,0,0,0,0,0,0,0,0,0,0,0,0,0,0,0,0,0,0,0,0,-,-,-
40ebf7fd5f5e5ef795340a51390946c9,2026-02-03 15:45:39,Boris NEVEU,Boris NEVEU,NEVEU,Boris,"NEVEU, Boris",2019-04-26,Team trials ESP-FRA,La Seu,Semi,MK1,FRA,,33,3,89.19,0,0,89.19,89.19,0,0,0,0,0,0,0,0,0,0,0,0,0,0,0,0,0,0,0,0,0,0,0,0,-,-,-
e067ecb5266ad871c0e699e8028b80d1,2026-02-03 15:45:39,Boris NEVEU,Boris NEVEU,NEVEU,Boris,"NEVEU, Boris",2019-02-24,None,Penrith,Final,MK1,FRA,,33,3,100.68,0,0,None,,0,0,0,0,0,0,0,0,0,0,0,0,0,0,0,0,0,0,0,0,0,0,-,-,-,-,-
fbe164f6f635260456e7fc5675d44449,2026-02-03 15:45:39,Boris NEVEU,Boris NEVEU,NEVEU,Boris,"NEVEU, Boris",2019-02-24,None,Penrith,Semi,MK1,FRA,,33,6,103.45,0,0,None,,0,0,0,0,0,0,0,0,0,0,0,0,0,0,0,0,0,0,0,0,0,0,-,-,-,-,-
110f1f00ff65874160365f60b47d6481,2026-02-03 15:45:39,Boris NEVEU,Boris NEVEU,NEVEU,Boris,"NEVEU, Boris",2019-02-22,None,Penrith,Heats1,MK1,FRA,,33,19,104.09,0,0,None,,0,0,0,0,0,0,0,0,0,0,0,0,0,0,0,0,0,0,0,0,0,0,-,-,-,-,-
c158f07ef6a1d172910c0b8655348542,2026-02-03 15:45:29,Boris NEVEU,Boris NEVEU,NEVEU,Boris,"NEVEU, Boris",2018-09-30,None,"Deodoro, Rio",Final,MK1,FRA,,32,4,90.83,2,2,None,,0,0,0,0,0,0,0,0,0,0,0,0,0,0,0,0,0,0,0,0,0,0,0,0,-,-,-
a3bc23892bcb947b353df627d0eda474,2026-02-03 15:45:29,Boris NEVEU,Boris NEVEU,NEVEU,Boris,"NEVEU, Boris",2018-09-30,None,"Deodoro, Rio",Semi,MK1,FRA,,32,10,94.33,0,0,None,,0,0,0,0,0,0,0,0,0,0,0,0,0,0,0,0,0,0,0,0,0,0,0,0,-,-,-
f7dea0fcf95a6ae15cdbc88cf6ef5d25,2026-02-03 15:45:29,Boris NEVEU,Boris NEVEU,NEVEU,Boris,"NEVEU, Boris",2018-09-28,None,"Deodoro, Rio",Heats1,MK1,FRA,,32,17,86.95,2,2,None,,0,0,0,0,0,0,0,0,0,0,0,0,0,0,0,0,0,0,0,0,0,0,0,0,-,-,-
8b742f3530d52d8785258c7160629db0,2026-02-03 15:45:29,Boris NEVEU,Boris NEVEU,NEVEU,Boris,"NEVEU, Boris",2018-09-09,None,La Seu,Semi,MK1,FRA,,32,12,96.36,0,0,None,,0,0,0,0,0,0,0,0,0,0,0,0,0,0,0,0,0,0,0,0,0,0,0,-,-,-,-
e9091f88f8e8ebdb24bac35455c94921,2026-02-03 15:45:29,Boris NEVEU,Boris NEVEU,NEVEU,Boris,"NEVEU, Boris",2018-09-07,None,La Seu,Heats1,MK1,FRA,,32,1,95.17,0,0,None,,0,0,0,0,0,0,0,0,0,0,0,0,0,0,0,0,0,0,0,0,0,0,0,-,-,-,-
1a8c386b8d1d5c2fb755b507f358c0c8,2026-02-03 15:45:29,Boris NEVEU,Boris NEVEU,NEVEU,Boris,"NEVEU, Boris",2018-07-08,None,Augsburg,Final,MK1,FRA,,32,6,96.18,2,2,None,,0,0,0,0,0,0,0,0,0,0,0,0,0,0,0,0,0,0,0,0,0,0,0,0,-,-,-
4e5a7f7cd5fc19a6a3e2f0a9cac529fe,2026-02-03 15:45:29,Boris NEVEU,Boris NEVEU,NEVEU,Boris,"NEVEU, Boris",2018-07-08,None,Augsburg,Semi,MK1,FRA,,32,6,95.72,2,2,None,,0,0,0,0,0,0,0,0,0,0,0,0,0,0,0,0,0,0,0,0,0,0,0,0,-,-,-
d5be3f9d080b0516f40052beb62dd8b4,2026-02-03 15:45:29,Boris NEVEU,Boris NEVEU,NEVEU,Boris,"NEVEU, Boris",2018-07-06,None,Augsburg,Heats1,MK1,FRA,,32,6,96.76,0,0,None,,0,0,0,0,0,0,0,0,0,0,0,0,0,0,0,0,0,0,0,0,0,0,0,0,-,-,-
93ae07d2cd5cab0f2f576b3741fcf0ab,2026-02-03 15:45:29,Boris NEVEU,Boris NEVEU,NEVEU,Boris,"NEVEU, Boris",2018-07-01,None,Krakow,Semi,MK1,FRA,,32,16,80.69,2,2,None,,0,0,0,0,0,0,0,0,0,0,0,0,0,0,0,0,0,0,0,0,0,0,-,-,-,-,-
f511b5d0b67371b04d96e7ba18063ffc,2026-02-03 15:45:29,Boris NEVEU,Boris NEVEU,NEVEU,Boris,"NEVEU, Boris",2018-06-29,None,Krakow,Heats1,MK1,FRA,,32,8,80.02,0,0,None,,0,0,0,0,0,0,0,0,0,0,0,0,0,0,0,0,0,0,0,0,0,0,-,-,-,-,-
165910f7436ede4e13604a31627279a5,2026-02-03 15:45:29,Boris NEVEU,Boris NEVEU,NEVEU,Boris,"NEVEU, Boris",2018-06-24,None,Liptovsky Mikulas,Semi,MK1,FRA,,32,11,92.08,4,4,None,,0,0,0,0,0,0,0,0,0,0,0,0,0,0,0,0,0,0,0,0,0,0,0,-,-,-,-
430e46173dc4b012a177661218007d34,2026-02-03 15:45:29,Boris NEVEU,Boris NEVEU,NEVEU,Boris,"NEVEU, Boris",2018-06-22,None,Liptovsky Mikulas,Heats1,MK1,FRA,,32,12,96.31,0,0,None,,0,0,0,0,0,0,0,0,0,0,0,0,0,0,0,0,0,0,0,0,0,0,0,-,-,-,-
674707ef8303480d1429472aea311a43,2026-02-03 15:45:29,Boris NEVEU,Boris NEVEU,NEVEU,Boris,"NEVEU, Boris",2018-06-03,None,Prague,Semi,MK1,FRA,,32,1,92.08,0,0,None,,0,0,0,0,0,0,0,0,0,0,0,0,0,0,0,0,0,0,0,0,0,0,0,0,-,-,-
59f70825d5121e5ffb305ea98b84874a,2026-02-03 15:45:29,Boris NEVEU,Boris NEVEU,NEVEU,Boris,"NEVEU, Boris",2018-06-03,None,Prague,Final,MK1,FRA,,32,10,94.36,2,2,None,,0,0,0,0,0,0,0,0,0,0,0,0,0,0,0,0,0,0,0,0,0,0,0,0,-,-,-
4d7cb40ebeb697a7a72eeb2352f433cc,2026-02-03 15:45:29,Boris NEVEU,Boris NEVEU,NEVEU,Boris,"NEVEU, Boris",2018-06-01,None,Prague,Heats1,MK1,FRA,,32,5,85.12,2,2,None,,0,0,0,0,0,0,0,0,0,0,0,0,0,0,0,0,0,0,0,0,0,0,0,0,-,-,-
25446641c73e9ccda0bded6df290ec27,2026-02-03 15:45:22,Boris NEVEU,Boris NEVEU,NEVEU,Boris,"NEVEU, Boris",2017-10-27,None,Pau,Heats1,MK1,FRA,,31,12,79.93,0,0,None,,0,0,0,0,0,0,0,0,0,0,0,0,0,0,0,0,0,0,0,0,0,0,0,-,-,-,-
c1acd78e3310e4c331c31f918de83cd2,2026-02-03 15:45:22,Boris NEVEU,Boris NEVEU,NEVEU,Boris,"NEVEU, Boris",2017-10-01,None,Pau,Semi,MK1,FRA,,31,2,93.27,0,0,None,,0,0,0,0,0,0,0,0,0,0,0,0,0,0,0,0,0,0,0,0,0,0,0,-,-,-,-
d1ef81db0e9bca9d11ba5feffc3053e6,2026-02-03 15:45:22,Boris NEVEU,Boris NEVEU,NEVEU,Boris,"NEVEU, Boris",2017-10-01,None,Pau,Final,MK1,FRA,,31,5,92.51,0,0,None,,0,0,0,0,0,0,0,0,0,0,0,0,0,0,0,0,0,0,0,0,0,0,0,-,-,-,-
666e1d77f9a3dc10061b71235351bd76,2026-02-03 15:45:22,Boris NEVEU,Boris NEVEU,NEVEU,Boris,"NEVEU, Boris",2017-09-10,None,La Seu,Semi,MK1,FRA,,31,3,89.47,0,0,None,,0,0,0,0,0,0,0,0,0,0,0,0,0,0,0,0,0,0,0,0,0,0,0,0,-,-,-
c332fc0effad04188a7086802534f3b7,2026-02-03 15:45:22,Boris NEVEU,Boris NEVEU,NEVEU,Boris,"NEVEU, Boris",2017-09-10,None,La Seu,Final,MK1,FRA,,31,2,87,0,0,None,,0,0,0,0,0,0,0,0,0,0,0,0,0,0,0,0,0,0,0,0,0,0,0,0,-,-,-
5f2745163c1e8ae6edd15ffa116dfa0e,2026-02-03 15:45:22,Boris NEVEU,Boris NEVEU,NEVEU,Boris,"NEVEU, Boris",2017-09-08,None,La Seu,Heats1,MK1,FRA,,31,1,91.52,0,0,None,,0,0,0,0,0,0,0,0,0,0,0,0,0,0,0,0,0,0,0,0,0,0,0,0,-,-,-
e1361d3a6800266e9a5b9979c3c927a4,2026-02-03 15:45:22,Boris NEVEU,Boris NEVEU,NEVEU,Boris,"NEVEU, Boris",2017-07-02,None,Markkleeberg,Semi,MK1,FRA,,31,14,95.48,4,4,None,,0,0,0,0,0,0,0,0,0,0,0,0,0,0,0,0,0,0,0,0,0,0,0,-,-,-,-
954c86b62a1f5e12e68fc5f18d4c92e9,2026-02-03 15:45:22,Boris NEVEU,Boris NEVEU,NEVEU,Boris,"NEVEU, Boris",2017-06-30,None,Markkleeberg,Heats1,MK1,FRA,,31,11,92.96,0,0,None,,0,0,0,0,0,0,0,0,0,0,0,0,0,0,0,0,0,0,0,0,0,0,0,-,-,-,-
7d6961d59c3d7f43d0f6e2215c1eedbf,2026-02-03 15:45:22,Boris NEVEU,Boris NEVEU,NEVEU,Boris,"NEVEU, Boris",2017-06-25,None,Augsburg,Semi,MK1,FRA,,31,20,103.7,0,0,None,,0,0,0,0,0,0,0,0,0,0,0,0,0,0,0,0,0,0,0,0,0,0,0,0,-,-,-
6faf8f6e730f9bb44059776f25097ae5,2026-02-03 15:45:22,Boris NEVEU,Boris NEVEU,NEVEU,Boris,"NEVEU, Boris",2017-06-23,None,Augsburg,Heats1,MK1,FRA,,31,12,95.97,0,0,None,,0,0,0,0,0,0,0,0,0,0,0,0,0,0,0,0,0,0,0,0,0,0,0,0,-,-,-
9e976dfcdabb99e421f6611028647b72,2026-02-03 15:45:22,Boris NEVEU,Boris NEVEU,NEVEU,Boris,"NEVEU, Boris",2017-06-04,None,Tacen,Semi,MK1,FRA,,31,2,85.1,0,0,None,,0,0,0,0,0,0,0,0,0,0,0,0,0,0,0,0,0,0,0,0,0,0,0,0,-,-,-
31d9ad470d80ef1a553a72109a47725a,2026-02-03 15:45:22,Boris NEVEU,Boris NEVEU,NEVEU,Boris,"NEVEU, Boris",2017-06-04,None,Tacen,Final,MK1,FRA,,31,9,84.8,2,2,None,,0,0,0,0,0,0,0,0,0,0,0,0,0,0,0,0,0,0,0,0,0,0,0,0,-,-,-
f06a5ee99d0f3317c48eb1dbdc669b37,2026-02-03 15:45:22,Boris NEVEU,Boris NEVEU,NEVEU,Boris,"NEVEU, Boris",2017-06-01,None,Tacen,Heats1,MK1,FRA,,31,7,92.4,2,2,None,,0,0,0,0,0,0,0,0,0,0,0,0,0,0,0,0,0,0,0,0,0,0,0,0,-,-,-
bca573e2672d26a4527aa2195a609894,2026-02-03 15:45:09,Boris NEVEU,Boris NEVEU,NEVEU,Boris,"NEVEU, Boris",2015-09-20,World Championships ,Lee Valley,Semi,MK1,FRA,,29,11,92.38,2,2,94.38,94.38,0,0,0,0,0,0,0,0,0,0,0,0,0,0,0,0,0,0,0,0,0,0,-,-,-,-,-
986bd97ce494dbd63bfb3857b3dcc4df,2026-02-03 15:45:09,Boris NEVEU,Boris NEVEU,NEVEU,Boris,"NEVEU, Boris",2015-09-18,World Championships ,Lee Valley,Heats1,MK1,FRA,,29,92,83.14,50,50,133.14,133.14,0,0,0,0,0,0,0,0,0,0,0,0,0,0,0,0,0,0,0,0,0,0,-,-,-,-,-
e36a58752ed70300d4ad2ea23dcf15b4,2026-02-03 15:45:09,Boris NEVEU,Boris NEVEU,NEVEU,Boris,"NEVEU, Boris",2015-09-18,World Championships ,Lee Valley,Heats2,MK1,FRA,,29,61,83.14,50,50,133.14,133.14,0,0,0,0,0,0,0,0,0,0,0,0,0,0,0,0,0,0,0,0,0,0,-,-,-,-,-
c33f89bfe82e382de8237813b53289f1,2026-09-11 20:00:36,Vit PRINDIS,Vit PRINDIS,PRINDIS,Vit,"PRINDIS, Vit",2026-09-13,World Cup Final,La Seu,Semi,MK1,CZE,27,37,13,88.48,0,0,None,,0,0,0,0,0,0,0,0,0,0,0,0,0,0,0,0,0,0,0,0,0,0,0,-,-,-,-
2069cf30ced84d913928ebe39ee366cc,2026-09-11 20:00:36,Vit PRINDIS,Vit PRINDIS,PRINDIS,Vit,"PRINDIS, Vit",2026-09-11,World Cup Final,La Seu,Heats1,MK1,CZE,27,37,18,88.98,2,2,None,,0,0,0,0,0,0,2,0,0,0,0,0,0,0,0,0,0,0,0,0,0,0,0,-,-,-,-
b44bedd7369ecc7e4365c01ffd5f3b51,2026-09-10 20:00:41,Vit PRINDIS,Vit PRINDIS,PRINDIS,Vit,"PRINDIS, Vit",2026-09-04,World Cup #4,Vaires,Final,MK1,CZE,27,37,7,91.31,4,4,None,,0,0,0,2,0,0,0,0,0,0,0,0,0,0,0,0,0,0,0,0,2,0,-,-,-,-,-
5a6682896e5c01f7177f0ef82bd13d12,2026-09-10 20:00:41,Vit PRINDIS,Vit PRINDIS,PRINDIS,Vit,"PRINDIS, Vit",2026-09-04,World Cup #4,Vaires,Heats1,MK1,CZE,27,37,7,91.34,2,2,None,,0,0,0,2,0,0,0,0,0,0,0,0,0,0,0,0,0,0,0,0,0,0,-,-,-,-,-
9870ac4bdcc0e365b9427c8da28d1730,2026-08-17 20:00:29,Vit PRINDIS,Vit PRINDIS,PRINDIS,Vit,"PRINDIS, Vit",2026-08-15,ICF World ranking ,Prague,Final,MK1,CZE,4,37,10,87.16,4,4,None,,0,0,0,0,0,0,0,0,2,0,0,0,0,0,0,0,0,0,0,0,2,0,-,-,-,-,-
f2d51695726ea71e82ffba69d0fd4cd4,2026-08-17 20:00:29,Vit PRINDIS,Vit PRINDIS,PRINDIS,Vit,"PRINDIS, Vit",2026-08-15,ICF World ranking ,Prague,Heats1,MK1,CZE,4,37,4,88.05,0,0,None,,0,0,0,0,0,0,0,0,0,0,0,0,0,0,0,0,0,0,0,0,0,0,-,-,-,-,-
26f43d26228ecbd0782ad29231313422,2026-08-18 20:00:32,Vit PRINDIS,Vit PRINDIS,PRINDIS,Vit,"PRINDIS, Vit",2026-08-13,International race Short,Prague,Heats1,MK1,CZE,4,37,9,38.95,0,0,None,,0,0,0,0,0,0,0,0,0,0,0,0,-,-,-,-,-,-,-,-,-,-,-,-,-,-,-
754e14e4690ba92b307455afa3a6edcf,2026-08-18 20:00:32,Vit PRINDIS,Vit PRINDIS,PRINDIS,Vit,"PRINDIS, Vit",2026-08-13,International race Short,Prague,Final,MK1,CZE,4,37,3,37.71,0,0,None,,0,0,0,0,0,0,0,0,0,0,0,0,-,-,-,-,-,-,-,-,-,-,-,-,-,-,-
27da7e4fae8831d6cb90f390a3d25d07,2026-07-26 20:00:31,Vit PRINDIS,Vit PRINDIS,PRINDIS,Vit,"PRINDIS, Vit",2026-07-23,World Championships ,Oklahoma,Semi,MK1,CZE,28,37,22,102.55,4,4,None,,0,0,2,0,0,0,0,0,2,0,0,0,0,0,0,0,0,0,0,0,0,0,-,-,-,-,-
84acee01604327aa047c1a019a6dedcf,2026-07-26 20:00:31,Vit PRINDIS,Vit PRINDIS,PRINDIS,Vit,"PRINDIS, Vit",2026-07-21,World Championships ,Oklahoma,Heats1,MK1,CZE,28,37,5,78.93,2,2,None,,0,0,0,0,0,0,0,0,0,0,0,2,0,0,0,0,0,0,0,0,0,0,-,-,-,-,-
70fade1a9009614ac5069143014a3817,2026-06-09 06:48:07,Vit PRINDIS,Vit PRINDIS,PRINDIS,Vit,"PRINDIS, Vit",2026-06-05,World Cup #2,Prague,Heats1,MK1,CZE,18,37,16,101.92,2,2,None,,0,0,0,0,0,0,0,0,0,0,0,0,0,0,0,0,0,0,0,0,0,0,-,-,-,-,-
f60ddbb7303761e4ae1629a8c229af96,2026-04-02 14:26:24,Vit PRINDIS,Vit PRINDIS,PRINDIS,Vit,"PRINDIS, Vit",2026-03-30,ICF World ranking ,Oklahoma,FinalB,MK1,CZE,,37,7,76.82,4,4,None,,0,0,0,0,0,0,0,0,0,0,0,0,2,0,0,0,0,0,2,0,0,0,0,0,0,-,-
57502a027744e573e9bc9c072a21a569,2026-06-09 20:00:28,Vit PRINDIS,Vit PRINDIS,PRINDIS,Vit,"PRINDIS, Vit",2026-03-28,ICF World ranking ,Oklahoma,Heats1,MK1,CZE,,37,55,81.54,52,52,None,,0,0,0,0,0,0,50,0,0,0,0,0,0,0,0,0,0,0,0,0,0,0,2,-,-,-,-
d0cfc2c8fd97ceff9ef24d09cbf90943,2026-06-09 20:00:28,Vit PRINDIS,Vit PRINDIS,PRINDIS,Vit,"PRINDIS, Vit",2026-03-28,ICF World ranking ,Oklahoma,FinalB,MK1,CZE,,37,7,76.82,4,4,None,,0,0,0,0,0,0,0,0,0,0,0,0,2,0,0,0,0,0,2,0,0,0,0,0,0,-,-
a5a94d2edd44e4bd42f7fcd6060ac556,2026-04-02 14:26:24,Vit PRINDIS,Vit PRINDIS,PRINDIS,Vit,"PRINDIS, Vit",2026-02-17,ICF World ranking ,Oklahoma,Heats1,MK1,CZE,,37,55,81.54,52,52,None,,0,0,0,0,0,0,50,0,0,0,0,0,0,0,0,0,0,0,0,0,0,0,2,-,-,-,-
bdb812be9b1d339a79b06dc7aecadd7a,2026-06-08 09:55:50,Vit PRINDIS,Vit PRINDIS,PRINDIS,Vit,"PRINDIS, Vit",2026-02-17,World Cup #2,Prague,Heats1,MK1,CZE,18,37,16,101.92,2,2,None,,0,0,0,0,0,0,0,0,0,0,0,0,0,0,0,0,0,0,0,0,0,0,-,-,-,-,-
0fbd16ff37a7a04281594da59e5ed265,2026-02-24 11:16:55,Vit PRINDIS,Vit PRINDIS,PRINDIS,Vit,"PRINDIS, Vit",2026-02-08,None,Ile de la Reunion,Final,MK1,CZE,,37,4,91.59,2,2,None,,0,0,0,0,0,0,0,0,0,0,0,0,0,0,0,0,0,0,0,0,0,0,-,-,-,-,-
2cb9de8d5034e57fb5594b9d4b8d65fc,2026-02-24 11:16:55,Vit PRINDIS,Vit PRINDIS,PRINDIS,Vit,"PRINDIS, Vit",2026-02-08,None,Ile de la Reunion,Heats1,MK1,CZE,,37,1,92.44,2,2,None,,0,0,0,0,0,0,0,0,0,0,0,0,0,0,0,0,0,0,0,0,0,0,-,-,-,-,-
6d8c3950725425bdc33f291ae8f7b132,2026-04-02 14:26:24,Vit PRINDIS,Vit PRINDIS,PRINDIS,Vit,"PRINDIS, Vit",2026-02-08,ICF World ranking ,Ile de la Reunion,Heats1,MK1,CZE,,37,1,92.44,2,2,None,,0,0,0,0,0,0,0,0,0,0,0,0,0,0,0,0,0,0,0,0,0,0,-,-,-,-,-
f842e234112eec00397e06eeb31662e1,2026-04-02 14:26:24,Vit PRINDIS,Vit PRINDIS,PRINDIS,Vit,"PRINDIS, Vit",2026-02-08,ICF World ranking ,Ile de la Reunion,Final,MK1,CZE,,37,4,91.59,2,2,None,,0,0,0,0,0,0,0,0,0,0,0,0,0,0,0,0,0,0,0,0,0,0,-,-,-,-,-
0c43f487d9e39bb99ebd1ad320b3cfb0,2026-02-03 15:46:38,Vit PRINDIS,Vit PRINDIS,PRINDIS,Vit,"PRINDIS, Vit",2025-09-05,World Cup Final,Augsburg,Heats1,MK1,CZE,9,36,38,101.64,4,4,105.64,105.64,0,0,0,0,0,0,0,0,2,2,-,-,-,-,-,-,-,-,-,-,-,-,-,-,-,-,-
f9551c0d3609f626c9da11a227a00b4b,2026-02-03 15:46:38,Vit PRINDIS,Vit PRINDIS,PRINDIS,Vit,"PRINDIS, Vit",2025-08-17,ICF World ranking ,Prague,Final,MK1,CZE,2,36,6,88.01,0,0,88.01,88.01,0,0,0,0,0,0,0,0,0,0,0,0,0,0,0,0,0,0,0,0,0,0,0,0,0,-,-
24e0e1dbff2b69418902e71b00a79fa7,2026-02-03 15:46:38,Vit PRINDIS,Vit PRINDIS,PRINDIS,Vit,"PRINDIS, Vit",2025-08-17,ICF World ranking ,Prague,Heats1,MK1,CZE,2,36,2,88.37,0,0,88.37,88.37,0,0,0,0,0,0,0,0,0,0,0,0,0,0,0,0,0,0,0,0,0,0,0,0,0,-,-
44dc9cb42c546b725d64434a31533e13,2026-02-03 15:46:38,Vit PRINDIS,Vit PRINDIS,PRINDIS,Vit,"PRINDIS, Vit",2025-08-15,International race short,Prague,Heats1,MK1,CZE,2,36,1,46.56,0,0,46.56,46.56,0,0,0,0,0,0,0,0,0,0,0,0,-,-,-,-,-,-,-,-,-,-,-,-,-,-,-
c8a4791ffa48e4ce35114dca170ff247,2026-02-03 15:46:38,Vit PRINDIS,Vit PRINDIS,PRINDIS,Vit,"PRINDIS, Vit",2025-08-15,International race short,Prague,Final,MK1,CZE,2,36,2,46.39,0,0,46.39,46.39,0,0,0,0,0,0,0,0,0,0,0,0,-,-,-,-,-,-,-,-,-,-,-,-,-,-,-
34f4fcec748b9870ab374efd51045a70,2026-02-03 15:46:38,Vit PRINDIS,Vit PRINDIS,PRINDIS,Vit,"PRINDIS, Vit",2025-02-07,ICF World ranking ,Ile de la Reunion,Heats1,MK1,CZE,,36,6,99.39,2,2,101.39,101.39,0,0,0,0,0,0,0,0,0,0,0,0,0,0,2,0,0,0,0,0,0,0,0,0,-,-,-
361f515939132cf667ee10825d647ec3,2026-02-03 15:46:38,Vit PRINDIS,Vit PRINDIS,PRINDIS,Vit,"PRINDIS, Vit",2025-02-07,ICF World ranking ,Ile de la Reunion,Final,MK1,CZE,,36,4,96.27,0,0,96.27,96.27,0,0,0,0,0,0,0,0,0,0,0,0,0,0,0,0,0,0,0,0,0,0,0,0,-,-,-
d73798639e9f793612f806ee3f63c137,2026-02-03 15:46:27,Vit PRINDIS,Vit PRINDIS,PRINDIS,Vit,"PRINDIS, Vit",2024-09-21,World Cup final,La Seu,Semi,MK1,CZE,,35,18,91.48,2,2,93.48,93.48,0,0,0,0,0,0,0,0,-,-,-,-,-,-,-,-,-,-,-,-,-,-,-,2,-,-,-
0dbbfd1341137e1b681ab16aca6d5192,2026-02-03 15:46:27,Vit PRINDIS,Vit PRINDIS,PRINDIS,Vit,"PRINDIS, Vit",2024-09-20,World Cup final,La Seu,Heats1,MK1,CZE,,35,3,88.41,0,0,88.41,88.41,0,0,0,0,0,0,0,0,0,0,0,0,0,0,0,0,0,0,0,0,0,0,0,0,0,-,-
6bbdf81b0adcb6f78c0392118e5d450d,2026-02-03 15:46:27,Vit PRINDIS,Vit PRINDIS,PRINDIS,Vit,"PRINDIS, Vit",2024-09-14,World Cup #4,Ivrea,Semi,MK1,CZE,,35,13,91.22,0,0,91.22,91.22,0,0,0,0,0,0,0,0,-,-,-,-,-,-,-,-,-,-,-,-,-,-,-,-,-,-,-
4139be0002fde6e698fe756e8206068a,2026-02-03 15:46:27,Vit PRINDIS,Vit PRINDIS,PRINDIS,Vit,"PRINDIS, Vit",2024-09-13,World Cup #4,Ivrea,Heats1,MK1,CZE,,35,10,78.88,0,0,78.88,78.88,0,0,0,0,0,0,0,0,-,-,-,-,-,-,-,-,-,-,-,-,-,-,-,-,-,-,-
6c33389da3c245a7838abfff982595ec,2026-02-03 15:46:27,Vit PRINDIS,Vit PRINDIS,PRINDIS,Vit,"PRINDIS, Vit",2024-08-03,ICF World ranking ,Prague,Heats2,MK1,CZE,,35,0,0,,,DNS,,0,0,0,0,0,0,0,0,0,0,0,0,0,0,0,0,0,0,0,0,0,0,0,0,0,-,-
d2437bc11bf6fac3fe511ba1ec6c171a,2026-02-03 15:46:27,Vit PRINDIS,Vit PRINDIS,PRINDIS,Vit,"PRINDIS, Vit",2024-08-03,ICF World ranking ,Prague,Heats1,MK1,CZE,,35,0,0,,,DNS,,0,0,0,0,0,0,0,0,0,0,0,0,0,0,0,0,0,0,0,0,0,0,0,0,0,-,-
721439e919f840b5bcf41d2a15c5da04,2026-02-03 15:46:27,Vit PRINDIS,Vit PRINDIS,PRINDIS,Vit,"PRINDIS, Vit",2024-06-15,World Cup #3,Krakow,Semi,MK1,CZE,,35,8,88.51,0,0,88.51,88.51,0,0,0,0,0,0,0,0,0,0,0,0,0,0,0,0,0,0,0,0,0,0,-,-,-,-,-
4d5e55f23d62a3ca24d6e685391aca8f,2026-02-03 15:46:27,Vit PRINDIS,Vit PRINDIS,PRINDIS,Vit,"PRINDIS, Vit",2024-06-15,World Cup #3,Krakow,Final,MK1,CZE,,35,2,85.86,0,0,85.86,85.86,0,0,0,0,0,0,0,0,0,0,0,0,0,0,0,0,0,0,0,0,0,0,-,-,-,-,-
d2e15ff727b631c6cd93a159813955fc,2026-02-03 15:46:27,Vit PRINDIS,Vit PRINDIS,PRINDIS,Vit,"PRINDIS, Vit",2024-06-14,World Cup #3,Krakow,Heats1,MK1,CZE,,35,13,84.1,0,0,84.1,84.1,0,0,0,0,0,0,0,0,0,0,0,0,0,0,0,0,0,0,0,0,0,0,-,-,-,-,-
cac73c57b965240b6976b91d5a535a1b,2026-02-03 15:46:27,Vit PRINDIS,Vit PRINDIS,PRINDIS,Vit,"PRINDIS, Vit",2024-06-07,World Cup #2,Prague,Heats1,MK1,CZE,,35,15,82.1,4,4,86.1,86.1,0,0,0,0,0,0,0,0,0,0,0,0,0,0,0,2,0,2,0,0,0,0,0,0,-,-,-
9aa66eb852d638757d29ffa4769f83dc,2026-02-03 15:46:27,Vit PRINDIS,Vit PRINDIS,PRINDIS,Vit,"PRINDIS, Vit",2024-06-01,World Cup #1,Augsburg,Semi,MK1,CZE,,35,13,97.37,4,4,101.37,101.37,0,0,0,0,0,0,0,0,0,0,-,2,-,-,-,-,2,-,-,-,-,-,-,-,-,-,-
e6100a9cff08d2b0bae469b6f4e10e83,2026-02-03 15:46:27,Vit PRINDIS,Vit PRINDIS,PRINDIS,Vit,"PRINDIS, Vit",2024-05-31,World Cup #1,Augsburg,Heats1,MK1,CZE,,35,6,96.35,0,0,96.35,96.35,0,0,0,0,0,0,0,0,0,0,-,-,-,-,-,-,-,-,-,-,-,-,-,-,-,-,-
6a80ad6f3556bff7ccaf6d8962c0174c,2026-02-03 15:46:27,Vit PRINDIS,Vit PRINDIS,PRINDIS,Vit,"PRINDIS, Vit",2024-05-18,Euros ,Tacen,Final,MK1,CZE,,35,5,88.87,2,2,90.87,90.87,0,0,0,0,0,0,0,0,0,0,0,0,0,0,2,0,0,0,0,0,0,-,-,-,-,-,-
90d5487da72850c42f3ae4dfb9bc54d0,2026-02-03 15:46:27,Vit PRINDIS,Vit PRINDIS,PRINDIS,Vit,"PRINDIS, Vit",2024-05-17,Euros ,Tacen,Heats1,MK1,CZE,,35,11,94.15,4,4,98.15,98.15,0,2,0,0,0,2,0,0,0,0,0,0,0,0,0,0,0,0,0,0,0,-,-,-,-,-,-
dfdb6c2cef2cfd8942c72f7433ce5ddf,2026-02-03 15:46:27,Vit PRINDIS,Vit PRINDIS,PRINDIS,Vit,"PRINDIS, Vit",2024-02-10,ICF World ranking ,Ile de la Reunion,Heats1,MK1,CZE,,35,6,94.77,2,2,96.77,96.77,0,0,0,0,0,0,0,0,0,0,0,0,2,0,0,0,0,0,0,0,0,0,-,-,-,-,-
f9fd664734c66ff9973a446299dfefd8,2026-02-03 15:46:27,Vit PRINDIS,Vit PRINDIS,PRINDIS,Vit,"PRINDIS, Vit",2024-02-10,ICF World ranking ,Ile de la Reunion,Final,MK1,CZE,,35,3,93.49,0,0,93.49,93.49,0,0,0,0,0,0,0,0,0,0,0,0,0,0,0,0,0,0,0,0,0,0,-,-,-,-,-
a8cb5dc4f7905de305619b0a9fbc6756,2026-02-03 15:46:16,Vit PRINDIS,Vit PRINDIS,PRINDIS,Vit,"PRINDIS, Vit",2023-10-07,World Cup final,Vaires sur Marne,Final,MK1,CZE,,34,2,91.78,0,0,91.78,91.78,0,0,0,0,0,0,0,0,0,0,0,0,0,0,0,0,0,0,0,0,0,-,-,-,-,-,-
b5a0e84d3557253a80169d60ec10fc89,2026-02-03 15:46:16,Vit PRINDIS,Vit PRINDIS,PRINDIS,Vit,"PRINDIS, Vit",2023-10-07,World Cup final,Vaires sur Marne,Semi,MK1,CZE,,34,7,92.52,0,0,92.52,92.52,0,0,0,0,0,0,0,0,0,0,0,0,0,0,0,0,0,0,0,0,0,-,-,-,-,-,-
86450ac404ef8dac0fd87dd0196f94b2,2026-02-03 15:46:16,Vit PRINDIS,Vit PRINDIS,PRINDIS,Vit,"PRINDIS, Vit",2023-10-06,World Cup final,Vaires sur Marne,Heats2,MK1,CZE,,34,3,89.48,0,0,89.48,89.48,0,0,0,0,0,0,0,0,0,0,0,0,0,0,0,0,0,0,0,0,0,-,-,-,-,-,-
eba8800f1e68e60cfffb63b9ff4a2bf4,2026-02-03 15:46:16,Vit PRINDIS,Vit PRINDIS,PRINDIS,Vit,"PRINDIS, Vit",2023-10-06,World Cup final,Vaires sur Marne,Heats1,MK1,CZE,,34,21,88.6,6,6,94.6,94.6,2,0,0,0,0,0,0,0,2,0,0,0,0,0,0,0,0,2,0,0,0,-,-,-,-,-,-
6d06036fb72df0a1a9f48efa7b16f453,2026-02-03 15:46:16,Vit PRINDIS,Vit PRINDIS,PRINDIS,Vit,"PRINDIS, Vit",2023-09-23,World Championships ,Lee Valley,Semi,MK1,CZE,,34,24,92.22,6,6,98.22,98.22,0,0,0,0,2,0,0,0,0,2,0,0,0,0,0,0,0,0,0,0,2,0,-,-,-,-,-
b76d528db744d9e92da5b653cd5ce039,2026-02-03 15:46:16,Vit PRINDIS,Vit PRINDIS,PRINDIS,Vit,"PRINDIS, Vit",2023-09-22,World Championships ,Lee Valley,Heats1,MK1,CZE,,34,14,79.88,2,2,81.88,81.88,0,0,0,2,0,0,0,0,0,0,0,0,0,0,0,0,0,0,0,0,0,0,0,-,-,-,-
2dbe7aa01fe6a1397406b0ec324575dc,2026-02-03 15:46:16,Vit PRINDIS,Vit PRINDIS,PRINDIS,Vit,"PRINDIS, Vit",2023-09-02,World Cup #4,La Seu,Final,MK1,CZE,,34,3,88.9,2,2,90.9,90.9,0,0,0,0,2,0,0,0,0,0,0,0,0,0,0,0,0,0,0,0,0,0,-,-,-,-,-
fb88506352b89b42ddcfb52a59d6deb7,2026-02-03 15:46:16,Vit PRINDIS,Vit PRINDIS,PRINDIS,Vit,"PRINDIS, Vit",2023-09-01,World Cup #4,La Seu,Heats1,MK1,CZE,,34,5,90.01,0,0,90.01,90.01,0,0,0,0,0,0,0,0,0,0,0,0,0,0,0,0,0,0,0,0,0,0,-,-,-,-,-
7077cad083a5c933cedd60eeb17824d2,2026-02-03 15:46:16,Vit PRINDIS,Vit PRINDIS,PRINDIS,Vit,"PRINDIS, Vit",2023-07-02,Euros European Games,Krakow,Semi,MK1,CZE,,34,18,92.06,2,2,94.06,94.06,0,0,0,0,0,0,0,0,0,0,0,0,0,0,0,2,0,0,0,0,0,-,-,-,-,-,-
655dd5dfcf300f7e55bdd93d8315e099,2026-02-03 15:46:16,Vit PRINDIS,Vit PRINDIS,PRINDIS,Vit,"PRINDIS, Vit",2023-06-30,Euros European Games,Krakow,Heats1,MK1,CZE,,34,21,86.81,2,2,88.81,88.81,0,0,0,0,0,2,0,0,0,0,0,0,0,0,0,0,0,0,0,0,0,-,-,-,-,-,-
e458599f1e773d9fb62361ed20abec54,2026-02-03 15:46:16,Vit PRINDIS,Vit PRINDIS,PRINDIS,Vit,"PRINDIS, Vit",2023-06-16,World Cup #3,Tacen,Semi,MK1,CZE,,34,1,86.24,0,0,86.24,86.24,0,0,0,0,0,0,0,0,0,0,0,0,0,0,0,0,0,0,0,0,0,0,0,-,-,-,-
2cda1c313a52163f2484f4c86c0ba123,2026-02-03 15:46:16,Vit PRINDIS,Vit PRINDIS,PRINDIS,Vit,"PRINDIS, Vit",2023-06-16,World Cup #3,Tacen,Final,MK1,CZE,,34,2,87.46,2,2,89.46,89.46,0,2,0,0,0,0,0,0,0,0,0,0,0,0,0,0,0,0,0,0,0,0,0,-,-,-,-
0aab715f9c96c1761866c8897a2ffa2d,2026-02-03 15:46:16,Vit PRINDIS,Vit PRINDIS,PRINDIS,Vit,"PRINDIS, Vit",2023-06-15,World Cup #3,Tacen,Heats1,MK1,CZE,,34,8,87.87,0,0,87.87,87.87,0,0,0,0,0,0,0,0,0,0,0,0,0,0,0,0,0,0,0,0,0,0,0,-,-,-,-
570f0e338c5e7ed36ca6699c1817f026,2026-02-03 15:46:16,Vit PRINDIS,Vit PRINDIS,PRINDIS,Vit,"PRINDIS, Vit",2023-06-09,World Cup #2,Prague,Final,MK1,CZE,,34,2,90.55,0,0,90.55,90.55,0,0,0,0,0,0,0,0,0,0,0,0,0,0,0,0,0,0,0,0,0,0,0,0,-,-,-
885645071fcbad76779b3056ec0de583,2026-02-03 15:46:16,Vit PRINDIS,Vit PRINDIS,PRINDIS,Vit,"PRINDIS, Vit",2023-06-09,World Cup #2,Prague,Semi,MK1,CZE,,34,7,91.96,2,2,93.96,93.96,0,0,0,0,0,0,0,0,0,0,0,0,0,0,0,0,0,0,0,0,0,2,0,0,-,-,-
490cd67589c81d9bae80d98a381b985e,2026-02-03 15:46:16,Vit PRINDIS,Vit PRINDIS,PRINDIS,Vit,"PRINDIS, Vit",2023-06-08,World Cup #2,Prague,Heats1,MK1,CZE,,34,11,86.48,0,0,86.48,86.48,0,0,0,0,0,0,0,0,0,0,0,0,0,0,0,0,0,0,0,0,0,0,0,0,-,-,-
eb41a762ae1b75270394d7a1f5348ec1,2026-02-03 15:46:16,Vit PRINDIS,Vit PRINDIS,PRINDIS,Vit,"PRINDIS, Vit",2023-06-02,World Cup #1,Augsburg,Semi,MK1,CZE,,34,11,95.99,0,0,95.99,95.99,0,0,0,0,0,0,0,0,0,0,-,-,-,-,-,-,-,-,-,-,-,-,-,-,-,-,-
e8874840148aed4f89e3d61e0c414092,2026-02-03 15:46:16,Vit PRINDIS,Vit PRINDIS,PRINDIS,Vit,"PRINDIS, Vit",2023-06-01,World Cup #1,Augsburg,Heats1,MK1,CZE,,34,6,89.25,0,0,89.25,89.25,0,0,0,0,0,0,0,0,0,0,0,0,0,0,0,0,0,0,0,0,0,0,0,-,-,-,-
036f84659d4d9cc532226c1b54c53052,2026-02-03 15:46:16,Vit PRINDIS,Vit PRINDIS,PRINDIS,Vit,"PRINDIS, Vit",2023-02-05,ICF World ranking ,Ile de la Reunion,Semi,MK1,CZE,,34,15,97.62,2,2,99.62,99.62,0,0,0,0,0,0,0,0,0,0,0,0,0,0,0,0,0,0,0,0,0,0,-,-,-,-,-
6dc967314caddef71505f2ba6c058ce8,2026-02-03 15:46:16,Vit PRINDIS,Vit PRINDIS,PRINDIS,Vit,"PRINDIS, Vit",2023-02-04,ICF World ranking ,Ile de la Reunion,Heats1,MK1,CZE,,34,5,90.38,2,2,92.38,92.38,0,0,0,0,0,0,0,0,0,0,0,0,0,0,0,0,0,0,0,0,0,0,-,-,-,-,-
a8c3daf78e76647ac1941865eb324363,2026-02-03 15:46:02,Vit PRINDIS,Vit PRINDIS,PRINDIS,Vit,"PRINDIS, Vit",2022-09-18,ICF World ranking ,Lee Valley,Semi,MK1,CZE,,33,37,97.27,54,54,151.27,151.27,0,0,0,0,0,0,0,0,0,0,0,0,0,0,0,0,0,0,0,0,0,0,-,-,-,-,-
fcde8e92b3e18be755d67f1a00602052,2026-02-03 15:46:02,Vit PRINDIS,Vit PRINDIS,PRINDIS,Vit,"PRINDIS, Vit",2022-09-17,ICF World ranking ,Lee Valley,Heats1,MK1,CZE,,33,23,102.34,2,2,104.34,104.34,0,0,0,0,0,0,0,0,0,0,0,0,0,0,0,0,0,0,0,0,0,0,-,-,-,-,-
3552d5adcef4199e35de3619edbeb26b,2026-02-03 15:46:02,Vit PRINDIS,Vit PRINDIS,PRINDIS,Vit,"PRINDIS, Vit",2022-09-04,World Cup final,La Seu,Semi,MK1,CZE,,33,10,86.73,2,2,88.73,88.73,0,0,0,0,0,0,0,0,0,0,0,0,0,0,0,0,0,0,0,0,0,0,-,-,-,-,-
dc406c128144aea53c9dd0134ec529df,2026-02-03 15:46:02,Vit PRINDIS,Vit PRINDIS,PRINDIS,Vit,"PRINDIS, Vit",2022-09-04,World Cup final,La Seu,Final,MK1,CZE,,33,3,87.44,0,0,87.44,87.44,0,0,0,0,0,0,0,0,0,0,0,0,0,0,0,0,0,0,0,0,0,0,-,-,-,-,-
c34f5041501f088fc5d756fd96f1bd49,2026-02-03 15:46:02,Vit PRINDIS,Vit PRINDIS,PRINDIS,Vit,"PRINDIS, Vit",2022-09-02,World Cup final,La Seu,Heats1,MK1,CZE,,33,4,80.67,0,0,80.67,80.67,0,0,0,0,0,0,0,0,-,-,-,-,-,-,-,-,-,-,-,-,-,-,-,-,-,-,-
0ae0a1168d7ebcf1da8ff0c85260c0c8,2026-02-03 15:46:02,Vit PRINDIS,Vit PRINDIS,PRINDIS,Vit,"PRINDIS, Vit",2022-08-28,World Cup #4,Pau,Semi,MK1,CZE,,33,18,100.59,2,2,102.59,102.59,0,0,0,0,0,0,0,0,0,0,0,0,0,0,0,0,0,0,0,0,0,0,-,-,-,-,-
3e0f9e13c94edfde534434d1cbae941c,2026-02-03 15:46:02,Vit PRINDIS,Vit PRINDIS,PRINDIS,Vit,"PRINDIS, Vit",2022-08-26,World Cup #4,Pau,Heats1,MK1,CZE,,33,11,95.66,0,0,95.66,95.66,0,0,0,0,0,0,0,0,0,0,0,0,0,0,0,0,0,0,0,0,0,0,-,-,-,-,-
1b33662e52f853dfc9d2d47ea2940a77,2026-02-03 15:46:02,Vit PRINDIS,Vit PRINDIS,PRINDIS,Vit,"PRINDIS, Vit",2022-07-31,World Championships ,Augsburg,Semi,MK1,CZE,,33,3,95.31,0,0,95.31,95.31,0,0,0,0,0,0,0,0,0,0,0,0,0,0,0,0,0,0,0,0,0,0,-,-,-,-,-
415771e00c7705807dcc5f394e50c4ed,2026-02-03 15:46:02,Vit PRINDIS,Vit PRINDIS,PRINDIS,Vit,"PRINDIS, Vit",2022-07-31,World Championships ,Augsburg,Final,MK1,CZE,,33,1,94.78,0,0,94.78,94.78,0,0,0,0,0,0,0,0,0,0,0,0,0,0,0,0,0,0,0,0,0,0,-,-,-,-,-
56bc791a4b6f30316a02e10cdc6eb67c,2026-02-03 15:46:02,Vit PRINDIS,Vit PRINDIS,PRINDIS,Vit,"PRINDIS, Vit",2022-07-28,World Championships ,Augsburg,Heats1,MK1,CZE,,33,1,86.83,0,0,86.83,86.83,0,0,0,0,0,0,0,0,0,0,0,0,0,0,0,0,0,0,0,0,0,0,-,-,-,-,-
d999ec1fc1280f0a000e3598bf2cae88,2026-02-03 15:46:02,Vit PRINDIS,Vit PRINDIS,PRINDIS,Vit,"PRINDIS, Vit",2022-06-26,World Cup #3,Tacen,Semi,MK1,CZE,,33,11,85.8,0,0,85.8,85.8,0,0,0,0,0,0,0,0,0,0,0,0,0,0,0,0,0,0,0,0,0,0,-,-,-,-,-
12bda5de9fb8d57e397ecc59eb3f8366,2026-02-03 15:46:02,Vit PRINDIS,Vit PRINDIS,PRINDIS,Vit,"PRINDIS, Vit",2022-06-24,World Cup #3,Tacen,Heats1,MK1,CZE,,33,6,79.06,2,2,81.06,81.06,0,0,2,0,0,0,0,0,0,0,0,0,0,0,0,0,0,0,0,0,0,0,-,-,-,-,-
f09678720da50b2e52c297f6575ddeee,2026-02-03 15:46:02,Vit PRINDIS,Vit PRINDIS,PRINDIS,Vit,"PRINDIS, Vit",2022-06-19,World Cup #2,Krakow,Semi,MK1,CZE,,33,9,87.72,0,0,87.72,87.72,0,0,0,0,0,0,0,0,0,0,0,0,0,0,0,0,0,0,0,0,0,0,-,-,-,-,-
bea3439b30a3d67d25ef6d63d26f5047,2026-02-03 15:46:02,Vit PRINDIS,Vit PRINDIS,PRINDIS,Vit,"PRINDIS, Vit",2022-06-19,World Cup #2,Krakow,Final,MK1,CZE,,33,1,84.94,0,0,84.94,84.94,0,0,0,0,0,0,0,0,0,0,0,0,0,0,0,0,0,0,0,0,0,0,-,-,-,-,-
bb725ccc543f128abba89ddfc24a0747,2026-02-03 15:46:02,Vit PRINDIS,Vit PRINDIS,PRINDIS,Vit,"PRINDIS, Vit",2022-06-17,World Cup #2,Krakow,Heats1,MK1,CZE,,33,12,92.13,0,0,92.13,92.13,0,0,0,0,0,0,0,0,0,0,0,0,0,0,0,0,0,0,0,0,0,0,-,-,-,-,-
c3e9b6401a96e95c3b34902f013f2b59,2026-02-03 15:46:02,Vit PRINDIS,Vit PRINDIS,PRINDIS,Vit,"PRINDIS, Vit",2022-06-12,World Cup #1,Prague,Semi,MK1,CZE,,33,14,94.22,4,4,98.22,98.22,0,0,0,0,0,0,0,0,-,-,2,-,-,-,-,-,2,-,-,-,-,-,-,-,-,-,-
4f102ac40897c01c830cb5289f10e6e3,2026-02-03 15:46:02,Vit PRINDIS,Vit PRINDIS,PRINDIS,Vit,"PRINDIS, Vit",2022-06-10,World Cup #1,Prague,Heats1,MK1,CZE,,33,6,87.31,0,0,87.31,87.31,0,0,0,0,0,0,0,0,-,-,-,-,-,-,-,-,-,-,-,-,-,-,-,-,-,-,-
cab08b3eb5d2366597e895f8025e3ecc,2026-02-03 15:46:02,Vit PRINDIS,Vit PRINDIS,PRINDIS,Vit,"PRINDIS, Vit",2022-05-29,Euros ,Liptovsky Mikulas,Semi,MK1,CZE,,33,5,98.75,0,0,98.75,98.75,0,0,0,0,0,0,0,0,0,0,0,0,0,0,0,0,0,0,0,0,0,0,-,-,-,-,-
fa5dd537f69fb83778271b82bce43c7d,2026-02-03 15:46:02,Vit PRINDIS,Vit PRINDIS,PRINDIS,Vit,"PRINDIS, Vit",2022-05-29,Euros ,Liptovsky Mikulas,Final,MK1,CZE,,33,14,98.24,50,50,148.24,148.24,0,0,0,0,0,0,0,0,0,0,0,0,0,0,0,0,0,0,0,0,0,0,-,-,-,-,-
728a344bab1a9010d4bea35dd0723158,2026-02-03 15:46:02,Vit PRINDIS,Vit PRINDIS,PRINDIS,Vit,"PRINDIS, Vit",2022-05-26,Euros ,Liptovsky Mikulas,Heats1,MK1,CZE,,33,16,89.39,2,2,91.39,91.39,0,0,0,0,0,0,0,0,0,0,0,0,0,0,0,0,0,0,0,0,0,0,-,-,-,-,-
074a9fd889b38aca45d80f7ab5792acc,2026-02-03 15:45:53,Vit PRINDIS,Vit PRINDIS,PRINDIS,Vit,"PRINDIS, Vit",2021-09-26,World Championships ,Bratislava,Semi,MK1,CZE,,32,36,86.74,50,50,136.74,136.74,0,0,0,0,0,0,0,0,0,0,0,0,0,0,0,0,0,0,0,0,0,0,-,-,-,-,-
ef01e10f93120d048b312375f4a24afd,2026-02-03 15:45:53,Vit PRINDIS,Vit PRINDIS,PRINDIS,Vit,"PRINDIS, Vit",2021-09-24,World Championships ,Bratislava,Heats1,MK1,CZE,,32,2,82.51,0,0,82.51,82.51,0,0,0,0,0,0,0,0,0,0,0,0,0,0,0,0,0,0,0,0,0,0,-,-,-,-,-
722622e2d1fa596e6e5588d709a52b2c,2026-02-03 15:45:53,Vit PRINDIS,Vit PRINDIS,PRINDIS,Vit,"PRINDIS, Vit",2021-09-12,World Cup ,Pau,Final,MK1,CZE,,32,1,95.08,0,0,95.08,95.08,0,0,0,0,0,0,0,0,0,0,0,0,0,0,0,0,0,0,0,0,0,0,-,-,-,-,-
9a213464adc8c7e11534c8c21ad69e8b,2026-02-03 15:45:53,Vit PRINDIS,Vit PRINDIS,PRINDIS,Vit,"PRINDIS, Vit",2021-09-12,World Cup ,Pau,Semi,MK1,CZE,,32,4,97.63,0,0,97.63,97.63,0,0,0,0,0,0,0,0,0,0,0,0,0,0,0,0,0,0,0,0,0,0,-,-,-,-,-
225df565b6eeb853dc492fa0cfd06517,2026-02-03 15:45:53,Vit PRINDIS,Vit PRINDIS,PRINDIS,Vit,"PRINDIS, Vit",2021-09-10,World Cup ,Pau,Heats1,MK1,CZE,,32,7,96.44,0,0,96.44,96.44,0,0,0,0,0,0,0,0,0,0,0,0,0,0,0,0,0,0,0,0,0,0,-,-,-,-,-
4e9d5a7188e9e43169d26911f5cc5024,2026-02-03 15:45:53,Vit PRINDIS,Vit PRINDIS,PRINDIS,Vit,"PRINDIS, Vit",2021-09-05,World Cup ,La Seu,Semi,MK1,CZE,,32,7,85.24,0,0,85.24,85.24,0,0,0,0,0,0,0,0,0,0,0,0,0,0,0,0,0,0,0,0,0,0,-,-,-,-,-
70cc4d4e622ddf8f0da0856de38be757,2026-02-03 15:45:53,Vit PRINDIS,Vit PRINDIS,PRINDIS,Vit,"PRINDIS, Vit",2021-09-05,World Cup ,La Seu,Final,MK1,CZE,,32,1,82.76,0,0,82.76,82.76,0,0,0,0,0,0,0,0,0,0,0,0,0,0,0,0,0,0,0,0,0,0,-,-,-,-,-
8d8bdba53fc8f7af4f6f7228de69c1c0,2026-02-03 15:45:53,Vit PRINDIS,Vit PRINDIS,PRINDIS,Vit,"PRINDIS, Vit",2021-09-03,World Cup ,La Seu,Heats1,MK1,CZE,,32,3,87.55,0,0,87.55,87.55,0,0,0,0,0,0,0,0,0,0,0,0,0,0,0,0,0,0,0,0,0,0,-,-,-,-,-
fbea9bb0a6dd18945e193231a1c66aea,2026-02-03 15:45:53,Vit PRINDIS,Vit PRINDIS,PRINDIS,Vit,"PRINDIS, Vit",2021-06-20,World Cup ,Markkleeberg,Final,MK1,CZE,,32,6,93.54,0,0,93.54,93.54,0,0,0,0,0,0,0,0,0,0,0,0,0,0,0,0,0,0,0,0,0,0,-,-,-,-,-
0dbeb014a42559997d4c13be0d3c152c,2026-02-03 15:45:53,Vit PRINDIS,Vit PRINDIS,PRINDIS,Vit,"PRINDIS, Vit",2021-06-20,World Cup ,Markkleeberg,Semi,MK1,CZE,,32,2,90.64,0,0,90.64,90.64,0,0,0,0,0,0,0,0,0,0,0,0,0,0,0,0,0,0,0,0,0,0,-,-,-,-,-
0dea7bc90607f063d4d447af8194f4d6,2026-02-03 15:45:53,Vit PRINDIS,Vit PRINDIS,PRINDIS,Vit,"PRINDIS, Vit",2021-06-18,World Cup ,Markkleeberg,Heats1,MK1,CZE,,32,28,94.54,4,4,98.54,98.54,0,0,0,0,0,0,0,0,0,0,0,0,0,0,0,0,0,0,0,0,0,0,-,-,-,-,-
d00ae11ba25850b788c55aea623159c2,2026-02-03 15:45:53,Vit PRINDIS,Vit PRINDIS,PRINDIS,Vit,"PRINDIS, Vit",2021-06-13,World Cup ,Prague,Semi,MK1,CZE,,32,2,92.22,0,0,92.22,92.22,0,0,0,0,0,0,0,0,0,0,0,0,0,0,0,0,0,0,0,0,0,0,-,-,-,-,-
2f4b81e265ae5f62a1aad0e594a60a93,2026-02-03 15:45:53,Vit PRINDIS,Vit PRINDIS,PRINDIS,Vit,"PRINDIS, Vit",2021-06-13,World Cup ,Prague,Final,MK1,CZE,,32,7,92.64,2,2,94.64,94.64,0,0,0,0,0,0,0,0,0,0,0,0,0,0,0,0,0,0,0,0,0,0,-,-,-,-,-
3d8d112b6fc72a71245ebdf71a7b6bdf,2026-02-03 15:45:53,Vit PRINDIS,Vit PRINDIS,PRINDIS,Vit,"PRINDIS, Vit",2021-06-11,World Cup ,Prague,Heats1,MK1,CZE,,32,6,89.22,0,0,89.22,89.22,0,0,0,0,0,0,0,0,0,0,0,0,0,0,0,0,0,0,0,0,0,0,-,-,-,-,-
72d00f508418877b02f2425933072fa0,2026-02-03 15:45:53,Vit PRINDIS,Vit PRINDIS,PRINDIS,Vit,"PRINDIS, Vit",2021-05-09,Euros ,Ivrea,Final,MK1,CZE,,32,1,81.9,0,0,81.9,81.9,0,0,0,0,0,0,0,0,0,0,0,0,0,0,0,0,0,0,0,0,0,0,-,-,-,-,-
3e871879c45913f6fb95591e76e340d7,2026-02-03 15:45:53,Vit PRINDIS,Vit PRINDIS,PRINDIS,Vit,"PRINDIS, Vit",2021-05-09,Euros ,Ivrea,Semi,MK1,CZE,,32,8,83.8,0,0,83.8,83.8,0,0,0,0,0,0,0,0,0,0,0,0,0,0,0,0,0,0,0,0,0,0,-,-,-,-,-
86718e30e1a4d230f01c471e5859eb4b,2026-02-03 15:45:53,Vit PRINDIS,Vit PRINDIS,PRINDIS,Vit,"PRINDIS, Vit",2021-05-07,Euros ,Ivrea,Heats1,MK1,CZE,,32,12,79.1,0,0,79.1,79.1,0,0,0,0,0,0,0,0,0,0,0,0,0,0,0,0,0,0,0,0,0,0,-,-,-,-,-
ddc924f5a0f22e006e6699e71cf1f752,2026-02-03 15:45:45,Vit PRINDIS,Vit PRINDIS,PRINDIS,Vit,"PRINDIS, Vit",2020-11-08,World Cup ,Pau,Final,MK1,CZE,,31,5,97.57,4,4,101.57,101.57,0,0,0,0,0,0,0,0,0,0,0,0,0,0,0,0,0,0,0,0,0,0,-,-,-,-,-
be2aaf245ce4bc93cea066f776835870,2026-02-03 15:45:45,Vit PRINDIS,Vit PRINDIS,PRINDIS,Vit,"PRINDIS, Vit",2020-11-08,World Cup ,Pau,Semi,MK1,CZE,,31,1,95.05,0,0,95.05,95.05,0,0,0,0,0,0,0,0,0,0,0,0,0,0,0,0,0,0,0,0,0,0,-,-,-,-,-
06c15f83e59c3caaa1dfe63d1cb12430,2026-02-03 15:45:45,Vit PRINDIS,Vit PRINDIS,PRINDIS,Vit,"PRINDIS, Vit",2020-10-06,World Cup ,Pau,Heats1,MK1,CZE,,31,8,99.74,0,0,99.74,99.74,0,0,0,0,0,0,0,0,0,0,0,0,0,0,0,0,0,0,0,0,0,0,-,-,-,-,-
fc63a88ce47700a90b30ad3340a096d8,2026-02-03 15:45:45,Vit PRINDIS,Vit PRINDIS,PRINDIS,Vit,"PRINDIS, Vit",2020-09-20,Euros ,Prague,Final,MK1,CZE,,31,6,98.24,2,2,100.24,100.24,0,0,0,0,0,0,0,0,0,0,0,0,0,0,0,0,0,0,0,0,0,0,0,0,0,-,-
07e7f1b5c7ce3703b4c2d3cf82a8f51c,2026-02-03 15:45:45,Vit PRINDIS,Vit PRINDIS,PRINDIS,Vit,"PRINDIS, Vit",2020-09-20,Euros ,Prague,Semi,MK1,CZE,,31,8,102.71,0,0,102.71,102.71,0,0,0,0,0,0,0,0,0,0,0,0,0,0,0,0,0,0,0,0,0,0,0,0,0,-,-
c328affefb19f52e55bd908f9c3c2d16,2026-02-03 15:45:45,Vit PRINDIS,Vit PRINDIS,PRINDIS,Vit,"PRINDIS, Vit",2020-09-18,Euros ,Prague,Heats1,MK1,CZE,,31,1,91.3,0,0,91.3,91.3,0,0,0,0,0,0,0,0,0,0,0,0,0,0,0,0,0,0,0,0,0,0,0,0,0,-,-
387a9448bc261049dbcf828c54ef6e07,2026-02-03 15:45:45,Vit PRINDIS,Vit PRINDIS,PRINDIS,Vit,"PRINDIS, Vit",2020-02-23,Australian Open ,Penrith,Final,MK1,CZE,,31,3,90.96,0,0,90.96,90.96,0,0,0,0,0,0,0,0,0,0,0,0,0,0,0,0,0,0,0,0,0,0,0,-,-,-,-
c300a3e62b33c22e2fb9722c4b19644d,2026-02-03 15:45:45,Vit PRINDIS,Vit PRINDIS,PRINDIS,Vit,"PRINDIS, Vit",2020-02-23,Australian Open ,Penrith,Semi,MK1,CZE,,31,10,91.81,0,0,91.81,91.81,0,0,0,0,0,0,0,0,0,0,0,0,0,0,0,0,0,0,0,0,0,0,0,-,-,-,-
457ad6db305f6c415e96c8998ee39646,2026-02-03 15:45:45,Vit PRINDIS,Vit PRINDIS,PRINDIS,Vit,"PRINDIS, Vit",2020-02-21,Australian Open ,Penrith,Heats1,MK1,CZE,,31,37,94.04,2,2,96.04,96.04,0,0,0,0,0,0,0,0,0,0,0,0,0,0,0,0,0,0,0,0,0,0,-,-,-,-,-
0d1de01319e1db0e137f3ddcea830cc0,2026-02-03 15:45:45,Vit PRINDIS,Vit PRINDIS,PRINDIS,Vit,"PRINDIS, Vit",2020-02-21,Australian Open ,Penrith,Heats2,MK1,CZE,,31,2,92.45,0,0,92.45,92.45,0,0,0,0,0,0,0,0,0,0,0,0,0,0,0,0,0,0,0,0,0,0,-,-,-,-,-
fb2437982661af611c0988007ca8f3db,2026-02-03 15:45:39,Vit PRINDIS,Vit PRINDIS,PRINDIS,Vit,"PRINDIS, Vit",2019-09-29,World Championships ,La Seu,Final,MK1,CZE,,30,6,84.91,4,4,88.91,88.91,0,0,0,0,0,0,0,0,0,0,0,0,0,0,0,0,0,0,0,0,0,0,-,-,-,-,-
878daa74343447f7b30a1421aa1b2eae,2026-02-03 15:45:39,Vit PRINDIS,Vit PRINDIS,PRINDIS,Vit,"PRINDIS, Vit",2019-09-29,World Championships ,La Seu,Semi,MK1,CZE,,30,5,85.55,0,0,85.55,85.55,0,0,0,0,0,0,0,0,0,0,0,0,0,0,0,0,0,0,0,0,0,0,-,-,-,-,-
4c824aef119d20ae23c81d881fe76fb1,2026-02-03 15:45:39,Vit PRINDIS,Vit PRINDIS,PRINDIS,Vit,"PRINDIS, Vit",2019-09-27,World Championships ,La Seu,Heats1,MK1,CZE,,30,4,88.2,0,0,88.2,88.2,0,0,0,0,0,0,0,0,0,0,0,0,0,0,0,0,0,0,0,0,0,0,-,-,-,-,-
c4662ee2c2ef324b05bddefd2f4cd564,2026-02-03 15:45:39,Vit PRINDIS,Vit PRINDIS,PRINDIS,Vit,"PRINDIS, Vit",2019-09-08,World Cup ,Prague,Semi,MK1,CZE,,30,5,94.38,0,0,94.38,94.38,0,0,0,0,0,0,0,0,0,0,0,0,0,0,0,0,0,0,0,0,0,0,-,-,-,-,-
4f7d9ab110bf965a6dacc3b942bf0035,2026-02-03 15:45:39,Vit PRINDIS,Vit PRINDIS,PRINDIS,Vit,"PRINDIS, Vit",2019-09-08,World Cup ,Prague,Final,MK1,CZE,,30,2,93.2,0,0,93.2,93.2,0,0,0,0,0,0,0,0,0,0,0,0,0,0,0,0,0,0,0,0,0,0,-,-,-,-,-
f52ffe50b57b69bf8a97e94a9ea5650e,2026-02-03 15:45:39,Vit PRINDIS,Vit PRINDIS,PRINDIS,Vit,"PRINDIS, Vit",2019-09-06,World Cup ,Prague,Heats1,MK1,CZE,,30,10,92.73,0,0,92.73,92.73,0,0,0,0,0,0,0,0,0,0,0,0,0,0,0,0,0,0,0,0,0,0,-,-,-,-,-
550ca5db32992324b8d69ea69782ff66,2026-02-03 15:45:39,Vit PRINDIS,Vit PRINDIS,PRINDIS,Vit,"PRINDIS, Vit",2019-09-01,World Cup ,Markkleeberg,Semi,MK1,CZE,,30,7,91.55,0,0,None,,0,0,0,0,0,0,0,0,0,0,0,0,0,0,0,0,0,0,0,0,0,-,-,-,-,-,-
5cc9912ce1b89892c400e726e8620e82,2026-02-03 15:45:39,Vit PRINDIS,Vit PRINDIS,PRINDIS,Vit,"PRINDIS, Vit",2019-09-01,World Cup ,Markkleeberg,Final,MK1,CZE,,30,1,87.78,0,0,None,,0,0,0,0,0,0,0,0,0,0,0,0,0,0,0,0,0,0,0,0,0,-,-,-,-,-,-
174ec99ebe76a5dcb19458b6f588d10f,2026-02-03 15:45:39,Vit PRINDIS,Vit PRINDIS,PRINDIS,Vit,"PRINDIS, Vit",2019-08-30,World Cup ,Markkleeberg,Heats1,MK1,CZE,,30,4,91.74,0,0,None,,0,0,0,0,0,0,0,0,0,0,0,0,0,0,0,0,0,0,0,0,0,-,-,-,-,-,-
7665c78f22c30c5772b0343e9ccd47a9,2026-02-03 15:45:39,Vit PRINDIS,Vit PRINDIS,PRINDIS,Vit,"PRINDIS, Vit",2019-08-04,ICF World ranking ,Prague,Semi,MK1,CZE,,30,9,91.75,4,4,95.75,95.75,0,0,0,0,0,0,0,0,0,0,0,0,0,0,0,0,0,0,0,0,0,0,0,-,-,-,-
ce61ea966dfd1a6478dd48499b156ced,2026-02-03 15:45:39,Vit PRINDIS,Vit PRINDIS,PRINDIS,Vit,"PRINDIS, Vit",2019-08-04,ICF World ranking ,Prague,Final,MK1,CZE,,30,3,92.12,2,2,94.12,94.12,0,0,0,0,0,0,0,0,0,0,0,0,0,0,0,0,0,0,0,0,0,0,0,-,-,-,-
2196950d147b461738f0810fbccba8fe,2026-02-03 15:45:39,Vit PRINDIS,Vit PRINDIS,PRINDIS,Vit,"PRINDIS, Vit",2019-08-03,ICF World ranking ,Prague,Heats1,MK1,CZE,,30,3,80.17,0,0,80.17,80.17,0,0,0,0,0,0,0,0,0,0,0,0,0,0,0,0,0,0,0,0,0,0,0,-,-,-,-
086daa2dd6328eb900f76ab724a955f5,2026-02-03 15:45:39,Vit PRINDIS,Vit PRINDIS,PRINDIS,Vit,"PRINDIS, Vit",2019-06-30,World Cup ,Tacen,Semi,MK1,CZE,,30,6,82.57,2,2,84.57,84.57,0,0,0,0,0,0,0,0,0,0,0,0,0,0,0,0,0,0,0,0,0,0,-,-,-,-,-
da6a92c02537d03384da6ad6661ad33c,2026-02-03 15:45:39,Vit PRINDIS,Vit PRINDIS,PRINDIS,Vit,"PRINDIS, Vit",2019-06-30,World Cup ,Tacen,Final,MK1,CZE,,30,4,84.29,2,2,86.29,86.29,0,0,0,0,0,0,0,0,0,0,0,0,0,0,0,0,0,0,0,0,0,0,-,-,-,-,-
59a2a47221bf6801c3bc2e6c4d7686cd,2026-02-03 15:45:39,Vit PRINDIS,Vit PRINDIS,PRINDIS,Vit,"PRINDIS, Vit",2019-06-28,World Cup ,Tacen,Heats1,MK1,CZE,,30,15,81.02,0,0,81.02,81.02,0,0,0,0,0,0,0,0,0,0,0,0,0,0,0,0,0,0,0,0,-,-,-,-,-,-,-
88b7f7adf91eeb341936972c68ffa42f,2026-02-03 15:45:39,Vit PRINDIS,Vit PRINDIS,PRINDIS,Vit,"PRINDIS, Vit",2019-06-23,World Cup ,Bratislava,Final,MK1,CZE,,30,7,90.35,52,52,142.35,142.35,0,0,0,0,0,0,0,0,0,0,0,0,0,0,0,0,0,0,0,0,0,0,-,-,-,-,-
62d82701e1a37aa9357a1c23b66a1fc8,2026-02-03 15:45:39,Vit PRINDIS,Vit PRINDIS,PRINDIS,Vit,"PRINDIS, Vit",2019-06-23,World Cup ,Bratislava,Semi,MK1,CZE,,30,2,89.51,0,0,89.51,89.51,0,0,0,0,0,0,0,0,0,0,0,0,0,0,0,0,0,0,0,0,0,0,-,-,-,-,-
3027399e0622af9c057d0cbb9eb1c407,2026-02-03 15:45:39,Vit PRINDIS,Vit PRINDIS,PRINDIS,Vit,"PRINDIS, Vit",2019-06-21,World Cup ,Bratislava,Heats1,MK1,CZE,,30,31,92.8,4,4,96.8,96.8,0,0,0,0,0,0,0,0,0,0,0,0,0,0,0,0,0,0,0,0,0,0,-,-,-,-,-
14ce1f610340c2f2ad96c1dbdcc59dca,2026-02-03 15:45:39,Vit PRINDIS,Vit PRINDIS,PRINDIS,Vit,"PRINDIS, Vit",2019-06-21,World Cup ,Bratislava,Heats2,MK1,CZE,,30,3,90.9,0,0,90.9,90.9,0,0,0,0,0,0,0,0,0,0,0,0,0,0,0,0,0,0,0,0,0,0,-,-,-,-,-
088d6c8cff71d7182aff012d11f424e2,2026-02-03 15:45:39,Vit PRINDIS,Vit PRINDIS,PRINDIS,Vit,"PRINDIS, Vit",2019-06-16,World Cup ,Lee Valley,Semi,MK1,CZE,,30,38,92.01,50,50,142.01,142.01,0,0,0,0,0,0,0,0,0,0,0,0,0,0,0,0,0,0,0,0,0,0,0,0,0,-,-
de60e29fb94ef5ebc9a4503bfabea9c2,2026-02-03 15:45:39,Vit PRINDIS,Vit PRINDIS,PRINDIS,Vit,"PRINDIS, Vit",2019-06-14,World Cup ,Lee Valley,Heats1,MK1,CZE,,30,18,88.8,2,2,90.8,90.8,0,0,0,0,0,0,0,0,0,0,0,0,0,0,0,0,0,0,0,0,0,0,0,-,-,-,-
6e3246b06d11d83c396bc8876c412015,2026-02-03 15:45:39,Vit PRINDIS,Vit PRINDIS,PRINDIS,Vit,"PRINDIS, Vit",2019-06-02,Euros ,Pau,Semi,MK1,CZE,,30,6,95.57,0,0,95.57,95.57,0,0,0,0,0,0,0,0,0,0,0,0,0,0,0,0,0,0,0,0,0,0,0,0,0,-,-
c06994fd9977fc545c2f03e3ab81411b,2026-02-03 15:45:39,Vit PRINDIS,Vit PRINDIS,PRINDIS,Vit,"PRINDIS, Vit",2019-06-02,Euros ,Pau,Final,MK1,CZE,,30,1,93.67,0,0,93.67,93.67,0,0,0,0,0,0,0,0,0,0,0,0,0,0,0,0,0,0,0,0,0,0,0,0,0,-,-
51b005cde8587b1be9a8a0a4b1ac19d4,2026-02-03 15:45:39,Vit PRINDIS,Vit PRINDIS,PRINDIS,Vit,"PRINDIS, Vit",2019-05-31,Euros ,Pau,Heats1,MK1,CZE,,30,5,89.1,0,0,89.1,89.1,0,0,0,0,0,0,0,0,0,0,0,0,0,0,0,0,0,0,0,0,0,0,0,0,-,-,-
8bbb75b4ea953432da0ce0330a8e0865,2026-02-03 15:45:39,Vit PRINDIS,Vit PRINDIS,PRINDIS,Vit,"PRINDIS, Vit",2019-04-07,None,Markkleeberg,Semi,MK1,CZE,,30,8,103.56,0,0,103.56,103.56,0,0,0,0,0,0,0,0,0,0,0,0,0,0,0,0,0,0,0,0,0,0,0,-,-,-,-
e070865f75047d6243a00c61ce821f1a,2026-02-03 15:45:39,Vit PRINDIS,Vit PRINDIS,PRINDIS,Vit,"PRINDIS, Vit",2019-04-07,None,Markkleeberg,Final,MK1,CZE,,30,3,98.6,0,0,98.6,98.6,0,0,0,0,0,0,0,0,0,0,0,0,0,0,0,0,0,0,0,0,0,0,0,-,-,-,-
6614756491e89fa1e8b48118b85db908,2026-02-03 15:45:39,Vit PRINDIS,Vit PRINDIS,PRINDIS,Vit,"PRINDIS, Vit",2019-04-06,None,Markkleeberg,Heats1,MK1,CZE,,30,7,87.85,2,2,89.85,89.85,0,0,0,0,0,0,0,0,0,0,0,0,0,0,0,0,0,0,0,0,0,0,-,-,-,-,-
42d2c96ad171a6be871c725c8137038c,2026-02-03 15:45:39,Vit PRINDIS,Vit PRINDIS,PRINDIS,Vit,"PRINDIS, Vit",2019-02-24,None,Penrith,Semi,MK1,CZE,,30,31,103.68,54,54,None,,0,0,0,0,0,0,0,0,0,0,0,0,0,0,0,0,0,0,0,0,0,0,-,-,-,-,-
185ec1f87da3f255e54a36055633871b,2026-02-03 15:45:39,Vit PRINDIS,Vit PRINDIS,PRINDIS,Vit,"PRINDIS, Vit",2019-02-22,None,Penrith,Heats1,MK1,CZE,,30,17,103.71,0,0,None,,0,0,0,0,0,0,0,0,0,0,0,0,0,0,0,0,0,0,0,0,0,0,-,-,-,-,-
981fc0de38165bb83ba6fd758897bca6,2026-02-03 15:45:29,Vit PRINDIS,Vit PRINDIS,PRINDIS,Vit,"PRINDIS, Vit",2018-09-30,None,"Deodoro, Rio",Semi,MK1,CZE,,29,8,93.69,0,0,None,,0,0,0,0,0,0,0,0,0,0,0,0,0,0,0,0,0,0,0,0,0,0,0,0,-,-,-
6346f443eb300f2a6d66f6e4614a8e0e,2026-02-03 15:45:29,Vit PRINDIS,Vit PRINDIS,PRINDIS,Vit,"PRINDIS, Vit",2018-09-30,None,"Deodoro, Rio",Final,MK1,CZE,,29,7,92.85,2,2,None,,0,0,0,0,0,0,0,0,0,0,0,0,0,0,0,0,0,0,0,0,0,0,0,0,-,-,-
3ad1fb786416b0661956b3239bc5960f,2026-02-03 15:45:29,Vit PRINDIS,Vit PRINDIS,PRINDIS,Vit,"PRINDIS, Vit",2018-09-28,None,"Deodoro, Rio",Heats1,MK1,CZE,,29,21,87.47,2,2,None,,0,0,0,0,0,0,0,0,0,0,0,0,0,0,0,0,0,0,0,0,0,0,0,0,-,-,-
abfa428b2aa473491649cb251f7e2268,2026-02-03 15:45:29,Vit PRINDIS,Vit PRINDIS,PRINDIS,Vit,"PRINDIS, Vit",2018-09-09,None,La Seu,Semi,MK1,CZE,,29,5,94.5,0,0,None,,0,0,0,0,0,0,0,0,0,0,0,0,0,0,0,0,0,0,0,0,0,0,0,-,-,-,-
d807743993f55e44d66f1ea83d710178,2026-02-03 15:45:29,Vit PRINDIS,Vit PRINDIS,PRINDIS,Vit,"PRINDIS, Vit",2018-09-09,None,La Seu,Final,MK1,CZE,,29,7,94.42,2,2,None,,0,0,0,0,0,0,0,0,0,0,0,0,0,0,0,0,0,0,0,0,0,0,0,-,-,-,-
68a604b21905e45ec3aa1f78cec57f2b,2026-02-03 15:45:29,Vit PRINDIS,Vit PRINDIS,PRINDIS,Vit,"PRINDIS, Vit",2018-09-07,None,La Seu,Heats1,MK1,CZE,,29,6,96.08,0,0,None,,0,0,0,0,0,0,0,0,0,0,0,0,0,0,0,0,0,0,0,0,0,0,0,-,-,-,-
858d9c60d9d583f80ad4787743125820,2026-02-03 15:45:29,Vit PRINDIS,Vit PRINDIS,PRINDIS,Vit,"PRINDIS, Vit",2018-08-31,None,Tacen,Heats1,MK1,CZE,,29,10,85.54,0,0,None,,0,0,0,0,0,0,0,0,0,0,0,0,0,0,0,0,0,0,0,0,0,-,-,-,-,-,-
882aee86dfd993c6a50ff40bee1fdebc,2026-02-03 15:45:29,Vit PRINDIS,Vit PRINDIS,PRINDIS,Vit,"PRINDIS, Vit",2018-07-08,None,Augsburg,Semi,MK1,CZE,,29,24,100.29,4,4,None,,0,0,0,0,0,0,0,0,0,0,0,0,0,0,0,0,0,0,0,0,0,0,0,0,-,-,-
c956cc533f7e30f11425d0692573e7f5,2026-02-03 15:45:29,Vit PRINDIS,Vit PRINDIS,PRINDIS,Vit,"PRINDIS, Vit",2018-07-06,None,Augsburg,Heats1,MK1,CZE,,29,9,97.53,0,0,None,,0,0,0,0,0,0,0,0,0,0,0,0,0,0,0,0,0,0,0,0,0,0,0,0,-,-,-
2415c6dcd5c80f37d954fffc66040206,2026-02-03 15:45:29,Vit PRINDIS,Vit PRINDIS,PRINDIS,Vit,"PRINDIS, Vit",2018-07-01,None,Krakow,Final,MK1,CZE,,29,8,77.24,4,4,None,,0,0,0,0,0,0,0,0,0,0,0,0,0,0,0,0,0,0,0,0,0,0,-,-,-,-,-
6e4cc932183040c091b93da69fd96e3b,2026-02-03 15:45:29,Vit PRINDIS,Vit PRINDIS,PRINDIS,Vit,"PRINDIS, Vit",2018-07-01,None,Krakow,Semi,MK1,CZE,,29,1,78.25,0,0,None,,0,0,0,0,0,0,0,0,0,0,0,0,0,0,0,0,0,0,0,0,0,0,-,-,-,-,-
5d807e1133ea4850f707db6221f22006,2026-02-03 15:45:29,Vit PRINDIS,Vit PRINDIS,PRINDIS,Vit,"PRINDIS, Vit",2018-06-29,None,Krakow,Heats1,MK1,CZE,,29,3,79.14,0,0,None,,0,0,0,0,0,0,0,0,0,0,0,0,0,0,0,0,0,0,0,0,0,0,-,-,-,-,-
26dbe7b4c244b2e0dabd40a6eccbcd1e,2026-02-03 15:45:29,Vit PRINDIS,Vit PRINDIS,PRINDIS,Vit,"PRINDIS, Vit",2018-06-24,None,Liptovsky Mikulas,Semi,MK1,CZE,,29,2,91.74,2,2,None,,0,0,0,0,0,0,0,0,0,0,0,0,0,0,0,0,0,0,0,0,0,0,0,-,-,-,-
382bf0fd81f2dc6dd5fa2e0a705f3202,2026-02-03 15:45:29,Vit PRINDIS,Vit PRINDIS,PRINDIS,Vit,"PRINDIS, Vit",2018-06-24,None,Liptovsky Mikulas,Final,MK1,CZE,,29,7,97.33,0,0,None,,0,0,0,0,0,0,0,0,0,0,0,0,0,0,0,0,0,0,0,0,0,0,0,-,-,-,-
bdd669e568bc82ecffac59aa67f89f67,2026-02-03 15:45:29,Vit PRINDIS,Vit PRINDIS,PRINDIS,Vit,"PRINDIS, Vit",2018-06-22,None,Liptovsky Mikulas,Heats1,MK1,CZE,,29,10,94.11,2,2,None,,0,0,0,0,0,0,0,0,0,0,0,0,0,0,0,0,0,0,0,0,0,0,0,-,-,-,-
395f5a90e04017e1eed0982792d40747,2026-02-03 15:45:29,Vit PRINDIS,Vit PRINDIS,PRINDIS,Vit,"PRINDIS, Vit",2018-06-03,None,Prague,Semi,MK1,CZE,,29,5,92.4,2,2,None,,0,0,0,0,0,0,0,0,0,0,0,0,0,0,0,0,0,0,0,0,0,0,0,0,-,-,-
150c1db84eb5306f9bcbe335b7d7d29d,2026-02-03 15:45:29,Vit PRINDIS,Vit PRINDIS,PRINDIS,Vit,"PRINDIS, Vit",2018-06-03,None,Prague,Final,MK1,CZE,,29,2,91.53,0,0,None,,0,0,0,0,0,0,0,0,0,0,0,0,0,0,0,0,0,0,0,0,0,0,0,0,-,-,-
d4dd77ebcd8a279f447b18d3065170e5,2026-02-03 15:45:29,Vit PRINDIS,Vit PRINDIS,PRINDIS,Vit,"PRINDIS, Vit",2018-06-01,None,Prague,Heats1,MK1,CZE,,29,15,85.48,4,4,None,,0,0,0,0,0,0,0,0,0,0,0,0,0,0,0,0,0,0,0,0,0,0,0,0,-,-,-
62e9caad33a68214526d708610ddcf3f,2026-02-03 15:45:22,Vit PRINDIS,Vit PRINDIS,PRINDIS,Vit,"PRINDIS, Vit",2017-10-27,None,Pau,Heats1,MK1,CZE,,28,2,78.44,0,0,None,,0,0,0,0,0,0,0,0,0,0,0,0,0,0,0,0,0,0,0,0,0,0,0,-,-,-,-
ac7c3b6d02925cf1bbfc86448f2efa25,2026-02-03 15:45:22,Vit PRINDIS,Vit PRINDIS,PRINDIS,Vit,"PRINDIS, Vit",2017-10-01,None,Pau,Semi,MK1,CZE,,28,5,93.98,0,0,None,,0,0,0,0,0,0,0,0,0,0,0,0,0,0,0,0,0,0,0,0,0,0,0,-,-,-,-
316dbbb6e322dbcf6d035e0484bc935a,2026-02-03 15:45:22,Vit PRINDIS,Vit PRINDIS,PRINDIS,Vit,"PRINDIS, Vit",2017-10-01,None,Pau,Final,MK1,CZE,,28,2,91.86,0,0,None,,0,0,0,0,0,0,0,0,0,0,0,0,0,0,0,0,0,0,0,0,0,0,0,-,-,-,-
10ec27ffba6b866f09bf2ad9137fcb39,2026-02-03 15:45:22,Vit PRINDIS,Vit PRINDIS,PRINDIS,Vit,"PRINDIS, Vit",2017-09-10,None,La Seu,Semi,MK1,CZE,,28,6,91.38,0,0,None,,0,0,0,0,0,0,0,0,0,0,0,0,0,0,0,0,0,0,0,0,0,0,0,0,-,-,-
0fdcc8a3e60b5bad7f09f91e2d40fa2c,2026-02-03 15:45:22,Vit PRINDIS,Vit PRINDIS,PRINDIS,Vit,"PRINDIS, Vit",2017-09-10,None,La Seu,Final,MK1,CZE,,28,6,90.28,0,0,None,,0,0,0,0,0,0,0,0,0,0,0,0,0,0,0,0,0,0,0,0,0,0,0,0,-,-,-
84aac127f3d1db42ada26e51d9f76120,2026-02-03 15:45:22,Vit PRINDIS,Vit PRINDIS,PRINDIS,Vit,"PRINDIS, Vit",2017-09-08,None,La Seu,Heats1,MK1,CZE,,28,21,93.87,2,2,None,,0,0,0,0,0,0,0,0,0,0,0,0,0,0,0,0,0,0,0,0,0,0,0,0,-,-,-
a87b7999bd805376eafa26e22d038b14,2026-02-03 15:45:22,Vit PRINDIS,Vit PRINDIS,PRINDIS,Vit,"PRINDIS, Vit",2017-09-03,None,Ivrea,Semi,MK1,CZE,,28,4,88.87,0,0,None,,0,0,0,0,0,0,0,0,0,0,0,0,0,0,0,0,0,0,0,0,0,0,0,-,-,-,-
f55f2d2fcf6607a134f3dedbf98dff00,2026-02-03 15:45:22,Vit PRINDIS,Vit PRINDIS,PRINDIS,Vit,"PRINDIS, Vit",2017-09-03,None,Ivrea,Final,MK1,CZE,,28,1,87.15,0,0,None,,0,0,0,0,0,0,0,0,0,0,0,0,0,0,0,0,0,0,0,0,0,0,0,-,-,-,-
d7376e13641552200ec9b42fdff06373,2026-02-03 15:45:22,Vit PRINDIS,Vit PRINDIS,PRINDIS,Vit,"PRINDIS, Vit",2017-09-01,None,Ivrea,Heats1,MK1,CZE,,28,13,90.18,0,0,None,,0,0,0,0,0,0,0,0,0,0,0,0,0,0,0,0,0,0,0,0,0,0,-,-,-,-,-
94ba7fcf075b1bf558729ac69a0d7992,2026-02-03 15:45:22,Vit PRINDIS,Vit PRINDIS,PRINDIS,Vit,"PRINDIS, Vit",2017-07-02,None,Markkleeberg,Semi,MK1,CZE,,28,17,97.99,2,2,None,,0,0,0,0,0,0,0,0,0,0,0,0,0,0,0,0,0,0,0,0,0,0,0,-,-,-,-
8c0e20e3958875f38e66ede3c86cbaa7,2026-02-03 15:45:22,Vit PRINDIS,Vit PRINDIS,PRINDIS,Vit,"PRINDIS, Vit",2017-06-30,None,Markkleeberg,Heats1,MK1,CZE,,28,15,93.62,0,0,None,,0,0,0,0,0,0,0,0,0,0,0,0,0,0,0,0,0,0,0,0,0,0,0,-,-,-,-
b11235bfb7e2ad35ae5cd9648d057f9c,2026-02-03 15:45:22,Vit PRINDIS,Vit PRINDIS,PRINDIS,Vit,"PRINDIS, Vit",2017-06-25,None,Augsburg,Semi,MK1,CZE,,28,9,98.06,2,2,None,,0,0,0,0,0,0,0,0,0,0,0,0,0,0,0,0,0,0,0,0,0,0,0,0,-,-,-
7c5a7ab7cb8359e1f97e9ff158e70186,2026-02-03 15:45:22,Vit PRINDIS,Vit PRINDIS,PRINDIS,Vit,"PRINDIS, Vit",2017-06-25,None,Augsburg,Final,MK1,CZE,,28,1,97.4,0,0,None,,0,0,0,0,0,0,0,0,0,0,0,0,0,0,0,0,0,0,0,0,0,0,0,0,-,-,-
ef27c92fe7baea486a3155a4ce70d91b,2026-02-03 15:45:22,Vit PRINDIS,Vit PRINDIS,PRINDIS,Vit,"PRINDIS, Vit",2017-06-23,None,Augsburg,Heats1,MK1,CZE,,28,9,95.59,0,0,None,,0,0,0,0,0,0,0,0,0,0,0,0,0,0,0,0,0,0,0,0,0,0,0,0,-,-,-
85ecf66737b3b48d315a33e39067c7cb,2026-02-03 15:45:22,Vit PRINDIS,Vit PRINDIS,PRINDIS,Vit,"PRINDIS, Vit",2017-06-18,None,Prague,Final,MK1,CZE,,28,1,88.55,0,0,None,,0,0,0,0,0,0,0,0,0,0,0,0,0,0,0,0,0,0,0,0,0,0,0,0,0,-,-
d1c5b2e68e70e24af530e4c811c7391d,2026-02-03 15:45:22,Vit PRINDIS,Vit PRINDIS,PRINDIS,Vit,"PRINDIS, Vit",2017-06-18,None,Prague,Semi,MK1,CZE,,28,1,87.31,2,2,None,,0,0,0,0,0,0,0,0,0,0,0,0,0,0,0,0,0,0,0,0,0,0,0,0,0,-,-
b696e7473686a6765f81dab0666e8eda,2026-02-03 15:45:22,Vit PRINDIS,Vit PRINDIS,PRINDIS,Vit,"PRINDIS, Vit",2017-06-16,None,Prague,Heats1,MK1,CZE,,28,4,79.1,0,0,None,,0,0,0,0,0,0,0,0,0,0,0,0,0,0,0,0,0,0,0,0,0,0,0,0,0,-,-
e577defbba3280fc331d7ffb4c31891a,2026-02-03 15:45:22,Vit PRINDIS,Vit PRINDIS,PRINDIS,Vit,"PRINDIS, Vit",2017-06-04,None,Tacen,Semi,MK1,CZE,,28,6,84.55,2,2,None,,0,0,0,0,0,0,0,0,0,0,0,0,0,0,0,0,0,0,0,0,0,0,0,0,-,-,-
6b37606051f339ea6fb016c6b6413648,2026-02-03 15:45:22,Vit PRINDIS,Vit PRINDIS,PRINDIS,Vit,"PRINDIS, Vit",2017-06-04,None,Tacen,Final,MK1,CZE,,28,5,84.59,0,0,None,,0,0,0,0,0,0,0,0,0,0,0,0,0,0,0,0,0,0,0,0,0,0,0,0,-,-,-
d235aa1ac955a53081d3d4d41f98d3dd,2026-02-03 15:45:22,Vit PRINDIS,Vit PRINDIS,PRINDIS,Vit,"PRINDIS, Vit",2017-06-01,None,Tacen,Heats1,MK1,CZE,,28,1,90.19,0,0,None,,0,0,0,0,0,0,0,0,0,0,0,0,0,0,0,0,0,0,0,0,0,0,0,0,-,-,-
c45f7ef42c5c8b7ac78031778fe943f8,2026-02-03 15:45:15,Vit PRINDIS,Vit PRINDIS,PRINDIS,Vit,"PRINDIS, Vit",2016-06-05,World Cup ,Ivrea,Semi,MK1,CZE,,27,16,89.05,4,4,93.05,93.05,0,0,0,0,0,0,0,0,0,0,0,0,0,0,0,0,0,0,0,0,0,0,0,0,-,-,-
d982c7662fd92d586993af8af7f25acf,2026-02-03 15:45:15,Vit PRINDIS,Vit PRINDIS,PRINDIS,Vit,"PRINDIS, Vit",2016-06-03,World Cup ,Ivrea,Heats1,MK1,CZE,,27,7,87.12,2,2,89.12,89.12,0,0,0,0,0,0,0,0,0,0,0,0,0,0,0,0,0,0,0,0,0,0,0,-,-,-,-
562f100e92b2cfed1551838f2be45896,2026-09-24 20:00:38,Jiri PRSKAVEC,Jiri PRSKAVEC,PRSKAVEC,Jiri,"PRSKAVEC, Jiri",2026-09-22,Euros ,Ivrea,Heats1,MK1,CZE,5,33,20,80.59,0,0,None,,0,0,0,0,0,0,0,0,0,0,0,0,0,0,0,0,0,0,0,0,0,0,-,-,-,-,-
64a9236e63ad6332d6f4c609213d872d,2026-09-11 20:00:36,Jiri PRSKAVEC,Jiri PRSKAVEC,PRSKAVEC,Jiri,"PRSKAVEC, Jiri",2026-09-13,World Cup Final,La Seu,Semi,MK1,CZE,5,33,20,87.3,2,2,None,,0,0,0,0,0,2,0,0,0,0,0,0,0,0,0,0,0,0,0,0,0,0,0,-,-,-,-
11ea6a15e20c9dfc4d1b155401c560f6,2026-09-11 20:00:36,Jiri PRSKAVEC,Jiri PRSKAVEC,PRSKAVEC,Jiri,"PRSKAVEC, Jiri",2026-09-11,World Cup Final,La Seu,Heats1,MK1,CZE,5,33,21,91.39,0,0,None,,0,0,0,0,0,0,0,0,0,0,0,0,0,0,0,0,0,0,0,0,0,0,0,-,-,-,-
59d468c10bd282c199aa822036e0c332,2026-09-10 20:00:41,Jiri PRSKAVEC,Jiri PRSKAVEC,PRSKAVEC,Jiri,"PRSKAVEC, Jiri",2026-09-04,World Cup #4,Vaires,Heats1,MK1,CZE,5,33,15,96.51,0,0,None,,0,0,0,0,0,0,0,0,0,0,0,0,0,0,0,0,0,0,0,0,0,0,-,-,-,-,-
08a5a517e039f72af0b2c223e8620c80,2026-07-26 20:00:31,Jiri PRSKAVEC,Jiri PRSKAVEC,PRSKAVEC,Jiri,"PRSKAVEC, Jiri",2026-07-23,World Championships ,Oklahoma,Semi,MK1,CZE,5,33,14,89.45,0,0,None,,0,0,0,0,0,0,0,0,0,0,0,0,0,0,0,0,0,0,0,0,0,0,-,-,-,-,-
7e847641e30b261cc7ab10284e602925,2026-07-26 20:00:31,Jiri PRSKAVEC,Jiri PRSKAVEC,PRSKAVEC,Jiri,"PRSKAVEC, Jiri",2026-07-21,World Championships ,Oklahoma,Heats1,MK1,CZE,5,33,11,82.14,0,0,None,,0,0,0,0,0,0,0,0,0,0,0,0,0,0,0,0,0,0,0,0,0,0,-,-,-,-,-
d3555c395f2cffa8715dc8893964b8a4,2026-06-09 06:48:07,Jiri PRSKAVEC,Jiri PRSKAVEC,PRSKAVEC,Jiri,"PRSKAVEC, Jiri",2026-06-05,World Cup #2,Prague,Final,MK1,CZE,4,33,11,96.72,52,52,None,,0,0,0,0,0,0,0,0,2,0,0,50,0,0,0,0,0,0,0,0,0,0,-,-,-,-,-
a870c6c31c094c4d6ec9a9dfb92b627c,2026-06-09 06:48:07,Jiri PRSKAVEC,Jiri PRSKAVEC,PRSKAVEC,Jiri,"PRSKAVEC, Jiri",2026-06-05,World Cup #2,Prague,Heats1,MK1,CZE,4,33,8,101.83,0,0,None,,0,0,0,0,0,0,0,0,0,0,0,0,0,0,0,0,0,0,0,0,0,0,-,-,-,-,-
637104ffc984028cde8af9d853994093,2026-06-09 20:00:28,Jiri PRSKAVEC,Jiri PRSKAVEC,PRSKAVEC,Jiri,"PRSKAVEC, Jiri",2026-03-28,ICF World ranking ,Oklahoma,Final,MK1,CZE,,33,3,78.33,0,0,None,,0,0,0,0,0,0,0,0,0,0,0,0,0,0,0,0,0,0,0,0,0,0,0,-,-,-,-
7a9dc9dda357bfe471682a3e46056dfb,2026-06-09 20:00:28,Jiri PRSKAVEC,Jiri PRSKAVEC,PRSKAVEC,Jiri,"PRSKAVEC, Jiri",2026-03-28,ICF World ranking ,Oklahoma,Heats1,MK1,CZE,,33,4,77.73,0,0,None,,0,0,0,0,0,0,0,0,0,0,0,0,0,0,0,0,0,0,0,0,0,0,0,-,-,-,-
5b195f06643906bc98cd1411583862ba,2026-06-09 20:00:28,Jiri PRSKAVEC,Jiri PRSKAVEC,PRSKAVEC,Jiri,"PRSKAVEC, Jiri",2026-02-21,Australian Open ,Penrith,Final,MK1,CZE,,33,6,100.31,0,0,None,,0,0,0,0,0,0,0,0,0,0,0,0,0,0,0,0,0,0,0,0,0,0,-,-,-,-,-
9791da6e4379d16ec6e5d715fcfa356e,2026-06-09 20:00:28,Jiri PRSKAVEC,Jiri PRSKAVEC,PRSKAVEC,Jiri,"PRSKAVEC, Jiri",2026-02-21,Australian Open ,Penrith,Heats1,MK1,CZE,,33,7,96.91,2,2,None,,0,0,0,0,0,0,0,0,0,0,0,0,0,2,0,0,0,0,0,0,0,0,-,-,-,-,-
37f1b9107974b1c0081aafb679871a4f,2026-04-02 14:26:24,Jiri PRSKAVEC,Jiri PRSKAVEC,PRSKAVEC,Jiri,"PRSKAVEC, Jiri",2026-02-17,ICF World ranking ,Oklahoma,Heats1,MK1,CZE,,33,4,77.73,0,0,None,,0,0,0,0,0,0,0,0,0,0,0,0,0,0,0,0,0,0,0,0,0,0,0,-,-,-,-
eca688456148c5e0063933141430a007,2026-02-24 11:16:55,Jiri PRSKAVEC,Jiri PRSKAVEC,PRSKAVEC,Jiri,"PRSKAVEC, Jiri",2026-02-17,Australian Open ,Penrith,Heats1,MK1,CZE,,33,7,96.91,2,2,None,,0,0,0,0,0,0,0,0,0,0,0,0,0,2,0,0,0,0,0,0,0,0,-,-,-,-,-
34c3cb45b7274a390d0c089ad29ecbb6,2026-06-08 09:55:50,Jiri PRSKAVEC,Jiri PRSKAVEC,PRSKAVEC,Jiri,"PRSKAVEC, Jiri",2026-02-17,World Cup #2,Prague,Heats1,MK1,CZE,4,33,8,101.83,0,0,None,,0,0,0,0,0,0,0,0,0,0,0,0,0,0,0,0,0,0,0,0,0,0,-,-,-,-,-
ae0a2025c2a8d56c11cae55581e915c1,2026-02-24 11:16:55,Jiri PRSKAVEC,Jiri PRSKAVEC,PRSKAVEC,Jiri,"PRSKAVEC, Jiri",2026-02-17,Australian Open ,Penrith,Final,MK1,CZE,,33,6,100.31,0,0,None,,0,0,0,0,0,0,0,0,0,0,0,0,0,0,0,0,0,0,0,0,0,0,-,-,-,-,-
61250dd325e30fe7440b0905ae8fb776,2026-06-08 09:55:50,Jiri PRSKAVEC,Jiri PRSKAVEC,PRSKAVEC,Jiri,"PRSKAVEC, Jiri",2026-02-17,World Cup #2,Prague,Final,MK1,CZE,4,33,11,96.72,52,52,None,,0,0,0,0,0,0,0,0,2,0,0,50,0,0,0,0,0,0,0,0,0,0,-,-,-,-,-
1f41aaaeebad28f5a142c52b817f3fc0,2026-04-02 14:26:24,Jiri PRSKAVEC,Jiri PRSKAVEC,PRSKAVEC,Jiri,"PRSKAVEC, Jiri",2026-02-17,ICF World ranking ,Oklahoma,Final,MK1,CZE,,33,3,78.33,0,0,None,,0,0,0,0,0,0,0,0,0,0,0,0,0,0,0,0,0,0,0,0,0,0,0,-,-,-,-
c51ef6bd62ec48148c4500b15d7e38de,2026-04-02 14:26:24,Jiri PRSKAVEC,Jiri PRSKAVEC,PRSKAVEC,Jiri,"PRSKAVEC, Jiri",2026-02-15,Penrith Open ,Penrith,Final,MK1,CZE,,33,6,87.88,2,2,None,,0,0,0,0,0,0,0,0,0,0,0,0,0,0,0,0,0,0,0,0,2,0,-,-,-,-,-
f2b530222d80198ad0652f06fdb5b7b1,2026-04-02 14:26:24,Jiri PRSKAVEC,Jiri PRSKAVEC,PRSKAVEC,Jiri,"PRSKAVEC, Jiri",2026-02-15,Penrith Open ,Penrith,Heats1,MK1,CZE,,33,4,88.65,2,2,None,,0,2,0,0,0,0,0,0,0,0,0,0,0,0,0,0,0,0,0,0,0,0,-,-,-,-,-
bcb046fa698367a8a96b06712003efa6,2026-02-24 11:16:55,Jiri PRSKAVEC,Jiri PRSKAVEC,PRSKAVEC,Jiri,"PRSKAVEC, Jiri",2026-02-15,None,Penrith,Heats1,MK1,CZE,,33,4,88.65,2,2,None,,0,2,0,0,0,0,0,0,0,0,0,0,0,0,0,0,0,0,0,0,0,0,-,-,-,-,-
23c26e385fa8f28b52fd8e314dfd5420,2026-02-24 11:16:55,Jiri PRSKAVEC,Jiri PRSKAVEC,PRSKAVEC,Jiri,"PRSKAVEC, Jiri",2026-02-15,None,Penrith,Final,MK1,CZE,,33,6,87.88,2,2,None,,0,0,0,0,0,0,0,0,0,0,0,0,0,0,0,0,0,0,0,0,2,0,-,-,-,-,-
4c6e6940fafe0ffbe6f1374df80214f7,2026-06-09 20:00:28,Jiri PRSKAVEC,Jiri PRSKAVEC,PRSKAVEC,Jiri,"PRSKAVEC, Jiri",2026-02-14,Penrith Open ,Penrith,Heats1,MK1,CZE,,33,4,88.65,2,2,None,,0,2,0,0,0,0,0,0,0,0,0,0,0,0,0,0,0,0,0,0,0,0,-,-,-,-,-
ff051afb499b44ae1be41e4455ff4c7a,2026-06-09 20:00:28,Jiri PRSKAVEC,Jiri PRSKAVEC,PRSKAVEC,Jiri,"PRSKAVEC, Jiri",2026-02-14,Penrith Open ,Penrith,Final,MK1,CZE,,33,6,87.88,2,2,None,,0,0,0,0,0,0,0,0,0,0,0,0,0,0,0,0,0,0,0,0,2,0,-,-,-,-,-
8847207215109813a867ca1e71cda8fb,2026-02-03 15:46:38,Jiri PRSKAVEC,Jiri PRSKAVEC,PRSKAVEC,Jiri,"PRSKAVEC, Jiri",2025-10-04,World Championships ,Penrith,Final,MK1,CZE,4,32,3,92.34,0,0,92.34,92.34,0,0,0,0,0,0,0,0,0,0,0,0,0,0,0,0,0,0,0,0,0,0,-,-,-,-,-
da103967f6fa2e93fdfe2e9f36173326,2026-02-03 15:46:38,Jiri PRSKAVEC,Jiri PRSKAVEC,PRSKAVEC,Jiri,"PRSKAVEC, Jiri",2025-10-04,World Championships ,Penrith,Semi,MK1,CZE,4,32,9,95.44,0,0,95.44,95.44,0,0,0,0,0,0,0,0,0,0,0,0,0,0,0,0,0,0,0,0,0,0,-,-,-,-,-
00064f60ecbdb4a2fcdd0c9e429b6ecb,2026-02-03 15:46:38,Jiri PRSKAVEC,Jiri PRSKAVEC,PRSKAVEC,Jiri,"PRSKAVEC, Jiri",2025-10-03,World Championships ,Penrith,Heats1,MK1,CZE,4,32,20,89.78,0,0,89.78,89.78,0,0,0,0,0,0,0,0,0,0,0,0,0,0,0,0,0,0,0,0,0,0,-,-,-,-,-
c122f0b26528499076d0da940c9af1c8,2026-02-03 15:46:38,Jiri PRSKAVEC,Jiri PRSKAVEC,PRSKAVEC,Jiri,"PRSKAVEC, Jiri",2025-08-30,World Cup #4,Tacen,Final,MK1,CZE,6,32,10,72.88,52,52,124.88,124.88,0,0,0,0,0,0,0,0,0,0,-,-,50,-,-,-,-,-,-,-,-,2,-,-,-,-,-
c3f53eb73e7f57c488aee45d611f66dd,2026-02-03 15:46:38,Jiri PRSKAVEC,Jiri PRSKAVEC,PRSKAVEC,Jiri,"PRSKAVEC, Jiri",2025-08-29,World Cup #4,Tacen,Heats1,MK1,CZE,6,32,8,75.01,0,0,75.01,75.01,0,0,0,0,0,0,0,0,0,0,-,-,-,-,-,-,-,-,-,-,-,-,-,-,-,-,-
140b5ff3a29df3bc4bc811fb1b27e83b,2026-02-03 15:46:38,Jiri PRSKAVEC,Jiri PRSKAVEC,PRSKAVEC,Jiri,"PRSKAVEC, Jiri",2025-06-28,World Cup #3,Prague,Final,MK1,CZE,2,32,5,90.93,0,0,90.93,90.93,0,0,0,0,0,0,0,0,0,0,-,-,-,-,-,-,-,-,-,-,-,-,-,-,-,-,-
8e88b172cee9c282a97401b290133066,2026-02-03 15:46:38,Jiri PRSKAVEC,Jiri PRSKAVEC,PRSKAVEC,Jiri,"PRSKAVEC, Jiri",2025-06-27,World Cup Grand Prix - short,Prague,Final,MK1,CZE,2,32,5,50.53,0,0,50.53,50.53,0,0,0,0,0,0,0,0,0,0,-,-,-,-,-,-,-,-,-,-,-,-,-,-,-,-,-
abd9f7a26315098cbbd3e9621c22b06a,2026-02-03 15:46:38,Jiri PRSKAVEC,Jiri PRSKAVEC,PRSKAVEC,Jiri,"PRSKAVEC, Jiri",2025-06-27,World Cup #3,Prague,Heats1,MK1,CZE,2,32,4,89.34,0,0,89.34,89.34,0,0,0,0,0,0,0,0,0,0,-,-,-,-,-,-,-,-,-,-,-,-,-,-,-,-,-
b5839091597ad963a2891013af61992a,2026-02-03 15:46:38,Jiri PRSKAVEC,Jiri PRSKAVEC,PRSKAVEC,Jiri,"PRSKAVEC, Jiri",2025-06-27,World Cup Grand Prix - short,Prague,Heats1,MK1,CZE,2,32,10,51.24,0,0,51.24,51.24,0,0,0,0,0,0,0,0,0,0,-,-,-,-,-,-,-,-,-,-,-,-,-,-,-,-,-
49ecb86bd0b033d8fc90166d9fe64129,2026-02-03 15:46:38,Jiri PRSKAVEC,Jiri PRSKAVEC,PRSKAVEC,Jiri,"PRSKAVEC, Jiri",2025-06-13,World Cup #2,Pau,Heats1,MK1,CZE,2,32,15,97.5,0,0,97.5,97.5,0,0,0,0,0,0,0,0,0,-,-,-,-,-,-,-,-,-,-,-,-,-,-,-,-,-,-
84d0d45eb7f9e1ec15dcb770174aeb3b,2026-02-03 15:46:38,Jiri PRSKAVEC,Jiri PRSKAVEC,PRSKAVEC,Jiri,"PRSKAVEC, Jiri",2025-06-06,World Cup #1,La Seu,Heats1,MK1,CZE,,32,30,87.9,2,2,89.9,89.9,0,0,0,0,2,0,0,0,0,0,0,0,0,0,0,0,0,0,0,0,0,0,0,-,-,-,-
ba90a4e83e663dd64135a8cc7ad56ed2,2026-02-03 15:46:38,Jiri PRSKAVEC,Jiri PRSKAVEC,PRSKAVEC,Jiri,"PRSKAVEC, Jiri",2025-05-17,Euros ,Vaires sur Marne,Final,MK1,CZE,,32,1,80.03,0,0,80.03,80.03,0,0,0,0,0,0,0,0,0,-,-,-,-,-,-,-,-,-,-,-,-,-,-,-,-,-,-
74f4a5ed8ec3d1b180cf403c05fae1ef,2026-02-03 15:46:38,Jiri PRSKAVEC,Jiri PRSKAVEC,PRSKAVEC,Jiri,"PRSKAVEC, Jiri",2025-05-17,Euros ,Vaires sur Marne,Semi,MK1,CZE,,32,7,84.2,0,0,84.2,84.2,0,0,0,0,0,0,0,0,0,-,-,-,-,-,-,-,-,-,-,-,-,-,-,-,-,-,-
7939fa092b79b20e56ad2903f69c4daf,2026-02-03 15:46:38,Jiri PRSKAVEC,Jiri PRSKAVEC,PRSKAVEC,Jiri,"PRSKAVEC, Jiri",2025-05-16,Euros ,Vaires sur Marne,Heats1,MK1,CZE,,32,6,85.2,0,0,85.2,85.2,0,0,0,0,0,0,0,0,0,0,0,0,0,0,0,0,0,0,0,0,0,0,-,-,-,-,-
997d1457c3bddb63cf50f629e7ea2b0a,2026-02-03 15:46:38,Jiri PRSKAVEC,Jiri PRSKAVEC,PRSKAVEC,Jiri,"PRSKAVEC, Jiri",2025-02-23,Australian Open ,Penrith,Heats1,MK1,CZE,,32,13,89.52,2,2,91.52,91.52,0,0,0,0,0,0,0,0,0,0,0,0,0,0,2,0,0,0,0,0,0,0,-,-,-,-,-
f4a14f6d41370552e2031b3c5b14b06b,2026-02-03 15:46:38,Jiri PRSKAVEC,Jiri PRSKAVEC,PRSKAVEC,Jiri,"PRSKAVEC, Jiri",2025-02-23,Australian Open ,Penrith,FinalB,MK1,CZE,,32,1,86.58,0,0,86.58,86.58,0,0,0,0,0,0,0,0,0,0,0,0,0,0,0,0,0,0,0,0,0,0,-,-,-,-,-
361c686cbeac1b404186c764d56ec8ba,2026-02-03 15:46:27,Jiri PRSKAVEC,Jiri PRSKAVEC,PRSKAVEC,Jiri,"PRSKAVEC, Jiri",2024-09-21,World Cup final,La Seu,Semi,MK1,CZE,,31,3,89.74,0,0,89.74,89.74,0,0,0,0,0,0,0,0,-,-,-,-,-,-,-,-,-,-,-,-,-,-,-,-,-,-,-
be9443caadde0e6634064d3513e18ea0,2026-02-03 15:46:27,Jiri PRSKAVEC,Jiri PRSKAVEC,PRSKAVEC,Jiri,"PRSKAVEC, Jiri",2024-09-21,World Cup final,La Seu,Final,MK1,CZE,,31,1,87.47,0,0,87.47,87.47,0,0,0,0,0,0,0,0,-,-,-,-,-,-,-,-,-,-,-,-,-,-,-,-,-,-,-
c292a47ac6d3082092af66760339f93d,2026-02-03 15:46:27,Jiri PRSKAVEC,Jiri PRSKAVEC,PRSKAVEC,Jiri,"PRSKAVEC, Jiri",2024-09-20,World Cup final,La Seu,Heats1,MK1,CZE,,31,9,87.58,2,2,89.58,89.58,0,0,0,0,0,0,0,0,0,0,0,0,0,0,0,0,0,0,0,0,2,0,0,0,0,-,-
4105af5912eaa4f4ba26bddb616e7049,2026-02-03 15:46:27,Jiri PRSKAVEC,Jiri PRSKAVEC,PRSKAVEC,Jiri,"PRSKAVEC, Jiri",2024-09-14,World Cup #4,Ivrea,Semi,MK1,CZE,,31,9,87.78,2,2,89.78,89.78,0,0,0,0,0,0,0,0,-,-,-,-,2,-,-,-,-,-,-,-,-,-,-,-,-,-,-
3f22282fa9048114d317f96b735eba93,2026-02-03 15:46:27,Jiri PRSKAVEC,Jiri PRSKAVEC,PRSKAVEC,Jiri,"PRSKAVEC, Jiri",2024-09-14,World Cup #4,Ivrea,Final,MK1,CZE,,31,9,86.84,50,50,136.84,136.84,0,0,0,0,0,0,0,0,-,-,-,-,-,-,-,-,-,-,-,-,-,-,-,-,-,-,-
2b9d6453ff74591ed04fd5ef43d09332,2026-02-03 15:46:27,Jiri PRSKAVEC,Jiri PRSKAVEC,PRSKAVEC,Jiri,"PRSKAVEC, Jiri",2024-09-13,World Cup #4,Ivrea,Heats1,MK1,CZE,,31,3,77.31,0,0,77.31,77.31,0,0,0,0,0,0,0,0,-,-,-,-,-,-,-,-,-,-,-,-,-,-,-,-,-,-,-
d3ac0639d4e9274861f482a8eda54355,2026-02-03 15:46:27,Jiri PRSKAVEC,Jiri PRSKAVEC,PRSKAVEC,Jiri,"PRSKAVEC, Jiri",2024-08-04,Olympic Games ,Vaires sur Marne,Semi,MK1,CZE,,31,6,90.53,2,2,92.53,92.53,0,0,0,0,0,0,0,0,0,0,0,0,0,0,0,0,0,0,0,0,0,0,-,-,-,-,-
35f853f14f7ba21262e85e37f5245930,2026-02-03 15:46:27,Jiri PRSKAVEC,Jiri PRSKAVEC,PRSKAVEC,Jiri,"PRSKAVEC, Jiri",2024-08-04,Olympic Games ,Vaires sur Marne,Final,MK1,CZE,,31,8,87.74,4,4,91.74,91.74,0,0,0,0,0,0,2,0,0,0,0,0,0,0,0,2,0,0,0,0,0,0,-,-,-,-,-
dbbcdd8f914138ced8acaf080b3c9642,2026-02-03 15:46:27,Jiri PRSKAVEC,Jiri PRSKAVEC,PRSKAVEC,Jiri,"PRSKAVEC, Jiri",2024-08-03,Olympic Games ,Vaires sur Marne,Heats1,MK1,CZE,,31,2,83.74,0,0,83.74,83.74,0,0,0,0,0,0,0,0,0,0,0,0,0,0,0,0,0,0,0,0,0,0,-,-,-,-,-
db2f4fd414bfd0cde076b47c7907a1f7,2026-02-03 15:46:27,Jiri PRSKAVEC,Jiri PRSKAVEC,PRSKAVEC,Jiri,"PRSKAVEC, Jiri",2024-06-07,World Cup #2,Prague,Heats1,MK1,CZE,,31,55,82.31,50,50,132.31,132.31,0,0,0,0,0,0,0,0,0,0,0,0,50,0,0,0,0,0,0,0,0,0,0,0,-,-,-
f0584918a9412857edf80c695fb1d67b,2026-02-03 15:46:27,Jiri PRSKAVEC,Jiri PRSKAVEC,PRSKAVEC,Jiri,"PRSKAVEC, Jiri",2024-05-18,Euros ,Tacen,Final,MK1,CZE,,31,9,85.92,52,52,137.92,137.92,0,0,0,0,0,0,0,0,0,0,0,0,0,0,0,0,0,50,0,2,0,-,-,-,-,-,-
9a8637f6604cb0720c82f8e019a3f344,2026-02-03 15:46:27,Jiri PRSKAVEC,Jiri PRSKAVEC,PRSKAVEC,Jiri,"PRSKAVEC, Jiri",2024-05-17,Euros ,Tacen,Heats1,MK1,CZE,,31,2,92.34,0,0,92.34,92.34,0,0,0,0,0,0,0,0,0,0,0,0,0,0,0,0,0,0,0,0,0,-,-,-,-,-,-
5f6e4acdad23fd3b4179d29ebcb1cf28,2026-02-03 15:46:27,Jiri PRSKAVEC,Jiri PRSKAVEC,PRSKAVEC,Jiri,"PRSKAVEC, Jiri",2024-02-03,Australian Open ,Penrith,Heats1,MK1,CZE,,31,3,94.78,2,2,96.78,96.78,0,0,0,0,0,0,0,0,0,0,2,0,0,0,0,0,0,0,0,0,0,0,0,-,-,-,-
c1d6e2630a74c33e4027c564b03d8d5c,2026-02-03 15:46:27,Jiri PRSKAVEC,Jiri PRSKAVEC,PRSKAVEC,Jiri,"PRSKAVEC, Jiri",2024-02-03,Australian Open ,Penrith,Final,MK1,CZE,,31,8,92.51,50,50,142.51,142.51,0,0,0,0,0,0,0,0,0,0,0,0,0,0,0,0,0,0,50,0,0,0,0,-,-,-,-
43a6745b63bd444841d7920364f488fc,2026-02-03 15:46:27,Jiri PRSKAVEC,Jiri PRSKAVEC,PRSKAVEC,Jiri,"PRSKAVEC, Jiri",2024-01-27,Oceania Championships ,Penrith,Final,MK1,CZE,,31,1,90.66,2,2,92.66,92.66,0,0,0,0,0,0,0,0,0,0,0,0,0,0,2,0,0,0,0,0,0,0,0,-,-,-,-
b632e1854610a02718442e6460952bc8,2026-02-03 15:46:27,Jiri PRSKAVEC,Jiri PRSKAVEC,PRSKAVEC,Jiri,"PRSKAVEC, Jiri",2024-01-27,Oceania Championships ,Penrith,Semi,MK1,CZE,,31,6,96.72,0,0,96.72,96.72,0,0,0,0,0,0,0,0,0,0,0,0,0,0,0,0,0,0,0,0,0,0,0,-,-,-,-
09195775a993a456443c829304e33202,2026-02-03 15:46:27,Jiri PRSKAVEC,Jiri PRSKAVEC,PRSKAVEC,Jiri,"PRSKAVEC, Jiri",2024-01-26,Oceania Championships ,Penrith,Heats1,MK1,CZE,,31,4,91.22,2,2,93.22,93.22,0,0,0,0,0,0,2,0,0,0,0,0,0,0,0,0,0,0,0,0,0,0,-,-,-,-,-
cc194ecbc27593eb33f22333ee6d8253,2026-02-03 15:46:16,Jiri PRSKAVEC,Jiri PRSKAVEC,PRSKAVEC,Jiri,"PRSKAVEC, Jiri",2023-10-07,World Cup final,Vaires sur Marne,Final,MK1,CZE,,30,7,89.4,6,6,95.4,95.4,0,0,0,0,0,0,0,0,2,0,0,0,0,2,0,0,2,0,0,0,0,-,-,-,-,-,-
dd74a05d789fe6ada14a565be15d8d60,2026-02-03 15:46:16,Jiri PRSKAVEC,Jiri PRSKAVEC,PRSKAVEC,Jiri,"PRSKAVEC, Jiri",2023-10-07,World Cup final,Vaires sur Marne,Semi,MK1,CZE,,30,1,90.12,0,0,90.12,90.12,0,0,0,0,0,0,0,0,0,0,0,0,0,0,0,0,0,0,0,0,0,-,-,-,-,-,-
2e2f65efe4ccaafa9d081a7be5a647e0,2026-02-03 15:46:16,Jiri PRSKAVEC,Jiri PRSKAVEC,PRSKAVEC,Jiri,"PRSKAVEC, Jiri",2023-10-06,World Cup final,Vaires sur Marne,Heats2,MK1,CZE,,30,6,88.42,2,2,90.42,90.42,0,0,0,0,0,0,0,0,0,2,0,0,0,0,0,0,0,0,0,0,0,-,-,-,-,-,-
735a3e9b4fd566af022d2f68686ff3ee,2026-02-03 15:46:16,Jiri PRSKAVEC,Jiri PRSKAVEC,PRSKAVEC,Jiri,"PRSKAVEC, Jiri",2023-10-06,World Cup final,Vaires sur Marne,Heats1,MK1,CZE,,30,3,90.59,0,0,90.59,90.59,0,0,0,0,0,0,0,0,0,0,0,0,0,0,0,0,0,0,0,0,0,-,-,-,-,-,-
9242cff4f49eea2ed547558baf0a925e,2026-02-03 15:46:16,Jiri PRSKAVEC,Jiri PRSKAVEC,PRSKAVEC,Jiri,"PRSKAVEC, Jiri",2023-09-23,World Championships ,Lee Valley,Semi,MK1,CZE,,30,2,92.7,0,0,92.7,92.7,0,0,0,0,0,0,0,0,0,0,0,0,0,0,0,0,0,0,0,0,0,0,-,-,-,-,-
6bf56cffc1a029a85043d036950f8a75,2026-02-03 15:46:16,Jiri PRSKAVEC,Jiri PRSKAVEC,PRSKAVEC,Jiri,"PRSKAVEC, Jiri",2023-09-23,World Championships ,Lee Valley,Final,MK1,CZE,,30,2,93.26,0,0,93.26,93.26,0,0,0,0,0,0,0,0,0,0,0,0,0,0,0,0,0,0,0,0,0,0,-,-,-,-,-
5a3e9fd15414d6e8906e02fbcf9de771,2026-02-03 15:46:16,Jiri PRSKAVEC,Jiri PRSKAVEC,PRSKAVEC,Jiri,"PRSKAVEC, Jiri",2023-09-22,World Championships ,Lee Valley,Heats1,MK1,CZE,,30,2,79.12,0,0,79.12,79.12,0,0,0,0,0,0,0,0,0,0,0,0,0,0,0,0,0,0,0,0,0,0,0,-,-,-,-
e3d3a513147617cbbee68024ccd33e85,2026-02-03 15:46:16,Jiri PRSKAVEC,Jiri PRSKAVEC,PRSKAVEC,Jiri,"PRSKAVEC, Jiri",2023-09-01,World Cup #4,La Seu,Heats1,MK1,CZE,,30,28,92.4,4,4,96.4,96.4,0,0,0,0,0,0,0,0,0,0,0,0,0,0,0,0,0,0,2,2,0,0,-,-,-,-,-
f01de1a4322bdd977f1d20c64290f381,2026-02-03 15:46:16,Jiri PRSKAVEC,Jiri PRSKAVEC,PRSKAVEC,Jiri,"PRSKAVEC, Jiri",2023-07-02,Euros European Games,Krakow,Final,MK1,CZE,,30,1,88.21,0,0,88.21,88.21,0,0,0,0,0,0,0,0,0,0,0,0,0,0,0,0,0,0,0,0,0,-,-,-,-,-,-
d4456eab35ece5bcfb8590e9d1a03596,2026-02-03 15:46:16,Jiri PRSKAVEC,Jiri PRSKAVEC,PRSKAVEC,Jiri,"PRSKAVEC, Jiri",2023-07-02,Euros European Games,Krakow,Semi,MK1,CZE,,30,1,88.97,0,0,88.97,88.97,0,0,0,0,0,0,0,0,0,0,0,0,0,0,0,0,0,0,0,0,0,-,-,-,-,-,-
995d52fe9f90f62c4f6afa21fff9df69,2026-02-03 15:46:16,Jiri PRSKAVEC,Jiri PRSKAVEC,PRSKAVEC,Jiri,"PRSKAVEC, Jiri",2023-06-30,Euros European Games,Krakow,Heats1,MK1,CZE,,30,3,85.09,0,0,85.09,85.09,0,0,0,0,0,0,0,0,0,0,0,0,0,0,0,0,0,0,0,0,0,-,-,-,-,-,-
40abd955d7fb4168205beca98a0115ab,2026-02-03 15:46:16,Jiri PRSKAVEC,Jiri PRSKAVEC,PRSKAVEC,Jiri,"PRSKAVEC, Jiri",2023-06-16,World Cup #3,Tacen,Final,MK1,CZE,,30,1,85.02,0,0,85.02,85.02,0,0,0,0,0,0,0,0,0,0,0,0,0,0,0,0,0,0,0,0,0,0,0,-,-,-,-
a77a534f4cc563048e405b0e4e693803,2026-02-03 15:46:16,Jiri PRSKAVEC,Jiri PRSKAVEC,PRSKAVEC,Jiri,"PRSKAVEC, Jiri",2023-06-16,World Cup #3,Tacen,Semi,MK1,CZE,,30,2,87.9,0,0,87.9,87.9,0,0,0,0,0,0,0,0,0,0,0,0,0,0,0,0,0,0,0,0,0,0,0,-,-,-,-
38665973b53e791540a192662dd4745e,2026-02-03 15:46:16,Jiri PRSKAVEC,Jiri PRSKAVEC,PRSKAVEC,Jiri,"PRSKAVEC, Jiri",2023-06-15,World Cup #3,Tacen,Heats1,MK1,CZE,,30,56,85.89,50,50,135.89,135.89,0,0,0,0,0,0,0,0,0,0,0,0,0,0,0,50,0,0,0,0,0,0,0,-,-,-,-
09c3dddc9f30029fc052d26ae1a753be,2026-02-03 15:46:16,Jiri PRSKAVEC,Jiri PRSKAVEC,PRSKAVEC,Jiri,"PRSKAVEC, Jiri",2023-06-15,World Cup #3,Tacen,Heats2,MK1,CZE,,30,2,87.31,0,0,87.31,87.31,0,0,0,0,0,0,0,0,0,0,0,0,0,0,0,0,0,0,0,0,0,0,0,-,-,-,-
2f6d51e80675fc8a4570355902de3fdd,2026-02-03 15:46:16,Jiri PRSKAVEC,Jiri PRSKAVEC,PRSKAVEC,Jiri,"PRSKAVEC, Jiri",2023-06-09,World Cup #2,Prague,Final,MK1,CZE,,30,1,89.67,0,0,89.67,89.67,0,0,0,0,0,0,0,0,0,0,0,0,0,0,0,0,0,0,0,0,0,0,0,0,-,-,-
6488e93b74c8ecd79c1f99393351c5e6,2026-02-03 15:46:16,Jiri PRSKAVEC,Jiri PRSKAVEC,PRSKAVEC,Jiri,"PRSKAVEC, Jiri",2023-06-09,World Cup #2,Prague,Semi,MK1,CZE,,30,1,90.47,0,0,90.47,90.47,0,0,0,0,0,0,0,0,0,0,0,0,0,0,0,0,0,0,0,0,0,0,0,0,-,-,-
61bd4408c3b7fbcc326dbbb6d4eb0767,2026-02-03 15:46:16,Jiri PRSKAVEC,Jiri PRSKAVEC,PRSKAVEC,Jiri,"PRSKAVEC, Jiri",2023-06-08,World Cup #2,Prague,Heats1,MK1,CZE,,30,1,83.31,0,0,83.31,83.31,0,0,0,0,0,0,0,0,0,0,0,0,0,0,0,0,0,0,0,0,0,0,0,0,-,-,-
ad0bad29beb1b39ec18b31f9c49a7683,2026-02-03 15:46:16,Jiri PRSKAVEC,Jiri PRSKAVEC,PRSKAVEC,Jiri,"PRSKAVEC, Jiri",2023-06-02,World Cup #1,Augsburg,Semi,MK1,CZE,,30,8,93.19,2,2,95.19,95.19,0,2,0,0,0,0,0,0,0,0,-,-,-,-,-,-,-,-,-,-,-,-,-,-,-,-,-
8e0aef6c943471094c3f440dc40e941b,2026-02-03 15:46:16,Jiri PRSKAVEC,Jiri PRSKAVEC,PRSKAVEC,Jiri,"PRSKAVEC, Jiri",2023-06-02,World Cup #1,Augsburg,Final,MK1,CZE,,30,5,91.03,4,4,95.03,95.03,0,0,0,0,0,0,0,0,0,0,-,-,-,-,-,-,-,-,-,-,-,-,-,-,-,-,-
da7b3be96212fa9943f0794eaf7fb2be,2026-02-03 15:46:16,Jiri PRSKAVEC,Jiri PRSKAVEC,PRSKAVEC,Jiri,"PRSKAVEC, Jiri",2023-06-01,World Cup #1,Augsburg,Heats1,MK1,CZE,,30,2,86.52,2,2,88.52,88.52,0,0,0,0,0,0,0,0,0,2,0,0,0,0,0,0,0,0,0,0,0,0,0,-,-,-,-
18fd0c9b0975d8a03edb07b81af8dd30,2026-02-03 15:46:16,Jiri PRSKAVEC,Jiri PRSKAVEC,PRSKAVEC,Jiri,"PRSKAVEC, Jiri",2023-02-05,ICF World ranking ,Ile de la Reunion,Final,MK1,CZE,,30,1,90.98,0,0,90.98,90.98,0,0,0,0,0,0,0,0,0,0,0,0,0,0,0,0,0,0,0,0,0,0,-,-,-,-,-
b9bbdc2a1a4c0424125c07a3d47cc982,2026-02-03 15:46:16,Jiri PRSKAVEC,Jiri PRSKAVEC,PRSKAVEC,Jiri,"PRSKAVEC, Jiri",2023-02-05,ICF World ranking ,Ile de la Reunion,Semi,MK1,CZE,,30,1,94.41,0,0,94.41,94.41,0,0,0,0,0,0,0,0,0,0,0,0,0,0,0,0,0,0,0,0,0,0,-,-,-,-,-
49e176d4f7fb75f133ab5d69f829acb0,2026-02-03 15:46:16,Jiri PRSKAVEC,Jiri PRSKAVEC,PRSKAVEC,Jiri,"PRSKAVEC, Jiri",2023-02-04,ICF World ranking ,Ile de la Reunion,Heats1,MK1,CZE,,30,2,88.78,2,2,90.78,90.78,0,0,0,0,0,0,0,0,0,0,0,0,0,0,0,0,0,0,0,0,0,0,-,-,-,-,-
d79fae7870c44a6fdff2a747b930f0c7,2026-02-03 15:46:02,Jiri PRSKAVEC,Jiri PRSKAVEC,PRSKAVEC,Jiri,"PRSKAVEC, Jiri",2022-09-18,ICF World ranking ,Lee Valley,Semi,MK1,CZE,,29,4,93.83,2,2,95.83,95.83,0,0,0,0,0,0,0,0,0,0,0,0,0,0,0,0,0,0,0,0,0,0,-,-,-,-,-
018aab3619deaff525d9809f60144b2c,2026-02-03 15:46:02,Jiri PRSKAVEC,Jiri PRSKAVEC,PRSKAVEC,Jiri,"PRSKAVEC, Jiri",2022-09-18,ICF World ranking ,Lee Valley,Final,MK1,CZE,,29,3,97,0,0,97,97,0,0,0,0,0,0,0,0,0,0,0,0,0,0,0,0,0,0,0,0,0,0,-,-,-,-,-
33d8a57a5034083c75f35ae6a7d50f85,2026-02-03 15:46:02,Jiri PRSKAVEC,Jiri PRSKAVEC,PRSKAVEC,Jiri,"PRSKAVEC, Jiri",2022-09-17,ICF World ranking ,Lee Valley,Heats1,MK1,CZE,,29,2,95.53,0,0,95.53,95.53,0,0,0,0,0,0,0,0,0,0,0,0,0,0,0,0,0,0,0,0,0,0,-,-,-,-,-
07cb793dfada794bca5aa8d905f12bff,2026-02-03 15:46:02,Jiri PRSKAVEC,Jiri PRSKAVEC,PRSKAVEC,Jiri,"PRSKAVEC, Jiri",2022-09-04,World Cup final,La Seu,Semi,MK1,CZE,,29,3,86.41,0,0,86.41,86.41,0,0,0,0,0,0,0,0,0,0,0,0,0,0,0,0,0,0,0,0,0,0,-,-,-,-,-
c8b287b07dec4604d95858008d60c2e5,2026-02-03 15:46:02,Jiri PRSKAVEC,Jiri PRSKAVEC,PRSKAVEC,Jiri,"PRSKAVEC, Jiri",2022-09-04,World Cup final,La Seu,Final,MK1,CZE,,29,1,85.07,2,2,87.07,87.07,0,0,0,0,0,0,0,0,0,0,0,0,0,0,0,0,0,0,0,0,0,0,-,-,-,-,-
59ed343880f88bd67104969fab91ca35,2026-02-03 15:46:02,Jiri PRSKAVEC,Jiri PRSKAVEC,PRSKAVEC,Jiri,"PRSKAVEC, Jiri",2022-09-02,World Cup final,La Seu,Heats1,MK1,CZE,,29,1,80.05,0,0,80.05,80.05,0,0,0,0,0,0,0,0,-,-,-,-,-,-,-,-,-,-,-,-,-,-,-,-,-,-,-
05edc1fa83ed2689d94d2733dcee6593,2026-02-03 15:46:02,Jiri PRSKAVEC,Jiri PRSKAVEC,PRSKAVEC,Jiri,"PRSKAVEC, Jiri",2022-08-28,World Cup #4,Pau,Semi,MK1,CZE,,29,1,95.61,2,2,97.61,97.61,0,0,0,0,0,0,0,0,0,0,0,0,0,0,0,0,0,0,0,0,0,0,-,-,-,-,-
5daf4c4f23b46ce9c47b6ef4c4c9ff11,2026-02-03 15:46:02,Jiri PRSKAVEC,Jiri PRSKAVEC,PRSKAVEC,Jiri,"PRSKAVEC, Jiri",2022-08-28,World Cup #4,Pau,Final,MK1,CZE,,29,5,97.92,2,2,99.92,99.92,0,0,0,0,0,0,0,0,0,0,0,0,0,0,0,0,0,0,0,0,0,0,-,-,-,-,-
2d19549e841d86f9dd4cb7f57271f9a0,2026-02-03 15:46:02,Jiri PRSKAVEC,Jiri PRSKAVEC,PRSKAVEC,Jiri,"PRSKAVEC, Jiri",2022-08-26,World Cup #4,Pau,Heats1,MK1,CZE,,29,3,93.52,0,0,93.52,93.52,0,0,0,0,0,0,0,0,0,0,0,0,0,0,0,0,0,0,0,0,0,0,-,-,-,-,-
55dcef48eb29ce6652980e560aa84a2b,2026-02-03 15:46:02,Jiri PRSKAVEC,Jiri PRSKAVEC,PRSKAVEC,Jiri,"PRSKAVEC, Jiri",2022-07-31,World Championships ,Augsburg,Semi,MK1,CZE,,29,5,93.86,2,2,95.86,95.86,0,0,0,0,0,0,0,0,0,0,0,0,0,0,0,0,0,0,0,0,0,0,-,-,-,-,-
19139b831800bce5f86054196716e8f4,2026-02-03 15:46:02,Jiri PRSKAVEC,Jiri PRSKAVEC,PRSKAVEC,Jiri,"PRSKAVEC, Jiri",2022-07-31,World Championships ,Augsburg,Final,MK1,CZE,,29,5,94.23,4,4,98.23,98.23,0,0,0,0,0,0,0,0,0,0,0,0,0,0,0,0,0,0,0,0,0,0,-,-,-,-,-
df19b330d3d499a2d1e75f0538caf169,2026-02-03 15:46:02,Jiri PRSKAVEC,Jiri PRSKAVEC,PRSKAVEC,Jiri,"PRSKAVEC, Jiri",2022-07-28,World Championships ,Augsburg,Heats1,MK1,CZE,,29,2,87.37,0,0,87.37,87.37,0,0,0,0,0,0,0,0,0,0,0,0,0,0,0,0,0,0,0,0,0,0,-,-,-,-,-
092aa25976621c0ec99ae61a746780d1,2026-02-03 15:46:02,Jiri PRSKAVEC,Jiri PRSKAVEC,PRSKAVEC,Jiri,"PRSKAVEC, Jiri",2022-06-26,World Cup #3,Tacen,Semi,MK1,CZE,,29,6,82.26,2,2,84.26,84.26,0,0,0,0,0,2,0,0,0,0,0,0,0,0,0,0,0,0,0,0,0,0,-,-,-,-,-
a69c77dab7b0918d0fce5d663c6cd647,2026-02-03 15:46:02,Jiri PRSKAVEC,Jiri PRSKAVEC,PRSKAVEC,Jiri,"PRSKAVEC, Jiri",2022-06-26,World Cup #3,Tacen,Final,MK1,CZE,,29,1,79.79,0,0,79.79,79.79,0,0,0,0,0,0,0,0,0,0,0,0,0,0,0,0,0,0,0,0,0,0,-,-,-,-,-
5752a312dbcda1d23cdfe249bbfc4df0,2026-02-03 15:46:02,Jiri PRSKAVEC,Jiri PRSKAVEC,PRSKAVEC,Jiri,"PRSKAVEC, Jiri",2022-06-24,World Cup #3,Tacen,Heats1,MK1,CZE,,29,2,79.55,0,0,79.55,79.55,0,0,0,0,0,0,0,0,0,0,0,0,0,0,0,0,0,0,0,0,0,0,-,-,-,-,-
b23de48cec71922b016bf7c1f97c36c9,2026-02-03 15:46:02,Jiri PRSKAVEC,Jiri PRSKAVEC,PRSKAVEC,Jiri,"PRSKAVEC, Jiri",2022-06-19,World Cup #2,Krakow,Final,MK1,CZE,,29,3,85.46,0,0,85.46,85.46,0,0,0,0,0,0,0,0,0,0,0,0,0,0,0,0,0,0,0,0,0,0,-,-,-,-,-
0c3fdba09232f3cb7dd9beca56d46043,2026-02-03 15:46:02,Jiri PRSKAVEC,Jiri PRSKAVEC,PRSKAVEC,Jiri,"PRSKAVEC, Jiri",2022-06-19,World Cup #2,Krakow,Semi,MK1,CZE,,29,1,83.93,0,0,83.93,83.93,0,0,0,0,0,0,0,0,0,0,0,0,0,0,0,0,0,0,0,0,0,0,-,-,-,-,-
18e562b01a74692eed782ea5479b1d70,2026-02-03 15:46:02,Jiri PRSKAVEC,Jiri PRSKAVEC,PRSKAVEC,Jiri,"PRSKAVEC, Jiri",2022-06-17,World Cup #2,Krakow,Heats1,MK1,CZE,,29,4,90.09,0,0,90.09,90.09,0,0,0,0,0,0,0,0,0,0,0,0,0,0,0,0,0,0,0,0,0,0,-,-,-,-,-
b696b5000f13f40d93dd77cbfa29598c,2026-02-03 15:46:02,Jiri PRSKAVEC,Jiri PRSKAVEC,PRSKAVEC,Jiri,"PRSKAVEC, Jiri",2022-06-12,World Cup #1,Prague,Semi,MK1,CZE,,29,5,94.33,2,2,96.33,96.33,0,0,0,0,0,0,0,0,-,-,-,-,-,-,-,-,-,2,-,-,-,-,-,-,-,-,-
e93dcf31e6924a3508763df58c1dd02d,2026-02-03 15:46:02,Jiri PRSKAVEC,Jiri PRSKAVEC,PRSKAVEC,Jiri,"PRSKAVEC, Jiri",2022-06-12,World Cup #1,Prague,Final,MK1,CZE,,29,4,95.57,2,2,97.57,97.57,0,0,0,0,0,0,0,0,-,-,-,-,-,-,-,-,-,-,-,-,-,-,-,-,-,-,-
952ee22440876184e9d54a4969805ae4,2026-02-03 15:46:02,Jiri PRSKAVEC,Jiri PRSKAVEC,PRSKAVEC,Jiri,"PRSKAVEC, Jiri",2022-06-10,World Cup #1,Prague,Heats1,MK1,CZE,,29,8,85.73,2,2,87.73,87.73,0,0,0,0,0,0,0,0,-,-,-,-,-,-,-,-,-,-,-,-,-,-,-,-,-,-,-
6f90a5df7717ccd35c680b3d77dbf47c,2026-02-03 15:46:02,Jiri PRSKAVEC,Jiri PRSKAVEC,PRSKAVEC,Jiri,"PRSKAVEC, Jiri",2022-05-29,Euros ,Liptovsky Mikulas,Semi,MK1,CZE,,29,1,96.64,0,0,96.64,96.64,0,0,0,0,0,0,0,0,0,0,0,0,0,0,0,0,0,0,0,0,0,0,-,-,-,-,-
b3070f15affd7c13341a85c5415bfb85,2026-02-03 15:46:02,Jiri PRSKAVEC,Jiri PRSKAVEC,PRSKAVEC,Jiri,"PRSKAVEC, Jiri",2022-05-29,Euros ,Liptovsky Mikulas,Final,MK1,CZE,,29,1,96.35,0,0,96.35,96.35,0,0,0,0,0,0,0,0,0,0,0,0,0,0,0,0,0,0,0,0,0,0,-,-,-,-,-
d1fc64131e333346d04917b5b74beb38,2026-02-03 15:46:02,Jiri PRSKAVEC,Jiri PRSKAVEC,PRSKAVEC,Jiri,"PRSKAVEC, Jiri",2022-05-26,Euros ,Liptovsky Mikulas,Heats1,MK1,CZE,,29,22,90.73,2,2,92.73,92.73,0,0,0,0,0,0,0,0,0,0,0,0,0,0,0,0,0,0,0,0,0,0,-,-,-,-,-
5fd22837e666f654c542846a5250d020,2026-02-03 15:46:02,Jiri PRSKAVEC,Jiri PRSKAVEC,PRSKAVEC,Jiri,"PRSKAVEC, Jiri",2022-05-26,Euros ,Liptovsky Mikulas,Heats2,MK1,CZE,,29,1,87.72,0,0,87.72,87.72,0,0,0,0,0,0,0,0,0,0,0,0,0,0,0,0,0,0,0,0,0,0,-,-,-,-,-
fb3c02650b19a1fc38f57021c927ed49,2026-02-03 15:45:53,Jiri PRSKAVEC,Jiri PRSKAVEC,PRSKAVEC,Jiri,"PRSKAVEC, Jiri",2021-09-26,World Championships ,Bratislava,Semi,MK1,CZE,,28,11,88.71,0,0,88.71,88.71,0,0,0,0,0,0,0,0,0,0,0,0,0,0,0,0,0,0,0,0,0,0,-,-,-,-,-
fd7a1d8b7cc60d66e673ec1a1b2ba0ac,2026-02-03 15:45:53,Jiri PRSKAVEC,Jiri PRSKAVEC,PRSKAVEC,Jiri,"PRSKAVEC, Jiri",2021-09-24,World Championships ,Bratislava,Heats1,MK1,CZE,,28,19,84.87,0,0,84.87,84.87,0,0,0,0,0,0,0,0,0,0,0,0,0,0,0,0,0,0,0,0,0,0,-,-,-,-,-
92b036a5ff45c034035b0a5ee143f947,2026-02-03 15:45:53,Jiri PRSKAVEC,Jiri PRSKAVEC,PRSKAVEC,Jiri,"PRSKAVEC, Jiri",2021-07-30,Olympic Games ,Tokyo,Semi,MK1,CZE,,28,1,92.29,2,2,94.29,94.29,0,0,0,0,0,0,0,0,0,0,0,0,0,0,0,0,0,0,0,0,0,0,-,-,-,-,-
a2841b5f8d2306afd1eb10ad79ce3734,2026-02-03 15:45:53,Jiri PRSKAVEC,Jiri PRSKAVEC,PRSKAVEC,Jiri,"PRSKAVEC, Jiri",2021-07-30,Olympic Games ,Tokyo,Final,MK1,CZE,,28,1,91.63,0,0,91.63,91.63,0,0,0,0,0,0,0,0,0,0,0,0,0,0,0,0,0,0,0,0,0,0,-,-,-,-,-
c753ed13eb3fa7d626f2d0cca39d23ad,2026-02-03 15:45:53,Jiri PRSKAVEC,Jiri PRSKAVEC,PRSKAVEC,Jiri,"PRSKAVEC, Jiri",2021-07-28,Olympic Games ,Tokyo,Heats1,MK1,CZE,,28,3,92.57,0,0,92.57,92.57,0,0,0,0,0,0,0,0,0,0,0,0,0,0,0,0,0,0,0,0,0,0,-,-,-,-,-
02d13cd60ad26637d2296a8bc8f130fa,2026-02-03 15:45:53,Jiri PRSKAVEC,Jiri PRSKAVEC,PRSKAVEC,Jiri,"PRSKAVEC, Jiri",2021-07-28,Olympic Games ,Tokyo,Heats2,MK1,CZE,,28,4,89.71,2,2,91.71,91.71,0,0,0,0,0,0,0,0,0,0,0,0,0,0,0,0,0,0,0,0,0,0,-,-,-,-,-
95c15ef4810805a7de033d0ade9b38da,2026-02-03 15:45:53,Jiri PRSKAVEC,Jiri PRSKAVEC,PRSKAVEC,Jiri,"PRSKAVEC, Jiri",2021-06-13,World Cup ,Prague,Semi,MK1,CZE,,28,1,90.69,0,0,90.69,90.69,0,0,0,0,0,0,0,0,0,0,0,0,0,0,0,0,0,0,0,0,0,0,-,-,-,-,-
b9739a60ad44add770e0384b8c1f414a,2026-02-03 15:45:53,Jiri PRSKAVEC,Jiri PRSKAVEC,PRSKAVEC,Jiri,"PRSKAVEC, Jiri",2021-06-13,World Cup ,Prague,Final,MK1,CZE,,28,1,90.42,0,0,90.42,90.42,0,0,0,0,0,0,0,0,0,0,0,0,0,0,0,0,0,0,0,0,0,0,-,-,-,-,-
0844fb7b5a33d1fa7e8e30ce8d665a8e,2026-02-03 15:45:53,Jiri PRSKAVEC,Jiri PRSKAVEC,PRSKAVEC,Jiri,"PRSKAVEC, Jiri",2021-06-11,World Cup ,Prague,Heats1,MK1,CZE,,28,11,88.03,2,2,90.03,90.03,0,0,0,0,0,0,0,0,0,0,0,0,0,0,0,0,0,0,0,0,0,0,-,-,-,-,-
57db254d28f4037ec457d4e70e052524,2026-02-03 15:45:53,Jiri PRSKAVEC,Jiri PRSKAVEC,PRSKAVEC,Jiri,"PRSKAVEC, Jiri",2021-05-09,Euros ,Ivrea,Final,MK1,CZE,,28,7,85.41,2,2,87.41,87.41,0,0,0,0,0,0,0,0,0,0,0,0,0,0,0,0,0,0,0,0,0,0,-,-,-,-,-
022e47b7121cbcdab9c7021c744db18e,2026-02-03 15:45:53,Jiri PRSKAVEC,Jiri PRSKAVEC,PRSKAVEC,Jiri,"PRSKAVEC, Jiri",2021-05-09,Euros ,Ivrea,Semi,MK1,CZE,,28,7,83.73,0,0,83.73,83.73,0,0,0,0,0,0,0,0,0,0,0,0,0,0,0,0,0,0,0,0,0,0,-,-,-,-,-
27293b3879cf7f0418a00777f0d60a53,2026-02-03 15:45:53,Jiri PRSKAVEC,Jiri PRSKAVEC,PRSKAVEC,Jiri,"PRSKAVEC, Jiri",2021-05-07,Euros ,Ivrea,Heats1,MK1,CZE,,28,3,76.71,0,0,76.71,76.71,0,0,0,0,0,0,0,0,0,0,0,0,0,0,0,0,0,0,0,0,0,0,-,-,-,-,-
cdfb741f398f7311b4824f25ae8dc71e,2026-02-03 15:45:45,Jiri PRSKAVEC,Jiri PRSKAVEC,PRSKAVEC,Jiri,"PRSKAVEC, Jiri",2020-09-20,Euros ,Prague,Final,MK1,CZE,,27,1,97.97,0,0,97.97,97.97,0,0,0,0,0,0,0,0,0,0,0,0,0,0,0,0,0,0,0,0,0,0,0,0,0,-,-
0721d382e0a885acc46230159d00fb8f,2026-02-03 15:45:45,Jiri PRSKAVEC,Jiri PRSKAVEC,PRSKAVEC,Jiri,"PRSKAVEC, Jiri",2020-09-20,Euros ,Prague,Semi,MK1,CZE,,27,3,100.34,0,0,100.34,100.34,0,0,0,0,0,0,0,0,0,0,0,0,0,0,0,0,0,0,0,0,0,0,0,0,0,-,-
cd65a181727f6dd2e6bd4740f9e9795f,2026-02-03 15:45:45,Jiri PRSKAVEC,Jiri PRSKAVEC,PRSKAVEC,Jiri,"PRSKAVEC, Jiri",2020-09-18,Euros ,Prague,Heats1,MK1,CZE,,27,3,89.46,2,2,91.46,91.46,0,0,0,0,0,0,0,0,0,0,0,0,0,0,0,0,0,0,0,0,0,0,0,0,0,-,-
1702f645929d72a9de83521672453a1a,2026-02-03 15:45:45,Jiri PRSKAVEC,Jiri PRSKAVEC,PRSKAVEC,Jiri,"PRSKAVEC, Jiri",2020-02-23,Australian Open ,Penrith,Semi,MK1,CZE,,27,1,90.4,0,0,90.4,90.4,0,0,0,0,0,0,0,0,0,0,0,0,0,0,0,0,0,0,0,0,0,0,0,-,-,-,-
054be2a49d8fb8d22e9704c4c7ba1dd1,2026-02-03 15:45:45,Jiri PRSKAVEC,Jiri PRSKAVEC,PRSKAVEC,Jiri,"PRSKAVEC, Jiri",2020-02-23,Australian Open ,Penrith,Final,MK1,CZE,,27,6,89.95,2,2,91.95,91.95,0,0,0,0,0,0,0,0,0,0,0,0,0,0,0,0,0,0,0,0,0,0,0,-,-,-,-
5f5833344dd56e73254e5ee05b12c476,2026-02-03 15:45:45,Jiri PRSKAVEC,Jiri PRSKAVEC,PRSKAVEC,Jiri,"PRSKAVEC, Jiri",2020-02-21,Australian Open ,Penrith,Heats1,MK1,CZE,,27,1,89.24,0,0,89.24,89.24,0,0,0,0,0,0,0,0,0,0,0,0,0,0,0,0,0,0,0,0,0,0,-,-,-,-,-
4a7539d692ba96a65741d66b27aad782,2026-02-03 15:45:39,Jiri PRSKAVEC,Jiri PRSKAVEC,PRSKAVEC,Jiri,"PRSKAVEC, Jiri",2019-09-29,World Championships ,La Seu,Final,MK1,CZE,,26,1,84.26,0,0,84.26,84.26,0,0,0,0,0,0,0,0,0,0,0,0,0,0,0,0,0,0,0,0,0,0,-,-,-,-,-
35dfda730cc4ca884c714115278c3b32,2026-02-03 15:45:39,Jiri PRSKAVEC,Jiri PRSKAVEC,PRSKAVEC,Jiri,"PRSKAVEC, Jiri",2019-09-29,World Championships ,La Seu,Semi,MK1,CZE,,26,1,84.34,0,0,84.34,84.34,0,0,0,0,0,0,0,0,0,0,0,0,0,0,0,0,0,0,0,0,0,0,-,-,-,-,-
941942a9c838d1c6b33acad7d230f811,2026-02-03 15:45:39,Jiri PRSKAVEC,Jiri PRSKAVEC,PRSKAVEC,Jiri,"PRSKAVEC, Jiri",2019-09-27,World Championships ,La Seu,Heats1,MK1,CZE,,26,5,88.33,0,0,88.33,88.33,0,0,0,0,0,0,0,0,0,0,0,0,0,0,0,0,0,0,0,0,0,0,-,-,-,-,-
2c8d21a69d5dd3513983726fe4a4e140,2026-02-03 15:45:39,Jiri PRSKAVEC,Jiri PRSKAVEC,PRSKAVEC,Jiri,"PRSKAVEC, Jiri",2019-09-08,World Cup ,Prague,Final,MK1,CZE,,26,1,90.67,0,0,90.67,90.67,0,0,0,0,0,0,0,0,0,0,0,0,0,0,0,0,0,0,0,0,0,0,-,-,-,-,-
b1150bea18a222645695d76fd7ee9968,2026-02-03 15:45:39,Jiri PRSKAVEC,Jiri PRSKAVEC,PRSKAVEC,Jiri,"PRSKAVEC, Jiri",2019-09-08,World Cup ,Prague,Semi,MK1,CZE,,26,2,92.04,0,0,92.04,92.04,0,0,0,0,0,0,0,0,0,0,0,0,0,0,0,0,0,0,0,0,0,0,-,-,-,-,-
bbae779a943fa2725d368b882604c04f,2026-02-03 15:45:39,Jiri PRSKAVEC,Jiri PRSKAVEC,PRSKAVEC,Jiri,"PRSKAVEC, Jiri",2019-09-06,World Cup ,Prague,Heats1,MK1,CZE,,26,3,90.21,0,0,90.21,90.21,0,0,0,0,0,0,0,0,0,0,0,0,0,0,0,0,0,0,0,0,0,0,-,-,-,-,-
83d0a0a600c22e455e5a1388917c795f,2026-02-03 15:45:39,Jiri PRSKAVEC,Jiri PRSKAVEC,PRSKAVEC,Jiri,"PRSKAVEC, Jiri",2019-09-01,World Cup ,Markkleeberg,Final,MK1,CZE,,26,3,90.32,0,0,None,,0,0,0,0,0,0,0,0,0,0,0,0,0,0,0,0,0,0,0,0,0,-,-,-,-,-,-
70f5f6f437a9e432c7b507e8ff7386c2,2026-02-03 15:45:39,Jiri PRSKAVEC,Jiri PRSKAVEC,PRSKAVEC,Jiri,"PRSKAVEC, Jiri",2019-09-01,World Cup ,Markkleeberg,Semi,MK1,CZE,,26,3,90.4,0,0,None,,0,0,0,0,0,0,0,0,0,0,0,0,0,0,0,0,0,0,0,0,0,-,-,-,-,-,-
c779058da6ac635206106d9a0a75ec13,2026-02-03 15:45:39,Jiri PRSKAVEC,Jiri PRSKAVEC,PRSKAVEC,Jiri,"PRSKAVEC, Jiri",2019-08-30,World Cup ,Markkleeberg,Heats1,MK1,CZE,,26,1,90.83,0,0,None,,0,0,0,0,0,0,0,0,0,0,0,0,0,0,0,0,0,0,0,0,0,-,-,-,-,-,-
aabbc63cfde401e413e68d04ae672ca5,2026-02-03 15:45:39,Jiri PRSKAVEC,Jiri PRSKAVEC,PRSKAVEC,Jiri,"PRSKAVEC, Jiri",2019-08-04,ICF World ranking ,Prague,Final,MK1,CZE,,26,1,88.91,0,0,88.91,88.91,0,0,0,0,0,0,0,0,0,0,0,0,0,0,0,0,0,0,0,0,0,0,0,-,-,-,-
832d79b0c9612d87cffe799849751948,2026-02-03 15:45:39,Jiri PRSKAVEC,Jiri PRSKAVEC,PRSKAVEC,Jiri,"PRSKAVEC, Jiri",2019-08-04,ICF World ranking ,Prague,Semi,MK1,CZE,,26,1,89.12,2,2,91.12,91.12,0,0,0,0,0,0,0,0,0,0,0,0,0,0,0,0,0,0,0,0,0,0,0,-,-,-,-
9230e2d577d0bac68427f9e4b8c375b7,2026-02-03 15:45:39,Jiri PRSKAVEC,Jiri PRSKAVEC,PRSKAVEC,Jiri,"PRSKAVEC, Jiri",2019-08-03,ICF World ranking ,Prague,Heats1,MK1,CZE,,26,1,79.24,0,0,79.24,79.24,0,0,0,0,0,0,0,0,0,0,0,0,0,0,0,0,0,0,0,0,0,0,0,-,-,-,-
6ebca943a852d9acd842ef10ad7b758f,2026-02-03 15:45:39,Jiri PRSKAVEC,Jiri PRSKAVEC,PRSKAVEC,Jiri,"PRSKAVEC, Jiri",2019-06-30,World Cup ,Tacen,Final,MK1,CZE,,26,3,82.97,2,2,84.97,84.97,0,0,0,0,0,0,0,0,0,0,0,0,0,0,0,0,0,0,0,0,0,0,-,-,-,-,-
19269b318c1fbb8cd2c3cd021250f69e,2026-02-03 15:45:39,Jiri PRSKAVEC,Jiri PRSKAVEC,PRSKAVEC,Jiri,"PRSKAVEC, Jiri",2019-06-30,World Cup ,Tacen,Semi,MK1,CZE,,26,1,81.58,2,2,83.58,83.58,0,0,0,0,0,0,0,0,0,0,0,0,0,0,0,0,0,0,0,0,0,0,-,-,-,-,-
f7b6d7d3a7f9426c6c2459b2d996a265,2026-02-03 15:45:39,Jiri PRSKAVEC,Jiri PRSKAVEC,PRSKAVEC,Jiri,"PRSKAVEC, Jiri",2019-06-28,World Cup ,Tacen,Heats1,MK1,CZE,,26,18,80.3,2,2,82.3,82.3,0,0,0,0,0,0,0,0,0,0,0,0,0,0,0,0,0,0,0,0,-,-,-,-,-,-,-
fabe2ea18d4e3660ddf974910fa98454,2026-02-03 15:45:39,Jiri PRSKAVEC,Jiri PRSKAVEC,PRSKAVEC,Jiri,"PRSKAVEC, Jiri",2019-06-23,World Cup ,Bratislava,Final,MK1,CZE,,26,4,89.5,2,2,91.5,91.5,0,0,0,0,0,0,0,0,0,0,0,0,0,0,0,0,0,0,0,0,0,0,-,-,-,-,-
a32ebd124f2bc87b93703f92751e45ee,2026-02-03 15:45:39,Jiri PRSKAVEC,Jiri PRSKAVEC,PRSKAVEC,Jiri,"PRSKAVEC, Jiri",2019-06-23,World Cup ,Bratislava,Semi,MK1,CZE,,26,6,90.87,0,0,90.87,90.87,0,0,0,0,0,0,0,0,0,0,0,0,0,0,0,0,0,0,0,0,0,0,-,-,-,-,-
06c0cfd9c11440a647212b950443333a,2026-02-03 15:45:39,Jiri PRSKAVEC,Jiri PRSKAVEC,PRSKAVEC,Jiri,"PRSKAVEC, Jiri",2019-06-21,World Cup ,Bratislava,Heats1,MK1,CZE,,26,4,90.62,0,0,90.62,90.62,0,0,0,0,0,0,0,0,0,0,0,0,0,0,0,0,0,0,0,0,0,0,-,-,-,-,-
8c2cc26fa91a7bab5da9a30d52292172,2026-02-03 15:45:39,Jiri PRSKAVEC,Jiri PRSKAVEC,PRSKAVEC,Jiri,"PRSKAVEC, Jiri",2019-06-16,World Cup ,Lee Valley,Final,MK1,CZE,,26,2,91.21,0,0,91.21,91.21,0,0,0,0,0,0,0,0,0,0,0,0,0,0,0,0,0,0,0,0,0,0,0,0,0,-,-
d37b77eb71857fd31f282082ab5f0e52,2026-02-03 15:45:39,Jiri PRSKAVEC,Jiri PRSKAVEC,PRSKAVEC,Jiri,"PRSKAVEC, Jiri",2019-06-16,World Cup ,Lee Valley,Semi,MK1,CZE,,26,2,90.99,0,0,90.99,90.99,0,0,0,0,0,0,0,0,0,0,0,0,0,0,0,0,0,0,0,0,0,0,0,0,0,-,-
b00e2e8e343efe9da5c3dab10b006afa,2026-02-03 15:45:39,Jiri PRSKAVEC,Jiri PRSKAVEC,PRSKAVEC,Jiri,"PRSKAVEC, Jiri",2019-06-14,World Cup ,Lee Valley,Heats2,MK1,CZE,,26,1,86.57,0,0,86.57,86.57,0,0,0,0,0,0,0,0,0,0,0,0,0,0,0,0,0,0,0,0,0,0,0,-,-,-,-
738269523c2229f4dffa037859454816,2026-02-03 15:45:39,Jiri PRSKAVEC,Jiri PRSKAVEC,PRSKAVEC,Jiri,"PRSKAVEC, Jiri",2019-06-14,World Cup ,Lee Valley,Heats1,MK1,CZE,,26,54,86.27,52,52,138.27,138.27,0,0,0,0,0,0,0,0,0,0,0,0,0,0,0,0,0,0,0,0,0,0,0,-,-,-,-
fa2ae59fc0e554ad9803444c4f9d03a7,2026-02-03 15:45:39,Jiri PRSKAVEC,Jiri PRSKAVEC,PRSKAVEC,Jiri,"PRSKAVEC, Jiri",2019-06-02,Euros ,Pau,Semi,MK1,CZE,,26,7,93.93,2,2,95.93,95.93,0,0,0,0,0,0,0,0,0,0,0,0,0,0,0,0,0,0,0,0,0,0,0,0,0,-,-
b1cf7e6d714648e3df441534efdd93d0,2026-02-03 15:45:39,Jiri PRSKAVEC,Jiri PRSKAVEC,PRSKAVEC,Jiri,"PRSKAVEC, Jiri",2019-06-02,Euros ,Pau,Final,MK1,CZE,,26,8,96.24,0,0,96.24,96.24,0,0,0,0,0,0,0,0,0,0,0,0,0,0,0,0,0,0,0,0,0,0,0,0,0,-,-
1961ac323c8450270f6f134f6770b227,2026-02-03 15:45:39,Jiri PRSKAVEC,Jiri PRSKAVEC,PRSKAVEC,Jiri,"PRSKAVEC, Jiri",2019-05-31,Euros ,Pau,Heats1,MK1,CZE,,26,2,87.92,0,0,87.92,87.92,0,0,0,0,0,0,0,0,0,0,0,0,0,0,0,0,0,0,0,0,0,0,0,0,-,-,-
5d0f6280a91a16b42c490a8d25027f53,2026-02-03 15:45:39,Jiri PRSKAVEC,Jiri PRSKAVEC,PRSKAVEC,Jiri,"PRSKAVEC, Jiri",2019-04-14,None,La Seu,Final,MK1,CZE,,26,1,84.5,0,0,84.5,84.5,0,0,0,0,0,0,0,0,0,0,0,0,0,0,0,0,0,0,0,0,0,0,-,-,-,-,-
7566dc97e9b7b0fe7a7e21817bd275be,2026-02-03 15:45:39,Jiri PRSKAVEC,Jiri PRSKAVEC,PRSKAVEC,Jiri,"PRSKAVEC, Jiri",2019-04-14,None,La Seu,Semi,MK1,CZE,,26,1,84.22,0,0,84.22,84.22,0,0,0,0,0,0,0,0,0,0,0,0,0,0,0,0,0,0,0,0,0,0,-,-,-,-,-
3bb755490fb9689c1a4cbb512323c443,2026-02-03 15:45:39,Jiri PRSKAVEC,Jiri PRSKAVEC,PRSKAVEC,Jiri,"PRSKAVEC, Jiri",2019-04-13,None,La Seu,Heats1,MK1,CZE,,26,6,95.16,4,4,99.16,99.16,0,0,0,0,0,0,0,0,0,0,0,0,0,0,0,0,0,0,0,0,0,0,-,-,-,-,-
956b9e9713d3fa40632f1486e09e857a,2026-02-03 15:45:39,Jiri PRSKAVEC,Jiri PRSKAVEC,PRSKAVEC,Jiri,"PRSKAVEC, Jiri",2019-04-07,None,Pau,Semi,MK1,CZE,,26,3,93.35,0,0,93.35,93.35,0,0,0,0,0,0,0,0,0,0,0,0,0,0,0,0,0,0,0,0,0,0,-,-,-,-,-
bd33abdf954572fe3a8101c7784b78c1,2026-02-03 15:45:39,Jiri PRSKAVEC,Jiri PRSKAVEC,PRSKAVEC,Jiri,"PRSKAVEC, Jiri",2019-04-07,None,Pau,Final,MK1,CZE,,26,5,91.17,2,2,93.17,93.17,0,0,0,0,0,0,0,0,0,0,0,0,0,0,0,0,0,0,0,0,0,0,-,-,-,-,-
e4c18dbecb9918e5c5f45e18e996c49d,2026-02-03 15:45:39,Jiri PRSKAVEC,Jiri PRSKAVEC,PRSKAVEC,Jiri,"PRSKAVEC, Jiri",2019-04-06,None,Pau,Heats1,MK1,CZE,,26,2,90.25,2,2,92.25,92.25,0,0,0,0,0,0,0,0,0,0,0,0,0,0,0,0,0,0,0,0,-,-,-,-,-,-,-
402d1555895e377dad3f1673eb0e10df,2026-02-03 15:45:39,Jiri PRSKAVEC,Jiri PRSKAVEC,PRSKAVEC,Jiri,"PRSKAVEC, Jiri",2019-02-24,None,Penrith,Semi,MK1,CZE,,26,7,101.56,2,2,None,,0,0,0,0,0,0,0,0,0,0,0,0,0,0,0,0,0,0,0,0,0,0,-,-,-,-,-
f322171e9dac331c188f917de3b7ff90,2026-02-03 15:45:39,Jiri PRSKAVEC,Jiri PRSKAVEC,PRSKAVEC,Jiri,"PRSKAVEC, Jiri",2019-02-24,None,Penrith,Final,MK1,CZE,,26,10,101.3,100,100,None,,0,0,0,0,0,0,0,0,0,0,0,0,0,0,0,0,0,0,0,0,0,0,-,-,-,-,-
2fd67e0df9aabfe2b1dc92d468413a7a,2026-02-03 15:45:39,Jiri PRSKAVEC,Jiri PRSKAVEC,PRSKAVEC,Jiri,"PRSKAVEC, Jiri",2019-02-22,None,Penrith,Heats1,MK1,CZE,,26,2,99.03,0,0,None,,0,0,0,0,0,0,0,0,0,0,0,0,0,0,0,0,0,0,0,0,0,0,-,-,-,-,-
9edf6e067f8a43c64471d259ae652cc8,2026-02-03 15:45:39,Jiri PRSKAVEC,Jiri PRSKAVEC,PRSKAVEC,Jiri,"PRSKAVEC, Jiri",2019-02-17,None,Penrith,Semi,MK1,CZE,,26,22,90.77,2,2,None,,0,0,0,0,0,0,0,0,0,0,0,0,0,0,0,0,0,0,0,0,-,-,-,-,-,-,-
71b67970fac2613f22bd01fc595c4ee5,2026-02-03 15:45:39,Jiri PRSKAVEC,Jiri PRSKAVEC,PRSKAVEC,Jiri,"PRSKAVEC, Jiri",2019-02-15,None,Penrith,Heats1,MK1,CZE,,26,2,91.77,0,0,None,,0,0,0,0,0,0,0,0,0,0,0,0,0,0,0,0,0,0,0,0,-,-,-,-,-,-,-
3a9aec3283a16e078fb78f112fe4e68e,2026-02-03 15:45:29,Jiri PRSKAVEC,Jiri PRSKAVEC,PRSKAVEC,Jiri,"PRSKAVEC, Jiri",2018-09-30,None,"Deodoro, Rio",Semi,MK1,CZE,,25,3,92.19,0,0,None,,0,0,0,0,0,0,0,0,0,0,0,0,0,0,0,0,0,0,0,0,0,0,0,0,-,-,-
b75afd75c8958f757efed02a29d3a874,2026-02-03 15:45:29,Jiri PRSKAVEC,Jiri PRSKAVEC,PRSKAVEC,Jiri,"PRSKAVEC, Jiri",2018-09-30,None,"Deodoro, Rio",Final,MK1,CZE,,25,2,90.65,0,0,None,,0,0,0,0,0,0,0,0,0,0,0,0,0,0,0,0,0,0,0,0,0,0,0,0,-,-,-
85a1ba6848778bf5439f6e05c1aff8f2,2026-02-03 15:45:29,Jiri PRSKAVEC,Jiri PRSKAVEC,PRSKAVEC,Jiri,"PRSKAVEC, Jiri",2018-09-28,None,"Deodoro, Rio",Heats1,MK1,CZE,,25,5,85.97,0,0,None,,0,0,0,0,0,0,0,0,0,0,0,0,0,0,0,0,0,0,0,0,0,0,0,0,-,-,-
47a44e802736ce14c1967231310cf878,2026-02-03 15:45:29,Jiri PRSKAVEC,Jiri PRSKAVEC,PRSKAVEC,Jiri,"PRSKAVEC, Jiri",2018-09-09,None,La Seu,Semi,MK1,CZE,,25,3,94.26,0,0,None,,0,0,0,0,0,0,0,0,0,0,0,0,0,0,0,0,0,0,0,0,0,0,0,-,-,-,-
33031c2e69d05c8a8b3a728da3e6ca4f,2026-02-03 15:45:29,Jiri PRSKAVEC,Jiri PRSKAVEC,PRSKAVEC,Jiri,"PRSKAVEC, Jiri",2018-09-09,None,La Seu,Final,MK1,CZE,,25,3,95.62,0,0,None,,0,0,0,0,0,0,0,0,0,0,0,0,0,0,0,0,0,0,0,0,0,0,0,-,-,-,-
5ec8d66b28d997c2525f4b82e4354882,2026-02-03 15:45:29,Jiri PRSKAVEC,Jiri PRSKAVEC,PRSKAVEC,Jiri,"PRSKAVEC, Jiri",2018-09-07,None,La Seu,Heats1,MK1,CZE,,25,2,95.21,0,0,None,,0,0,0,0,0,0,0,0,0,0,0,0,0,0,0,0,0,0,0,0,0,0,0,-,-,-,-
04372f7c3b7f34f77d545145a6597d96,2026-02-03 15:45:29,Jiri PRSKAVEC,Jiri PRSKAVEC,PRSKAVEC,Jiri,"PRSKAVEC, Jiri",2018-08-31,None,Tacen,Heats1,MK1,CZE,,25,2,82.44,0,0,None,,0,0,0,0,0,0,0,0,0,0,0,0,0,0,0,0,0,0,0,0,0,-,-,-,-,-,-
c1547d7fb3d94946f8672f5f84773f49,2026-02-03 15:45:29,Jiri PRSKAVEC,Jiri PRSKAVEC,PRSKAVEC,Jiri,"PRSKAVEC, Jiri",2018-07-08,None,Augsburg,Semi,MK1,CZE,,25,5,95.3,2,2,None,,0,0,0,0,0,0,0,0,0,0,0,0,0,0,0,0,0,0,0,0,0,0,0,0,-,-,-
fa9930c95a4fb32f07d160a105dfff3b,2026-02-03 15:45:29,Jiri PRSKAVEC,Jiri PRSKAVEC,PRSKAVEC,Jiri,"PRSKAVEC, Jiri",2018-07-08,None,Augsburg,Final,MK1,CZE,,25,2,93.1,2,2,None,,0,0,0,0,0,0,0,0,0,0,0,0,0,0,0,0,0,0,0,0,0,0,0,0,-,-,-
e3bc65d0d23e0f66929338c38b62d137,2026-02-03 15:45:29,Jiri PRSKAVEC,Jiri PRSKAVEC,PRSKAVEC,Jiri,"PRSKAVEC, Jiri",2018-07-06,None,Augsburg,Heats1,MK1,CZE,,25,11,97.69,0,0,None,,0,0,0,0,0,0,0,0,0,0,0,0,0,0,0,0,0,0,0,0,0,0,0,0,-,-,-
c30f66e0ff7da0187eb2e9270fe96cf1,2026-02-03 15:45:29,Jiri PRSKAVEC,Jiri PRSKAVEC,PRSKAVEC,Jiri,"PRSKAVEC, Jiri",2018-07-01,None,Krakow,Semi,MK1,CZE,,25,2,79.18,0,0,None,,0,0,0,0,0,0,0,0,0,0,0,0,0,0,0,0,0,0,0,0,0,0,-,-,-,-,-
94018ec2f9ec3932a1e6e7b337eeb5bd,2026-02-03 15:45:29,Jiri PRSKAVEC,Jiri PRSKAVEC,PRSKAVEC,Jiri,"PRSKAVEC, Jiri",2018-07-01,None,Krakow,Final,MK1,CZE,,25,3,78.7,0,0,None,,0,0,0,0,0,0,0,0,0,0,0,0,0,0,0,0,0,0,0,0,0,0,-,-,-,-,-
7c2b352636c0075b04cbeab3067747c6,2026-02-03 15:45:29,Jiri PRSKAVEC,Jiri PRSKAVEC,PRSKAVEC,Jiri,"PRSKAVEC, Jiri",2018-06-29,None,Krakow,Heats1,MK1,CZE,,25,26,81.8,0,0,None,,0,0,0,0,0,0,0,0,0,0,0,0,0,0,0,0,0,0,0,0,0,0,-,-,-,-,-
faaf1bb54f075b7543188d20de98134c,2026-02-03 15:45:29,Jiri PRSKAVEC,Jiri PRSKAVEC,PRSKAVEC,Jiri,"PRSKAVEC, Jiri",2018-06-24,None,Liptovsky Mikulas,Semi,MK1,CZE,,25,1,92.41,0,0,None,,0,0,0,0,0,0,0,0,0,0,0,0,0,0,0,0,0,0,0,0,0,0,0,-,-,-,-
bfcc5fd3799f8970050bd50a19372d9d,2026-02-03 15:45:29,Jiri PRSKAVEC,Jiri PRSKAVEC,PRSKAVEC,Jiri,"PRSKAVEC, Jiri",2018-06-24,None,Liptovsky Mikulas,Final,MK1,CZE,,25,4,90.37,4,4,None,,0,0,0,0,0,0,0,0,0,0,0,0,0,0,0,0,0,0,0,0,0,0,0,-,-,-,-
9d7f538caffe59e721eac7b2c42fdef6,2026-02-03 15:45:29,Jiri PRSKAVEC,Jiri PRSKAVEC,PRSKAVEC,Jiri,"PRSKAVEC, Jiri",2018-06-22,None,Liptovsky Mikulas,Heats1,MK1,CZE,,25,9,95.39,0,0,None,,0,0,0,0,0,0,0,0,0,0,0,0,0,0,0,0,0,0,0,0,0,0,0,-,-,-,-
001317d328952f132ee76be5a188c079,2026-02-03 15:45:29,Jiri PRSKAVEC,Jiri PRSKAVEC,PRSKAVEC,Jiri,"PRSKAVEC, Jiri",2018-06-03,None,Prague,Semi,MK1,CZE,,25,3,91.98,2,2,None,,0,0,0,0,0,0,0,0,0,0,0,0,0,0,0,0,0,0,0,0,0,0,0,0,-,-,-
9454f28839cf8a6aee47381686aa4484,2026-02-03 15:45:29,Jiri PRSKAVEC,Jiri PRSKAVEC,PRSKAVEC,Jiri,"PRSKAVEC, Jiri",2018-06-03,None,Prague,Final,MK1,CZE,,25,3,89.87,2,2,None,,0,0,0,0,0,0,0,0,0,0,0,0,0,0,0,0,0,0,0,0,0,0,0,0,-,-,-
f5e8dc0b4a10821c731234d72b122df4,2026-02-03 15:45:29,Jiri PRSKAVEC,Jiri PRSKAVEC,PRSKAVEC,Jiri,"PRSKAVEC, Jiri",2018-06-01,None,Prague,Heats1,MK1,CZE,,25,1,84.39,0,0,None,,0,0,0,0,0,0,0,0,0,0,0,0,0,0,0,0,0,0,0,0,0,0,0,0,-,-,-
ab80525bd68979fdfca256d5e0f59e20,2026-02-03 15:45:22,Jiri PRSKAVEC,Jiri PRSKAVEC,PRSKAVEC,Jiri,"PRSKAVEC, Jiri",2017-10-27,None,Pau,Heats1,MK1,CZE,,24,13,78.41,2,2,None,,0,0,0,0,0,0,0,0,0,0,0,0,0,0,0,0,0,0,0,0,0,0,0,-,-,-,-
319128edbeb1ddd1a39a4c053511de8e,2026-02-03 15:45:22,Jiri PRSKAVEC,Jiri PRSKAVEC,PRSKAVEC,Jiri,"PRSKAVEC, Jiri",2017-10-01,None,Pau,Semi,MK1,CZE,,24,19,92.58,4,4,None,,0,0,0,0,0,0,0,0,0,0,0,0,0,0,0,0,0,0,0,0,0,0,0,-,-,-,-
4b34b0fc2f402162e0f4f8d49c6e86f2,2026-02-03 15:45:22,Jiri PRSKAVEC,Jiri PRSKAVEC,PRSKAVEC,Jiri,"PRSKAVEC, Jiri",2017-09-10,None,La Seu,Semi,MK1,CZE,,24,1,88.4,0,0,None,,0,0,0,0,0,0,0,0,0,0,0,0,0,0,0,0,0,0,0,0,0,0,0,0,-,-,-
c184953d968ebac4976ef34a717c974d,2026-02-03 15:45:22,Jiri PRSKAVEC,Jiri PRSKAVEC,PRSKAVEC,Jiri,"PRSKAVEC, Jiri",2017-09-10,None,La Seu,Final,MK1,CZE,,24,3,86.69,2,2,None,,0,0,0,0,0,0,0,0,0,0,0,0,0,0,0,0,0,0,0,0,0,0,0,0,-,-,-
69460c4207a81ba6289a971123d5ffee,2026-02-03 15:45:22,Jiri PRSKAVEC,Jiri PRSKAVEC,PRSKAVEC,Jiri,"PRSKAVEC, Jiri",2017-09-08,None,La Seu,Heats1,MK1,CZE,,24,2,92.04,0,0,None,,0,0,0,0,0,0,0,0,0,0,0,0,0,0,0,0,0,0,0,0,0,0,0,0,-,-,-
20c76a9162d6bcdbd2a3e3e764809714,2026-02-03 15:45:22,Jiri PRSKAVEC,Jiri PRSKAVEC,PRSKAVEC,Jiri,"PRSKAVEC, Jiri",2017-07-02,None,Markkleeberg,Final,MK1,CZE,,24,6,96.99,4,4,None,,0,0,0,0,0,0,0,0,0,0,0,0,0,0,0,0,0,0,0,0,0,0,0,-,-,-,-
c3db7274be826c26017dce6fd2f1e8e6,2026-02-03 15:45:22,Jiri PRSKAVEC,Jiri PRSKAVEC,PRSKAVEC,Jiri,"PRSKAVEC, Jiri",2017-07-02,None,Markkleeberg,Semi,MK1,CZE,,24,2,96.44,0,0,None,,0,0,0,0,0,0,0,0,0,0,0,0,0,0,0,0,0,0,0,0,0,0,0,-,-,-,-
bd2aa0deee0bdb93f66489244ec5052a,2026-02-03 15:45:22,Jiri PRSKAVEC,Jiri PRSKAVEC,PRSKAVEC,Jiri,"PRSKAVEC, Jiri",2017-06-30,None,Markkleeberg,Heats1,MK1,CZE,,24,27,93.23,2,2,None,,0,0,0,0,0,0,0,0,0,0,0,0,0,0,0,0,0,0,0,0,0,0,0,-,-,-,-
0459c45955599a1aa7dfecba97b8713b,2026-02-03 15:45:22,Jiri PRSKAVEC,Jiri PRSKAVEC,PRSKAVEC,Jiri,"PRSKAVEC, Jiri",2017-06-25,None,Augsburg,Semi,MK1,CZE,,24,2,97.11,0,0,None,,0,0,0,0,0,0,0,0,0,0,0,0,0,0,0,0,0,0,0,0,0,0,0,0,-,-,-
7e88f91ce1c9da488afdbce114d219f8,2026-02-03 15:45:22,Jiri PRSKAVEC,Jiri PRSKAVEC,PRSKAVEC,Jiri,"PRSKAVEC, Jiri",2017-06-25,None,Augsburg,Final,MK1,CZE,,24,3,95.93,2,2,None,,0,0,0,0,0,0,0,0,0,0,0,0,0,0,0,0,0,0,0,0,0,0,0,0,-,-,-
c93e4e9fa6ed34263ed58fd29ea138d4,2026-02-03 15:45:22,Jiri PRSKAVEC,Jiri PRSKAVEC,PRSKAVEC,Jiri,"PRSKAVEC, Jiri",2017-06-23,None,Augsburg,Heats1,MK1,CZE,,24,1,93.28,0,0,None,,0,0,0,0,0,0,0,0,0,0,0,0,0,0,0,0,0,0,0,0,0,0,0,0,-,-,-
32143538093816bfe6377f65894c554c,2026-02-03 15:45:22,Jiri PRSKAVEC,Jiri PRSKAVEC,PRSKAVEC,Jiri,"PRSKAVEC, Jiri",2017-06-18,None,Prague,Final,MK1,CZE,,24,2,87.38,2,2,None,,0,0,0,0,0,0,0,0,0,0,0,0,0,0,0,0,0,0,0,0,0,0,0,0,0,-,-
675045c8b1671c43dbba912fc5fcf683,2026-02-03 15:45:22,Jiri PRSKAVEC,Jiri PRSKAVEC,PRSKAVEC,Jiri,"PRSKAVEC, Jiri",2017-06-18,None,Prague,Semi,MK1,CZE,,24,3,90.7,0,0,None,,0,0,0,0,0,0,0,0,0,0,0,0,0,0,0,0,0,0,0,0,0,0,0,0,0,-,-
1d3256bacd043c0bf873dc1311d7abbe,2026-02-03 15:45:22,Jiri PRSKAVEC,Jiri PRSKAVEC,PRSKAVEC,Jiri,"PRSKAVEC, Jiri",2017-06-16,None,Prague,Heats1,MK1,CZE,,24,3,78.57,0,0,None,,0,0,0,0,0,0,0,0,0,0,0,0,0,0,0,0,0,0,0,0,0,0,0,0,0,-,-
ad3b6de9f0d75c47b3b8e4758ab5fef5,2026-02-03 15:45:22,Jiri PRSKAVEC,Jiri PRSKAVEC,PRSKAVEC,Jiri,"PRSKAVEC, Jiri",2017-06-04,None,Tacen,Final,MK1,CZE,,24,3,84.03,0,0,None,,0,0,0,0,0,0,0,0,0,0,0,0,0,0,0,0,0,0,0,0,0,0,0,0,-,-,-
9574f1e99e384bfb34dad9d8042fdb2d,2026-02-03 15:45:22,Jiri PRSKAVEC,Jiri PRSKAVEC,PRSKAVEC,Jiri,"PRSKAVEC, Jiri",2017-06-04,None,Tacen,Semi,MK1,CZE,,24,8,87.01,0,0,None,,0,0,0,0,0,0,0,0,0,0,0,0,0,0,0,0,0,0,0,0,0,0,0,0,-,-,-
10b2c05f434be9a373d0dd453ef57448,2026-02-03 15:45:22,Jiri PRSKAVEC,Jiri PRSKAVEC,PRSKAVEC,Jiri,"PRSKAVEC, Jiri",2017-06-01,None,Tacen,Heats1,MK1,CZE,,24,3,92.99,0,0,None,,0,0,0,0,0,0,0,0,0,0,0,0,0,0,0,0,0,0,0,0,0,0,0,0,-,-,-
f4b29c70bc6275b47c82ac4ae6d76114,2026-02-03 15:45:15,Jiri PRSKAVEC,Jiri PRSKAVEC,PRSKAVEC,Jiri,"PRSKAVEC, Jiri",2016-08-11,Olympic Games ,"Deodoro, Rio",Final,MK1,CZE,,23,3,86.99,2,2,88.99,88.99,0,0,0,0,0,0,0,0,0,0,0,0,0,0,0,0,0,0,0,0,0,0,0,0,-,-,-
156bebe9a85cf2ff1733c2cbccdcec79,2026-02-03 15:45:15,Jiri PRSKAVEC,Jiri PRSKAVEC,PRSKAVEC,Jiri,"PRSKAVEC, Jiri",2016-08-11,Olympic Games ,"Deodoro, Rio",Semi,MK1,CZE,,23,2,90.62,0,0,90.62,90.62,0,0,0,0,0,0,0,0,0,0,0,0,0,0,0,0,0,0,0,0,0,0,0,0,-,-,-
67ac5b1385c86c926bdf11aefd4650c1,2026-02-03 15:45:15,Jiri PRSKAVEC,Jiri PRSKAVEC,PRSKAVEC,Jiri,"PRSKAVEC, Jiri",2016-08-09,Olympic Games ,"Deodoro, Rio",Heats1,MK1,CZE,,23,3,86.71,2,2,88.71,88.71,0,0,0,0,0,0,0,0,0,0,0,0,0,0,0,0,0,0,0,0,0,0,0,0,-,-,-
ac1961392d2b93c9edf5eee6921572d5,2026-02-03 15:45:15,Jiri PRSKAVEC,Jiri PRSKAVEC,PRSKAVEC,Jiri,"PRSKAVEC, Jiri",2016-08-09,Olympic Games ,"Deodoro, Rio",Heats2,MK1,CZE,,23,17,101.18,0,0,101.18,101.18,0,0,0,0,0,0,0,0,0,0,0,0,0,0,0,0,0,0,0,0,0,0,0,0,-,-,-
e2e5a09eafaffa4770d4d102c27c4137,2026-02-03 15:45:09,Jiri PRSKAVEC,Jiri PRSKAVEC,PRSKAVEC,Jiri,"PRSKAVEC, Jiri",2015-09-20,World Championships ,Lee Valley,Semi,MK1,CZE,,22,2,89.41,0,0,89.41,89.41,0,0,0,0,0,0,0,0,0,0,0,0,0,0,0,0,0,0,0,0,0,0,-,-,-,-,-
53f78bc8374a999da0c3cd8298e99f4c,2026-02-03 15:45:09,Jiri PRSKAVEC,Jiri PRSKAVEC,PRSKAVEC,Jiri,"PRSKAVEC, Jiri",2015-09-20,World Championships ,Lee Valley,Final,MK1,CZE,,22,1,88.99,0,0,88.99,88.99,0,0,0,0,0,0,0,0,0,0,0,0,0,0,0,0,0,0,0,0,0,0,-,-,-,-,-
a4ea4c2b9732b8d5ec83d10a4070ad76,2026-02-03 15:45:09,Jiri PRSKAVEC,Jiri PRSKAVEC,PRSKAVEC,Jiri,"PRSKAVEC, Jiri",2015-09-18,World Championships ,Lee Valley,Heats1,MK1,CZE,,22,8,83.33,0,0,83.33,83.33,0,0,0,0,0,0,0,0,0,0,0,0,0,0,0,0,0,0,0,0,0,0,-,-,-,-,-
58fec765c5f8d3f7ddd2ed25f388d54b,2026-09-11 20:00:36,Mathis SOUDI,Mathis SOUDI,SOUDI,Mathis,"SOUDI, Mathis",2026-09-11,World Cup Final,La Seu,Heats1,MK1,MAR,44,27,46,94.4,2,2,None,,0,0,0,0,2,0,0,0,0,0,0,0,0,0,0,0,0,0,0,0,0,0,0,-,-,-,-
b29e29f15a7cb3e062894a4abc3ed135,2026-09-10 20:00:41,Mathis SOUDI,Mathis SOUDI,SOUDI,Mathis,"SOUDI, Mathis",2026-09-04,World Cup #4,Vaires,Heats1,MK1,MAR,43,27,25,100.6,0,0,None,,0,0,0,0,0,0,0,0,0,0,0,0,0,0,0,0,0,0,0,0,0,0,-,-,-,-,-
e2c8800a65f72d654cf3c0b995ab00d6,2026-07-26 20:00:31,Mathis SOUDI,Mathis SOUDI,SOUDI,Mathis,"SOUDI, Mathis",2026-07-21,World Championships ,Oklahoma,Heats1,MK1,MAR,43,27,39,85.46,0,0,None,,0,0,0,0,0,0,0,0,0,0,0,0,0,0,0,0,0,0,0,0,0,0,-,-,-,-,-
e0222a27eaefa51bbe5cf9e1b0372e35,2026-06-17 01:18:14,Mathis SOUDI,Mathis SOUDI,SOUDI,Mathis,"SOUDI, Mathis",2026-06-12,World Cup #3,Augsburg,Heats1,MK1,MAR,38,27,35,98.41,2,2,None,,0,0,0,0,0,0,0,0,0,0,0,0,0,0,0,0,0,0,0,0,0,0,-,-,-,-,-
7b165c46cacf6de44a8c9c0c553506f3,2026-06-09 06:48:07,Mathis SOUDI,Mathis SOUDI,SOUDI,Mathis,"SOUDI, Mathis",2026-06-05,World Cup #2,Prague,Heats1,MK1,MAR,38,27,20,105.81,0,0,None,,0,0,0,0,0,0,0,0,0,0,0,0,0,0,0,0,0,0,0,0,0,0,-,-,-,-,-
7fddf5270ff2c628e829bcb10d3078f5,2026-06-09 06:48:07,Mathis SOUDI,Mathis SOUDI,SOUDI,Mathis,"SOUDI, Mathis",2026-05-29,World Cup #1,Tacen,Heats1,MK1,MAR,32,27,19,80.93,0,0,None,,0,0,0,0,0,0,0,0,0,0,0,0,0,0,0,0,0,0,0,0,0,0,-,-,-,-,-
8a290ad45653c3400eaa8eb8461da88b,2026-06-08 09:55:50,Mathis SOUDI,Mathis SOUDI,SOUDI,Mathis,"SOUDI, Mathis",2026-02-17,World Cup #2,Prague,Heats1,MK1,MAR,38,27,20,105.81,0,0,None,,0,0,0,0,0,0,0,0,0,0,0,0,0,0,0,0,0,0,0,0,0,0,-,-,-,-,-
0ffbea1d70abc8e53fbb7e4a86c24929,2026-06-02 22:00:37,Mathis SOUDI,Mathis SOUDI,SOUDI,Mathis,"SOUDI, Mathis",2026-02-17,World Cup #1,Tacen,Heats1,MK1,MAR,,27,19,6.43,0,0,None,,0,0,0,0,0,0,0,0,0,0,0,0,0,0,0,0,0,0,0,0,0,0,-,-,-,-,-
eb11f3bb41d69f7fdc87babb4cee6bfa,2026-04-02 14:26:24,Mathis SOUDI,Mathis SOUDI,SOUDI,Mathis,"SOUDI, Mathis",2026-02-08,ICF World ranking ,Ile de la Reunion,Final,MK1,MAR,,27,7,96.03,4,4,None,,0,0,0,0,0,0,0,0,0,0,0,0,0,0,0,0,0,0,0,0,0,0,-,-,-,-,-
98d24d420dffa35c90b2d6da37dec9c0,2026-04-02 14:26:24,Mathis SOUDI,Mathis SOUDI,SOUDI,Mathis,"SOUDI, Mathis",2026-02-08,ICF World ranking ,Ile de la Reunion,Heats1,MK1,MAR,,27,4,96.25,0,0,None,,0,0,0,0,0,0,0,0,0,0,0,0,0,0,0,0,0,0,0,0,0,0,-,-,-,-,-
5ad003c0e85b69c0354d85e3e46cf043,2026-02-24 11:16:55,Mathis SOUDI,Mathis SOUDI,SOUDI,Mathis,"SOUDI, Mathis",2026-02-08,None,Ile de la Reunion,Heats1,MK1,MAR,,27,4,96.25,0,0,None,,0,0,0,0,0,0,0,0,0,0,0,0,0,0,0,0,0,0,0,0,0,0,-,-,-,-,-
c171fde69f1e5edca974aed0697babb2,2026-02-24 11:16:55,Mathis SOUDI,Mathis SOUDI,SOUDI,Mathis,"SOUDI, Mathis",2026-02-08,None,Ile de la Reunion,Final,MK1,MAR,,27,7,96.03,4,4,None,,0,0,0,0,0,0,0,0,0,0,0,0,0,0,0,0,0,0,0,0,0,0,-,-,-,-,-
193398f9705edf66eb64adacd83a6d9b,2026-02-03 15:46:38,Mathis SOUDI,Mathis SOUDI,SOUDI,Mathis,"SOUDI, Mathis",2025-08-24,ICF World ranking ,Epinal,Final,MK1,MAR,280,26,4,81.81,2,2,83.81,83.81,0,0,0,0,0,0,0,0,0,0,0,0,0,0,0,0,0,0,2,0,0,0,0,0,-,-,-
f355fbb0889b175a9807a2f45e29dacd,2026-02-03 15:46:38,Mathis SOUDI,Mathis SOUDI,SOUDI,Mathis,"SOUDI, Mathis",2025-08-24,ICF World ranking ,Epinal,Heats1,MK1,MAR,280,26,9,86.3,2,2,88.3,88.3,0,0,0,0,2,0,0,0,0,0,0,0,0,0,0,0,0,0,0,0,0,0,0,0,-,-,-
c99a12cd1f67ebaf8291f3e47c24e292,2026-02-03 15:46:38,Mathis SOUDI,Mathis SOUDI,SOUDI,Mathis,"SOUDI, Mathis",2025-08-17,ICF World ranking ,Prague,Heats1,MK1,MAR,19,26,15,89.78,0,0,89.78,89.78,0,0,0,0,0,0,0,0,0,0,0,0,0,0,0,0,0,0,0,0,0,0,0,0,0,-,-
9db84595eacd9c6b47ab57960eedd153,2026-02-03 15:46:38,Mathis SOUDI,Mathis SOUDI,SOUDI,Mathis,"SOUDI, Mathis",2025-08-15,International race short,Prague,Heats1,MK1,MAR,19,26,40,49.55,2,2,51.55,51.55,0,0,0,0,0,0,0,0,0,0,0,2,-,-,-,-,-,-,-,-,-,-,-,-,-,-,-
10ad212a98ba681bc58aaa0fc89675f1,2026-02-03 15:46:27,Mathis SOUDI,Mathis SOUDI,SOUDI,Mathis,"SOUDI, Mathis",2024-08-04,Olympic Games ,Vaires sur Marne,Semi,MK1,MAR,,25,16,96.11,8,8,104.11,104.11,0,0,0,0,0,0,0,0,0,0,0,0,0,0,0,0,0,0,0,0,0,0,-,-,-,-,-
64a2b05d3d3571d041a9adf3859e3a7e,2026-02-03 15:46:27,Mathis SOUDI,Mathis SOUDI,SOUDI,Mathis,"SOUDI, Mathis",2024-08-03,Olympic Games ,Vaires sur Marne,Heats1,MK1,MAR,,25,14,89.9,0,0,89.9,89.9,0,0,0,0,0,0,0,0,0,0,0,0,0,0,0,0,0,0,0,0,0,0,-,-,-,-,-
bb6ca21514ffc15c821822b64cbec246,2026-02-03 15:46:27,Mathis SOUDI,Mathis SOUDI,SOUDI,Mathis,"SOUDI, Mathis",2024-06-07,World Cup #2,Prague,Heats1,MK1,MAR,,25,22,87.03,2,2,89.03,89.03,0,0,0,0,0,0,0,0,0,0,0,0,0,0,0,0,2,0,0,0,0,0,0,0,-,-,-
85db66dbe80affcf7fe8826254fa44fd,2026-02-03 15:46:27,Mathis SOUDI,Mathis SOUDI,SOUDI,Mathis,"SOUDI, Mathis",2024-06-01,World Cup #1,Augsburg,Semi,MK1,MAR,,25,2,98.45,0,0,98.45,98.45,0,0,0,0,0,0,0,0,0,0,-,-,-,-,-,-,-,-,-,-,-,-,-,-,-,-,-
93e1061269b6a43fea7a7b42bee747ec,2026-02-03 15:46:27,Mathis SOUDI,Mathis SOUDI,SOUDI,Mathis,"SOUDI, Mathis",2024-06-01,World Cup #1,Augsburg,Final,MK1,MAR,,25,6,102.39,4,4,106.39,106.39,0,0,0,0,0,0,0,0,2,0,-,-,-,-,-,-,-,-,-,-,-,-,-,-,-,-,-
bdb01e81e3da44c51f43307f779efcb6,2026-02-03 15:46:27,Mathis SOUDI,Mathis SOUDI,SOUDI,Mathis,"SOUDI, Mathis",2024-05-31,World Cup #1,Augsburg,Heats1,MK1,MAR,,25,5,96.12,0,0,96.12,96.12,0,0,0,0,0,0,0,0,0,0,-,-,-,-,-,-,-,-,-,-,-,-,-,-,-,-,-
4c63db60aa363e2ecef3a10a44e4e7dc,2026-02-03 15:46:27,Mathis SOUDI,Mathis SOUDI,SOUDI,Mathis,"SOUDI, Mathis",2024-02-03,Australian Open ,Penrith,Heats1,MK1,MAR,,25,26,101.74,4,4,105.74,105.74,0,0,0,0,0,0,0,0,0,0,0,2,0,0,0,0,0,0,0,2,0,0,0,-,-,-,-
5097634e601b1d908e0915ae4b8d7af7,2026-02-03 15:46:27,Mathis SOUDI,Mathis SOUDI,SOUDI,Mathis,"SOUDI, Mathis",2024-02-03,Australian Open ,Penrith,FinalB,MK1,MAR,,25,46,101.41,54,54,155.41,155.41,0,0,0,0,0,0,50,0,0,0,0,0,0,0,0,0,0,2,0,0,2,0,0,-,-,-,-
d322c9a86ba6080ce3c009280fef0796,2026-02-03 15:46:27,Mathis SOUDI,Mathis SOUDI,SOUDI,Mathis,"SOUDI, Mathis",2024-01-27,Oceania Championships ,Penrith,Semi,MK1,MAR,,25,14,99.39,2,2,101.39,101.39,0,0,0,0,0,0,2,0,0,0,0,0,0,0,0,0,0,0,0,0,0,0,0,-,-,-,-
cad74b3dd885d6b76bcd0a805b4dafec,2026-02-03 15:46:27,Mathis SOUDI,Mathis SOUDI,SOUDI,Mathis,"SOUDI, Mathis",2024-01-26,Oceania Championships ,Penrith,Heats1,MK1,MAR,,25,9,97.2,0,0,97.2,97.2,0,0,0,0,0,0,0,0,0,0,0,0,0,0,0,0,0,0,0,0,0,0,-,-,-,-,-
d554fd73f2c22cc805c964e8efddaa1b,2026-02-03 15:46:16,Mathis SOUDI,Mathis SOUDI,SOUDI,Mathis,"SOUDI, Mathis",2023-10-07,World Cup final,Vaires sur Marne,Semi,MK1,MAR,,24,13,95.11,2,2,97.11,97.11,0,0,0,0,0,0,0,0,0,0,0,0,0,0,0,2,0,0,0,0,0,-,-,-,-,-,-
b15795cb4d91513e392df037b5ab4f5d,2026-02-03 15:46:16,Mathis SOUDI,Mathis SOUDI,SOUDI,Mathis,"SOUDI, Mathis",2023-10-06,World Cup final,Vaires sur Marne,Heats2,MK1,MAR,,24,10,91.33,0,0,91.33,91.33,0,0,0,0,0,0,0,0,0,0,0,0,0,0,0,0,0,0,0,0,0,-,-,-,-,-,-
8af15ccbebbb71863f4a5bf091ceda3b,2026-02-03 15:46:16,Mathis SOUDI,Mathis SOUDI,SOUDI,Mathis,"SOUDI, Mathis",2023-10-06,World Cup final,Vaires sur Marne,Heats1,MK1,MAR,,24,32,94.25,4,4,98.25,98.25,0,0,0,0,0,0,0,0,0,0,0,2,0,0,0,0,0,0,0,2,0,-,-,-,-,-,-
db9fbeec4206bd03f91e0af8422a2cf4,2026-02-03 15:46:16,Mathis SOUDI,Mathis SOUDI,SOUDI,Mathis,"SOUDI, Mathis",2023-09-23,World Championships ,Lee Valley,Final,MK1,MAR,,24,3,93.91,0,0,93.91,93.91,0,0,0,0,0,0,0,0,0,0,0,0,0,0,0,0,0,0,0,0,0,0,-,-,-,-,-
b74ff535181cca18d01e8de1ff0ef3d9,2026-02-03 15:46:16,Mathis SOUDI,Mathis SOUDI,SOUDI,Mathis,"SOUDI, Mathis",2023-09-23,World Championships ,Lee Valley,Semi,MK1,MAR,,24,5,95.15,0,0,95.15,95.15,0,0,0,0,0,0,0,0,0,0,0,0,0,0,0,0,0,0,0,0,0,0,-,-,-,-,-
2fc5567fcb709529e83d2f24c3a9e5a9,2026-02-03 15:46:16,Mathis SOUDI,Mathis SOUDI,SOUDI,Mathis,"SOUDI, Mathis",2023-09-22,World Championships ,Lee Valley,Heats1,MK1,MAR,,24,10,80.87,0,0,80.87,80.87,0,0,0,0,0,0,0,0,0,0,0,0,0,0,0,0,0,0,0,0,0,0,0,-,-,-,-
2b217fa91cf79c7072e007b24043bea6,2026-02-03 15:46:16,Mathis SOUDI,Mathis SOUDI,SOUDI,Mathis,"SOUDI, Mathis",2023-06-09,World Cup #2,Prague,Semi,MK1,MAR,,24,14,93.54,2,2,95.54,95.54,0,0,0,2,0,0,0,0,0,0,0,0,0,0,0,0,0,0,0,0,0,0,0,0,-,-,-
6785fdb8e1b93874d7b4728bd95f65d6,2026-02-03 15:46:16,Mathis SOUDI,Mathis SOUDI,SOUDI,Mathis,"SOUDI, Mathis",2023-06-08,World Cup #2,Prague,Heats1,MK1,MAR,,24,13,86.72,0,0,86.72,86.72,0,0,0,0,0,0,0,0,0,0,0,0,0,0,0,0,0,0,0,0,0,0,0,0,-,-,-
fa044c64ad90e181374e3a32f13fc659,2026-02-03 15:46:16,Mathis SOUDI,Mathis SOUDI,SOUDI,Mathis,"SOUDI, Mathis",2023-06-02,World Cup #1,Augsburg,Semi,MK1,MAR,,24,15,97.66,0,0,97.66,97.66,0,0,0,0,0,0,0,0,0,0,-,-,-,-,-,-,-,-,-,-,-,-,-,-,-,-,-
e4c0bb5a3ad87f6cc306602bdc6aedb9,2026-02-03 15:46:16,Mathis SOUDI,Mathis SOUDI,SOUDI,Mathis,"SOUDI, Mathis",2023-06-01,World Cup #1,Augsburg,Heats1,MK1,MAR,,24,12,91.67,0,0,91.67,91.67,0,0,0,0,0,0,0,0,0,0,0,0,0,0,0,0,0,0,0,0,0,0,0,-,-,-,-
8203c4ad6da39c6dfcf6458705eadf24,2026-02-03 15:46:16,Mathis SOUDI,Mathis SOUDI,SOUDI,Mathis,"SOUDI, Mathis",2023-03-12,National race Coupe de France N1,Epinal,Semi,MK1,MAR,,24,8,89.14,0,0,89.14,89.14,0,0,0,0,0,0,0,0,0,0,0,0,0,0,0,0,0,0,0,0,0,0,-,-,-,-,-
d65ce0430a9644627ed0231d9c434846,2026-02-03 15:46:16,Mathis SOUDI,Mathis SOUDI,SOUDI,Mathis,"SOUDI, Mathis",2023-03-11,National race Coupe de France N1,Epinal,FinalB,MK1,MAR,,24,2,85.31,0,0,85.31,85.31,0,0,0,0,0,0,0,0,0,0,0,0,0,0,0,0,0,0,0,0,0,0,-,-,-,-,-
7d69287f14a0ed66223fe006044def84,2026-02-03 15:46:16,Mathis SOUDI,Mathis SOUDI,SOUDI,Mathis,"SOUDI, Mathis",2023-03-11,National race Coupe de France N1,Epinal,Semi,MK1,MAR,,24,19,87.24,4,4,91.24,91.24,0,0,0,0,0,0,0,0,0,0,0,0,0,0,0,0,0,0,0,0,0,0,-,-,-,-,-
384e639424715343f00d99cae654ac86,2026-02-03 15:46:16,Mathis SOUDI,Mathis SOUDI,SOUDI,Mathis,"SOUDI, Mathis",2023-02-19,Australian Open ,Penrith,Semi,MK1,MAR,,24,7,99.63,0,0,99.63,99.63,0,0,0,0,0,0,0,0,0,0,0,0,0,0,0,0,0,0,0,0,0,0,-,-,-,-,-
0ca5b3e6ffae65d027c8c9b5358c4aee,2026-02-03 15:46:16,Mathis SOUDI,Mathis SOUDI,SOUDI,Mathis,"SOUDI, Mathis",2023-02-19,Australian Open ,Penrith,Final,MK1,MAR,,24,3,96.75,0,0,96.75,96.75,0,0,0,0,0,0,0,0,0,0,0,0,0,0,0,0,0,0,0,0,0,0,-,-,-,-,-
aa79dbaf4aa1ef839e77314b4440ec3e,2026-02-03 15:46:16,Mathis SOUDI,Mathis SOUDI,SOUDI,Mathis,"SOUDI, Mathis",2023-02-17,Australian Open ,Penrith,Heats1,MK1,MAR,,24,6,91.55,0,0,91.55,91.55,0,0,0,0,0,0,0,0,0,0,0,0,0,0,0,0,0,0,0,0,0,0,-,-,-,-,-
d11f48a54e6a39295d65a6fdaee58680,2026-02-03 15:46:16,Mathis SOUDI,Mathis SOUDI,SOUDI,Mathis,"SOUDI, Mathis",2023-02-12,Penrith Open ,Penrith,Final,MK1,MAR,,24,7,84.73,0,0,84.73,84.73,0,0,0,0,0,0,0,0,0,0,0,0,0,0,0,0,0,0,0,0,-,-,-,-,-,-,-
6604e2d193a404a7db3a8dd3791154e6,2026-02-03 15:46:16,Mathis SOUDI,Mathis SOUDI,SOUDI,Mathis,"SOUDI, Mathis",2023-02-12,Penrith Open ,Penrith,Semi,MK1,MAR,,24,10,87.98,0,0,87.98,87.98,0,0,0,0,0,0,0,0,0,0,0,0,0,0,0,0,0,0,0,-,-,-,-,-,-,-,-
4c9138dad96cecf38ee22d40e3bb8140,2026-02-03 15:46:02,Mathis SOUDI,Mathis SOUDI,SOUDI,Mathis,"SOUDI, Mathis",2022-09-18,ICF World ranking ,Lee Valley,Semi,MK1,MAR,,23,15,100.91,0,0,100.91,100.91,0,0,0,0,0,0,0,0,0,0,0,0,0,0,0,0,0,0,0,0,0,0,-,-,-,-,-
32fccd9c7c776da45581602c208264e7,2026-02-03 15:46:02,Mathis SOUDI,Mathis SOUDI,SOUDI,Mathis,"SOUDI, Mathis",2022-09-17,ICF World ranking ,Lee Valley,Heats1,MK1,MAR,,23,28,102.83,2,2,104.83,104.83,0,0,0,0,0,0,0,0,0,0,0,0,0,0,0,0,0,0,0,0,0,0,-,-,-,-,-
6b30bed4464168173407bacb5907d765,2026-02-03 15:46:02,Mathis SOUDI,Mathis SOUDI,SOUDI,Mathis,"SOUDI, Mathis",2022-08-28,World Cup #4,Pau,Semi,MK1,MAR,,23,30,102.45,6,6,108.45,108.45,0,0,0,0,0,0,0,0,0,0,0,0,0,0,0,0,0,0,0,0,0,0,-,-,-,-,-
d2c1faa1c264ad95e883f884345e359c,2026-02-03 15:46:02,Mathis SOUDI,Mathis SOUDI,SOUDI,Mathis,"SOUDI, Mathis",2022-08-26,World Cup #4,Pau,Heats1,MK1,MAR,,23,12,95.76,0,0,95.76,95.76,0,0,0,0,0,0,0,0,0,0,0,0,0,0,0,0,0,0,0,0,0,0,-,-,-,-,-
0fefc1f0bb383446fc0a3fe9b7cf15ee,2026-02-03 15:46:02,Mathis SOUDI,Mathis SOUDI,SOUDI,Mathis,"SOUDI, Mathis",2022-07-31,World Championships ,Augsburg,Semi,MK1,MAR,,23,36,100.62,52,52,152.62,152.62,0,0,0,0,0,0,0,0,0,0,0,0,0,0,0,0,0,0,0,0,0,0,-,-,-,-,-
26b7a155ea19355ec138eff6237431a1,2026-02-03 15:46:02,Mathis SOUDI,Mathis SOUDI,SOUDI,Mathis,"SOUDI, Mathis",2022-07-28,World Championships ,Augsburg,Heats1,MK1,MAR,,23,6,88.88,0,0,88.88,88.88,0,0,0,0,0,0,0,0,0,0,0,0,0,0,0,0,0,0,0,0,0,0,-,-,-,-,-
7319615c687f0c0722da1f8c134e0460,2026-02-03 15:46:02,Mathis SOUDI,Mathis SOUDI,SOUDI,Mathis,"SOUDI, Mathis",2022-07-10,World Championships U23/junior,Ivrea,Semi,MK1,MAR,,23,5,82.91,0,0,82.91,82.91,0,0,0,0,0,0,0,0,0,0,0,0,0,0,0,0,0,0,0,0,0,0,-,-,-,-,-
5082bc044e0187a58316f91e5d620cf9,2026-02-03 15:46:02,Mathis SOUDI,Mathis SOUDI,SOUDI,Mathis,"SOUDI, Mathis",2022-07-10,World Championships U23/junior,Ivrea,Final,MK1,MAR,,23,4,81.28,2,2,83.28,83.28,0,0,0,0,0,0,0,0,0,0,0,0,0,0,0,0,0,0,0,0,0,0,-,-,-,-,-
c2a3e3b84f953fe5b83353e0ed847f23,2026-02-03 15:46:02,Mathis SOUDI,Mathis SOUDI,SOUDI,Mathis,"SOUDI, Mathis",2022-07-08,World Championships U23/junior,Ivrea,Heats1,MK1,MAR,,23,10,77.16,0,0,77.16,77.16,0,0,0,0,0,0,0,0,0,0,0,0,0,0,0,0,0,0,0,0,0,0,-,-,-,-,-
7b312b299b43f880df502bc5eb59a0be,2026-02-03 15:46:02,Mathis SOUDI,Mathis SOUDI,SOUDI,Mathis,"SOUDI, Mathis",2022-06-12,World Cup #1,Prague,Semi,MK1,MAR,,23,36,98.6,54,54,152.6,152.6,0,0,0,0,0,0,0,50,-,-,-,-,-,-,-,-,-,2,-,-,-,-,2,-,-,-,-
8e97586a242a9c834c3167f7656caacc,2026-02-03 15:46:02,Mathis SOUDI,Mathis SOUDI,SOUDI,Mathis,"SOUDI, Mathis",2022-06-10,World Cup #1,Prague,Heats2,MK1,MAR,,23,9,88.8,0,0,88.8,88.8,0,0,0,0,0,0,0,0,-,-,-,-,-,-,-,-,-,-,-,-,-,-,-,-,-,-,-
516254f95ba25df825a8eb9a92e3e050,2026-02-03 15:46:02,Mathis SOUDI,Mathis SOUDI,SOUDI,Mathis,"SOUDI, Mathis",2022-06-10,World Cup #1,Prague,Heats1,MK1,MAR,,23,37,90.66,4,4,94.66,94.66,0,0,0,0,0,2,2,0,-,-,-,-,-,-,-,-,-,-,-,-,-,-,-,-,-,-,-
7f6caf6bdb28a43fb6430e67a8eb95ab,2026-02-03 15:46:02,Mathis SOUDI,Mathis SOUDI,SOUDI,Mathis,"SOUDI, Mathis",2022-06-04,ICF World ranking ,Augsburg,Heats1,MK1,MAR,,23,38,93.54,4,4,97.54,97.54,0,0,0,0,0,0,0,0,0,0,0,0,0,0,0,0,0,0,0,0,0,0,-,-,-,-,-
c4b285741a4d8603c705c22d3074e925,2026-02-03 15:46:02,Mathis SOUDI,Mathis SOUDI,SOUDI,Mathis,"SOUDI, Mathis",2022-06-04,ICF World ranking ,Augsburg,Heats2,MK1,MAR,,23,18,98.33,2,2,100.33,100.33,0,0,0,0,0,0,0,0,0,0,0,0,0,0,0,0,0,0,0,0,0,0,-,-,-,-,-
5e805d2d900fce45afe2c47e8edc9e59,2026-02-03 15:45:53,Mathis SOUDI,Mathis SOUDI,SOUDI,Mathis,"SOUDI, Mathis",2021-09-10,World Cup ,Pau,Heats2,MK1,MAR,,22,0,0,0,0,DNS,,0,0,0,0,0,0,0,0,0,0,0,0,0,0,0,0,0,0,0,0,0,0,-,-,-,-,-
71bf25f74f751d652e2d6ce5e6efee8e,2026-02-03 15:45:53,Mathis SOUDI,Mathis SOUDI,SOUDI,Mathis,"SOUDI, Mathis",2021-09-10,World Cup ,Pau,Heats1,MK1,MAR,,22,48,106.2,2,2,108.2,108.2,0,0,0,0,0,0,0,0,0,0,0,0,0,0,0,0,0,0,0,0,0,0,-,-,-,-,-
1210fdc570c3828d819133ebbcb1af92,2026-02-03 15:45:53,Mathis SOUDI,Mathis SOUDI,SOUDI,Mathis,"SOUDI, Mathis",2021-07-30,Olympic Games ,Tokyo,Semi,MK1,MAR,,22,18,97.58,6,6,103.58,103.58,0,0,0,0,0,0,0,0,0,0,0,0,0,0,0,0,0,0,0,0,0,0,-,-,-,-,-
29c7d45724500e23d4aaf9359d7399e2,2026-02-03 15:45:53,Mathis SOUDI,Mathis SOUDI,SOUDI,Mathis,"SOUDI, Mathis",2021-07-28,Olympic Games ,Tokyo,Heats2,MK1,MAR,,22,19,98.92,2,2,100.92,100.92,0,0,0,0,0,0,0,0,0,0,0,0,0,0,0,0,0,0,0,0,0,0,-,-,-,-,-
75657e963155b5940ab0cf5087eb6fc8,2026-02-03 15:45:53,Mathis SOUDI,Mathis SOUDI,SOUDI,Mathis,"SOUDI, Mathis",2021-07-28,Olympic Games ,Tokyo,Heats1,MK1,MAR,,22,7,93.86,0,0,93.86,93.86,0,0,0,0,0,0,0,0,0,0,0,0,0,0,0,0,0,0,0,0,0,0,-,-,-,-,-
8ce99d00bd52e28addbf05214bb86a69,2026-02-03 15:45:53,Mathis SOUDI,Mathis SOUDI,SOUDI,Mathis,"SOUDI, Mathis",2021-06-18,World Cup ,Markkleeberg,Heats2,MK1,MAR,,22,12,100.54,2,2,102.54,102.54,0,0,0,0,0,0,0,0,0,0,0,0,0,0,0,0,0,0,0,0,0,0,-,-,-,-,-
0047796befda82eb82d61cedcd418942,2026-02-03 15:45:53,Mathis SOUDI,Mathis SOUDI,SOUDI,Mathis,"SOUDI, Mathis",2021-06-18,World Cup ,Markkleeberg,Heats1,MK1,MAR,,22,33,99.42,2,2,101.42,101.42,0,0,0,0,0,0,0,0,0,0,0,0,0,0,0,0,0,0,0,0,0,0,-,-,-,-,-
0d7821774e6c3df3426400316cda8006,2026-02-03 15:45:53,Mathis SOUDI,Mathis SOUDI,SOUDI,Mathis,"SOUDI, Mathis",2021-06-13,World Cup ,Prague,Semi,MK1,MAR,,22,35,112.5,4,4,116.5,116.5,0,0,0,0,0,0,0,0,0,0,0,0,0,0,0,0,0,0,0,0,0,0,-,-,-,-,-
86373d8031be918d4156a6bde873223a,2026-02-03 15:45:53,Mathis SOUDI,Mathis SOUDI,SOUDI,Mathis,"SOUDI, Mathis",2021-06-11,World Cup ,Prague,Heats2,MK1,MAR,,22,5,91.24,0,0,91.24,91.24,0,0,0,0,0,0,0,0,0,0,0,0,0,0,0,0,0,0,0,0,0,0,-,-,-,-,-
70a77a8f6714d9b5fa7b3ff40344c574,2026-02-03 15:45:53,Mathis SOUDI,Mathis SOUDI,SOUDI,Mathis,"SOUDI, Mathis",2021-06-11,World Cup ,Prague,Heats1,MK1,MAR,,22,33,92.96,0,0,92.96,92.96,0,0,0,0,0,0,0,0,0,0,0,0,0,0,0,0,0,0,0,0,0,0,-,-,-,-,-
60e285d6500562fcf2187e2608573454,2026-02-03 15:45:53,Mathis SOUDI,Mathis SOUDI,SOUDI,Mathis,"SOUDI, Mathis",2021-03-21,Pyrenees Cup ,La Seu,Final,MK1,MAR,,22,2,86.81,0,0,86.81,86.81,0,0,0,0,0,0,0,0,0,0,0,0,0,0,0,0,0,0,0,0,-,-,-,-,-,-,-
c9026cfcd997d722ea3bdf361b249772,2026-02-03 15:45:53,Mathis SOUDI,Mathis SOUDI,SOUDI,Mathis,"SOUDI, Mathis",2021-03-21,Pyrenees Cup ,La Seu,Semi,MK1,MAR,,22,10,92.31,0,0,92.31,92.31,0,0,0,0,0,0,0,0,0,0,0,0,0,0,0,0,0,0,0,0,-,-,-,-,-,-,-
0b77ec525740caa8ac692fc4f2d82d24,2026-02-03 15:45:53,Mathis SOUDI,Mathis SOUDI,SOUDI,Mathis,"SOUDI, Mathis",2021-03-20,Pyrenees Cup ,La Seu,Heats1,MK1,MAR,,22,18,88.13,0,0,88.13,88.13,0,0,0,0,0,0,0,0,0,0,0,0,0,0,0,0,0,0,0,0,0,-,-,-,-,-,-
a005f730926f4d3cba0431024666ada5,2026-02-03 15:45:45,Mathis SOUDI,Mathis SOUDI,SOUDI,Mathis,"SOUDI, Mathis",2020-11-08,World Cup ,Pau,Semi,MK1,MAR,,21,11,98.87,2,2,100.87,100.87,0,0,0,0,0,0,0,0,0,0,0,0,0,0,0,0,0,0,0,0,0,0,-,-,-,-,-
c0810f3af26cbc185fa642a8f8b82f10,2026-02-03 15:45:45,Mathis SOUDI,Mathis SOUDI,SOUDI,Mathis,"SOUDI, Mathis",2020-10-06,World Cup ,Pau,Heats1,MK1,MAR,,21,15,99.8,4,4,103.8,103.8,0,0,0,0,0,0,0,0,0,0,0,0,0,0,0,0,0,0,0,0,0,0,-,-,-,-,-
a495ebe3c9f54c4ba5efddecedcadb2f,2026-02-03 15:45:45,Mathis SOUDI,Mathis SOUDI,SOUDI,Mathis,"SOUDI, Mathis",2020-02-23,Australian Open ,Penrith,Semi,MK1,MAR,,21,39,103.35,54,54,157.35,157.35,0,0,0,0,0,0,0,0,0,0,0,0,0,0,0,0,0,0,0,0,0,0,0,-,-,-,-
216faa83fc62498b9ecc4f8f0c8a16a4,2026-02-03 15:45:45,Mathis SOUDI,Mathis SOUDI,SOUDI,Mathis,"SOUDI, Mathis",2020-02-21,Australian Open ,Penrith,Heats1,MK1,MAR,,21,24,93.91,0,0,93.91,93.91,0,0,0,0,0,0,0,0,0,0,0,0,0,0,0,0,0,0,0,0,0,0,-,-,-,-,-
a607e978cbc119c86014a8fc158bab59,2026-02-03 15:45:39,Mathis SOUDI,Mathis SOUDI,SOUDI,Mathis,"SOUDI, Mathis",2019-10-27,Olympic test event ,Tokyo,Heats2,MK1,MAR,,20,14,97,4,4,101,101,0,0,0,0,0,0,0,0,0,0,0,0,0,0,0,0,0,0,0,0,0,0,0,0,0,-,-
c0beb47934d9f890312860d68d2c8b03,2026-02-03 15:45:39,Mathis SOUDI,Mathis SOUDI,SOUDI,Mathis,"SOUDI, Mathis",2019-10-27,Olympic test event ,Tokyo,Heats1,MK1,MAR,,20,12,97.65,2,2,99.65,99.65,0,0,0,0,0,0,0,0,0,0,0,0,0,0,0,0,0,0,0,0,0,0,0,0,0,-,-
51fc0d40f07d9e464ca42ef787e35480,2026-02-03 15:45:39,Mathis SOUDI,Mathis SOUDI,SOUDI,Mathis,"SOUDI, Mathis",2019-10-27,Olympic test event ,Tokyo,Semi,MK1,MAR,,20,19,98.43,50,50,148.43,148.43,0,0,0,0,0,0,0,0,0,0,0,0,0,0,0,0,0,0,0,0,0,0,0,0,0,-,-
1a9b777d791837fee5aa6bc1ce3f50e0,2026-02-03 15:45:39,Mathis SOUDI,Mathis SOUDI,SOUDI,Mathis,"SOUDI, Mathis",2019-09-27,World Championships ,La Seu,Heats2,MK1,MAR,,20,22,94.7,2,2,96.7,96.7,0,0,0,0,0,0,0,0,0,0,0,0,0,0,0,0,0,0,0,0,0,0,-,-,-,-,-
1892c4f249264ac410fcb7f5fc7a9518,2026-02-03 15:45:39,Mathis SOUDI,Mathis SOUDI,SOUDI,Mathis,"SOUDI, Mathis",2019-09-27,World Championships ,La Seu,Heats1,MK1,MAR,,20,111,95.74,104,104,199.74,199.74,0,0,0,0,0,0,0,0,0,0,0,0,0,0,0,0,0,0,0,0,0,0,-,-,-,-,-
509c2c5b10e2a8670ad4725922c58706,2026-02-03 15:45:39,Mathis SOUDI,Mathis SOUDI,SOUDI,Mathis,"SOUDI, Mathis",2019-08-04,ICF World ranking ,Prague,Semi,MK1,MAR,,20,24,96.45,4,4,100.45,100.45,0,0,0,0,0,0,0,0,0,0,0,0,0,0,0,0,0,0,0,0,0,0,0,-,-,-,-
ab09630cc2e0a06bdf32eb45133806d2,2026-02-03 15:45:39,Mathis SOUDI,Mathis SOUDI,SOUDI,Mathis,"SOUDI, Mathis",2019-08-03,ICF World ranking ,Prague,Heats1,MK1,MAR,,20,59,83.11,4,4,87.11,87.11,0,0,0,0,0,0,0,0,0,0,0,0,0,0,0,0,0,0,0,0,0,0,0,-,-,-,-
22ed2f753e379ffd071609f3962810c3,2026-02-03 15:45:39,Mathis SOUDI,Mathis SOUDI,SOUDI,Mathis,"SOUDI, Mathis",2019-08-03,ICF World ranking ,Prague,Heats2,MK1,MAR,,20,4,81.23,0,0,81.23,81.23,0,0,0,0,0,0,0,0,0,0,0,0,0,0,0,0,0,0,0,0,0,0,0,-,-,-,-
fd28a23f20d5c5838d8910eca88fd109,2026-02-03 15:45:39,Mathis SOUDI,Mathis SOUDI,SOUDI,Mathis,"SOUDI, Mathis",2019-07-20,World Championships U23,Krakow,Semi,MK1,MAR,,20,31,87.35,52,52,139.35,139.35,0,0,0,0,0,0,0,0,0,0,0,0,0,0,0,0,0,0,0,0,-,-,-,-,-,-,-
3f492347588ccf93bdbb77099d146027,2026-02-03 15:45:39,Mathis SOUDI,Mathis SOUDI,SOUDI,Mathis,"SOUDI, Mathis",2019-07-18,World Championships U23,Krakow,Heats1,MK1,MAR,,20,8,90.75,4,4,94.75,94.75,0,0,0,0,0,0,0,0,0,0,0,0,0,0,0,0,0,0,0,0,-,-,-,-,-,-,-
1c0091e90a19804f51f59bc40dd91f64,2026-02-03 15:45:39,Mathis SOUDI,Mathis SOUDI,SOUDI,Mathis,"SOUDI, Mathis",2019-06-30,World Cup ,Tacen,Semi,MK1,MAR,,20,32,104.35,2,2,106.35,106.35,0,0,0,0,0,0,0,0,0,0,0,0,0,0,0,0,0,0,0,0,0,0,-,-,-,-,-
25f7d3455ef663ab2387857d0411a550,2026-02-03 15:45:39,Mathis SOUDI,Mathis SOUDI,SOUDI,Mathis,"SOUDI, Mathis",2019-06-28,World Cup ,Tacen,Heats2,MK1,MAR,,20,9,84.13,0,0,84.13,84.13,0,0,0,0,0,0,0,0,0,0,0,0,0,0,0,0,0,0,0,0,-,-,-,-,-,-,-
c4fc28dcfc9c13af491e7f30bba34068,2026-02-03 15:45:39,Mathis SOUDI,Mathis SOUDI,SOUDI,Mathis,"SOUDI, Mathis",2019-06-28,World Cup ,Tacen,Heats1,MK1,MAR,,20,31,82.15,2,2,84.15,84.15,0,0,0,0,0,0,0,0,0,0,0,0,0,0,0,0,0,0,0,0,-,-,-,-,-,-,-
92a7e3884132be55a38868c7c6abbe0b,2026-02-03 15:45:39,Mathis SOUDI,Mathis SOUDI,SOUDI,Mathis,"SOUDI, Mathis",2019-04-14,None,La Seu,Semi,MK1,MAR,,20,24,90.61,4,4,94.61,94.61,0,0,0,0,0,0,0,0,0,0,0,0,0,0,0,0,0,0,0,0,0,0,-,-,-,-,-
75cbe083223e8e042c0bb10ecd4f4ac7,2026-02-03 15:45:39,Mathis SOUDI,Mathis SOUDI,SOUDI,Mathis,"SOUDI, Mathis",2019-04-13,None,La Seu,Heats1,MK1,MAR,,20,19,101.61,0,0,101.61,101.61,0,0,0,0,0,0,0,0,0,0,0,0,0,0,0,0,0,0,0,0,0,0,-,-,-,-,-
f873d9da8abc128e4bbf415bb135b887,2026-02-03 15:45:39,Mathis SOUDI,Mathis SOUDI,SOUDI,Mathis,"SOUDI, Mathis",2019-04-06,None,Pau,Heats2,MK1,MAR,,20,13,94.95,0,0,94.95,94.95,0,0,0,0,0,0,0,0,0,0,0,0,0,0,0,0,0,0,0,0,-,-,-,-,-,-,-
7ae2297471c8adeef49af0a7dbc7e3dc,2026-02-03 15:45:39,Mathis SOUDI,Mathis SOUDI,SOUDI,Mathis,"SOUDI, Mathis",2019-04-06,None,Pau,Heats1,MK1,MAR,,20,32,96.96,0,0,96.96,96.96,0,0,0,0,0,0,0,0,0,0,0,0,0,0,0,0,0,0,0,0,-,-,-,-,-,-,-
af5c9c06da24b3d966ee7c7e249d13b9,2026-02-03 15:45:29,Mathis SOUDI,Mathis SOUDI,SOUDI,Mathis,"SOUDI, Mathis",2018-09-07,None,La Seu,Heats2,MK1,MAR,,19,21,101.76,0,0,None,,0,0,0,0,0,0,0,0,0,0,0,0,0,0,0,0,0,0,0,0,0,0,0,-,-,-,-
2d5e6ed6697141c48b9d87e36705dffa,2026-02-03 15:45:29,Mathis SOUDI,Mathis SOUDI,SOUDI,Mathis,"SOUDI, Mathis",2018-09-07,None,La Seu,Heats1,MK1,MAR,,19,35,100.82,0,0,None,,0,0,0,0,0,0,0,0,0,0,0,0,0,0,0,0,0,0,0,0,0,0,0,-,-,-,-
6427d385c48c1a8bd61ccfb04a3d0d9b,2026-02-03 15:45:29,Mathis SOUDI,Mathis SOUDI,SOUDI,Mathis,"SOUDI, Mathis",2018-08-31,None,Tacen,Heats1,MK1,MAR,,19,16,86.45,0,0,None,,0,0,0,0,0,0,0,0,0,0,0,0,0,0,0,0,0,0,0,0,0,-,-,-,-,-,-
aa6c567bbd87ef0763dfe72666e2b3e8,2026-02-03 15:45:29,Mathis SOUDI,Mathis SOUDI,SOUDI,Mathis,"SOUDI, Mathis",2018-07-21,None,Ivrea,Semi,MK1,MAR,,19,21,81.22,4,4,None,,0,0,0,0,0,0,0,0,0,0,0,0,0,0,0,0,0,0,-,-,-,-,-,-,-,-,-
2b00992010272f5f66521521d86d036b,2026-02-03 15:45:29,Mathis SOUDI,Mathis SOUDI,SOUDI,Mathis,"SOUDI, Mathis",2018-07-20,None,Ivrea,Heats1,MK1,MAR,,19,21,83.15,0,0,None,,0,0,0,0,0,0,0,0,0,0,0,0,0,0,0,0,0,0,0,-,-,-,-,-,-,-,-
06fc3c2b6bf20a81a4a620bb41bc7c3c,2026-02-03 15:45:22,Mathis SOUDI,Mathis SOUDI,SOUDI,Mathis,"SOUDI, Mathis",2017-10-27,None,Pau,Heats2,MK1,MAR,,18,51,82.77,54,54,None,,0,0,0,0,0,0,0,0,0,0,0,0,0,0,0,0,0,0,0,0,0,0,0,-,-,-,-
77211e22fe36a3cdb56306b45e7932ee,2026-02-03 15:45:22,Mathis SOUDI,Mathis SOUDI,SOUDI,Mathis,"SOUDI, Mathis",2017-10-27,None,Pau,Heats1,MK1,MAR,,18,58,86.27,4,4,None,,0,0,0,0,0,0,0,0,0,0,0,0,0,0,0,0,0,0,0,0,0,0,0,-,-,-,-
f2d5e879c0523d902bb91efbc1655237,2026-02-03 15:45:22,Mathis SOUDI,Mathis SOUDI,SOUDI,Mathis,"SOUDI, Mathis",2017-07-21,None,Bratislava,Semi,MK1,MAR,,18,16,101.82,0,0,None,,0,0,0,0,0,0,0,0,0,0,0,0,0,0,0,0,0,0,0,0,0,0,0,-,-,-,-
f485f616b3983b00cc4e107a5e1f830b,2026-02-03 15:45:22,Mathis SOUDI,Mathis SOUDI,SOUDI,Mathis,"SOUDI, Mathis",2017-07-18,None,Bratislava,Heats1,MK1,MAR,,18,8,95.88,0,0,None,,0,0,0,0,0,0,0,0,0,0,0,0,0,0,0,0,0,0,0,0,0,0,0,-,-,-,-
1345972d3fb0391e61d768f8b3aec7f2,2026-02-03 15:46:38,Ondrej TUNKA,Ondrej TUNKA,TUNKA,Ondrej,"TUNKA, Ondrej",2025-08-17,ICF World ranking ,Prague,Final,MK1,CZE,92,35,5,86.89,0,0,86.89,86.89,0,0,0,0,0,0,0,0,0,0,0,0,0,0,0,0,0,0,0,0,0,0,0,0,0,-,-
9b27e81c4fff7180d86545a2e3af6f84,2026-02-03 15:46:38,Ondrej TUNKA,Ondrej TUNKA,TUNKA,Ondrej,"TUNKA, Ondrej",2025-08-17,ICF World ranking ,Prague,Heats1,MK1,CZE,92,35,4,88.59,0,0,88.59,88.59,0,0,0,0,0,0,0,0,0,0,0,0,0,0,0,0,0,0,0,0,0,0,0,0,0,-,-
f765c8251d0e04547e9bb490a2843936,2026-02-03 15:46:38,Ondrej TUNKA,Ondrej TUNKA,TUNKA,Ondrej,"TUNKA, Ondrej",2025-08-15,International race short,Prague,Heats1,MK1,CZE,92,35,3,47.35,0,0,47.35,47.35,0,0,0,0,0,0,0,0,0,0,0,0,-,-,-,-,-,-,-,-,-,-,-,-,-,-,-
ea1c7d2f5a4202e8c9d28b25faab63db,2026-02-03 15:46:38,Ondrej TUNKA,Ondrej TUNKA,TUNKA,Ondrej,"TUNKA, Ondrej",2025-08-15,International race short,Prague,Final,MK1,CZE,92,35,7,49.64,0,0,49.64,49.64,0,0,0,0,0,0,0,0,0,0,0,0,-,-,-,-,-,-,-,-,-,-,-,-,-,-,-
764d6fa11e68b7dd66f5571b90cb7880,2026-02-03 15:46:38,Ondrej TUNKA,Ondrej TUNKA,TUNKA,Ondrej,"TUNKA, Ondrej",2025-02-23,Australian Open ,Penrith,Heats1,MK1,CZE,,35,23,96.33,0,0,96.33,96.33,0,0,0,0,0,0,0,0,0,0,0,0,0,0,0,0,0,0,0,0,0,0,-,-,-,-,-
9a2e9cfc34130755a0893a3f5f0db1c7,2026-02-03 15:46:38,Ondrej TUNKA,Ondrej TUNKA,TUNKA,Ondrej,"TUNKA, Ondrej",2025-02-23,Australian Open ,Penrith,FinalB,MK1,CZE,,35,3,92.3,0,0,92.3,92.3,0,0,0,0,0,0,0,0,0,0,0,0,0,0,0,0,0,0,0,0,0,0,-,-,-,-,-
94f7423a13a5fc8cf854869c4ebc0f83,2026-02-03 15:46:27,Ondrej TUNKA,Ondrej TUNKA,TUNKA,Ondrej,"TUNKA, Ondrej",2024-08-03,ICF World ranking ,Prague,Heats1,MK1,CZE,,34,10,83.8,2,2,85.8,85.8,0,2,0,0,0,0,0,0,0,0,0,0,0,0,0,0,0,0,0,0,0,0,0,0,0,-,-
6075636860b1e3d41a0294a829741d32,2026-02-03 15:46:27,Ondrej TUNKA,Ondrej TUNKA,TUNKA,Ondrej,"TUNKA, Ondrej",2024-08-03,ICF World ranking ,Prague,Semi,MK1,CZE,,34,37,95.78,52,52,147.78,147.78,0,0,2,0,0,0,0,0,0,0,0,0,0,0,0,0,50,0,0,0,0,0,0,0,0,-,-
58f7bf0589c4c9f264fbea5e4293c56d,2026-02-03 15:46:27,Ondrej TUNKA,Ondrej TUNKA,TUNKA,Ondrej,"TUNKA, Ondrej",2024-05-17,Euros ,Tacen,Heats1,MK1,CZE,,34,17,94.77,6,6,100.77,100.77,0,0,0,0,0,2,2,0,0,0,0,0,0,0,0,0,2,0,0,0,0,-,-,-,-,-,-
1bf0e5e8936e61ee080f30621b57cbb9,2026-02-03 15:46:16,Ondrej TUNKA,Ondrej TUNKA,TUNKA,Ondrej,"TUNKA, Ondrej",2023-02-05,ICF World ranking ,Ile de la Reunion,Semi,MK1,CZE,,33,24,101.4,2,2,103.4,103.4,0,0,0,0,0,0,0,0,0,0,0,0,0,0,0,0,0,0,0,0,0,0,-,-,-,-,-
41cedfdbf6271fc556806ec717d48cba,2026-02-03 15:46:16,Ondrej TUNKA,Ondrej TUNKA,TUNKA,Ondrej,"TUNKA, Ondrej",2023-02-04,ICF World ranking ,Ile de la Reunion,Heats1,MK1,CZE,,33,23,93,4,4,97,97,0,0,0,0,0,0,0,0,0,0,0,0,0,0,0,0,0,0,0,0,0,0,-,-,-,-,-
e21c1ab768fe01c77703da3e6ac93b3d,2026-02-03 15:46:02,Ondrej TUNKA,Ondrej TUNKA,TUNKA,Ondrej,"TUNKA, Ondrej",2022-09-18,ICF World ranking ,Lee Valley,Semi,MK1,CZE,,32,9,97.83,0,0,97.83,97.83,0,0,0,0,0,0,0,0,0,0,0,0,0,0,0,0,0,0,0,0,0,0,-,-,-,-,-
e90b233bf1da20a168403d9cff617e2e,2026-02-03 15:46:02,Ondrej TUNKA,Ondrej TUNKA,TUNKA,Ondrej,"TUNKA, Ondrej",2022-09-18,ICF World ranking ,Lee Valley,Final,MK1,CZE,,32,4,95.83,4,4,99.83,99.83,0,0,0,0,0,0,0,0,0,0,0,0,0,0,0,0,0,0,0,0,0,0,-,-,-,-,-
8dfaf26d4e0b6ae3aead87eba42311bf,2026-02-03 15:46:02,Ondrej TUNKA,Ondrej TUNKA,TUNKA,Ondrej,"TUNKA, Ondrej",2022-09-17,ICF World ranking ,Lee Valley,Heats1,MK1,CZE,,32,21,104,0,0,104,104,0,0,0,0,0,0,0,0,0,0,0,0,0,0,0,0,0,0,0,0,0,0,-,-,-,-,-
50b80ee596f1d87602e710cc725dfd26,2026-02-03 15:46:02,Ondrej TUNKA,Ondrej TUNKA,TUNKA,Ondrej,"TUNKA, Ondrej",2022-09-04,World Cup final,La Seu,Semi,MK1,CZE,,32,7,88.07,0,0,88.07,88.07,0,0,0,0,0,0,0,0,0,0,0,0,0,0,0,0,0,0,0,0,0,0,-,-,-,-,-
809653ebeb5149e1d5d64509f466a0fe,2026-02-03 15:46:02,Ondrej TUNKA,Ondrej TUNKA,TUNKA,Ondrej,"TUNKA, Ondrej",2022-09-04,World Cup final,La Seu,Final,MK1,CZE,,32,8,92.03,4,4,96.03,96.03,0,0,0,0,0,0,0,0,0,0,0,0,0,0,0,0,0,0,0,0,0,0,-,-,-,-,-
7d1ae70a03f0a4902f1221a391acf2d1,2026-02-03 15:46:02,Ondrej TUNKA,Ondrej TUNKA,TUNKA,Ondrej,"TUNKA, Ondrej",2022-09-02,World Cup final,La Seu,Heats1,MK1,CZE,,32,32,82.94,2,2,84.94,84.94,0,0,0,0,0,0,0,0,-,-,-,-,-,-,-,-,-,-,-,-,-,-,-,-,-,-,-
c5f55d6676ad33271803af2596f554a6,2026-02-03 15:46:02,Ondrej TUNKA,Ondrej TUNKA,TUNKA,Ondrej,"TUNKA, Ondrej",2022-09-02,World Cup final,La Seu,Heats2,MK1,CZE,,32,5,84.45,0,0,84.45,84.45,0,0,0,0,0,0,0,0,-,-,-,-,-,-,-,-,-,-,-,-,-,-,-,-,-,-,-
555bfb06b45d12427a623527ca65a8a0,2026-02-03 15:46:02,Ondrej TUNKA,Ondrej TUNKA,TUNKA,Ondrej,"TUNKA, Ondrej",2022-08-28,World Cup #4,Pau,Final,MK1,CZE,,32,7,99.49,2,2,101.49,101.49,0,0,0,0,0,0,0,0,0,0,0,0,0,0,0,0,0,0,0,0,0,0,-,-,-,-,-
01f57e32797309cb6c90c756de5bfc7e,2026-02-03 15:46:02,Ondrej TUNKA,Ondrej TUNKA,TUNKA,Ondrej,"TUNKA, Ondrej",2022-08-28,World Cup #4,Pau,Semi,MK1,CZE,,32,4,97.7,2,2,99.7,99.7,0,0,0,0,0,0,0,0,0,0,0,0,0,0,0,0,0,0,0,0,0,0,-,-,-,-,-
62e619068fa493577fd6d60f97c1569b,2026-02-03 15:46:02,Ondrej TUNKA,Ondrej TUNKA,TUNKA,Ondrej,"TUNKA, Ondrej",2022-08-26,World Cup #4,Pau,Heats1,MK1,CZE,,32,19,96.29,0,0,96.29,96.29,0,0,0,0,0,0,0,0,0,0,0,0,0,0,0,0,0,0,0,0,0,0,-,-,-,-,-
64bc38b774e294a870b1d9933ad45da6,2026-02-03 15:46:02,Ondrej TUNKA,Ondrej TUNKA,TUNKA,Ondrej,"TUNKA, Ondrej",2022-07-31,World Championships ,Augsburg,Semi,MK1,CZE,,32,21,100.93,2,2,102.93,102.93,0,0,0,0,0,0,0,0,0,0,0,0,0,0,0,0,0,0,0,0,0,0,-,-,-,-,-
146b0f20138f64e5bcbd1c1e1068294d,2026-02-03 15:46:02,Ondrej TUNKA,Ondrej TUNKA,TUNKA,Ondrej,"TUNKA, Ondrej",2022-07-28,World Championships ,Augsburg,Heats1,MK1,CZE,,32,27,90.22,2,2,92.22,92.22,0,0,0,0,0,0,0,0,0,0,0,0,0,0,0,0,0,0,0,0,0,0,-,-,-,-,-
403b0bd9da5b1004361c764bbf18cba0,2026-02-03 15:46:02,Ondrej TUNKA,Ondrej TUNKA,TUNKA,Ondrej,"TUNKA, Ondrej",2022-06-26,World Cup #3,Tacen,Semi,MK1,CZE,,32,15,86.38,0,0,86.38,86.38,0,0,0,0,0,0,0,0,0,0,0,0,0,0,0,0,0,0,0,0,0,0,-,-,-,-,-
a54de0bc963e83fecc5299e100d93429,2026-02-03 15:46:02,Ondrej TUNKA,Ondrej TUNKA,TUNKA,Ondrej,"TUNKA, Ondrej",2022-06-24,World Cup #3,Tacen,Heats1,MK1,CZE,,32,25,84.03,0,0,84.03,84.03,0,0,0,0,0,0,0,0,0,0,0,0,0,0,0,0,0,0,0,0,0,0,-,-,-,-,-
38d5ee7a7352594f490f5c7bfff2ec77,2026-02-03 15:46:02,Ondrej TUNKA,Ondrej TUNKA,TUNKA,Ondrej,"TUNKA, Ondrej",2022-06-19,World Cup #2,Krakow,Semi,MK1,CZE,,32,5,86.51,0,0,86.51,86.51,0,0,0,0,0,0,0,0,0,0,0,0,0,0,0,0,0,0,0,0,0,0,-,-,-,-,-
1726b4b30f6a0c27cdf241c3695ef529,2026-02-03 15:46:02,Ondrej TUNKA,Ondrej TUNKA,TUNKA,Ondrej,"TUNKA, Ondrej",2022-06-19,World Cup #2,Krakow,Final,MK1,CZE,,32,5,88.98,0,0,88.98,88.98,0,0,0,0,0,0,0,0,0,0,0,0,0,0,0,0,0,0,0,0,0,0,-,-,-,-,-
95a4da90ac737a198266142013c27f60,2026-02-03 15:46:02,Ondrej TUNKA,Ondrej TUNKA,TUNKA,Ondrej,"TUNKA, Ondrej",2022-06-17,World Cup #2,Krakow,Heats1,MK1,CZE,,32,17,91.32,2,2,93.32,93.32,0,0,0,0,0,0,0,0,0,0,0,0,0,0,0,0,0,0,0,0,0,0,-,-,-,-,-
bddbc89b8c69715571f55779722f9a74,2026-02-03 15:46:02,Ondrej TUNKA,Ondrej TUNKA,TUNKA,Ondrej,"TUNKA, Ondrej",2022-06-12,World Cup #1,Prague,Semi,MK1,CZE,,32,22,100.52,2,2,102.52,102.52,0,0,0,0,0,0,0,0,-,-,-,-,-,-,-,-,-,-,-,2,-,-,-,-,-,-,-
fed445b1e6dd33e017f733854968b292,2026-02-03 15:46:02,Ondrej TUNKA,Ondrej TUNKA,TUNKA,Ondrej,"TUNKA, Ondrej",2022-06-10,World Cup #1,Prague,Heats1,MK1,CZE,,32,11,86.99,2,2,88.99,88.99,0,0,0,0,0,0,0,0,-,-,-,-,-,-,-,-,-,-,-,-,-,-,-,-,-,-,-
0f5b7f0ada87d805be4637b424e90f3c,2026-02-03 15:46:02,Ondrej TUNKA,Ondrej TUNKA,TUNKA,Ondrej,"TUNKA, Ondrej",2022-05-29,Euros ,Liptovsky Mikulas,Semi,MK1,CZE,,32,12,101.25,0,0,101.25,101.25,0,0,0,0,0,0,0,0,0,0,0,0,0,0,0,0,0,0,0,0,0,0,-,-,-,-,-
e9b4fff5e89cffec2a628811fa245264,2026-02-03 15:46:02,Ondrej TUNKA,Ondrej TUNKA,TUNKA,Ondrej,"TUNKA, Ondrej",2022-05-29,Euros ,Liptovsky Mikulas,Final,MK1,CZE,,32,5,97.7,2,2,99.7,99.7,0,0,0,0,0,0,0,0,0,0,0,0,0,0,0,0,0,0,0,0,0,0,-,-,-,-,-
f71121971c75c40b2e5609e106d7bf99,2026-02-03 15:46:02,Ondrej TUNKA,Ondrej TUNKA,TUNKA,Ondrej,"TUNKA, Ondrej",2022-05-26,Euros ,Liptovsky Mikulas,Heats1,MK1,CZE,,32,21,92.63,0,0,92.63,92.63,0,0,0,0,0,0,0,0,0,0,0,0,0,0,0,0,0,0,0,0,0,0,-,-,-,-,-
8ed9bc6ec8d55edc1238f35607672dc8,2026-02-03 15:46:02,Ondrej TUNKA,Ondrej TUNKA,TUNKA,Ondrej,"TUNKA, Ondrej",2022-05-26,Euros ,Liptovsky Mikulas,Heats2,MK1,CZE,,32,9,91.85,0,0,91.85,91.85,0,0,0,0,0,0,0,0,0,0,0,0,0,0,0,0,0,0,0,0,0,0,-,-,-,-,-
0c16c5c7713067beb6c62a530e802850,2026-02-03 15:45:53,Ondrej TUNKA,Ondrej TUNKA,TUNKA,Ondrej,"TUNKA, Ondrej",2021-09-12,World Cup ,Pau,Semi,MK1,CZE,,31,13,100.32,0,0,100.32,100.32,0,0,0,0,0,0,0,0,0,0,0,0,0,0,0,0,0,0,0,0,0,0,-,-,-,-,-
a2295978a176eb60735b07395f4916d1,2026-02-03 15:45:53,Ondrej TUNKA,Ondrej TUNKA,TUNKA,Ondrej,"TUNKA, Ondrej",2021-09-10,World Cup ,Pau,Heats1,MK1,CZE,,31,28,98.03,2,2,100.03,100.03,0,0,0,0,0,0,0,0,0,0,0,0,0,0,0,0,0,0,0,0,0,0,-,-,-,-,-
2e3745f4c571bd616c2bf429587a8c85,2026-02-03 15:45:53,Ondrej TUNKA,Ondrej TUNKA,TUNKA,Ondrej,"TUNKA, Ondrej",2021-09-05,World Cup ,La Seu,Semi,MK1,CZE,,31,26,86.6,4,4,90.6,90.6,0,0,0,0,0,0,0,0,0,0,0,0,0,0,0,0,0,0,0,0,0,0,-,-,-,-,-
b1d62ab9daa8f05b4467f103e0a8ba33,2026-02-03 15:45:53,Ondrej TUNKA,Ondrej TUNKA,TUNKA,Ondrej,"TUNKA, Ondrej",2021-09-03,World Cup ,La Seu,Heats1,MK1,CZE,,31,13,90.4,0,0,90.4,90.4,0,0,0,0,0,0,0,0,0,0,0,0,0,0,0,0,0,0,0,0,0,0,-,-,-,-,-
dc629c8f43b875213d25b9f49e915ad4,2026-02-03 15:45:53,Ondrej TUNKA,Ondrej TUNKA,TUNKA,Ondrej,"TUNKA, Ondrej",2021-06-20,World Cup ,Markkleeberg,Semi,MK1,CZE,,31,23,95.44,0,0,95.44,95.44,0,0,0,0,0,0,0,0,0,0,0,0,0,0,0,0,0,0,0,0,0,0,-,-,-,-,-
4571590ac52ef401813886dae64d9011,2026-02-03 15:45:53,Ondrej TUNKA,Ondrej TUNKA,TUNKA,Ondrej,"TUNKA, Ondrej",2021-06-18,World Cup ,Markkleeberg,Heats1,MK1,CZE,,31,14,92.55,4,4,96.55,96.55,0,0,0,0,0,0,0,0,0,0,0,0,0,0,0,0,0,0,0,0,0,0,-,-,-,-,-
0fefd3b498ec04147c4f8e7adf468e8a,2026-02-03 15:45:45,Ondrej TUNKA,Ondrej TUNKA,TUNKA,Ondrej,"TUNKA, Ondrej",2020-02-23,Australian Open ,Penrith,Semi,MK1,CZE,,30,5,91.36,0,0,91.36,91.36,0,0,0,0,0,0,0,0,0,0,0,0,0,0,0,0,0,0,0,0,0,0,0,-,-,-,-
a5c8227f9054b853b4a97e233f356fe0,2026-02-03 15:45:45,Ondrej TUNKA,Ondrej TUNKA,TUNKA,Ondrej,"TUNKA, Ondrej",2020-02-23,Australian Open ,Penrith,Final,MK1,CZE,,30,10,93.24,50,50,143.24,143.24,0,0,0,0,0,0,0,0,0,0,0,0,0,0,0,0,0,0,0,0,0,0,0,-,-,-,-
80e6182d751aa2b1b17da49cf2201e06,2026-02-03 15:45:45,Ondrej TUNKA,Ondrej TUNKA,TUNKA,Ondrej,"TUNKA, Ondrej",2020-02-21,Australian Open ,Penrith,Heats1,MK1,CZE,,30,20,93,0,0,93,93,0,0,0,0,0,0,0,0,0,0,0,0,0,0,0,0,0,0,0,0,0,0,-,-,-,-,-
ce1537625bbbf4c02983152274dce615,2026-02-03 15:45:39,Ondrej TUNKA,Ondrej TUNKA,TUNKA,Ondrej,"TUNKA, Ondrej",2019-10-27,Olympic test event ,Tokyo,Heats1,MK1,CZE,,29,3,95.35,0,0,95.35,95.35,0,0,0,0,0,0,0,0,0,0,0,0,0,0,0,0,0,0,0,0,0,0,0,0,0,-,-
1096429c12b754f393f6d267cebd9dcd,2026-02-03 15:45:39,Ondrej TUNKA,Ondrej TUNKA,TUNKA,Ondrej,"TUNKA, Ondrej",2019-10-27,Olympic test event ,Tokyo,Heats2,MK1,CZE,,29,9,93.92,4,4,97.92,97.92,0,0,0,0,0,0,0,0,0,0,0,0,0,0,0,0,0,0,0,0,0,0,0,0,0,-,-
6ac797026a5133aa7d2dda6c48474bd2,2026-02-03 15:45:39,Ondrej TUNKA,Ondrej TUNKA,TUNKA,Ondrej,"TUNKA, Ondrej",2019-10-27,Olympic test event ,Tokyo,Semi,MK1,CZE,,29,12,94.82,4,4,98.82,98.82,0,0,0,0,0,0,0,0,0,0,0,0,0,0,0,0,0,0,0,0,0,0,0,0,0,-,-
20dbcf613cae234676ace32587a085bf,2026-02-03 15:45:39,Ondrej TUNKA,Ondrej TUNKA,TUNKA,Ondrej,"TUNKA, Ondrej",2019-08-10,Slovak Open ,Bratislava,Heats1,MK1,CZE,,29,16,91.97,2,2,93.97,93.97,0,0,0,0,0,0,0,0,0,0,0,0,0,0,0,0,0,0,0,0,0,-,-,-,-,-,-
2a4cfee4f0f919c0f9442c0236dc97d3,2026-02-03 15:45:39,Ondrej TUNKA,Ondrej TUNKA,TUNKA,Ondrej,"TUNKA, Ondrej",2019-08-10,Slovak Open ,Bratislava,Semi,MK1,CZE,,29,7,98.93,2,2,100.93,100.93,0,0,0,0,0,0,0,0,0,0,0,0,0,0,0,0,0,0,0,0,0,-,-,-,-,-,-
d09541340544c5286a725ad102e3c13d,2026-02-03 15:45:39,Ondrej TUNKA,Ondrej TUNKA,TUNKA,Ondrej,"TUNKA, Ondrej",2019-08-10,Slovak Open ,Bratislava,Final,MK1,CZE,,29,1,97.19,2,2,99.19,99.19,0,0,0,0,0,0,0,0,0,0,0,0,0,0,0,0,0,0,0,0,0,-,-,-,-,-,-
21f74e16537ee94cfddf4e88ded2605e,2026-02-03 15:45:39,Ondrej TUNKA,Ondrej TUNKA,TUNKA,Ondrej,"TUNKA, Ondrej",2019-08-04,ICF World ranking ,Prague,Semi,MK1,CZE,,29,4,92.32,2,2,94.32,94.32,0,0,0,0,0,0,0,0,0,0,0,0,0,0,0,0,0,0,0,0,0,0,0,-,-,-,-
298138c3297031e36b294e968a944aca,2026-02-03 15:45:39,Ondrej TUNKA,Ondrej TUNKA,TUNKA,Ondrej,"TUNKA, Ondrej",2019-08-04,ICF World ranking ,Prague,Final,MK1,CZE,,29,2,90.72,0,0,90.72,90.72,0,0,0,0,0,0,0,0,0,0,0,0,0,0,0,0,0,0,0,0,0,0,0,-,-,-,-
ff7a46eb516458ae5d2a277e27ebeee4,2026-02-03 15:45:39,Ondrej TUNKA,Ondrej TUNKA,TUNKA,Ondrej,"TUNKA, Ondrej",2019-08-03,ICF World ranking ,Prague,Heats1,MK1,CZE,,29,8,81.09,0,0,81.09,81.09,0,0,0,0,0,0,0,0,0,0,0,0,0,0,0,0,0,0,0,0,0,0,0,-,-,-,-
c0aebdbad12baa96b6b9f1abde9b0886,2026-02-03 15:45:39,Ondrej TUNKA,Ondrej TUNKA,TUNKA,Ondrej,"TUNKA, Ondrej",2019-04-07,None,Markkleeberg,Semi,MK1,CZE,,29,9,101.77,2,2,103.77,103.77,0,0,0,0,0,0,0,0,0,0,0,0,0,0,0,0,0,0,0,0,0,0,0,-,-,-,-
e3f85be0a703d59fa1b2f419470c525e,2026-02-03 15:45:39,Ondrej TUNKA,Ondrej TUNKA,TUNKA,Ondrej,"TUNKA, Ondrej",2019-04-07,None,Markkleeberg,Final,MK1,CZE,,29,7,104.21,4,4,108.21,108.21,0,0,0,0,0,0,0,0,0,0,0,0,0,0,0,0,0,0,0,0,0,0,0,-,-,-,-
c229be06a0940fb78692b65687e4bdd5,2026-02-03 15:45:39,Ondrej TUNKA,Ondrej TUNKA,TUNKA,Ondrej,"TUNKA, Ondrej",2019-04-06,None,Markkleeberg,Heats1,MK1,CZE,,29,4,88.42,0,0,88.42,88.42,0,0,0,0,0,0,0,0,0,0,0,0,0,0,0,0,0,0,0,0,0,0,-,-,-,-,-
68e72c0a5068c6ab22957e1fd2d95d16,2026-02-03 15:45:39,Ondrej TUNKA,Ondrej TUNKA,TUNKA,Ondrej,"TUNKA, Ondrej",2019-02-24,None,Penrith,Semi,MK1,CZE,,29,13,105.4,0,0,None,,0,0,0,0,0,0,0,0,0,0,0,0,0,0,0,0,0,0,0,0,0,0,-,-,-,-,-
38d1ab11252eaa4b97bcb82667c8d65c,2026-02-03 15:45:39,Ondrej TUNKA,Ondrej TUNKA,TUNKA,Ondrej,"TUNKA, Ondrej",2019-02-22,None,Penrith,Heats1,MK1,CZE,,29,16,99.52,4,4,None,,0,0,0,0,0,0,0,0,0,0,0,0,0,0,0,0,0,0,0,0,0,0,-,-,-,-,-
80b9c09e400e8742da10164190f53c35,2026-02-03 15:45:39,Ondrej TUNKA,Ondrej TUNKA,TUNKA,Ondrej,"TUNKA, Ondrej",2019-02-17,None,Penrith,Semi,MK1,CZE,,29,3,88.74,0,0,None,,0,0,0,0,0,0,0,0,0,0,0,0,0,0,0,0,0,0,0,0,-,-,-,-,-,-,-
1032c861650740c772d233c13aa275b1,2026-02-03 15:45:39,Ondrej TUNKA,Ondrej TUNKA,TUNKA,Ondrej,"TUNKA, Ondrej",2019-02-17,None,Penrith,Final,MK1,CZE,,29,5,89.03,0,0,None,,0,0,0,0,0,0,0,0,0,0,0,0,0,0,0,0,0,0,0,0,-,-,-,-,-,-,-
230d88e210fa78ef2415c088e5da2c44,2026-02-03 15:45:39,Ondrej TUNKA,Ondrej TUNKA,TUNKA,Ondrej,"TUNKA, Ondrej",2019-02-15,None,Penrith,Heats1,MK1,CZE,,29,4,93.97,0,0,None,,0,0,0,0,0,0,0,0,0,0,0,0,0,0,0,0,0,0,0,0,-,-,-,-,-,-,-
f9aadd0a407a169aeef940f868cea77c,2026-02-03 15:45:29,Ondrej TUNKA,Ondrej TUNKA,TUNKA,Ondrej,"TUNKA, Ondrej",2018-09-30,None,"Deodoro, Rio",Semi,MK1,CZE,,28,4,92.21,0,0,None,,0,0,0,0,0,0,0,0,0,0,0,0,0,0,0,0,0,0,0,0,0,0,0,0,-,-,-
f6a7fcc8971baa6225048f5f0ac25183,2026-02-03 15:45:29,Ondrej TUNKA,Ondrej TUNKA,TUNKA,Ondrej,"TUNKA, Ondrej",2018-09-30,None,"Deodoro, Rio",Final,MK1,CZE,,28,6,93.8,0,0,None,,0,0,0,0,0,0,0,0,0,0,0,0,0,0,0,0,0,0,0,0,0,0,0,0,-,-,-
a3ff318d0bf6917a58dfc170bdf2c741,2026-02-03 15:45:29,Ondrej TUNKA,Ondrej TUNKA,TUNKA,Ondrej,"TUNKA, Ondrej",2018-09-28,None,"Deodoro, Rio",Heats1,MK1,CZE,,28,1,84.87,0,0,None,,0,0,0,0,0,0,0,0,0,0,0,0,0,0,0,0,0,0,0,0,0,0,0,0,-,-,-
27d79064f84a91072f0abfc8f7549d8e,2026-02-03 15:45:29,Ondrej TUNKA,Ondrej TUNKA,TUNKA,Ondrej,"TUNKA, Ondrej",2018-09-07,None,La Seu,Heats1,MK1,CZE,,28,38,99.93,2,2,None,,0,0,0,0,0,0,0,0,0,0,0,0,0,0,0,0,0,0,0,0,0,0,0,-,-,-,-
2ecbe5d17b1e2002155aa6354c6a5808,2026-02-03 15:45:29,Ondrej TUNKA,Ondrej TUNKA,TUNKA,Ondrej,"TUNKA, Ondrej",2018-09-07,None,La Seu,Heats2,MK1,CZE,,28,12,96.77,2,2,None,,0,0,0,0,0,0,0,0,0,0,0,0,0,0,0,0,0,0,0,0,0,0,0,-,-,-,-
333b803daa808207edd26d2696772346,2026-02-03 15:45:29,Ondrej TUNKA,Ondrej TUNKA,TUNKA,Ondrej,"TUNKA, Ondrej",2018-08-31,None,Tacen,Heats1,MK1,CZE,,28,28,88.22,0,0,None,,0,0,0,0,0,0,0,0,0,0,0,0,0,0,0,0,0,0,0,0,0,-,-,-,-,-,-
e261dfef69c3c09915599376fbc8e789,2026-02-03 15:45:29,Ondrej TUNKA,Ondrej TUNKA,TUNKA,Ondrej,"TUNKA, Ondrej",2018-07-08,None,Augsburg,Semi,MK1,CZE,,28,17,100.16,0,0,None,,0,0,0,0,0,0,0,0,0,0,0,0,0,0,0,0,0,0,0,0,0,0,0,0,-,-,-
969336b1745b9caa5734961638bfc542,2026-02-03 15:45:29,Ondrej TUNKA,Ondrej TUNKA,TUNKA,Ondrej,"TUNKA, Ondrej",2018-07-06,None,Augsburg,Heats1,MK1,CZE,,28,26,98.76,2,2,None,,0,0,0,0,0,0,0,0,0,0,0,0,0,0,0,0,0,0,0,0,0,0,0,0,-,-,-
4826925efbbe3335c1d31d89664a185a,2026-02-03 15:45:29,Ondrej TUNKA,Ondrej TUNKA,TUNKA,Ondrej,"TUNKA, Ondrej",2018-07-01,None,Krakow,Semi,MK1,CZE,,28,14,82.29,0,0,None,,0,0,0,0,0,0,0,0,0,0,0,0,0,0,0,0,0,0,0,0,0,0,-,-,-,-,-
ae79a60208feb765d367bcb23594e7dc,2026-02-03 15:45:29,Ondrej TUNKA,Ondrej TUNKA,TUNKA,Ondrej,"TUNKA, Ondrej",2018-06-29,None,Krakow,Heats1,MK1,CZE,,28,5,79.47,0,0,None,,0,0,0,0,0,0,0,0,0,0,0,0,0,0,0,0,0,0,0,0,0,0,-,-,-,-,-
10a38c93dad1f68b35568fcfb0af4287,2026-02-03 15:45:29,Ondrej TUNKA,Ondrej TUNKA,TUNKA,Ondrej,"TUNKA, Ondrej",2018-06-24,None,Liptovsky Mikulas,Semi,MK1,CZE,,28,31,103.72,0,0,None,,0,0,0,0,0,0,0,0,0,0,0,0,0,0,0,0,0,0,0,0,0,0,0,-,-,-,-
48a96e21f8834ec2b6dbfa6300e6444d,2026-02-03 15:45:29,Ondrej TUNKA,Ondrej TUNKA,TUNKA,Ondrej,"TUNKA, Ondrej",2018-06-22,None,Liptovsky Mikulas,Heats1,MK1,CZE,,28,2,93.77,0,0,None,,0,0,0,0,0,0,0,0,0,0,0,0,0,0,0,0,0,0,0,0,0,0,0,-,-,-,-
75d53ad976fa4f2a3791b8b0e6c59dab,2026-02-03 15:45:29,Ondrej TUNKA,Ondrej TUNKA,TUNKA,Ondrej,"TUNKA, Ondrej",2018-06-03,None,Prague,Semi,MK1,CZE,,28,21,107.69,2,2,None,,0,0,0,0,0,0,0,0,0,0,0,0,0,0,0,0,0,0,0,0,0,0,0,0,-,-,-
95736b33a0805f3c790cff124847778b,2026-02-03 15:45:29,Ondrej TUNKA,Ondrej TUNKA,TUNKA,Ondrej,"TUNKA, Ondrej",2018-06-01,None,Prague,Heats2,MK1,CZE,,28,1,87.4,0,0,None,,0,0,0,0,0,0,0,0,0,0,0,0,0,0,0,0,0,0,0,0,0,0,0,0,-,-,-
181f8bb09ea81c138f55ffcb0f82f7d1,2026-02-03 15:45:29,Ondrej TUNKA,Ondrej TUNKA,TUNKA,Ondrej,"TUNKA, Ondrej",2018-06-01,None,Prague,Heats1,MK1,CZE,,28,22,88.64,2,2,None,,0,0,0,0,0,0,0,0,0,0,0,0,0,0,0,0,0,0,0,0,0,0,0,0,-,-,-
77622a73b45b155772e0304eaaf1f7a8,2026-02-03 15:45:22,Ondrej TUNKA,Ondrej TUNKA,TUNKA,Ondrej,"TUNKA, Ondrej",2017-10-27,None,Pau,Heats1,MK1,CZE,,27,34,81.53,2,2,None,,0,0,0,0,0,0,0,0,0,0,0,0,0,0,0,0,0,0,0,0,0,0,0,-,-,-,-
30d380b8fa1962e5024f0d5c6aeb9354,2026-02-03 15:45:22,Ondrej TUNKA,Ondrej TUNKA,TUNKA,Ondrej,"TUNKA, Ondrej",2017-10-27,None,Pau,Heats2,MK1,CZE,,27,7,80.78,0,0,None,,0,0,0,0,0,0,0,0,0,0,0,0,0,0,0,0,0,0,0,0,0,0,0,-,-,-,-
43760410d4ff9401ec6876e59d5b5ce5,2026-02-03 15:45:22,Ondrej TUNKA,Ondrej TUNKA,TUNKA,Ondrej,"TUNKA, Ondrej",2017-10-01,None,Pau,Semi,MK1,CZE,,27,9,93.13,2,2,None,,0,0,0,0,0,0,0,0,0,0,0,0,0,0,0,0,0,0,0,0,0,0,0,-,-,-,-
cb34f3fee2e20799e3291a5bd81fa8d1,2026-02-03 15:45:22,Ondrej TUNKA,Ondrej TUNKA,TUNKA,Ondrej,"TUNKA, Ondrej",2017-10-01,None,Pau,Final,MK1,CZE,,27,1,91.84,0,0,None,,0,0,0,0,0,0,0,0,0,0,0,0,0,0,0,0,0,0,0,0,0,0,0,-,-,-,-
aff5e0260b38b93404302f2b340f3987,2026-02-03 15:45:22,Ondrej TUNKA,Ondrej TUNKA,TUNKA,Ondrej,"TUNKA, Ondrej",2017-09-10,None,La Seu,Semi,MK1,CZE,,27,11,92.13,0,0,None,,0,0,0,0,0,0,0,0,0,0,0,0,0,0,0,0,0,0,0,0,0,0,0,0,-,-,-
d72169121e06cee1eaadc01ea79c6117,2026-02-03 15:45:22,Ondrej TUNKA,Ondrej TUNKA,TUNKA,Ondrej,"TUNKA, Ondrej",2017-09-08,None,La Seu,Heats1,MK1,CZE,,27,20,95.86,0,0,None,,0,0,0,0,0,0,0,0,0,0,0,0,0,0,0,0,0,0,0,0,0,0,0,0,-,-,-
b58da7a4c0fe18b50542646302656238,2026-02-03 15:45:22,Ondrej TUNKA,Ondrej TUNKA,TUNKA,Ondrej,"TUNKA, Ondrej",2017-07-02,None,Markkleeberg,Semi,MK1,CZE,,27,25,98.5,4,4,None,,0,0,0,0,0,0,0,0,0,0,0,0,0,0,0,0,0,0,0,0,0,0,0,-,-,-,-
c1b030f4935cde664d9449845af2bc58,2026-02-03 15:45:22,Ondrej TUNKA,Ondrej TUNKA,TUNKA,Ondrej,"TUNKA, Ondrej",2017-06-30,None,Markkleeberg,Heats1,MK1,CZE,,27,31,95.56,0,0,None,,0,0,0,0,0,0,0,0,0,0,0,0,0,0,0,0,0,0,0,0,0,0,0,-,-,-,-
2719cca9a9f3991cd1d46b0d8626aa5c,2026-02-03 15:45:22,Ondrej TUNKA,Ondrej TUNKA,TUNKA,Ondrej,"TUNKA, Ondrej",2017-06-30,None,Markkleeberg,Heats2,MK1,CZE,,27,5,94.09,0,0,None,,0,0,0,0,0,0,0,0,0,0,0,0,0,0,0,0,0,0,0,0,0,0,0,-,-,-,-
ea2722ce63a79d7680fbc25cf0b0a4bd,2026-02-03 15:45:22,Ondrej TUNKA,Ondrej TUNKA,TUNKA,Ondrej,"TUNKA, Ondrej",2017-06-25,None,Augsburg,Semi,MK1,CZE,,27,8,99.09,0,0,None,,0,0,0,0,0,0,0,0,0,0,0,0,0,0,0,0,0,0,0,0,0,0,0,0,-,-,-
883fbbb223e7f3f59b92909cd4d28b60,2026-02-03 15:45:22,Ondrej TUNKA,Ondrej TUNKA,TUNKA,Ondrej,"TUNKA, Ondrej",2017-06-25,None,Augsburg,Final,MK1,CZE,,27,9,104.04,108,108,None,,0,0,0,0,0,0,0,0,0,0,0,0,0,0,0,0,0,0,0,0,0,0,0,0,-,-,-
36410b1e85b1a23be2350c9f5d1329bd,2026-02-03 15:45:22,Ondrej TUNKA,Ondrej TUNKA,TUNKA,Ondrej,"TUNKA, Ondrej",2017-06-23,None,Augsburg,Heats1,MK1,CZE,,27,5,94.61,0,0,None,,0,0,0,0,0,0,0,0,0,0,0,0,0,0,0,0,0,0,0,0,0,0,0,0,-,-,-
9147d55d5215683b7a5ddeba1baae836,2026-02-03 15:45:22,Ondrej TUNKA,Ondrej TUNKA,TUNKA,Ondrej,"TUNKA, Ondrej",2017-06-18,None,Prague,Final,MK1,CZE,,27,7,91.83,50,50,None,,0,0,0,0,0,0,0,0,0,0,0,0,0,0,0,0,0,0,0,0,0,0,0,0,0,-,-
4f0bcbb1a9075643526393a0f0fdf132,2026-02-03 15:45:22,Ondrej TUNKA,Ondrej TUNKA,TUNKA,Ondrej,"TUNKA, Ondrej",2017-06-18,None,Prague,Semi,MK1,CZE,,27,2,89.69,0,0,None,,0,0,0,0,0,0,0,0,0,0,0,0,0,0,0,0,0,0,0,0,0,0,0,0,0,-,-
8f7ecffc2f717bfc784cf1065c694222,2026-02-03 15:45:22,Ondrej TUNKA,Ondrej TUNKA,TUNKA,Ondrej,"TUNKA, Ondrej",2017-06-16,None,Prague,Heats1,MK1,CZE,,27,6,79.76,0,0,None,,0,0,0,0,0,0,0,0,0,0,0,0,0,0,0,0,0,0,0,0,0,0,0,0,0,-,-
8348d961c318fce30708f13891c06e42,2026-02-03 15:45:22,Ondrej TUNKA,Ondrej TUNKA,TUNKA,Ondrej,"TUNKA, Ondrej",2017-06-04,None,Tacen,Semi,MK1,CZE,,27,16,88.43,0,0,None,,0,0,0,0,0,0,0,0,0,0,0,0,0,0,0,0,0,0,0,0,0,0,0,0,-,-,-
4b52f620651605fb1fa5a3f2891173fe,2026-02-03 15:45:22,Ondrej TUNKA,Ondrej TUNKA,TUNKA,Ondrej,"TUNKA, Ondrej",2017-06-01,None,Tacen,Heats1,MK1,CZE,,27,11,92.13,4,4,None,,0,0,0,0,0,0,0,0,0,0,0,0,0,0,0,0,0,0,0,0,0,0,0,0,-,-,-
bc7162bb33abd3a55b245239d4fc334e,2026-02-03 15:45:15,Ondrej TUNKA,Ondrej TUNKA,TUNKA,Ondrej,"TUNKA, Ondrej",2016-06-05,World Cup ,Ivrea,Semi,MK1,CZE,,26,7,91.02,0,0,91.02,91.02,0,0,0,0,0,0,0,0,0,0,0,0,0,0,0,0,0,0,0,0,0,0,0,0,-,-,-
f43a5d1f46eeb0ec3a4cf4dc170edbe5,2026-02-03 15:45:15,Ondrej TUNKA,Ondrej TUNKA,TUNKA,Ondrej,"TUNKA, Ondrej",2016-06-05,World Cup ,Ivrea,Final,MK1,CZE,,26,10,98.29,52,52,150.29,150.29,0,0,0,0,0,0,0,0,0,0,0,0,0,0,0,0,0,0,0,0,0,0,0,0,-,-,-
858499e2e27561c1e9828216b05c38a7,2026-02-03 15:45:15,Ondrej TUNKA,Ondrej TUNKA,TUNKA,Ondrej,"TUNKA, Ondrej",2016-06-03,World Cup ,Ivrea,Heats1,MK1,CZE,,26,6,87.02,2,2,89.02,89.02,0,0,0,0,0,0,0,0,0,0,0,0,0,0,0,0,0,0,0,0,0,0,0,-,-,-,-
984205aea7e7f4228f56c970c69feb8c,2026-02-03 15:45:09,Ondrej TUNKA,Ondrej TUNKA,TUNKA,Ondrej,"TUNKA, Ondrej",2015-09-20,World Championships ,Lee Valley,Semi,MK1,CZE,,25,1,89.28,0,0,89.28,89.28,0,0,0,0,0,0,0,0,0,0,0,0,0,0,0,0,0,0,0,0,0,0,-,-,-,-,-
928e3c4ab52920c61e5ec16bc2dbb6ad,2026-02-03 15:45:09,Ondrej TUNKA,Ondrej TUNKA,TUNKA,Ondrej,"TUNKA, Ondrej",2015-09-20,World Championships ,Lee Valley,Final,MK1,CZE,,25,9,95.69,50,50,145.69,145.69,0,0,0,0,0,0,0,0,0,0,0,0,0,0,0,0,0,0,0,0,0,0,-,-,-,-,-
720b585f741ff747159ed82e68669ef9,2026-02-03 15:45:09,Ondrej TUNKA,Ondrej TUNKA,TUNKA,Ondrej,"TUNKA, Ondrej",2015-09-18,World Championships ,Lee Valley,Heats1,MK1,CZE,,25,22,84.73,0,0,84.73,84.73,0,0,0,0,0,0,0,0,0,0,0,0,0,0,0,0,0,0,0,0,0,0,-,-,-,-,-
82c4f9aa4ee5eba39462fdb95b7b5cbe,2026-09-25 13:23:16,Jiri PRSKAVEC,Jiri PRSKAVEC,PRSKAVEC,Jiri,"PRSKAVEC, Jiri",2012-02-15,Australian Open,Penrith,Heats1,MK1,CZE,,19,6,98.91,0,0,98.91,98.91,,,,,,,,,,,,,,,,,,,,,,,,,,,
ea7c364cf740c755a366c064fa6bddee,2026-09-25 13:23:16,Peter KAUZER,Peter KAUZER,KAUZER,Peter,"KAUZER, Peter",2012-02-15,Australian Open,Penrith,Heats1,MK1,SLO,,29,8,99.83,0,0,99.83,99.83,,,,,,,,,,,,,,,,,,,,,,,,,,,
0cd2683570ab39e8978d82ddb8c54325,2026-09-25 13:23:16,Boris NEVEU,Boris NEVEU,NEVEU,Boris,"NEVEU, Boris",2012-02-15,Australian Open,Penrith,Heats1,MK1,FRA,,26,15,99.69,2,2,101.69,101.69,,,,,,,,,,,,,,,,,,,,,,,,,,,
472c4bfab6c213d06a70d44a0af8d325,2026-09-25 13:23:16,Hannes AIGNER,Hannes AIGNER,AIGNER,Hannes,"AIGNER, Hannes",2012-02-15,Australian Open,Penrith,Heats1,MK1,GER,,23,35,102.56,2,2,104.56,104.56,,,,,,,,,,,,,,,,,,,,,,,,,,,
5c0e98aefce830f6de2ffea2bbee9380,2026-09-25 13:23:16,Giovanni DE GENNARO,Giovanni DE GENNARO,GENNARO,Giovanni DE,"GENNARO, Giovanni DE",2012-02-15,Australian Open,Penrith,Heats1,MK1,ITA,,20,39,101.26,4,4,105.26,105.26,,,,,,,,,,,,,,,,,,,,,,,,,,,
2778ccea9da0a82643d5037781600595,2026-09-25 13:23:16,Boris NEVEU,Boris NEVEU,NEVEU,Boris,"NEVEU, Boris",2012-02-15,Australian Open,Penrith,Heats2,MK1,FRA,,26,4,98.51,0,0,98.51,98.51,,,,,,,,,,,,,,,,,,,,,,,,,,,
bb514e7a282905a515889a9cc77958d7,2026-09-25 13:23:16,Jiri PRSKAVEC,Jiri PRSKAVEC,PRSKAVEC,Jiri,"PRSKAVEC, Jiri",2012-02-15,Australian Open,Penrith,Heats2,MK1,CZE,,19,6,98.85,0,0,98.85,98.85,,,,,,,,,,,,,,,,,,,,,,,,,,,
94529af9ceb328c06a920c05d224596f,2026-09-25 13:23:16,Hannes AIGNER,Hannes AIGNER,AIGNER,Hannes,"AIGNER, Hannes",2012-02-15,Australian Open,Penrith,Heats2,MK1,GER,,23,9,100.17,0,0,100.17,100.17,,,,,,,,,,,,,,,,,,,,,,,,,,,
d31fc07bfb341021e7b6675dbfa52c8b,2026-09-25 13:23:16,Peter KAUZER,Peter KAUZER,KAUZER,Peter,"KAUZER, Peter",2012-02-15,Australian Open,Penrith,Heats2,MK1,SLO,,29,14,98.57,2,2,100.57,100.57,,,,,,,,,,,,,,,,,,,,,,,,,,,
00bdadb7aefd241e46c7aa138da2fb3e,2026-09-25 13:23:16,Giovanni DE GENNARO,Giovanni DE GENNARO,GENNARO,Giovanni DE,"GENNARO, Giovanni DE",2012-02-15,Australian Open,Penrith,Heats2,MK1,ITA,,20,25,99.99,2,2,101.99,101.99,,,,,,,,,,,,,,,,,,,,,,,,,,,
b6c9ecfb1eb9d4565100fdd9f1ab4557,2026-09-25 13:23:16,Boris NEVEU,Boris NEVEU,NEVEU,Boris,"NEVEU, Boris",2012-02-15,Australian Open,Penrith,Semi,MK1,FRA,,26,1,98.55,0,0,98.55,98.55,,,,,,,,,,,,,,,,,,,,,,,,,,,
d2dd2c9becb7ee4c965f93d4a43ebf6d,2026-09-25 13:23:16,Hannes AIGNER,Hannes AIGNER,AIGNER,Hannes,"AIGNER, Hannes",2012-02-15,Australian Open,Penrith,Semi,MK1,GER,,23,6,100.95,0,0,100.95,100.95,,,,,,,,,,,,,,,,,,,,,,,,,,,
289dab228ef86470d6d57c2bb997e936,2026-09-25 13:23:16,Peter KAUZER,Peter KAUZER,KAUZER,Peter,"KAUZER, Peter",2012-02-15,Australian Open,Penrith,Semi,MK1,SLO,,29,10,97.61,4,4,101.61,101.61,,,,,,,,,,,,,,,,,,,,,,,,,,,
92d0ade17d316efdba2a8d27b2f9cb49,2026-09-25 13:23:16,Jiri PRSKAVEC,Jiri PRSKAVEC,PRSKAVEC,Jiri,"PRSKAVEC, Jiri",2012-02-15,Australian Open,Penrith,Semi,MK1,CZE,,19,21,101.2,2,2,103.2,103.2,,,,,,,,,,,,,,,,,,,,,,,,,,,
2ca841dbe3c0b9bb694db0ea3dc910d7,2026-09-25 13:23:16,Giovanni DE GENNARO,Giovanni DE GENNARO,GENNARO,Giovanni DE,"GENNARO, Giovanni DE",2012-02-15,Australian Open,Penrith,Semi,MK1,ITA,,20,36,101.48,6,6,107.48,107.48,,,,,,,,,,,,,,,,,,,,,,,,,,,
7c8602543b74998eb89b903146327ec5,2026-09-25 13:23:16,Peter KAUZER,Peter KAUZER,KAUZER,Peter,"KAUZER, Peter",2012-02-15,Australian Open,Penrith,Final,MK1,SLO,,29,2,97.91,0,0,97.91,97.91,,,,,,,,,,,,,,,,,,,,,,,,,,,
f6fb4f3c822c7bf8c73ba4ed11cec6f3,2026-09-25 13:23:16,Hannes AIGNER,Hannes AIGNER,AIGNER,Hannes,"AIGNER, Hannes",2012-02-15,Australian Open,Penrith,Final,MK1,GER,,23,4,99.1,0,0,99.1,99.1,,,,,,,,,,,,,,,,,,,,,,,,,,,
76983eea1fb5a061453a6da70e9be7da,2026-09-25 13:23:16,Boris NEVEU,Boris NEVEU,NEVEU,Boris,"NEVEU, Boris",2012-02-15,Australian Open,Penrith,Final,MK1,FRA,,26,5,99.39,0,0,99.39,99.39,,,,,,,,,,,,,,,,,,,,,,,,,,,
62fe2bca07ff4c09343e2f1508ac17a7,2026-09-25 13:23:16,Giovanni DE GENNARO,Giovanni DE GENNARO,GENNARO,Giovanni DE,"GENNARO, Giovanni DE",2012-01-28,Oceania,Penrith,Heats1,MK1,ITA,,20,58,96.25,4,4,100.25,100.25,,,,,,,,,,,,,,,,,,,,,,,,,,,
9491ebd49cce537c889d28b881a73661,2026-09-25 13:23:16,Giovanni DE GENNARO,Giovanni DE GENNARO,GENNARO,Giovanni DE,"GENNARO, Giovanni DE",2012-01-28,Oceania,Penrith,Semi-Final B,MK1,ITA,,20,18,93.86,54,54,147.86,147.86,,,,,,,,,,,,,,,,,,,,,,,,,,,
9fc9fb00492966cc94e7d16b5b70d37b,2026-09-25 13:23:16,Jiri PRSKAVEC,Jiri PRSKAVEC,PRSKAVEC,Jiri,"PRSKAVEC, Jiri",2012-01-28,Oceania,Penrith,Semi,MK1,CZE,,19,29,92.73,50,50,142.73,142.73,,,,,,,,,,,,,,,,,,,,,,,,,,,
62de6a8ee64b61ba1f4a432176ca0811,2026-09-25 13:23:16,Peter KAUZER,Peter KAUZER,KAUZER,Peter,"KAUZER, Peter",2012-01-28,Oceania,Penrith,Semi,MK1,SLO,,29,32,88.42,56,56,144.42,144.42,,,,,,,,,,,,,,,,,,,,,,,,,,,
f7212c7182eb1372f7541323eefd1965,2026-09-25 13:23:16,Boris NEVEU,Boris NEVEU,NEVEU,Boris,"NEVEU, Boris",2012-01-28,Oceania,Penrith,Semi,MK1,FRA,,26,34,93.94,52,52,145.94,145.94,,,,,,,,,,,,,,,,,,,,,,,,,,,
cbb366bd45e4b9bf8b31812db971e7aa,2026-09-25 13:23:16,Ondrej TUNKA,Ondrej TUNKA,TUNKA,Ondrej,"TUNKA, Ondrej",2012-01-28,Oceania,Penrith,Semi,MK1,CZE,,22,39,98.88,54,54,152.88,152.88,,,,,,,,,,,,,,,,,,,,,,,,,,,
3c19303fa1d22387257368135ed7124c,2026-09-25 13:23:16,Hannes AIGNER,Hannes AIGNER,AIGNER,Hannes,"AIGNER, Hannes",2012-01-28,Oceania,Penrith,Final,MK1,GER,,23,10,103.58,4,4,107.58,107.58,,,,,,,,,,,,,,,,,,,,,,,,,,,
cca1d4ba338da7becd230fb80c08787b,2026-09-25 13:23:16,Vit PRINDIS,Vit PRINDIS,PRINDIS,Vit,"PRINDIS, Vit",2012-01-28,Oceania,Penrith,Final,MK1,CZE,,23,12,93.47,100,100,193.47,193.47,,,,,,,,,,,,,,,,,,,,,,,,,,,
a1f942d94c5fceb407e18fcc602aa6ec,2026-09-25 13:23:16,Jiri PRSKAVEC,Jiri PRSKAVEC,PRSKAVEC,Jiri,"PRSKAVEC, Jiri",2013-02-15,Australian Open,Penrith,Heats1,MK1,CZE,,20,4,86.34,0,0,86.34,86.34,,,,,,,,,,,,,,,,,,,,,,,,,,,
b88e27aa3e7d8921b3dbb3ca3ea67fc4,2026-09-25 13:23:16,Hannes AIGNER,Hannes AIGNER,AIGNER,Hannes,"AIGNER, Hannes",2013-02-15,Australian Open,Penrith,Heats1,MK1,GER,,24,9,88.91,0,0,88.91,88.91,,,,,,,,,,,,,,,,,,,,,,,,,,,
ce3dd1c98481f231173506c1327cf983,2026-09-25 13:23:16,Jiri PRSKAVEC,Jiri PRSKAVEC,PRSKAVEC,Jiri,"PRSKAVEC, Jiri",2013-02-15,Australian Open,Penrith,Heats2,MK1,CZE,,20,1,83.46,0,0,83.46,83.46,,,,,,,,,,,,,,,,,,,,,,,,,,,
f845f2dd009a9a89696a5efd20c3536b,2026-09-25 13:23:16,Hannes AIGNER,Hannes AIGNER,AIGNER,Hannes,"AIGNER, Hannes",2013-02-15,Australian Open,Penrith,Heats2,MK1,GER,,24,9,86.5,2,2,88.5,88.5,,,,,,,,,,,,,,,,,,,,,,,,,,,
ba37eac5d0e42ce7e9ac836cf0f2c0a3,2026-09-25 13:23:16,Jiri PRSKAVEC,Jiri PRSKAVEC,PRSKAVEC,Jiri,"PRSKAVEC, Jiri",2013-02-15,Australian Open,Penrith,Semi,MK1,CZE,,20,1,86.11,0,0,86.11,86.11,,,,,,,,,,,,,,,,,,,,,,,,,,,
a9c76ce00d4cfe97c716b464b8a9d1ae,2026-09-25 13:23:16,Hannes AIGNER,Hannes AIGNER,AIGNER,Hannes,"AIGNER, Hannes",2013-02-15,Australian Open,Penrith,Semi,MK1,GER,,24,13,92.54,0,0,92.54,92.54,,,,,,,,,,,,,,,,,,,,,,,,,,,
8ca605d21a3bc397d50d37a93594c1a7,2026-09-25 13:23:16,Jiri PRSKAVEC,Jiri PRSKAVEC,PRSKAVEC,Jiri,"PRSKAVEC, Jiri",2013-02-15,Australian Open,Penrith,Final,MK1,CZE,,20,1,84.95,0,0,84.95,84.95,,,,,,,,,,,,,,,,,,,,,,,,,,,
ac82d95f8ec2ec4b645891ea6015a077,2026-09-25 13:23:16,Jiri PRSKAVEC,Jiri PRSKAVEC,PRSKAVEC,Jiri,"PRSKAVEC, Jiri",2015-02-15,Australian Open,Penrith,Heats1,MK1,CZE,,22,8,,,,85.32,85.32,,,,,,,,,,,,,,,,,,,,,,,,,,,
eac4038fdbd56740449f687097634040,2026-09-25 13:23:16,Hannes AIGNER,Hannes AIGNER,AIGNER,Hannes,"AIGNER, Hannes",2015-02-15,Australian Open,Penrith,Heats1,MK1,GER,,26,11,,,,87.43,87.43,,,,,,,,,,,,,,,,,,,,,,,,,,,
2e3301ad785f808b7e9a5289c2454d70,2026-09-25 13:23:16,Hannes AIGNER,Hannes AIGNER,AIGNER,Hannes,"AIGNER, Hannes",2015-02-15,Australian Open,Penrith,Semi,MK1,GER,,26,3,,,,89.82,89.82,,,,,,,,,,,,,,,,,,,,,,,,,,,
4def01b1016f95cef3e3ee2781384f41,2026-09-25 13:23:16,Jiri PRSKAVEC,Jiri PRSKAVEC,PRSKAVEC,Jiri,"PRSKAVEC, Jiri",2015-02-15,Australian Open,Penrith,Semi,MK1,CZE,,22,7,,,,91.1,91.1,,,,,,,,,,,,,,,,,,,,,,,,,,,
74a6600044c2710fae58f04d4428488b,2026-09-25 13:23:16,Jiri PRSKAVEC,Jiri PRSKAVEC,PRSKAVEC,Jiri,"PRSKAVEC, Jiri",2015-02-15,Australian Open,Penrith,Final,MK1,CZE,,22,2,,,,89.14,89.14,,,,,,,,,,,,,,,,,,,,,,,,,,,
ac250407e9bd70886aae9ea8d071d4d9,2026-09-25 13:23:16,Hannes AIGNER,Hannes AIGNER,AIGNER,Hannes,"AIGNER, Hannes",2015-02-15,Australian Open,Penrith,Final,MK1,GER,,26,5,,,,91.95,91.95,,,,,,,,,,,,,,,,,,,,,,,,,,,
3bbac723a6be243a7c8b3eca1ea692d1,2026-09-25 13:23:16,Jakub GRIGAR,Jakub GRIGAR,GRIGAR,Jakub,"GRIGAR, Jakub",2016-02-15,Australian Open,Penrith,Heats1,MK1,SVK,,19,4,84.83,2,2,86.83,86.83,,,,,,,,,,,,,,,,,,,,,,,,,,,
7f4286795a7b370b449f761a68767f79,2026-09-25 13:23:16,Vit PRINDIS,Vit PRINDIS,PRINDIS,Vit,"PRINDIS, Vit",2016-02-15,Australian Open,Penrith,Heats1,MK1,CZE,,27,5,87.64,0,0,87.64,87.64,,,,,,,,,,,,,,,,,,,,,,,,,,,
2546f5e4697aad626be447b126af5056,2026-09-25 13:23:16,Peter KAUZER,Peter KAUZER,KAUZER,Peter,"KAUZER, Peter",2016-02-15,Australian Open,Penrith,Heats1,MK1,SLO,,33,8,88.52,0,0,88.52,88.52,,,,,,,,,,,,,,,,,,,,,,,,,,,
0278bc0b76b2c684fb5be42fc92a23d3,2026-09-25 13:23:16,Jiri PRSKAVEC,Jiri PRSKAVEC,PRSKAVEC,Jiri,"PRSKAVEC, Jiri",2016-02-15,Australian Open,Penrith,Heats1,MK1,CZE,,23,11,88.69,0,0,88.69,88.69,,,,,,,,,,,,,,,,,,,,,,,,,,,
91165ea63f2b62dd9bdec20c1c7d0124,2026-09-25 13:23:16,Hannes AIGNER,Hannes AIGNER,AIGNER,Hannes,"AIGNER, Hannes",2016-02-15,Australian Open,Penrith,Heats1,MK1,GER,,27,14,89.36,0,0,89.36,89.36,,,,,,,,,,,,,,,,,,,,,,,,,,,
6a00ef165284e501e2f1a6087b4b8f94,2026-09-25 13:23:16,Ondrej TUNKA,Ondrej TUNKA,TUNKA,Ondrej,"TUNKA, Ondrej",2016-02-15,Australian Open,Penrith,Heats1,MK1,CZE,,26,16,89.75,0,0,89.75,89.75,,,,,,,,,,,,,,,,,,,,,,,,,,,
301fa3472a984fced474c8192afbca43,2026-09-25 13:23:16,Pavel EIGEL,Pavel EIGEL,EIGEL,Pavel,"EIGEL, Pavel",2016-02-15,Australian Open,Penrith,Heats1,MK1,UZB,,26,19,88.81,2,2,90.81,90.81,,,,,,,,,,,,,,,,,,,,,,,,,,,
34f2bb75b223c0cf5ff9e6fba59a4042,2026-09-25 13:23:16,Giovanni DE GENNARO,Giovanni DE GENNARO,GENNARO,Giovanni DE,"GENNARO, Giovanni DE",2016-02-15,Australian Open,Penrith,Heats1,MK1,ITA,,24,30,91.76,2,2,93.76,93.76,,,,,,,,,,,,,,,,,,,,,,,,,,,
60d9804ca504e0f2f07e1e32c2a4d342,2026-09-25 13:23:16,Pavel EIGEL,Pavel EIGEL,EIGEL,Pavel,"EIGEL, Pavel",2016-02-15,Australian Open,Penrith,Semi,MK1,UZB,,26,1,90.63,0,0,90.63,90.63,,,,,,,,,,,,,,,,,,,,,,,,,,,
20feeb22126c25965766f1458c8bae96,2026-09-25 13:23:16,Ondrej TUNKA,Ondrej TUNKA,TUNKA,Ondrej,"TUNKA, Ondrej",2016-02-15,Australian Open,Penrith,Semi,MK1,CZE,,26,2,90.67,0,0,90.67,90.67,,,,,,,,,,,,,,,,,,,,,,,,,,,
9f6b19509dec2c2e398734db44876959,2026-09-25 13:23:16,Peter KAUZER,Peter KAUZER,KAUZER,Peter,"KAUZER, Peter",2016-02-15,Australian Open,Penrith,Semi,MK1,SLO,,33,4,91.16,0,0,91.16,91.16,,,,,,,,,,,,,,,,,,,,,,,,,,,
90d4e017a13a21a0344953eb455e88fb,2026-09-25 13:23:16,Hannes AIGNER,Hannes AIGNER,AIGNER,Hannes,"AIGNER, Hannes",2016-02-15,Australian Open,Penrith,Semi,MK1,GER,,27,5,91.66,0,0,91.66,91.66,,,,,,,,,,,,,,,,,,,,,,,,,,,
68ea0fc1f8b3208939d965399143d68c,2026-09-25 13:23:16,Giovanni DE GENNARO,Giovanni DE GENNARO,GENNARO,Giovanni DE,"GENNARO, Giovanni DE",2016-02-15,Australian Open,Penrith,Semi,MK1,ITA,,24,6,91.73,0,0,91.73,91.73,,,,,,,,,,,,,,,,,,,,,,,,,,,
c5517e927ad4beb0254f22e447d26654,2026-09-25 13:23:16,Vit PRINDIS,Vit PRINDIS,PRINDIS,Vit,"PRINDIS, Vit",2016-02-15,Australian Open,Penrith,Semi,MK1,CZE,,27,10,90.37,2,2,92.37,92.37,,,,,,,,,,,,,,,,,,,,,,,,,,,
c672a0b6521bcf0b84a5d99a3b2f6b9d,2026-09-25 13:23:16,Jakub GRIGAR,Jakub GRIGAR,GRIGAR,Jakub,"GRIGAR, Jakub",2016-02-15,Australian Open,Penrith,Semi,MK1,SVK,,19,21,93.08,2,2,95.08,95.08,,,,,,,,,,,,,,,,,,,,,,,,,,,
e2a6ee90cd0ea6453d4df485f3040de9,2026-09-25 13:23:16,Jiri PRSKAVEC,Jiri PRSKAVEC,PRSKAVEC,Jiri,"PRSKAVEC, Jiri",2016-02-15,Australian Open,Penrith,Semi,MK1,CZE,,23,26,94.08,2,2,96.08,96.08,,,,,,,,,,,,,,,,,,,,,,,,,,,
2221ee35ffcde0e06f0dcf1b8698cb73,2026-09-25 13:23:16,Vit PRINDIS,Vit PRINDIS,PRINDIS,Vit,"PRINDIS, Vit",2016-02-15,Australian Open,Penrith,Final,MK1,CZE,,27,1,89.65,0,0,89.65,89.65,,,,,,,,,,,,,,,,,,,,,,,,,,,
e3639c03e5fba79697afb23525b4ed64,2026-09-25 13:23:16,Peter KAUZER,Peter KAUZER,KAUZER,Peter,"KAUZER, Peter",2016-02-15,Australian Open,Penrith,Final,MK1,SLO,,33,3,90.19,0,0,90.19,90.19,,,,,,,,,,,,,,,,,,,,,,,,,,,
a14880e2624c58811feb3f212c4e52b0,2026-09-25 13:23:16,Giovanni DE GENNARO,Giovanni DE GENNARO,GENNARO,Giovanni DE,"GENNARO, Giovanni DE",2016-02-15,Australian Open,Penrith,Final,MK1,ITA,,24,7,90.78,2,2,92.78,92.78,,,,,,,,,,,,,,,,,,,,,,,,,,,
a6a90b7f4082aca46f7b9b677300c65f,2026-09-25 13:23:16,Ondrej TUNKA,Ondrej TUNKA,TUNKA,Ondrej,"TUNKA, Ondrej",2016-02-15,Australian Open,Penrith,Final,MK1,CZE,,26,8,93.1,0,0,93.1,93.1,,,,,,,,,,,,,,,,,,,,,,,,,,,
852c735b77ad068e518829bb042ff964,2026-09-25 13:23:16,Hannes AIGNER,Hannes AIGNER,AIGNER,Hannes,"AIGNER, Hannes",2016-02-15,Australian Open,Penrith,Final,MK1,GER,,27,9,92.95,2,2,94.95,94.95,,,,,,,,,,,,,,,,,,,,,,,,,,,
e7b23c7b1b52c46d74e3b0a5c2111eda,2026-09-25 13:23:16,Pavel EIGEL,Pavel EIGEL,EIGEL,Pavel,"EIGEL, Pavel",2016-02-15,Australian Open,Penrith,Final,MK1,UZB,,26,10,95.43,2,2,97.43,97.43,,,,,,,,,,,,,,,,,,,,,,,,,,,
fcc6caffaeae87330fc171a764ef2934,2026-09-25 13:23:16,Giovanni DE GENNARO,Giovanni DE GENNARO,GENNARO,Giovanni DE,"GENNARO, Giovanni DE",2016-01-28,Oceania,Penrith,Heats1,MK1,ITA,,24,1,88.43,0,0,88.43,88.43,,,,,,,,,,,,,,,,,,,,,,,,,,,
766d3dfad47af1ed425722f45689fa5e,2026-09-25 13:23:16,Vit PRINDIS,Vit PRINDIS,PRINDIS,Vit,"PRINDIS, Vit",2016-01-28,Oceania,Penrith,Heats1,MK1,CZE,,27,5,89.87,0,0,89.87,89.87,,,,,,,,,,,,,,,,,,,,,,,,,,,
009b83f160ef3d585effa0b17ca5a312,2026-09-25 13:23:16,Peter KAUZER,Peter KAUZER,KAUZER,Peter,"KAUZER, Peter",2016-01-28,Oceania,Penrith,Heats1,MK1,SLO,,33,8,88.73,2,2,90.73,90.73,,,,,,,,,,,,,,,,,,,,,,,,,,,
05266ddf6f0f3dd0a0b3beac8e3ba2a3,2026-09-25 13:23:16,Ondrej TUNKA,Ondrej TUNKA,TUNKA,Ondrej,"TUNKA, Ondrej",2016-01-28,Oceania,Penrith,Heats1,MK1,CZE,,26,12,91.57,0,0,91.57,91.57,,,,,,,,,,,,,,,,,,,,,,,,,,,
e755d1b1bddea4fdcd0365aad8d3299b,2026-09-25 13:23:16,Hannes AIGNER,Hannes AIGNER,AIGNER,Hannes,"AIGNER, Hannes",2016-01-28,Oceania,Penrith,Heats1,MK1,GER,,27,17,92.7,0,0,92.7,92.7,,,,,,,,,,,,,,,,,,,,,,,,,,,
338c796bc721b5a63b973f965e03f5bc,2026-09-25 13:23:16,Pavel EIGEL,Pavel EIGEL,EIGEL,Pavel,"EIGEL, Pavel",2016-01-28,Oceania,Penrith,Heats1,MK1,UZB,,26,19,93.46,0,0,93.46,93.46,,,,,,,,,,,,,,,,,,,,,,,,,,,
c34a9fb7faf51232c678b95fecfb3e55,2026-09-25 13:23:16,Jakub GRIGAR,Jakub GRIGAR,GRIGAR,Jakub,"GRIGAR, Jakub",2016-01-28,Oceania,Penrith,Heats1,MK1,SVK,,19,25,90.84,4,4,94.84,94.84,,,,,,,,,,,,,,,,,,,,,,,,,,,
73647c4391b2148ff2c8962eb652a94c,2026-09-25 13:23:16,Jiri PRSKAVEC,Jiri PRSKAVEC,PRSKAVEC,Jiri,"PRSKAVEC, Jiri",2016-01-28,Oceania,Penrith,Heats1,MK1,CZE,,23,52,88.85,100,100,188.85,188.85,,,,,,,,,,,,,,,,,,,,,,,,,,,
0befd7f63930b3e761214df461f62a93,2026-09-25 13:23:16,Peter KAUZER,Peter KAUZER,KAUZER,Peter,"KAUZER, Peter",2016-01-28,Oceania,Penrith,Heats2,MK1,SLO,,33,7,90.16,0,0,90.16,90.16,,,,,,,,,,,,,,,,,,,,,,,,,,,
9f0f18a2500f5bfd733b7d7bf4bf77cb,2026-09-25 13:23:16,Giovanni DE GENNARO,Giovanni DE GENNARO,GENNARO,Giovanni DE,"GENNARO, Giovanni DE",2016-01-28,Oceania,Penrith,Heats2,MK1,ITA,,24,8,88.23,2,2,90.23,90.23,,,,,,,,,,,,,,,,,,,,,,,,,,,
c2ec0a926c000d8e2c7a5e06c5295329,2026-09-25 13:23:16,Vit PRINDIS,Vit PRINDIS,PRINDIS,Vit,"PRINDIS, Vit",2016-01-28,Oceania,Penrith,Heats2,MK1,CZE,,27,14,91.05,0,0,91.05,91.05,,,,,,,,,,,,,,,,,,,,,,,,,,,
7ef0e8609041bcd310fa24c732b2d501,2026-09-25 13:23:16,Hannes AIGNER,Hannes AIGNER,AIGNER,Hannes,"AIGNER, Hannes",2016-01-28,Oceania,Penrith,Heats2,MK1,GER,,27,15,91.23,0,0,91.23,91.23,,,,,,,,,,,,,,,,,,,,,,,,,,,
aa48a6fb379753318157c7dd504ba268,2026-09-25 13:23:16,Pavel EIGEL,Pavel EIGEL,EIGEL,Pavel,"EIGEL, Pavel",2016-01-28,Oceania,Penrith,Heats2,MK1,UZB,,26,18,87.84,4,4,91.84,91.84,,,,,,,,,,,,,,,,,,,,,,,,,,,
20f05886112ca194f1cbe4ea1cc5cbe5,2026-09-25 13:23:16,Jiri PRSKAVEC,Jiri PRSKAVEC,PRSKAVEC,Jiri,"PRSKAVEC, Jiri",2016-01-28,Oceania,Penrith,Heats2,MK1,CZE,,23,21,93.07,0,0,93.07,93.07,,,,,,,,,,,,,,,,,,,,,,,,,,,
d002ea31a2161b5d3b54cdafa8347195,2026-09-25 13:23:16,Ondrej TUNKA,Ondrej TUNKA,TUNKA,Ondrej,"TUNKA, Ondrej",2016-01-28,Oceania,Penrith,Heats2,MK1,CZE,,26,49,91.12,54,54,145.12,145.12,,,,,,,,,,,,,,,,,,,,,,,,,,,
e584e7fe9f82819747db677713b5fe49,2026-09-25 13:23:16,Jakub GRIGAR,Jakub GRIGAR,GRIGAR,Jakub,"GRIGAR, Jakub",2016-01-28,Oceania,Penrith,Heats2,MK1,SVK,,19,50,93.57,52,52,145.57,145.57,,,,,,,,,,,,,,,,,,,,,,,,,,,
ecdc846c2f36657965c9112ea83e5d8b,2026-09-25 13:23:16,Hannes AIGNER,Hannes AIGNER,AIGNER,Hannes,"AIGNER, Hannes",2016-01-28,Oceania,Penrith,Semi,MK1,GER,,27,1,93.22,0,0,93.22,93.22,,,,,,,,,,,,,,,,,,,,,,,,,,,
af68d869a655d12f98081777f5909ea9,2026-09-25 13:23:16,Ondrej TUNKA,Ondrej TUNKA,TUNKA,Ondrej,"TUNKA, Ondrej",2016-01-28,Oceania,Penrith,Semi,MK1,CZE,,26,3,91.39,2,2,93.39,93.39,,,,,,,,,,,,,,,,,,,,,,,,,,,
2c947d5db38be6b921eb82a1e2eeaf92,2026-09-25 13:23:16,Vit PRINDIS,Vit PRINDIS,PRINDIS,Vit,"PRINDIS, Vit",2016-01-28,Oceania,Penrith,Semi,MK1,CZE,,27,5,93.77,0,0,93.77,93.77,,,,,,,,,,,,,,,,,,,,,,,,,,,
cd10c5ec5185fe5808e5750f792745e3,2026-09-25 13:23:16,Jiri PRSKAVEC,Jiri PRSKAVEC,PRSKAVEC,Jiri,"PRSKAVEC, Jiri",2016-01-28,Oceania,Penrith,Semi,MK1,CZE,,23,8,95.4,0,0,95.4,95.4,,,,,,,,,,,,,,,,,,,,,,,,,,,
1991e0bb5be58d4de9a0303b69eff284,2026-09-25 13:23:16,Jakub GRIGAR,Jakub GRIGAR,GRIGAR,Jakub,"GRIGAR, Jakub",2016-01-28,Oceania,Penrith,Semi,MK1,SVK,,19,9,93.5,2,2,95.5,95.5,,,,,,,,,,,,,,,,,,,,,,,,,,,
756645ebe93312338a8d9ff1ad7ad58a,2026-09-25 13:23:16,Pavel EIGEL,Pavel EIGEL,EIGEL,Pavel,"EIGEL, Pavel",2016-01-28,Oceania,Penrith,Semi,MK1,UZB,,26,12,96.8,0,0,96.8,96.8,,,,,,,,,,,,,,,,,,,,,,,,,,,
fa3c9e9e77bbe096b3f972be3b8e94a8,2026-09-25 13:23:16,Giovanni DE GENNARO,Giovanni DE GENNARO,GENNARO,Giovanni DE,"GENNARO, Giovanni DE",2016-01-28,Oceania,Penrith,Semi,MK1,ITA,,24,21,97.04,4,4,101.04,101.04,,,,,,,,,,,,,,,,,,,,,,,,,,,
85e266f23da11355b8da75d3350ff116,2026-09-25 13:23:16,Peter KAUZER,Peter KAUZER,KAUZER,Peter,"KAUZER, Peter",2016-01-28,Oceania,Penrith,Semi,MK1,SLO,,33,28,105.02,0,0,105.02,105.02,,,,,,,,,,,,,,,,,,,,,,,,,,,
20f88522ae10c9a40006a6e026e3e1dc,2026-09-25 13:23:16,Vit PRINDIS,Vit PRINDIS,PRINDIS,Vit,"PRINDIS, Vit",2016-01-28,Oceania,Penrith,Final,MK1,CZE,,27,3,94.48,0,0,94.48,94.48,,,,,,,,,,,,,,,,,,,,,,,,,,,
e5ced2c785af214ce78040f3a4e03679,2026-09-25 13:23:16,Ondrej TUNKA,Ondrej TUNKA,TUNKA,Ondrej,"TUNKA, Ondrej",2016-01-28,Oceania,Penrith,Final,MK1,CZE,,26,4,94.89,0,0,94.89,94.89,,,,,,,,,,,,,,,,,,,,,,,,,,,
4118fb9ae182d3229904b7a8d8bb7daa,2026-09-25 13:23:16,Jiri PRSKAVEC,Jiri PRSKAVEC,PRSKAVEC,Jiri,"PRSKAVEC, Jiri",2016-01-28,Oceania,Penrith,Final,MK1,CZE,,23,5,93.18,2,2,95.18,95.18,,,,,,,,,,,,,,,,,,,,,,,,,,,
b6b246716bb7291cef36d313043ee400,2026-09-25 13:23:16,Jakub GRIGAR,Jakub GRIGAR,GRIGAR,Jakub,"GRIGAR, Jakub",2016-01-28,Oceania,Penrith,Final,MK1,SVK,,19,8,94.19,4,4,98.19,98.19,,,,,,,,,,,,,,,,,,,,,,,,,,,
126d14a61bb8bff455eb2a48c9adb50e,2026-09-25 13:23:16,Hannes AIGNER,Hannes AIGNER,AIGNER,Hannes,"AIGNER, Hannes",2016-01-28,Oceania,Penrith,Final,MK1,GER,,27,10,99.79,2,2,101.79,101.79,,,,,,,,,,,,,,,,,,,,,,,,,,,
94da1e7255df536a91fdcec535300eb5,2026-09-25 13:23:16,Jiri PRSKAVEC,Jiri PRSKAVEC,PRSKAVEC,Jiri,"PRSKAVEC, Jiri",2017-02-15,Australian Open,Penrith,Heats1,MK1,CZE,,24,1,83.19,0,0,83.19,83.19,,,,,,,,,,,,,,,,,,,,,,,,,,,
c349370ac49f36ee23eae595469c1bef,2026-09-25 13:23:16,Joe CLARKE,Joe CLARKE,CLARKE,Joe,"CLARKE, Joe",2017-02-15,Australian Open,Penrith,Heats1,MK1,GBR,,25,4,86.92,0,0,86.92,86.92,,,,,,,,,,,,,,,,,,,,,,,,,,,
3289b47d1fb163448103f79acce2d486,2026-09-25 13:23:16,Hannes AIGNER,Hannes AIGNER,AIGNER,Hannes,"AIGNER, Hannes",2017-02-15,Australian Open,Penrith,Heats1,MK1,GER,,28,7,85.56,2,2,87.56,87.56,,,,,,,,,,,,,,,,,,,,,,,,,,,
6ce51cb799f454eefafb4b840cac72ee,2026-09-25 13:23:16,Jakub GRIGAR,Jakub GRIGAR,GRIGAR,Jakub,"GRIGAR, Jakub",2017-02-15,Australian Open,Penrith,Heats1,MK1,SVK,,20,25,90.25,2,2,92.25,92.25,,,,,,,,,,,,,,,,,,,,,,,,,,,
a53130d9c312db5b87c25ad6b95b7b0a,2026-09-25 13:23:16,Jiri PRSKAVEC,Jiri PRSKAVEC,PRSKAVEC,Jiri,"PRSKAVEC, Jiri",2017-02-15,Australian Open,Penrith,Semi,MK1,CZE,,24,1,90.59,0,0,90.59,90.59,,,,,,,,,,,,,,,,,,,,,,,,,,,
e29f910e08792764397dbe104a1595b6,2026-09-25 13:23:16,Joe CLARKE,Joe CLARKE,CLARKE,Joe,"CLARKE, Joe",2017-02-15,Australian Open,Penrith,Semi,MK1,GBR,,25,4,93.53,0,0,93.53,93.53,,,,,,,,,,,,,,,,,,,,,,,,,,,
0b80f6c2d0f96d6d548c8878a50123b5,2026-09-25 13:23:16,Jakub GRIGAR,Jakub GRIGAR,GRIGAR,Jakub,"GRIGAR, Jakub",2017-02-15,Australian Open,Penrith,Semi,MK1,SVK,,20,8,94.2,0,0,94.2,94.2,,,,,,,,,,,,,,,,,,,,,,,,,,,
3b09a90bcd60b5629e1fa366f9abc4af,2026-09-25 13:23:16,Hannes AIGNER,Hannes AIGNER,AIGNER,Hannes,"AIGNER, Hannes",2017-02-15,Australian Open,Penrith,Semi,MK1,GER,,28,12,93.66,2,2,95.66,95.66,,,,,,,,,,,,,,,,,,,,,,,,,,,
5e4354a5c6480a697cf92bdea7b2b0d6,2026-09-25 13:23:16,Jiri PRSKAVEC,Jiri PRSKAVEC,PRSKAVEC,Jiri,"PRSKAVEC, Jiri",2017-02-15,Australian Open,Penrith,Final,MK1,CZE,,24,1,88.17,0,0,88.17,88.17,,,,,,,,,,,,,,,,,,,,,,,,,,,
cdfa08e0fc6026851f87148c525e8735,2026-09-25 13:23:16,Joe CLARKE,Joe CLARKE,CLARKE,Joe,"CLARKE, Joe",2017-02-15,Australian Open,Penrith,Final,MK1,GBR,,25,3,92.01,0,0,92.01,92.01,,,,,,,,,,,,,,,,,,,,,,,,,,,
3bf597721efcf263b6548b700408af2b,2026-09-25 13:23:16,Jakub GRIGAR,Jakub GRIGAR,GRIGAR,Jakub,"GRIGAR, Jakub",2017-02-15,Australian Open,Penrith,Final,MK1,SVK,,20,7,92.47,2,2,94.47,94.47,,,,,,,,,,,,,,,,,,,,,,,,,,,
331c794d47f8069b3b9023c87da46347,2026-09-25 13:23:16,Joe CLARKE,Joe CLARKE,CLARKE,Joe,"CLARKE, Joe",2017-01-28,Oceania,Werro,Heats1,MK1,GBR,,25,10,87.66,6,6,93.66,93.66,,,,,,,,,,,,,,,,,,,,,,,,,,,
dfa8602882a4db9002dc9893402c4582,2026-09-25 13:23:16,Joe CLARKE,Joe CLARKE,CLARKE,Joe,"CLARKE, Joe",2017-01-28,Oceania,Werro,Semi,MK1,GBR,,25,1,86.02,0,0,86.02,86.02,,,,,,,,,,,,,,,,,,,,,,,,,,,
211b48253b56c0afc83a440df7401b3b,2026-09-25 13:23:16,Joe CLARKE,Joe CLARKE,CLARKE,Joe,"CLARKE, Joe",2017-01-28,Oceania,Werro,Final,MK1,GBR,,25,2,88,0,0,88,88.0,,,,,,,,,,,,,,,,,,,,,,,,,,,
08b1955d5444570eace1cec33038f922,2026-09-25 13:23:16,Jiri PRSKAVEC,Jiri PRSKAVEC,PRSKAVEC,Jiri,"PRSKAVEC, Jiri",2018-02-15,Australian Open,Penrith,Heats1,MK1,CZE,,25,2,89.22,0,0,89.22,89.22,,,,,,,,,,,,,,,,,,,,,,,,,,,
6ab0ed0e3e9bb23975e8d83f2ea1b569,2026-09-25 13:23:16,Peter KAUZER,Peter KAUZER,KAUZER,Peter,"KAUZER, Peter",2018-02-15,Australian Open,Penrith,Heats1,MK1,SLO,,35,6,91.36,0,0,91.36,91.36,,,,,,,,,,,,,,,,,,,,,,,,,,,
ae216f1513ef2da05a0c9e90ee8ae5a6,2026-09-25 13:23:16,Hannes AIGNER,Hannes AIGNER,AIGNER,Hannes,"AIGNER, Hannes",2018-02-15,Australian Open,Penrith,Heats1,MK1,GER,,29,7,89.42,2,2,91.42,91.42,,,,,,,,,,,,,,,,,,,,,,,,,,,
972495b34480a1444c5cad96fb1988ca,2026-09-25 13:23:16,Vit PRINDIS,Vit PRINDIS,PRINDIS,Vit,"PRINDIS, Vit",2018-02-15,Australian Open,Penrith,Heats1,MK1,CZE,,29,11,92.08,0,0,92.08,92.08,,,,,,,,,,,,,,,,,,,,,,,,,,,
c07c1a3e9392ca0dea6df91dd9fd6e9b,2026-09-25 13:23:16,Jakub GRIGAR,Jakub GRIGAR,GRIGAR,Jakub,"GRIGAR, Jakub",2018-02-15,Australian Open,Penrith,Heats1,MK1,SVK,,21,12,92.17,0,0,92.17,92.17,,,,,,,,,,,,,,,,,,,,,,,,,,,
53b12b1ce61360aa0407bf933490b45c,2026-09-25 13:23:16,Giovanni DE GENNARO,Giovanni DE GENNARO,GENNARO,Giovanni DE,"GENNARO, Giovanni DE",2018-02-15,Australian Open,Penrith,Heats1,MK1,ITA,,26,15,92.48,0,0,92.48,92.48,,,,,,,,,,,,,,,,,,,,,,,,,,,
31061fd4db5d32b2d6d323d0a860a6ae,2026-09-25 13:23:16,Ondrej TUNKA,Ondrej TUNKA,TUNKA,Ondrej,"TUNKA, Ondrej",2018-02-15,Australian Open,Penrith,Heats1,MK1,CZE,,28,17,92.97,0,0,92.97,92.97,,,,,,,,,,,,,,,,,,,,,,,,,,,
c29a738e1a46a067953fa739b35ae19e,2026-09-25 13:23:16,Joe CLARKE,Joe CLARKE,CLARKE,Joe,"CLARKE, Joe",2018-02-15,Australian Open,Penrith,Heats1,MK1,GBR,,26,22,92.57,2,2,94.57,94.57,,,,,,,,,,,,,,,,,,,,,,,,,,,
1dad72e1138fca9485c0f047d1f5fec3,2026-09-25 13:23:16,Marcello BEDA,Marcello BEDA,BEDA,Marcello,"BEDA, Marcello",2018-02-15,Australian Open,Penrith,Heats1,MK1,ITA,,23,29,93.05,2,2,95.05,95.05,,,,,,,,,,,,,,,,,,,,,,,,,,,
165f554a57ac0b6aad821eaea80bcf52,2026-09-25 13:23:16,Jakub KREJCI,Jakub KREJCI,KREJCI,Jakub,"KREJCI, Jakub",2018-02-15,Australian Open,Penrith,Heats1,MK1,CZE,,16,31,93.15,2,2,95.15,95.15,,,,,,,,,,,,,,,,,,,,,,,,,,,
122e3d2dfc53cf4ac75cf19c92e40b9e,2026-09-25 13:23:16,Boris NEVEU,Boris NEVEU,NEVEU,Boris,"NEVEU, Boris",2018-02-15,Australian Open,Penrith,Heats1,MK1,FRA,,32,37,92.96,4,4,96.96,96.96,,,,,,,,,,,,,,,,,,,,,,,,,,,
d20016a49acf8a9d97700716fa55572e,2026-09-25 13:23:16,Boris NEVEU,Boris NEVEU,NEVEU,Boris,"NEVEU, Boris",2018-02-15,Australian Open,Penrith,Heats2,MK1,FRA,,32,3,93.38,0,0,93.38,93.38,,,,,,,,,,,,,,,,,,,,,,,,,,,
08e881485b8ec47c50f18eb3faf4e507,2026-09-25 13:23:16,Jakub KREJCI,Jakub KREJCI,KREJCI,Jakub,"KREJCI, Jakub",2018-02-15,Australian Open,Penrith,Heats2,MK1,CZE,,16,4,93.7,0,0,93.7,93.7,,,,,,,,,,,,,,,,,,,,,,,,,,,
6db17f28296a8614d270834dc4a67167,2026-09-25 13:23:16,Jakub GRIGAR,Jakub GRIGAR,GRIGAR,Jakub,"GRIGAR, Jakub",2018-02-15,Australian Open,Penrith,Semi,MK1,SVK,,21,1,94.71,0,0,94.71,94.71,,,,,,,,,,,,,,,,,,,,,,,,,,,
df4828393ca2a75bf5d58f41d05f7d0c,2026-09-25 13:23:16,Joe CLARKE,Joe CLARKE,CLARKE,Joe,"CLARKE, Joe",2018-02-15,Australian Open,Penrith,Semi,MK1,GBR,,26,3,95.22,0,0,95.22,95.22,,,,,,,,,,,,,,,,,,,,,,,,,,,
4dd54c72820bd81426f546ed3935caf9,2026-09-25 13:23:16,Boris NEVEU,Boris NEVEU,NEVEU,Boris,"NEVEU, Boris",2018-02-15,Australian Open,Penrith,Semi,MK1,FRA,,32,5,95.49,0,0,95.49,95.49,,,,,,,,,,,,,,,,,,,,,,,,,,,
cb128066ebb6ca31a91d548d4982c68f,2026-09-25 13:23:16,Ondrej TUNKA,Ondrej TUNKA,TUNKA,Ondrej,"TUNKA, Ondrej",2018-02-15,Australian Open,Penrith,Semi,MK1,CZE,,28,6,95.51,0,0,95.51,95.51,,,,,,,,,,,,,,,,,,,,,,,,,,,
b0ce9adcfc8b1a38f99b8c47c192deab,2026-09-25 13:23:16,Hannes AIGNER,Hannes AIGNER,AIGNER,Hannes,"AIGNER, Hannes",2018-02-15,Australian Open,Penrith,Semi,MK1,GER,,29,9,96.54,0,0,96.54,96.54,,,,,,,,,,,,,,,,,,,,,,,,,,,
bbffe9334abac4dd9b0ad8b1e5992ec2,2026-09-25 13:23:16,Jiri PRSKAVEC,Jiri PRSKAVEC,PRSKAVEC,Jiri,"PRSKAVEC, Jiri",2018-02-15,Australian Open,Penrith,Semi,MK1,CZE,,25,10,92.88,4,4,96.88,96.88,,,,,,,,,,,,,,,,,,,,,,,,,,,
f3cd3733931af98d48bd529ad6d49e5d,2026-09-25 13:23:16,Giovanni DE GENNARO,Giovanni DE GENNARO,GENNARO,Giovanni DE,"GENNARO, Giovanni DE",2018-02-15,Australian Open,Penrith,Semi,MK1,ITA,,26,19,98.65,2,2,100.65,100.65,,,,,,,,,,,,,,,,,,,,,,,,,,,
ae7d40cb6f87b611ed83b1e4c3bbc3ac,2026-09-25 13:23:16,Marcello BEDA,Marcello BEDA,BEDA,Marcello,"BEDA, Marcello",2018-02-15,Australian Open,Penrith,Semi,MK1,ITA,,23,26,101.46,2,2,103.46,103.46,,,,,,,,,,,,,,,,,,,,,,,,,,,
0f2840d63fca00a177f99e794672a4d6,2026-09-25 13:23:16,Peter KAUZER,Peter KAUZER,KAUZER,Peter,"KAUZER, Peter",2018-02-15,Australian Open,Penrith,Semi,MK1,SLO,,35,32,95.44,50,50,145.44,145.44,,,,,,,,,,,,,,,,,,,,,,,,,,,
714ea4523d354c9272c8b31d5b779ec2,2026-09-25 13:23:16,Vit PRINDIS,Vit PRINDIS,PRINDIS,Vit,"PRINDIS, Vit",2018-02-15,Australian Open,Penrith,Semi,MK1,CZE,,29,33,95.93,50,50,145.93,145.93,,,,,,,,,,,,,,,,,,,,,,,,,,,
7a25925a87b92c0b448025df5ef179a7,2026-09-25 13:23:16,Jakub KREJCI,Jakub KREJCI,KREJCI,Jakub,"KREJCI, Jakub",2018-02-15,Australian Open,Penrith,Semi,MK1,CZE,,16,37,101.1,60,60,161.1,161.1,,,,,,,,,,,,,,,,,,,,,,,,,,,
58f933bb9dff96ccdd951ac05745194e,2026-09-25 13:23:16,Jiri PRSKAVEC,Jiri PRSKAVEC,PRSKAVEC,Jiri,"PRSKAVEC, Jiri",2018-02-15,Australian Open,Penrith,Final,MK1,CZE,,25,2,95.4,0,0,95.4,95.4,,,,,,,,,,,,,,,,,,,,,,,,,,,
16e87f87f8a7d57b5b21a686939bfd96,2026-09-25 13:23:16,Boris NEVEU,Boris NEVEU,NEVEU,Boris,"NEVEU, Boris",2018-02-15,Australian Open,Penrith,Final,MK1,FRA,,32,3,93.74,2,2,95.74,95.74,,,,,,,,,,,,,,,,,,,,,,,,,,,
d5e7be72649320c1185308f299d5ecfd,2026-09-25 13:23:16,Hannes AIGNER,Hannes AIGNER,AIGNER,Hannes,"AIGNER, Hannes",2018-02-15,Australian Open,Penrith,Final,MK1,GER,,29,4,95.93,0,0,95.93,95.93,,,,,,,,,,,,,,,,,,,,,,,,,,,
f4dcfa7e908b4ec7fd4041f91964e052,2026-09-25 13:23:16,Joe CLARKE,Joe CLARKE,CLARKE,Joe,"CLARKE, Joe",2018-02-15,Australian Open,Penrith,Final,MK1,GBR,,26,6,96.64,2,2,98.64,98.64,,,,,,,,,,,,,,,,,,,,,,,,,,,
d2020ad63035277a5a4fb98f336a27b5,2026-09-25 13:23:16,Jakub GRIGAR,Jakub GRIGAR,GRIGAR,Jakub,"GRIGAR, Jakub",2018-02-15,Australian Open,Penrith,Final,MK1,SVK,,21,8,99.86,0,0,99.86,99.86,,,,,,,,,,,,,,,,,,,,,,,,,,,
c36dbda960a37fdad745711a62a623af,2026-09-25 13:23:16,Ondrej TUNKA,Ondrej TUNKA,TUNKA,Ondrej,"TUNKA, Ondrej",2018-02-15,Australian Open,Penrith,Final,MK1,CZE,,28,9,96.77,50,50,146.77,146.77,,,,,,,,,,,,,,,,,,,,,,,,,,,
5023b63905fefb145f223de93052059c,2026-09-25 13:23:16,Ondrej TUNKA,Ondrej TUNKA,TUNKA,Ondrej,"TUNKA, Ondrej",2018-01-28,Oceania,Werro,Heats1,MK1,CZE,,28,5,84.64,2,2,86.64,86.64,,,,,,,,,,,,,,,,,,,,,,,,,,,
0ec4fa6f75c71705c3384ea86ac82cc6,2026-09-25 13:23:16,Ondrej TUNKA,Ondrej TUNKA,TUNKA,Ondrej,"TUNKA, Ondrej",2018-01-28,Oceania,Werro,Semi,MK1,CZE,,28,7,92.55,2,2,94.55,94.55,,,,,,,,,,,,,,,,,,,,,,,,,,,
c5b5d96c883bde28947982059d63307b,2026-09-25 13:23:16,Ondrej TUNKA,Ondrej TUNKA,TUNKA,Ondrej,"TUNKA, Ondrej",2018-01-28,Oceania,Werro,Final,MK1,CZE,,28,5,90.08,0,0,90.08,90.08,,,,,,,,,,,,,,,,,,,,,,,,,,,
a8568bbe775420dc553345279bdd5fe3,2026-09-25 13:23:16,Joe CLARKE,Joe CLARKE,CLARKE,Joe,"CLARKE, Joe",2019-02-15,Australian Open,Penrith,Heats1,MK1,GBR,,27,1,91.42,0,0,91.42,91.42,,,,,,,,,,,,,,,,,,,,,,,,,,,
11a06d1a7abf272b1a1a5dbe4e8152cd,2026-09-25 13:23:16,Jiri PRSKAVEC,Jiri PRSKAVEC,PRSKAVEC,Jiri,"PRSKAVEC, Jiri",2019-02-15,Australian Open,Penrith,Heats1,MK1,CZE,,26,2,91.77,0,0,91.77,91.77,,,,,,,,,,,,,,,,,,,,,,,,,,,
957182a107c4319281a81ed98823d704,2026-09-25 13:23:16,Ondrej TUNKA,Ondrej TUNKA,TUNKA,Ondrej,"TUNKA, Ondrej",2019-02-15,Australian Open,Penrith,Heats1,MK1,CZE,,29,4,93.97,0,0,93.97,93.97,,,,,,,,,,,,,,,,,,,,,,,,,,,
82df89cf4fee536789638f95d8b97be7,2026-09-25 13:23:16,Peter KAUZER,Peter KAUZER,KAUZER,Peter,"KAUZER, Peter",2019-02-15,Australian Open,Penrith,Heats1,MK1,SLO,,36,10,95.09,0,0,95.09,95.09,,,,,,,,,,,,,,,,,,,,,,,,,,,
53d16f30babd91f6096e0be9a4c2a372,2026-09-25 13:23:16,Jakub GRIGAR,Jakub GRIGAR,GRIGAR,Jakub,"GRIGAR, Jakub",2019-02-15,Australian Open,Penrith,Heats1,MK1,SVK,,22,24,96.69,0,0,96.69,96.69,,,,,,,,,,,,,,,,,,,,,,,,,,,
d8b6fd923c4bf9fb7258b2b15f27f604,2026-09-25 13:23:16,Hannes AIGNER,Hannes AIGNER,AIGNER,Hannes,"AIGNER, Hannes",2019-02-15,Australian Open,Penrith,Heats1,MK1,GER,,30,25,94.7,2,2,96.7,96.7,,,,,,,,,,,,,,,,,,,,,,,,,,,
f8eac0b72009ea3124fab7f57cd67292,2026-09-25 13:23:16,Pavel EIGEL,Pavel EIGEL,EIGEL,Pavel,"EIGEL, Pavel",2019-02-15,Australian Open,Penrith,Heats1,MK1,UZB,,29,28,96.74,0,0,96.74,96.74,,,,,,,,,,,,,,,,,,,,,,,,,,,
274943db5b4677c904fe497cee8e5973,2026-09-25 13:23:16,Jakub KREJCI,Jakub KREJCI,KREJCI,Jakub,"KREJCI, Jakub",2019-02-15,Australian Open,Penrith,Heats1,MK1,CZE,,17,32,97.08,0,0,97.08,97.08,,,,,,,,,,,,,,,,,,,,,,,,,,,
4edf03553adf6b3a237a44e47d5b0318,2026-09-25 13:23:16,David LLORENTE,David LLORENTE,LLORENTE,David,"LLORENTE, David",2019-02-15,Australian Open,Penrith,Heats1,MK1,ESP,,23,39,95.1,4,4,99.1,99.1,,,,,,,,,,,,,,,,,,,,,,,,,,,
dbd99858b4f67017e06f3476e0f15bd9,2026-09-25 13:23:16,Giovanni DE GENNARO,Giovanni DE GENNARO,GENNARO,Giovanni DE,"GENNARO, Giovanni DE",2019-02-15,Australian Open,Penrith,Heats1,MK1,ITA,,27,84,93.72,50,50,143.72,143.72,,,,,,,,,,,,,,,,,,,,,,,,,,,
084c3118a119d6b14238a075a66c8f59,2026-09-25 13:23:16,Giovanni DE GENNARO,Giovanni DE GENNARO,GENNARO,Giovanni DE,"GENNARO, Giovanni DE",2019-02-15,Australian Open,Penrith,Heats2,MK1,ITA,,27,1,93.69,0,0,93.69,93.69,,,,,,,,,,,,,,,,,,,,,,,,,,,
1fdab00f9722727a5b6be66f0cdc7403,2026-09-25 13:23:16,David LLORENTE,David LLORENTE,LLORENTE,David,"LLORENTE, David",2019-02-15,Australian Open,Penrith,Heats2,MK1,ESP,,23,2,95.02,0,0,95.02,95.02,,,,,,,,,,,,,,,,,,,,,,,,,,,
fd41fae31df8e4d27cbc24060a399e6b,2026-09-25 13:23:16,Jakub KREJCI,Jakub KREJCI,KREJCI,Jakub,"KREJCI, Jakub",2019-02-15,Australian Open,Penrith,Heats2,MK1,CZE,,17,73,99.95,102,102,201.95,201.95,,,,,,,,,,,,,,,,,,,,,,,,,,,
33617c9de92ffbfbd785bc645f789400,2026-09-25 13:23:16,Joe CLARKE,Joe CLARKE,CLARKE,Joe,"CLARKE, Joe",2019-02-15,Australian Open,Penrith,Semi,MK1,GBR,,27,1,85.34,0,0,85.34,85.34,,,,,,,,,,,,,,,,,,,,,,,,,,,
4adbf45d18319d8e8b44eebfd88caf6a,2026-09-25 13:23:16,Peter KAUZER,Peter KAUZER,KAUZER,Peter,"KAUZER, Peter",2019-02-15,Australian Open,Penrith,Semi,MK1,SLO,,36,2,88.35,0,0,88.35,88.35,,,,,,,,,,,,,,,,,,,,,,,,,,,
6d1d9725dd9bf1578cb8dab1380591b1,2026-09-25 13:23:16,Ondrej TUNKA,Ondrej TUNKA,TUNKA,Ondrej,"TUNKA, Ondrej",2019-02-15,Australian Open,Penrith,Semi,MK1,CZE,,29,3,88.74,0,0,88.74,88.74,,,,,,,,,,,,,,,,,,,,,,,,,,,
1e54b604900dd4719fda8b96c612505d,2026-09-25 13:23:16,Hannes AIGNER,Hannes AIGNER,AIGNER,Hannes,"AIGNER, Hannes",2019-02-15,Australian Open,Penrith,Semi,MK1,GER,,30,6,89.81,0,0,89.81,89.81,,,,,,,,,,,,,,,,,,,,,,,,,,,
9a1405f0310e40fddc67ce63fa940601,2026-09-25 13:23:16,Giovanni DE GENNARO,Giovanni DE GENNARO,GENNARO,Giovanni DE,"GENNARO, Giovanni DE",2019-02-15,Australian Open,Penrith,Semi,MK1,ITA,,27,9,90.16,0,0,90.16,90.16,,,,,,,,,,,,,,,,,,,,,,,,,,,
6ad4099f6a360dd9fb705db927b21b81,2026-09-25 13:23:16,Jakub GRIGAR,Jakub GRIGAR,GRIGAR,Jakub,"GRIGAR, Jakub",2019-02-15,Australian Open,Penrith,Semi,MK1,SVK,,22,15,91.2,0,0,91.2,91.2,,,,,,,,,,,,,,,,,,,,,,,,,,,
7ac8b377f8fa1c8968092c20dbe2a088,2026-09-25 13:23:16,Pavel EIGEL,Pavel EIGEL,EIGEL,Pavel,"EIGEL, Pavel",2019-02-15,Australian Open,Penrith,Semi,MK1,UZB,,29,19,91.93,0,0,91.93,91.93,,,,,,,,,,,,,,,,,,,,,,,,,,,
d54605f939f3a3f679542ceabbcd0459,2026-09-25 13:23:16,Jiri PRSKAVEC,Jiri PRSKAVEC,PRSKAVEC,Jiri,"PRSKAVEC, Jiri",2019-02-15,Australian Open,Penrith,Semi,MK1,CZE,,26,22,90.77,2,2,92.77,92.77,,,,,,,,,,,,,,,,,,,,,,,,,,,
0ffaaa712331cd395757e41695a30c77,2026-09-25 13:23:16,David LLORENTE,David LLORENTE,LLORENTE,David,"LLORENTE, David",2019-02-15,Australian Open,Penrith,Semi,MK1,ESP,,23,29,92.58,2,2,94.58,94.58,,,,,,,,,,,,,,,,,,,,,,,,,,,
f46f72e5d47895c0621d28ad22ed2e29,2026-09-25 13:23:16,Joe CLARKE,Joe CLARKE,CLARKE,Joe,"CLARKE, Joe",2019-02-15,Australian Open,Penrith,Final,MK1,GBR,,27,1,87.5,0,0,87.5,87.5,,,,,,,,,,,,,,,,,,,,,,,,,,,
5cf4576938407b68eb53ee015e6ba612,2026-09-25 13:23:16,Ondrej TUNKA,Ondrej TUNKA,TUNKA,Ondrej,"TUNKA, Ondrej",2019-02-15,Australian Open,Penrith,Final,MK1,CZE,,29,5,89.03,0,0,89.03,89.03,,,,,,,,,,,,,,,,,,,,,,,,,,,
1e67b3bc99bf5b5e37cf4fc18ce82d9e,2026-09-25 13:23:16,Giovanni DE GENNARO,Giovanni DE GENNARO,GENNARO,Giovanni DE,"GENNARO, Giovanni DE",2019-02-15,Australian Open,Penrith,Final,MK1,ITA,,27,7,90,0,0,90,90.0,,,,,,,,,,,,,,,,,,,,,,,,,,,
2f1e8564a177ec015e9dbd8f7ead40a1,2026-09-25 13:23:16,Hannes AIGNER,Hannes AIGNER,AIGNER,Hannes,"AIGNER, Hannes",2019-02-15,Australian Open,Penrith,Final,MK1,GER,,30,9,91.01,2,2,93.01,93.01,,,,,,,,,,,,,,,,,,,,,,,,,,,
506a1a877f0810a8500efb591fabf665,2026-09-25 13:23:16,Peter KAUZER,Peter KAUZER,KAUZER,Peter,"KAUZER, Peter",2019-02-15,Australian Open,Penrith,Final,MK1,SLO,,36,10,88.72,52,52,140.72,140.72,,,,,,,,,,,,,,,,,,,,,,,,,,,
f01c24e49a541fe5896ec93af777c4a6,2026-09-25 13:23:16,Hannes AIGNER,Hannes AIGNER,AIGNER,Hannes,"AIGNER, Hannes",2019-01-28,Oceania,Penrith,Heats1,MK1,GER,,30,1,98.64,0,0,98.64,98.64,,,,,,,,,,,,,,,,,,,,,,,,,,,
aa32cb001a0136586dfe20a716e65a3f,2026-09-25 13:23:16,Jiri PRSKAVEC,Jiri PRSKAVEC,PRSKAVEC,Jiri,"PRSKAVEC, Jiri",2019-01-28,Oceania,Penrith,Heats1,MK1,CZE,,26,2,99.03,0,0,99.03,99.03,,,,,,,,,,,,,,,,,,,,,,,,,,,
eb3087f74fe98ad139a8edd86fa21c0c,2026-09-25 13:23:16,Peter KAUZER,Peter KAUZER,KAUZER,Peter,"KAUZER, Peter",2019-01-28,Oceania,Penrith,Heats1,MK1,SLO,,36,8,102.51,0,0,102.51,102.51,,,,,,,,,,,,,,,,,,,,,,,,,,,
3367011b62cbf415c47ea720c30b04c8,2026-09-25 13:23:16,Giovanni DE GENNARO,Giovanni DE GENNARO,GENNARO,Giovanni DE,"GENNARO, Giovanni DE",2019-01-28,Oceania,Penrith,Heats1,MK1,ITA,,27,13,103.29,0,0,103.29,103.29,,,,,,,,,,,,,,,,,,,,,,,,,,,
f9604f6df0be31cdafdde9f4246ed8cc,2026-09-25 13:23:16,Ondrej TUNKA,Ondrej TUNKA,TUNKA,Ondrej,"TUNKA, Ondrej",2019-01-28,Oceania,Penrith,Heats1,MK1,CZE,,29,16,99.52,4,4,103.52,103.52,,,,,,,,,,,,,,,,,,,,,,,,,,,
f03557d5797aaef9c220bed1473ce497,2026-09-25 13:23:16,Vit PRINDIS,Vit PRINDIS,PRINDIS,Vit,"PRINDIS, Vit",2019-01-28,Oceania,Penrith,Heats1,MK1,CZE,,30,17,103.71,0,0,103.71,103.71,,,,,,,,,,,,,,,,,,,,,,,,,,,
815b7db189e7d36d828485f8c777af3c,2026-09-25 13:23:16,Boris NEVEU,Boris NEVEU,NEVEU,Boris,"NEVEU, Boris",2019-01-28,Oceania,Penrith,Heats1,MK1,FRA,,33,19,104.09,0,0,104.09,104.09,,,,,,,,,,,,,,,,,,,,,,,,,,,
5df3bf688590aedbb9293750e240b9f6,2026-09-25 13:23:16,Pavel EIGEL,Pavel EIGEL,EIGEL,Pavel,"EIGEL, Pavel",2019-01-28,Oceania,Penrith,Heats1,MK1,UZB,,29,40,105.39,2,2,107.39,107.39,,,,,,,,,,,,,,,,,,,,,,,,,,,
1f7463955665befe5edd70826dd7b3a4,2026-09-25 13:23:16,Jakub GRIGAR,Jakub GRIGAR,GRIGAR,Jakub,"GRIGAR, Jakub",2019-01-28,Oceania,Penrith,Heats1,MK1,SVK,,22,46,107.72,4,4,111.72,111.72,,,,,,,,,,,,,,,,,,,,,,,,,,,
37426611ede2812ea423aeefe350872d,2026-09-25 13:23:16,David LLORENTE,David LLORENTE,LLORENTE,David,"LLORENTE, David",2019-01-28,Oceania,Penrith,Heats1,MK1,ESP,,23,47,107.83,4,4,111.83,111.83,,,,,,,,,,,,,,,,,,,,,,,,,,,
6b5babde62f014a1c8dd5e422ec5c3d0,2026-09-25 13:23:16,Pavel EIGEL,Pavel EIGEL,EIGEL,Pavel,"EIGEL, Pavel",2019-01-28,Oceania,Penrith,Heats2,MK1,UZB,,29,2,101.04,0,0,101.04,101.04,,,,,,,,,,,,,,,,,,,,,,,,,,,
4be859128d7627d16815b59c06498c3d,2026-09-25 13:23:16,Jakub GRIGAR,Jakub GRIGAR,GRIGAR,Jakub,"GRIGAR, Jakub",2019-01-28,Oceania,Penrith,Heats2,MK1,SVK,,22,4,101.59,0,0,101.59,101.59,,,,,,,,,,,,,,,,,,,,,,,,,,,
2a975c8917a2e52e810187f88877885c,2026-09-25 13:23:16,David LLORENTE,David LLORENTE,LLORENTE,David,"LLORENTE, David",2019-01-28,Oceania,Penrith,Heats2,MK1,ESP,,23,17,103.23,6,6,109.23,109.23,,,,,,,,,,,,,,,,,,,,,,,,,,,
2d379a60c0634aa591bb3b8e02b5dbf6,2026-09-25 13:23:16,Jakub GRIGAR,Jakub GRIGAR,GRIGAR,Jakub,"GRIGAR, Jakub",2019-01-28,Oceania,Penrith,Semi,MK1,SVK,,22,1,100.57,0,0,100.57,100.57,,,,,,,,,,,,,,,,,,,,,,,,,,,
7cf29771e2acb917ecf3340d7b5cf926,2026-09-25 13:23:16,Boris NEVEU,Boris NEVEU,NEVEU,Boris,"NEVEU, Boris",2019-01-28,Oceania,Penrith,Semi,MK1,FRA,,33,6,103.45,0,0,103.45,103.45,,,,,,,,,,,,,,,,,,,,,,,,,,,
9d6b3e714f95a8c86d728bfcf034527c,2026-09-25 13:23:16,Jiri PRSKAVEC,Jiri PRSKAVEC,PRSKAVEC,Jiri,"PRSKAVEC, Jiri",2019-01-28,Oceania,Penrith,Semi,MK1,CZE,,26,7,101.56,2,2,103.56,103.56,,,,,,,,,,,,,,,,,,,,,,,,,,,
135038a743ce471c187f81d2cc569816,2026-09-25 13:23:16,Peter KAUZER,Peter KAUZER,KAUZER,Peter,"KAUZER, Peter",2019-01-28,Oceania,Penrith,Semi,MK1,SLO,,36,8,103.83,0,0,103.83,103.83,,,,,,,,,,,,,,,,,,,,,,,,,,,
d8c97e788a96419c97dbc977cff4635c,2026-09-25 13:23:16,Giovanni DE GENNARO,Giovanni DE GENNARO,GENNARO,Giovanni DE,"GENNARO, Giovanni DE",2019-01-28,Oceania,Penrith,Semi,MK1,ITA,,27,11,100.39,4,4,104.39,104.39,,,,,,,,,,,,,,,,,,,,,,,,,,,
e0be5c16b689e159f817a70d49092c21,2026-09-25 13:23:16,Ondrej TUNKA,Ondrej TUNKA,TUNKA,Ondrej,"TUNKA, Ondrej",2019-01-28,Oceania,Penrith,Semi,MK1,CZE,,29,13,105.4,0,0,105.4,105.4,,,,,,,,,,,,,,,,,,,,,,,,,,,
a94e8ef32c774145702e5ad361e3bff1,2026-09-25 13:23:16,Hannes AIGNER,Hannes AIGNER,AIGNER,Hannes,"AIGNER, Hannes",2019-01-28,Oceania,Penrith,Semi,MK1,GER,,30,26,104.01,52,52,156.01,156.01,,,,,,,,,,,,,,,,,,,,,,,,,,,
09967b3973351f90c8a9031b2f8fb33b,2026-09-25 13:23:16,Pavel EIGEL,Pavel EIGEL,EIGEL,Pavel,"EIGEL, Pavel",2019-01-28,Oceania,Penrith,Semi,MK1,UZB,,29,29,107.17,50,50,157.17,157.17,,,,,,,,,,,,,,,,,,,,,,,,,,,
b1a57f569abbdb5756bc76354db82540,2026-09-25 13:23:16,Vit PRINDIS,Vit PRINDIS,PRINDIS,Vit,"PRINDIS, Vit",2019-01-28,Oceania,Penrith,Semi,MK1,CZE,,30,31,103.68,54,54,157.68,157.68,,,,,,,,,,,,,,,,,,,,,,,,,,,
d656acad98d7cdd36aac484d64eb8f0f,2026-09-25 13:23:16,Jakub GRIGAR,Jakub GRIGAR,GRIGAR,Jakub,"GRIGAR, Jakub",2019-01-28,Oceania,Penrith,Final,MK1,SVK,,22,2,99.96,0,0,99.96,99.96,,,,,,,,,,,,,,,,,,,,,,,,,,,
7cf3ca37a62e248af337db014009cae5,2026-09-25 13:23:16,Boris NEVEU,Boris NEVEU,NEVEU,Boris,"NEVEU, Boris",2019-01-28,Oceania,Penrith,Final,MK1,FRA,,33,3,100.68,0,0,100.68,100.68,,,,,,,,,,,,,,,,,,,,,,,,,,,
0f55711afb6c6fa5e35b98dd0e96d19d,2026-09-25 13:23:16,Peter KAUZER,Peter KAUZER,KAUZER,Peter,"KAUZER, Peter",2019-01-28,Oceania,Penrith,Final,MK1,SLO,,36,6,103.69,0,0,103.69,103.69,,,,,,,,,,,,,,,,,,,,,,,,,,,
4c8190674a48777f566f7593b1b9e3a1,2026-09-25 13:23:16,Jiri PRSKAVEC,Jiri PRSKAVEC,PRSKAVEC,Jiri,"PRSKAVEC, Jiri",2019-01-28,Oceania,Penrith,Final,MK1,CZE,,26,10,101.3,100,100,201.3,201.3,,,,,,,,,,,,,,,,,,,,,,,,,,,
107054de92f8d94b33f4afd174dc7ee8,2026-09-25 13:23:16,David LLORENTE,David LLORENTE,LLORENTE,David,"LLORENTE, David",2020-01-28,Oceania,Werro,Heats1,MK1,ESP,,24,8,89.4,4,4,93.4,93.4,,,,,,,,,,,,,,,,,,,,,,,,,,,
26a7ffb5333b55967686347b03b3f273,2026-09-25 13:23:16,Pau ECHANIZ,Pau ECHANIZ,ECHANIZ,Pau,"ECHANIZ, Pau",2020-01-28,Oceania,Werro,Heats1,MK1,ESP,,19,9,91.46,2,2,93.46,93.46,,,,,,,,,,,,,,,,,,,,,,,,,,,
8dda31b82e39ece7f6dfc1f76d154668,2026-09-25 13:23:16,Pau ECHANIZ,Pau ECHANIZ,ECHANIZ,Pau,"ECHANIZ, Pau",2020-01-28,Oceania,Werro,Semi,MK1,ESP,,19,12,103.09,0,0,103.09,103.09,,,,,,,,,,,,,,,,,,,,,,,,,,,
d51d70b9e0b4e19d68ab3261d4e02980,2026-09-25 13:23:16,David LLORENTE,David LLORENTE,LLORENTE,David,"LLORENTE, David",2020-01-28,Oceania,Werro,Semi,MK1,ESP,,24,37,94,104,104,198,198.0,,,,,,,,,,,,,,,,,,,,,,,,,,,
b16a7bee0456aa3d58ef7fa939105a44,2026-09-25 13:23:16,Mathis SOUDI,Mathis SOUDI,SOUDI,Mathis,"SOUDI, Mathis",2023-02-10,Penrith Open,Penrith,Heats1,MK1,MAR,,24,10,87.98,0,0,87.98,87.98,,,,,,,,,,,,,,,,,,,,,,,,,,,
