RECORD_ID,LOADED_AT,ATHLETE_NAME_ORIGINAL,ATHLETE_LAST_NAME,ATHLETE_FIRST_NAME,RELEASE_DATE,YEAR,CLASS,COUNTRY,AGE,RANK,RANK_POINTS,POINTSR1,POINTSR2,POINTSR3,POINTSR4,POINTSR5,POINTSR6,POINTSR7,POINTSR8,POINTSR9,POINTSR10,POINTSR11,POINTSR12,POINTSR13,POINTSR14,POINTSR15,POINTSR16,POINTSR17,POINTSR18,POINTSR19,POINTSR20,POINTSR21,POINTSR22,POINTSR23,POINTSR24,POINTSR25,POINTSR26,POINTSR27,POINTSR28,POINTSR29,POINTSR30,POINTSR31,POINTSR32,POINTSR33,POINTSR34,POINTSR35,POINTSR36,POINTSR37,POINTSR38,POINTSR39,POINTSR40,POINTSR41,POINTSR42,POINTSR43,POINTSR44,POINTSR45,POINTSR46,POINTSR47,POINTSR48,POINTSR49,POINTSR50,POINTSR51,POINTSR52,POINTSR53,POINTSR54,POINTSR55,POINTSR56,POINTSR57,POINTSR58,POINTSR59,POINTSR60,POINTSR61,POINTSR62,POINTSR63,POINTSR64,POINTSR65,POINTSR66,POINTSR67,POINTSR68,POINTSR69,POINTSR70,POINTSR71,POINTSR72,POINTSR73,POINTSR74,POINTSR75,POINTSR76,POINTSR77,POINTSR78,POINTSR79,POINTSR80,POINTSR81,POINTSR82,POINTSR83,POINTSR84,POINTSR85,POINTSR86,POINTSR87,POINTSR88,POINTSR89,POINTSR90,POINTSR91,POINTSR92,POINTSR93,POINTSR94,POINTSR95,POINTSR96,POINTSR97,POINTSR98,POINTSR99,POINTSR100
17f0f7b18af744b683c6b3b31583ab1d,1778586295805429,Boris NEVEU,NEVEU,Boris,2025-10-15,2025,MK1,FRA,39,468,115.12,None,None,None,None,None,None,None,None,None,None,None,None,None,None,None,None,None,None,None,None,None,None,None,None,None,None,None,None,None,None,None,None,None,None,None,None,None,None,None,None,None,None,None,None,None,None,None,None,None,None,None,None,None,None,None,None,None,None,None,None,None,211.54;Pyrenees Cup Pau 2024; qp:11.54,None,120.08;Pyrenees Cup La Seu 2024; qp:8.35,None,None,13.73;ICF World ranking Ile de la Reunion 2024; qp:8.57,None,None,None,None,None,None,None,None,None,None,None,None,None,None,None,None,None,None,None,None,None,None,None,None,None,None,None,None,None,None,None,None,None
104d6cb27b9eb1b01480d825f66af30c,1778586295805429,Boris NEVEU,NEVEU,Boris,2025-09-10,2025,MK1,FRA,39,347,91.64,None,None,None,None,None,None,None,None,None,None,None,None,None,None,None,None,None,None,None,None,None,None,None,None,None,None,None,None,None,None,None,None,None,None,None,None,None,None,None,None,None,None,None,None,None,None,None,None,None,None,None,None,None,None,None,None,None,None,None,None,211.54;Pyrenees Cup Pau 2024; qp:11.54,None,120.08;Pyrenees Cup La Seu 2024; qp:8.35,None,None,13.73;ICF World ranking Ile de la Reunion 2024; qp:8.57,None,None,None,21.21;World Championships Lee Valley 2023; qp:0,None,None,None,None,None,None,None,None,None,None,None,None,None,None,None,None,None,None,None,None,None,None,None,None,None,None,None,None,None,None
363cd396db31e63fcad4ddc250a61c2f,1778586295805429,Boris NEVEU,NEVEU,Boris,2025-07-01,2025,MK1,FRA,39,141,40,None,None,None,None,None,None,None,None,None,None,None,None,None,None,None,None,None,None,None,None,None,None,None,None,None,None,None,None,None,None,None,None,None,None,None,None,None,None,None,None,None,None,None,None,None,None,None,None,None,None,211.54;Pyrenees Cup Pau 2024; qp:11.54,None,120.08;Pyrenees Cup La Seu 2024; qp:8.35,None,None,13.73;ICF World ranking Ile de la Reunion 2024; qp:8.57,None,None,None,None,None,None,None,28.95;World Cup Vaires sur Marne 2023; qp:0,21.21;World Championships Lee Valley 2023; qp:0,16.01;World Cup La Seu 2023; qp:0,None,None,None,None,None,None,None,None,None,None,None,None,None,None,None,None,None,None,None,None,None,None,None,None,None,None,None,None,None,None,None,None,None,None
abcae84b8e30144d01b996c241343bf5,1778586295805429,Boris NEVEU,NEVEU,Boris,2025-05-30,2025,MK1,FRA,39,52,19.78,None,None,None,None,None,None,None,None,None,None,None,None,None,None,None,None,None,None,None,None,None,None,None,None,None,None,None,None,None,None,None,None,None,None,None,None,None,None,None,None,None,None,None,None,None,None,None,211.54;Pyrenees Cup Pau 2024; qp:11.54,None,120.08;Pyrenees Cup La Seu 2024; qp:8.35,None,None,13.73;ICF World ranking Ile de la Reunion 2024; qp:8.57,None,None,None,None,None,None,None,28.95;World Cup Vaires sur Marne 2023; qp:0,21.21;World Championships Lee Valley 2023; qp:0,16.01;World Cup La Seu 2023; qp:0,None,None,None,None,None,None,None,18.99;World Cup Prague 2023; qp:0,28.99;World Cup Augsburg 2023; qp:0,None,None,None,None,None,None,None,None,None,None,None,None,None,None,None,None,None,None,None,None,None,None,None,None,None,None,None,None
ea73d27783b2c7d86262748e0920f788,1778586295805429,Boris NEVEU,NEVEU,Boris,2025-04-03,2025,MK1,FRA,39,48,18.42,None,None,None,None,None,None,None,None,None,None,None,None,None,None,None,None,None,None,None,None,None,None,None,None,None,None,None,None,None,None,None,None,None,None,None,None,211.54;Pyrenees Cup Pau 2024; qp:11.54,None,120.08;Pyrenees Cup La Seu 2024; qp:8.35,None,None,13.73;ICF World ranking Ile de la Reunion 2024; qp:8.57,None,None,None,None,None,None,None,28.95;World Cup Vaires sur Marne 2023; qp:0,21.21;World Championships Lee Valley 2023; qp:0,16.01;World Cup La Seu 2023; qp:0,None,None,None,None,None,22.14;ICF World ranking Krakow 2023; qp:0.71,None,None,18.99;World Cup Prague 2023; qp:0,28.99;World Cup Augsburg 2023; qp:0,None,None,None,None,None,None,None,None,None,None,None,None,None,None,None,None,None,None,None,None,None,None,None,None,None,None,None,None,None,None,None,None,None,None,None,None,None,None
3bd27aea27ae4753caac829b8841cf90,1778586295805429,Boris NEVEU,NEVEU,Boris,2024-09-25,2024,MK1,FRA,38,42,18.42,None,None,None,None,None,None,None,None,None,None,None,None,None,None,None,None,211.54;Pyrenees Cup Pau 2024; qp:11.54,None,120.08;Pyrenees Cup La Seu 2024; qp:8.35,None,None,13.73;ICF World ranking Ile de la Reunion 2024; qp:8.57,None,None,None,None,None,None,None,28.95;World Cup Vaires sur Marne 2023; qp:0,21.21;World Championships Lee Valley 2023; qp:0,16.01;World Cup La Seu 2023; qp:0,None,None,None,None,None,22.14;ICF World ranking Krakow 2023; qp:0.71,None,None,18.99;World Cup Prague 2023; qp:0,28.99;World Cup Augsburg 2023; qp:0,None,None,None,None,None,None,None,None,None,None,None,None,None,None,None,None,None,None,None,None,None,None,None,None,None,None,None,None,None,None,None,None,None,None,None,None,None,None,None,None,None,None,None,None,None,None,None,None,None,None,None,None,None,None,None,None,None,None
022e2edb6dfc0e329222b5e4ea1401b6,1778586295805429,Boris NEVEU,NEVEU,Boris,2024-06-20,2024,MK1,FRA,38,20,10.27,None,None,None,None,None,None,None,None,None,None,None,None,120.08;Pyrenees Cup La Seu 2024; qp:8.35,None,None,13.73;ICF World ranking Ile de la Reunion 2024; qp:8.57,None,None,None,None,None,None,None,28.95;World Cup Vaires sur Marne 2023; qp:0,21.21;World Championships Lee Valley 2023; qp:0,16.01;World Cup La Seu 2023; qp:0,None,None,None,None,None,22.14;Euros Krakow 2023; qp:0.71,None,None,18.99;World Cup Prague 2023; qp:0,28.99;World Cup Augsburg 2023; qp:0,None,None,None,None,None,None,None,None,None,None,None,None,21.14;ICF World ranking Lee Valley 2022; qp:0.96,None,26.18;World Cup La Seu 2022; qp:0,1.07;World Cup Pau 2022; qp:0,None,1.54;World Championships Augsburg 2022; qp:0,None,None,None,None,None,None,None,None,None,None,None,None,None,None,None,None,None,None,None,None,None,None,None,None,None,None,None,None,None,None,None,None,None,None,None,None,None,None,None,None,None,None,None,None,None,None
da46291f50561ef6200616da6d7916c4,1778586295805429,Boris NEVEU,NEVEU,Boris,2024-05-22,2024,MK1,FRA,38,15,9.35,None,None,None,None,None,None,None,120.08;Pyrenees Cup La Seu 2024; qp:8.35,None,None,13.73;ICF World ranking Ile de la Reunion 2024; qp:8.57,None,None,None,None,None,None,None,28.95;World Cup Vaires sur Marne 2023; qp:0,21.21;World Championships Lee Valley 2023; qp:0,16.01;World Cup La Seu 2023; qp:0,None,None,None,None,None,22.14;Euros Krakow 2023; qp:0.71,None,None,18.99;World Cup Prague 2023; qp:0,28.99;World Cup Augsburg 2023; qp:0,None,None,None,None,None,None,None,None,None,None,None,None,21.14;ICF World ranking Lee Valley 2022; qp:0.96,None,26.18;World Cup La Seu 2022; qp:0,1.07;World Cup Pau 2022; qp:0,None,1.54;World Championships Augsburg 2022; qp:0,None,None,None,16.31;World Cup Krakow 2022; qp:0,14.39;World Cup Prague 2022; qp:0,None,None,None,None,None,None,None,None,None,None,None,None,None,None,None,None,None,None,None,None,None,None,None,None,None,None,None,None,None,None,None,None,None,None,None,None,None,None,None,None,None,None,None,None,None,None
ad70fb9662a6d3cb57fa85ba09489b1b,1778586295805429,Boris NEVEU,NEVEU,Boris,2023-11-16,2023,MK1,FRA,37,17,9.86,None,None,None,None,28.95;World Cup Vaires sur Marne 2023; qp:0,21.21;World Championships Lee Valley 2023; qp:0,16.01;World Cup La Seu 2023; qp:0,None,None,None,None,None,22.14;Euros Krakow 2023; qp:0.71,None,None,18.99;World Cup Prague 2023; qp:0,28.99;World Cup Augsburg 2023; qp:0,None,None,None,None,None,None,None,None,None,None,None,None,21.14;ICF World ranking Lee Valley 2022; qp:0.96,None,26.18;World Cup La Seu 2022; qp:0,1.07;World Cup Pau 2022; qp:0,None,1.54;World Championships Augsburg 2022; qp:0,None,None,None,16.31;World Cup Krakow 2022; qp:0,14.39;World Cup Prague 2022; qp:0,None,None,None,None,None,None,None,None,None,None,None,None,None,None,None,None,None,None,None,None,None,None,None,None,None,None,None,None,None,None,None,None,None,None,None,None,None,None,None,None,None,None,None,None,None,None,None,None,None,None,None,None,None,None,None,None,None,None,None,None
6c24405be0e9fd082bb39b46312a42ec,1778586295805429,Boris NEVEU,NEVEU,Boris,2023-09-04,2023,MK1,FRA,37,5,1.45,16.01;World Cup La Seu 2023; qp:0,None,None,None,None,None,22.14;Euros Krakow 2023; qp:0.71,None,None,18.99;World Cup Prague 2023; qp:0,28.99;World Cup Augsburg 2023; qp:0,None,None,None,None,None,None,None,None,None,None,None,None,21.14;ICF World ranking Lee Valley 2022; qp:0.96,None,26.18;World Cup La Seu 2022; qp:0,1.07;World Cup Pau 2022; qp:0,None,1.54;World Championships Augsburg 2022; qp:0,None,None,None,16.31;World Cup Krakow 2022; qp:0,14.39;World Cup Prague 2022; qp:0,None,None,None,None,None,None,None,None,None,None,None,None,None,None,0;World Championships Bratislava 2021; qp:0,2.24;World Cup Pau 2021; qp:0,2.41;World Cup La Seu 2021; qp:0,10.91;Olympic Games Tokyo 2021; qp:0,None,None,None,22.2;World Championships La Seu 2019; qp:0,5.81;World Cup Prague 2019; qp:0,None,None,None,None,None,None,None,None,None,None,None,None,None,None,None,None,None,None,None,None,None,None,None,None,None,None,None,None,None,None,None,None,None,None,None,None,None,None,None,None,None,None,None
33b1c2bdb880689b36636a615305e4c2,1778586295805429,Boris NEVEU,NEVEU,Boris,2023-07-03,2023,MK1,FRA,37,5,1.45,None,18.99;World Cup Prague 2023; qp:0,28.99;World Cup Augsburg 2023; qp:0,None,None,None,None,None,None,None,None,None,None,None,None,21.14;ICF World ranking Lee Valley 2022; qp:0.96,None,26.18;World Cup La Seu 2022; qp:0,1.07;World Cup Pau 2022; qp:0,None,1.54;World Championships Augsburg 2022; qp:0,None,None,None,16.31;World Cup Krakow 2022; qp:0,14.39;World Cup Prague 2022; qp:0,None,None,None,None,None,None,None,None,None,None,None,None,None,None,0;World Championships Bratislava 2021; qp:0,2.24;World Cup Pau 2021; qp:0,2.41;World Cup La Seu 2021; qp:0,10.91;Olympic Games Tokyo 2021; qp:0,None,None,None,22.2;World Championships La Seu 2019; qp:0,5.81;World Cup Prague 2019; qp:0,12.48;World Cup Markkleeberg 2019; qp:0,None,None,None,None,None,None,None,None,None,None,None,None,None,None,None,None,None,None,None,None,None,None,None,None,None,None,None,None,None,None,None,None,None,None,None,None,None,None,None,None,None,None,None,None,None,None,None,None,None,None
463e8f3f1cb2b1e2485b294b6c0f504c,1778586295805429,Boris NEVEU,NEVEU,Boris,2023-05-29,2023,MK1,FRA,37,5,1.45,None,None,None,None,None,None,None,None,None,None,None,21.14;ICF World ranking Lee Valley 2022; qp:0.96,None,26.18;World Cup La Seu 2022; qp:0,1.07;World Cup Pau 2022; qp:0,None,1.54;World Championships Augsburg 2022; qp:0,None,None,None,16.31;World Cup Krakow 2022; qp:0,14.39;World Cup Prague 2022; qp:0,None,None,None,None,None,None,None,None,None,None,None,None,None,None,0;World Championships Bratislava 2021; qp:0,2.24;World Cup Pau 2021; qp:0,2.41;World Cup La Seu 2021; qp:0,10.91;Olympic Games Tokyo 2021; qp:0,None,None,None,22.2;World Championships La Seu 2019; qp:0,5.81;World Cup Prague 2019; qp:0,12.48;World Cup Markkleeberg 2019; qp:0,None,None,None,None,None,None,None,2.69;World Cup Bratislava 2019; qp:0,19.74;World Cup Lee Valley 2019; qp:0,None,None,None,None,None,None,None,None,None,None,None,None,None,None,None,None,None,None,None,None,None,None,None,None,None,None,None,None,None,None,None,None,None,None,None,None,None,None,None,None,None,None,None,None,None
9032fcb0ef200b487768fce48ca73af1,1778586295805429,Boris NEVEU,NEVEU,Boris,2022-09-23,2022,MK1,FRA,36,5,1.45,21.14;ICF World ranking Lee Valley 2022; qp:0.96,None,26.18;World Cup La Seu 2022; qp:0,1.07;World Cup Pau 2022; qp:0,None,1.54;World Championships Augsburg 2022; qp:0,None,None,None,16.31;World Cup Krakow 2022; qp:0,14.39;World Cup Prague 2022; qp:0,None,None,None,None,None,None,None,None,None,None,None,None,None,None,0;World Championships Bratislava 2021; qp:0,2.24;World Cup Pau 2021; qp:0,2.41;World Cup La Seu 2021; qp:0,10.91;Olympic Games Tokyo 2021; qp:0,None,None,None,22.2;World Championships La Seu 2019; qp:0,5.81;World Cup Prague 2019; qp:0,12.48;World Cup Markkleeberg 2019; qp:0,None,None,None,None,None,None,None,2.69;World Cup Bratislava 2019; qp:0,19.74;World Cup Lee Valley 2019; qp:0,None,None,None,None,None,None,None,None,None,4.14;Oceania Championships Penrith 2019; qp:2.13,None,None,None,None,None,None,None,None,None,None,None,None,None,None,None,None,None,None,None,None,None,None,None,None,None,None,None,None,None,None,None,None,None,None,None,None,None,None,None,None,None,None,None,None,None,None
dbb757c1f2be3640994a086c4121b474,1778586295805429,Boris NEVEU,NEVEU,Boris,2022-08-01,2022,MK1,FRA,36,5,1.78,None,1.54;World Championships Augsburg 2022; qp:0,None,None,None,16.31;World Cup Krakow 2022; qp:0,14.39;World Cup Prague 2022; qp:0,None,None,None,None,None,None,None,None,None,None,None,None,None,None,0;World Championships Bratislava 2021; qp:0,2.24;World Cup Pau 2021; qp:0,2.41;World Cup La Seu 2021; qp:0,10.91;Olympic Games Tokyo 2021; qp:0,None,None,None,22.2;World Championships La Seu 2019; qp:0,5.81;World Cup Prague 2019; qp:0,12.48;World Cup Markkleeberg 2019; qp:0,None,None,None,None,None,None,None,2.69;World Cup Bratislava 2019; qp:0,19.74;World Cup Lee Valley 2019; qp:0,None,None,None,None,None,None,None,None,None,4.14;Oceania Championships Penrith 2019; qp:2.13,None,None,None,"5.25;World Championships Deodoro, Rio 2018; qp:0",None,13.9;World Cup La Seu 2018; qp:0,None,None,None,None,None,None,None,None,None,None,None,None,None,None,None,None,None,None,None,None,None,None,None,None,None,None,None,None,None,None,None,None,None,None,None,None,None,None,None,None,None,None,None,None
e7c121249edd5e2a1d109c0441071274,1778586295805429,Boris NEVEU,NEVEU,Boris,2022-05-01,2022,MK1,FRA,36,5,2.3,None,None,None,None,None,None,None,None,None,None,None,0;World Championships Bratislava 2021; qp:0,2.24;World Cup Pau 2021; qp:0,2.41;World Cup La Seu 2021; qp:0,10.91;Olympic Games Tokyo 2021; qp:0,None,None,None,22.2;World Championships La Seu 2019; qp:0,5.81;World Cup Prague 2019; qp:0,12.48;World Cup Markkleeberg 2019; qp:0,None,None,None,None,None,None,None,2.69;World Cup Bratislava 2019; qp:0,19.74;World Cup Lee Valley 2019; qp:0,None,None,None,None,None,None,None,None,None,4.14;Oceania Championships Penrith 2019; qp:2.13,None,None,None,"5.25;World Championships Deodoro, Rio 2018; qp:0",None,13.9;World Cup La Seu 2018; qp:0,None,None,None,None,None,None,None,None,5.25;World Cup Augsburg 2018; qp:0,18.51;World Cup Krakow 2018; qp:0,15.96;World Cup Liptovsky Mikulas 2018; qp:0,None,None,None,None,None,None,None,None,None,None,None,None,None,None,None,None,None,None,None,None,None,None,None,None,None,None,None,None,None,None,None,None,None,None,None,None,None,None,None,None,None,None,None
cbba68172f2cdc97aac44303603c85a4,1778586295805429,Boris NEVEU,NEVEU,Boris,2021-11-01,2021,MK1,FRA,35,5,2.3,0;World Championships Bratislava 2021; qp:0,2.24;World Cup Pau 2021; qp:0,2.41;World Cup La Seu 2021; qp:0,10.91;Olympic Games Tokyo 2021; qp:0,None,None,None,22.2;World Championships La Seu 2019; qp:0,5.81;World Cup Prague 2019; qp:0,12.48;World Cup Markkleeberg 2019; qp:0,None,None,None,None,None,None,None,2.69;World Cup Bratislava 2019; qp:0,19.74;World Cup Lee Valley 2019; qp:0,None,None,None,None,None,None,None,None,None,4.14;Oceania Championships Penrith 2019; qp:2.13,None,None,None,"5.25;World Championships Deodoro, Rio 2018; qp:0",None,13.9;World Cup La Seu 2018; qp:0,None,None,None,None,None,None,None,None,5.25;World Cup Augsburg 2018; qp:0,18.51;World Cup Krakow 2018; qp:0,15.96;World Cup Liptovsky Mikulas 2018; qp:0,None,None,None,None,None,None,None,None,None,None,None,None,None,None,None,None,None,None,None,None,None,None,None,None,None,None,None,None,None,None,None,None,None,None,None,None,None,None,None,None,None,None,None,None,None,None,None,None,None,None,None,None,None,None
fa29948d5e8ce7c36a28025915575064,1778586295805429,Boris NEVEU,NEVEU,Boris,2021-09-10,2021,MK1,FRA,35,6,3.35,2.24;World Cup Pau 2021; qp:0,2.41;World Cup La Seu 2021; qp:0,10.91;Olympic Games Tokyo 2021; qp:0,None,None,None,22.2;World Championships La Seu 2019; qp:0,5.81;World Cup Prague 2019; qp:0,12.48;World Cup Markkleeberg 2019; qp:0,None,None,None,None,None,None,None,2.69;World Cup Bratislava 2019; qp:0,19.74;World Cup Lee Valley 2019; qp:0,None,None,None,None,None,None,None,None,None,4.14;Oceania Championships Penrith 2019; qp:2.13,None,None,None,"5.25;World Championships Deodoro, Rio 2018; qp:0",None,13.9;World Cup La Seu 2018; qp:0,None,None,None,None,None,None,None,None,5.25;World Cup Augsburg 2018; qp:0,18.51;World Cup Krakow 2018; qp:0,15.96;World Cup Liptovsky Mikulas 2018; qp:0,None,None,None,None,None,None,None,None,None,None,None,None,None,None,None,None,None,None,None,None,None,None,None,None,None,None,None,None,None,None,None,None,None,None,None,None,None,None,None,None,None,None,None,None,None,None,None,None,None,None,None,None,None,None,None
5159af4a40f6bf282fd62b903570f76e,1778586295805429,Boris NEVEU,NEVEU,Boris,2020-02-01,2020,MK1,FRA,34,8,4.63,None,None,None,22.2;World Championships La Seu 2019; qp:0,5.81;World Cup Prague 2019; qp:0,12.48;World Cup Markkleeberg 2019; qp:0,None,None,None,None,None,None,None,2.69;World Cup Bratislava 2019; qp:0,19.74;World Cup Lee Valley 2019; qp:0,None,None,None,None,None,None,None,None,None,4.14;Oceania Championships Penrith 2019; qp:2.13,None,None,None,"5.25;World Championships Deodoro, Rio 2018; qp:0",None,13.9;World Cup La Seu 2018; qp:0,None,None,None,None,None,None,None,None,5.25;World Cup Augsburg 2018; qp:0,18.51;World Cup Krakow 2018; qp:0,15.96;World Cup Liptovsky Mikulas 2018; qp:0,None,None,None,None,None,None,None,None,None,11.48;ICF World ranking Penrith 2018; qp:1.54,None,None,None,None,None,None,None,None,None,None,None,None,None,None,None,None,None,None,None,None,None,None,None,None,None,None,None,None,None,None,None,None,None,None,None,None,None,None,None,None,None,None,None,None,None,None,None,None
a05afd5d731e155204a5e5841020344b,1778586295805429,Boris NEVEU,NEVEU,Boris,2019-09-25,2019,MK1,FRA,33,8,4.63,22.2;World Championships La Seu 2019; qp:0,5.81;World Cup Prague 2019; qp:0,12.48;World Cup Markkleeberg 2019; qp:0,None,None,None,None,None,None,None,2.69;World Cup Bratislava 2019; qp:0,19.74;World Cup Lee Valley 2019; qp:0,None,None,None,None,None,None,None,None,None,4.14;Oceania Championships Penrith 2019; qp:2.13,None,None,None,"5.25;World Championships Deodoro, Rio 2018; qp:0",None,13.9;World Cup La Seu 2018; qp:0,None,None,None,None,None,None,None,None,5.25;World Cup Augsburg 2018; qp:0,18.51;World Cup Krakow 2018; qp:0,15.96;World Cup Liptovsky Mikulas 2018; qp:0,None,None,None,None,None,None,None,None,None,11.48;ICF World ranking Penrith 2018; qp:1.54,None,None,None,None,None,None,None,None,None,None,None,None,None,None,None,None,None,None,None,None,None,None,None,None,None,None,None,None,None,None,None,None,None,None,None,None,None,None,None,None,None,None,None,None,None,None,None,None,None,None,None
ba4c94420e1abc08727b2ceb13b628db,1778586295805429,Boris NEVEU,NEVEU,Boris,2019-09-06,2019,MK1,FRA,33,8,3.68,5.81;World Cup Prague 2019; qp:0,12.48;World Cup Markkleeberg 2019; qp:0,None,None,None,None,None,None,None,2.69;World Cup Bratislava 2019; qp:0,19.74;World Cup Lee Valley 2019; qp:0,None,None,None,None,None,None,None,None,None,4.14;Oceania Championships Penrith 2019; qp:2.13,None,None,None,"5.25;World Championships Deodoro, Rio 2018; qp:0",None,13.9;World Cup La Seu 2018; qp:0,None,None,None,None,None,None,None,None,5.25;World Cup Augsburg 2018; qp:0,18.51;World Cup Krakow 2018; qp:0,15.96;World Cup Liptovsky Mikulas 2018; qp:0,None,None,None,None,None,None,None,None,None,11.48;ICF World ranking Penrith 2018; qp:1.54,None,None,1.09;World Championships Pau 2017; qp:0,None,None,None,None,None,None,None,None,None,None,None,None,None,None,None,None,None,None,None,None,None,None,None,None,None,None,None,None,None,None,None,None,None,None,None,None,None,None,None,None,None,None,None,None,None,None,None,None,None
6989092dfcaaaf414b2fd8dcc65cd202,1778586295805429,Boris NEVEU,NEVEU,Boris,2019-06-28,2019,MK1,FRA,33,5,2.65,None,2.69;World Cup Bratislava 2019; qp:0,19.74;World Cup Lee Valley 2019; qp:0,None,None,None,None,None,None,None,None,None,4.14;Oceania Championships Penrith 2019; qp:2.13,None,None,None,"5.25;World Championships Deodoro, Rio 2018; qp:0",None,13.9;World Cup La Seu 2018; qp:0,None,None,None,None,None,None,None,None,5.25;World Cup Augsburg 2018; qp:0,18.51;World Cup Krakow 2018; qp:0,15.96;World Cup Liptovsky Mikulas 2018; qp:0,None,None,None,None,None,None,None,None,None,11.48;ICF World ranking Penrith 2018; qp:1.54,None,None,1.09;World Championships Pau 2017; qp:0,None,0.07;World Cup La Seu 2017; qp:0,None,None,None,None,None,None,None,None,None,None,None,None,None,None,None,None,None,None,None,None,None,None,None,None,None,None,None,None,None,None,None,None,None,None,None,None,None,None,None,None,None,None,None,None,None,None,None,None,None,None,None,None,None,None,None
a7cea0f7004cf505e0b6569f03af22ff,1778586295805429,Boris NEVEU,NEVEU,Boris,2019-05-11,2019,MK1,FRA,33,7,3.16,None,None,None,None,None,None,None,4.14;Oceania Championships Penrith 2019; qp:2.13,None,None,None,"5.25;World Championships Deodoro, Rio 2018; qp:0",None,13.9;World Cup La Seu 2018; qp:0,None,None,None,None,None,None,None,None,5.25;World Cup Augsburg 2018; qp:0,18.51;World Cup Krakow 2018; qp:0,15.96;World Cup Liptovsky Mikulas 2018; qp:0,None,None,None,None,None,None,None,None,None,11.48;ICF World ranking Penrith 2018; qp:1.54,None,None,None,1.09;World Championships Pau 2017; qp:0,None,0.07;World Cup La Seu 2017; qp:0,None,None,None,None,16.23;World Cup Markkleeberg 2017; qp:0,20.91;World Cup Augsburg 2017; qp:0,None,None,None,None,None,None,None,None,None,None,None,None,None,None,None,None,None,None,None,None,None,None,None,None,None,None,None,None,None,None,None,None,None,None,None,None,None,None,None,None,None,None,None,None,None,None,None,None,None,None,None,None,None
d0537a80f7e61753fc8593d9c896de7b,1778586295805429,Boris NEVEU,NEVEU,Boris,2018-09-25,2018,MK1,FRA,32,8,4.63,"5.25;World Championships Deodoro, Rio 2018; qp:0",None,13.9;World Cup La Seu 2018; qp:0,None,None,None,None,None,None,None,None,5.25;World Cup Augsburg 2018; qp:0,18.51;World Cup Krakow 2018; qp:0,15.96;World Cup Liptovsky Mikulas 2018; qp:0,None,None,None,None,None,None,None,None,None,11.48;ICF World ranking Penrith 2018; qp:1.54,None,None,None,1.09;World Championships Pau 2017; qp:0,None,0.07;World Cup La Seu 2017; qp:0,None,None,None,None,16.23;World Cup Markkleeberg 2017; qp:0,20.91;World Cup Augsburg 2017; qp:0,None,None,None,None,None,None,None,None,None,None,None,None,None,None,None,None,None,None,None,None,None,None,None,None,None,None,None,None,None,None,None,None,None,None,None,None,None,None,None,None,None,None,None,None,None,None,None,None,None,None,None,None,None,None,None,None,None,None,None,None,None,None,None,None
65b3ac05b60ef6251408f14633e3de20,1778586295805429,Boris NEVEU,NEVEU,Boris,2018-09-07,2018,MK1,FRA,32,9,6.36,13.9;World Cup La Seu 2018; qp:0,None,None,None,None,None,None,None,None,5.25;World Cup Augsburg 2018; qp:0,18.51;World Cup Krakow 2018; qp:0,15.96;World Cup Liptovsky Mikulas 2018; qp:0,None,None,None,None,None,None,None,None,None,11.48;ICF World ranking Penrith 2018; qp:1.54,None,None,None,1.09;World Championships Pau 2017; qp:0,None,0.07;World Cup La Seu 2017; qp:0,None,None,None,None,16.23;World Cup Markkleeberg 2017; qp:0,20.91;World Cup Augsburg 2017; qp:0,None,None,None,None,None,None,None,None,None,None,None,None,None,None,None,None,None,None,None,None,None,None,None,None,None,None,None,None,None,None,None,None,None,None,None,None,None,None,None,None,None,None,None,None,None,None,None,None,None,None,None,None,None,None,None,None,None,None,None,None,None,None,None,None,None,None
95a789544b0db22c515b64d75f7b1dad,1778586295805429,Boris NEVEU,NEVEU,Boris,2018-07-06,2018,MK1,FRA,32,11,6.77,5.25;World Cup Augsburg 2018; qp:0,18.51;World Cup Krakow 2018; qp:0,15.96;World Cup Liptovsky Mikulas 2018; qp:0,None,None,None,None,None,None,None,None,None,11.48;ICF World ranking Penrith 2018; qp:1.54,None,None,None,1.09;World Championships Pau 2017; qp:0,None,0.07;World Cup La Seu 2017; qp:0,None,None,None,None,16.23;World Cup Markkleeberg 2017; qp:0,20.91;World Cup Augsburg 2017; qp:0,None,None,None,None,None,None,None,None,None,None,None,None,22.47;World Cup Tacen 2016; qp:0,20.66;World Cup Prague 2016; qp:0,None,None,None,None,None,None,None,None,None,None,None,None,None,None,None,None,None,None,None,None,None,None,None,None,None,None,None,None,None,None,None,None,None,None,None,None,None,None,None,None,None,None,None,None,None,None,None,None,None,None,None,None,None,None,None,None,None,None,None,None,None
984ae2521b190d4a576d0c18deeab2a1,1778586295805429,Boris NEVEU,NEVEU,Boris,2018-06-08,2018,MK1,FRA,32,11,6.31,None,None,None,None,None,None,None,None,None,11.48;ICF World ranking Penrith 2018; qp:1.54,None,None,None,1.09;World Championships Pau 2017; qp:0,None,0.07;World Cup La Seu 2017; qp:0,None,None,None,None,16.23;World Cup Markkleeberg 2017; qp:0,20.91;World Cup Augsburg 2017; qp:0,None,None,None,None,None,None,None,None,None,None,None,None,22.47;World Cup Tacen 2016; qp:0,20.66;World Cup Prague 2016; qp:0,None,None,None,2.66;World Cup Pau 2016; qp:0,None,None,None,None,None,None,None,None,None,None,None,None,None,None,None,None,None,None,None,None,None,None,None,None,None,None,None,None,None,None,None,None,None,None,None,None,None,None,None,None,None,None,None,None,None,None,None,None,None,None,None,None,None,None,None,None,None,None,None,None
c26c77630128ddb81919d4099a3748d4,1778586295805429,Boris NEVEU,NEVEU,Boris,2017-09-27,2017,MK1,FRA,31,15,8.14,1.09;World Championships Pau 2017; qp:0,None,0.07;World Cup La Seu 2017; qp:0,None,None,None,None,16.23;World Cup Markkleeberg 2017; qp:0,20.91;World Cup Augsburg 2017; qp:0,None,None,None,None,None,None,None,None,None,None,None,None,22.47;World Cup Tacen 2016; qp:0,20.66;World Cup Prague 2016; qp:0,None,None,None,2.66;World Cup Pau 2016; qp:0,None,None,None,None,None,None,None,None,None,None,None,None,None,None,None,None,None,None,None,None,None,None,None,None,None,None,None,None,None,None,None,None,None,None,None,None,None,None,None,None,None,None,None,None,None,None,None,None,None,None,None,None,None,None,None,None,None,None,None,None,None,None,None,None,None,None,None,None,None,None,None,None,None
2e81d175ced0cb578edfd1a6098de83b,1778586295805429,Boris NEVEU,NEVEU,Boris,2017-09-08,2017,MK1,FRA,31,20,11.64,0.07;World Cup La Seu 2017; qp:0,None,None,None,None,16.23;World Cup Markkleeberg 2017; qp:0,20.91;World Cup Augsburg 2017; qp:0,None,None,None,None,None,None,None,None,None,None,None,None,22.47;World Cup Tacen 2016; qp:0,20.66;World Cup Prague 2016; qp:0,None,None,None,2.66;World Cup Pau 2016; qp:0,None,None,None,None,None,None,None,None,None,None,None,None,None,18.57;World Championships Lee Valley 2015; qp:0,None,None,None,None,None,None,None,None,None,None,None,None,None,None,None,None,None,None,None,None,None,None,None,None,None,None,None,None,None,None,None,None,None,None,None,None,None,None,None,None,None,None,None,None,None,None,None,None,None,None,None,None,None,None,None,None,None,None,None,None,None
111619483283931c12746dc41aee66f9,1778586295805429,Boris NEVEU,NEVEU,Boris,2017-06-30,2017,MK1,FRA,31,21,10.72,16.23;World Cup Markkleeberg 2017; qp:0,20.91;World Cup Augsburg 2017; qp:0,None,None,None,None,None,None,None,None,None,None,None,None,22.47;World Cup Tacen 2016; qp:0,20.66;World Cup Prague 2016; qp:0,None,None,None,2.66;World Cup Pau 2016; qp:0,None,None,None,None,None,None,None,None,None,None,None,None,None,18.57;World Championships Lee Valley 2015; qp:0,16.16;World Cup Pau 2015; qp:0,0;World Cup La Seu 2015; qp:0,None,None,None,None,None,None,None,None,None,None,None,None,None,None,None,None,None,None,None,None,None,None,None,None,None,None,None,None,None,None,None,None,None,None,None,None,None,None,None,None,None,None,None,None,None,None,None,None,None,None,None,None,None,None,None,None,None,None,None,None,None,None,None,None
0fca96aa22f2be7f1784ea8735cd5299,1778586295805429,Boris NEVEU,NEVEU,Boris,2017-05-26,2017,MK1,FRA,31,7,4.85,None,None,None,None,None,None,None,None,None,None,None,22.47;World Cup Tacen 2016; qp:0,20.66;World Cup Prague 2016; qp:0,None,None,None,2.66;World Cup Pau 2016; qp:0,None,None,None,None,None,None,None,None,None,None,None,None,None,18.57;World Championships Lee Valley 2015; qp:0,16.16;World Cup Pau 2015; qp:0,0;World Cup La Seu 2015; qp:0,None,4.52;World Cup Krakow 2015; qp:0,0.93;World Cup Prague 2015; qp:0,None,None,None,None,None,None,None,None,None,None,None,None,None,None,None,None,None,None,None,None,None,None,None,None,None,None,None,None,None,None,None,None,None,None,None,None,None,None,None,None,None,None,None,None,None,None,None,None,None,None,None,None,None,None,None,None,None,None,None,None,None,None,None,None
666d4a10a274cbd62821136b49b19af5,1778586295805429,Boris NEVEU,NEVEU,Boris,2016-09-09,2016,MK1,FRA,30,8,4.85,22.47;World Cup Tacen 2016; qp:0,20.66;World Cup Prague 2016; qp:0,None,None,None,2.66;World Cup Pau 2016; qp:0,None,None,None,None,None,None,None,None,None,None,None,None,None,18.57;World Championships Lee Valley 2015; qp:0,16.16;World Cup Pau 2015; qp:0,0;World Cup La Seu 2015; qp:0,None,None,4.52;World Cup Krakow 2015; qp:0,0.93;World Cup Prague 2015; qp:0,None,None,None,None,None,None,None,None,None,None,None,None,None,None,None,None,None,None,None,None,None,None,None,None,None,None,None,None,None,None,None,None,None,None,None,None,None,None,None,None,None,None,None,None,None,None,None,None,None,None,None,None,None,None,None,None,None,None,None,None,None,None,None,None,None,None,None,None,None,None,None,None,None,None
6b56a20bef7cbf6fb89497400dfaf56e,1778586295805429,Boris NEVEU,NEVEU,Boris,2016-08-07,2016,MK1,FRA,30,1,0.74,None,None,None,2.66;World Cup Pau 2016; qp:0,None,None,None,None,None,None,None,None,None,None,None,None,None,18.57;World Championships Lee Valley 2015; qp:0,16.16;World Cup Pau 2015; qp:0,0;World Cup La Seu 2015; qp:0,None,None,4.52;World Cup Krakow 2015; qp:0,0.93;World Cup Prague 2015; qp:0,None,None,None,None,None,None,None,None,None,None,None,None,0;World Championships Deep Creek 2014; qp:0,11.63;World Cup Augsburg 2014; qp:0,0.1;World Cup La Seu 2014; qp:0,None,None,None,None,None,None,None,None,None,None,None,None,None,None,None,None,None,None,None,None,None,None,None,None,None,None,None,None,None,None,None,None,None,None,None,None,None,None,None,None,None,None,None,None,None,None,None,None,None,None,None,None,None,None,None,None,None,None,None,None,None
6dec17d022f9fe7bfe04019cf443f771,1778586295805429,Boris NEVEU,NEVEU,Boris,2016-06-17,2016,MK1,FRA,30,1,0.74,2.66;World Cup Pau 2016; qp:0,None,None,None,None,None,None,None,None,None,None,None,None,None,18.57;World Championships Lee Valley 2015; qp:0,16.16;World Cup Pau 2015; qp:0,0;World Cup La Seu 2015; qp:0,None,None,4.52;World Cup Krakow 2015; qp:0,0.93;World Cup Prague 2015; qp:0,None,None,None,None,None,None,None,None,None,None,None,None,0;World Championships Deep Creek 2014; qp:0,11.63;World Cup Augsburg 2014; qp:0,0.1;World Cup La Seu 2014; qp:0,None,None,None,None,None,None,None,None,None,None,None,None,None,None,None,None,None,None,None,None,None,None,None,None,None,None,None,None,None,None,None,None,None,None,None,None,None,None,None,None,None,None,None,None,None,None,None,None,None,None,None,None,None,None,None,None,None,None,None,None,None,None,None,None
c0d42d8a7be5568b029b849ef921de10,1778586295805429,Boris NEVEU,NEVEU,Boris,2016-04-30,2016,MK1,FRA,30,1,0.21,None,None,None,None,None,None,None,None,None,None,18.57;World Championships Lee Valley 2015; qp:0,16.16;World Cup Pau 2015; qp:0,0;World Cup La Seu 2015; qp:0,None,None,4.52;World Cup Krakow 2015; qp:0,0.93;World Cup Prague 2015; qp:0,None,None,None,None,None,None,None,None,None,None,None,None,0;World Championships Deep Creek 2014; qp:0,None,11.63;World Cup Augsburg 2014; qp:0,0.1;World Cup La Seu 2014; qp:0,None,None,None,0;World Cup Lee Valley 2014; qp:0,None,None,None,None,None,None,None,None,None,None,None,None,None,None,None,None,None,None,None,None,None,None,None,None,None,None,None,None,None,None,None,None,None,None,None,None,None,None,None,None,None,None,None,None,None,None,None,None,None,None,None,None,None,None,None,None,None,None,None,None,None,None,None
2d4fde293f613bcbed3f28bc5d4ff0d8,1778586295805429,Boris NEVEU,NEVEU,Boris,2015-09-16,2015,MK1,FRA,29,1,0.21,18.57;World Championships Lee Valley 2015; qp:0,16.16;World Cup Pau 2015; qp:0,0;World Cup La Seu 2015; qp:0,None,None,4.52;World Cup Krakow 2015; qp:0,0.93;World Cup Prague 2015; qp:0,None,None,None,None,None,None,None,None,None,None,None,None,0;World Championships Deep Creek 2014; qp:0,None,11.63;World Cup Augsburg 2014; qp:0,0.1;World Cup La Seu 2014; qp:0,None,None,None,None,0;World Cup Lee Valley 2014; qp:0,None,None,None,None,None,None,None,None,None,None,None,None,None,None,None,None,None,None,None,None,None,None,None,None,None,None,None,None,None,None,None,None,None,None,None,None,None,None,None,None,None,None,None,None,None,None,None,None,None,None,None,None,None,None,None,None,None,None,None,None,None,None,None,None,None,None,None,None,None,None,None,None
c0ca56879097d3b567978de7c8cac41b,1778586295805429,Boris NEVEU,NEVEU,Boris,2015-08-14,2015,MK1,FRA,29,1,0.21,16.16;World Cup Pau 2015; qp:0,0;World Cup La Seu 2015; qp:0,None,None,4.52;World Cup Krakow 2015; qp:0,0.93;World Cup Prague 2015; qp:0,None,None,None,None,None,None,None,None,None,None,None,None,0;World Championships Deep Creek 2014; qp:0,None,11.63;World Cup Augsburg 2014; qp:0,0.1;World Cup La Seu 2014; qp:0,None,None,None,None,0;World Cup Lee Valley 2014; qp:0,None,None,None,None,None,None,None,None,None,None,None,None,15.31;World Championships Prague 2013; qp:0,None,None,None,None,None,None,None,None,None,None,None,None,None,None,None,None,None,None,None,None,None,None,None,None,None,None,None,None,None,None,None,None,None,None,None,None,None,None,None,None,None,None,None,None,None,None,None,None,None,None,None,None,None,None,None,None,None,None,None,None
bfed45c2a4bf5a6a10c562aad536f5f5,1778586295805429,Boris NEVEU,NEVEU,Boris,2015-07-03,2015,MK1,FRA,29,1,1.11,None,4.52;World Cup Krakow 2015; qp:0,0.93;World Cup Prague 2015; qp:0,None,None,None,None,None,None,None,None,None,None,None,None,0;World Championships Deep Creek 2014; qp:0,None,11.63;World Cup Augsburg 2014; qp:0,0.1;World Cup La Seu 2014; qp:0,None,None,None,None,0;World Cup Lee Valley 2014; qp:0,None,None,None,None,None,None,None,None,None,None,None,None,15.31;World Championships Prague 2013; qp:0,16.18;World Cup Bratislava 2013; qp:0,None,None,None,None,None,None,None,None,None,None,None,None,None,None,None,None,None,None,None,None,None,None,None,None,None,None,None,None,None,None,None,None,None,None,None,None,None,None,None,None,None,None,None,None,None,None,None,None,None,None,None,None,None,None,None,None,None,None,None,None,None,None
fca9fc01b088d085b78ae8b460dd1d5a,1778586295805429,Boris NEVEU,NEVEU,Boris,2015-06-06,2015,MK1,FRA,29,5,5.41,None,None,None,None,None,None,None,None,None,None,None,None,0;World Championships Deep Creek 2014; qp:0,None,11.63;World Cup Augsburg 2014; qp:0,0.1;World Cup La Seu 2014; qp:0,None,None,None,None,0;World Cup Lee Valley 2014; qp:0,None,None,None,None,None,None,None,None,None,None,None,None,15.31;World Championships Prague 2013; qp:0,16.18;World Cup Bratislava 2013; qp:0,None,None,None,16.22;World Cup La Seu 2013; qp:0,17.96;World Cup Augsburg 2013; qp:0,None,None,None,None,None,None,None,None,None,None,None,None,None,None,None,None,None,None,None,None,None,None,None,None,None,None,None,None,None,None,None,None,None,None,None,None,None,None,None,None,None,None,None,None,None,None,None,None,None,None,None,None,None,None,None,None,None,None,None,None
ad8d084fbb5d5e4db951a067a55079fe,1778586295805429,Boris NEVEU,NEVEU,Boris,2014-09-17,2014,MK1,FRA,28,6,5.41,0;World Championships Deep Creek 2014; qp:0,None,11.63;World Cup Augsburg 2014; qp:0,0.1;World Cup La Seu 2014; qp:0,None,None,None,None,0;World Cup Lee Valley 2014; qp:0,None,None,None,None,None,None,None,None,None,None,None,None,15.31;World Championships Prague 2013; qp:0,16.18;World Cup Bratislava 2013; qp:0,None,None,None,16.22;World Cup La Seu 2013; qp:0,17.96;World Cup Augsburg 2013; qp:0,None,None,None,None,None,None,None,None,None,None,None,None,None,None,None,None,None,None,None,None,None,None,None,None,None,None,None,None,None,None,None,None,None,None,None,None,None,None,None,None,None,None,None,None,None,None,None,None,None,None,None,None,None,None,None,None,None,None,None,None,None,None,None,None,None,None,None,None,None,None,None,None
91d51a96407da58b0bd3e1fff9606d91,1778586295805429,Boris NEVEU,NEVEU,Boris,2014-08-15,2014,MK1,FRA,28,14,8.64,11.63;World Cup Augsburg 2014; qp:0,0.1;World Cup La Seu 2014; qp:0,None,None,None,None,0;World Cup Lee Valley 2014; qp:0,None,None,None,None,None,None,None,None,None,None,None,None,15.31;World Championships Prague 2013; qp:0,16.18;World Cup Bratislava 2013; qp:0,None,None,None,None,None,16.22;World Cup La Seu 2013; qp:0,17.96;World Cup Augsburg 2013; qp:0,None,None,None,None,None,None,None,None,None,None,None,None,None,None,None,None,None,None,None,None,None,None,None,None,None,None,None,None,None,None,None,None,None,None,None,None,None,None,None,None,None,None,None,None,None,None,None,None,None,None,None,None,None,None,None,None,None,None,None,None,None,None,None,None,None,None,None,None,None,None,None,None
282e7da15dffb159dfcc8f60696059b9,1778586295805429,Boris NEVEU,NEVEU,Boris,2014-06-20,2014,MK1,FRA,28,10,6.9,None,None,0;World Cup Lee Valley 2014; qp:0,None,None,None,None,None,None,None,None,None,None,None,None,15.31;World Championships Prague 2013; qp:0,16.18;World Cup Bratislava 2013; qp:0,None,None,None,None,None,16.22;World Cup La Seu 2013; qp:0,17.96;World Cup Augsburg 2013; qp:0,None,None,None,None,None,None,None,None,None,None,None,None,None,None,None,0.3;World Cup Bratislava 2012; qp:0,2.69;World Cup Prague 2012; qp:0,None,None,None,None,None,None,None,None,None,None,None,None,None,None,None,None,None,None,None,None,None,None,None,None,None,None,None,None,None,None,None,None,None,None,None,None,None,None,None,None,None,None,None,None,None,None,None,None,None,None,None,None,None,None,None,None,None,None,None
7fc12ba8672e4ebafb0052b7e6e0fbee,1778586295805429,Boris NEVEU,NEVEU,Boris,2014-05-23,2014,MK1,FRA,28,10,7.39,None,None,None,None,None,None,None,None,None,None,None,None,15.31;World Championships Prague 2013; qp:0,16.18;World Cup Bratislava 2013; qp:0,None,None,None,None,None,16.22;World Cup La Seu 2013; qp:0,17.96;World Cup Augsburg 2013; qp:0,None,None,None,None,None,None,None,None,None,None,None,None,None,None,None,0.3;World Cup Bratislava 2012; qp:0,2.69;World Cup Prague 2012; qp:0,None,None,2.46;World Cup La Seu 2012; qp:0,26.35;World Cup Pau 2012; qp:0,None,None,None,None,None,None,None,None,None,None,None,None,None,None,None,None,None,None,None,None,None,None,None,None,None,None,None,None,None,None,None,None,None,None,None,None,None,None,None,None,None,None,None,None,None,None,None,None,None,None,None,None,None,None,None,None,None,None
30ee15b6693ceb3d42dcfdc4fd782806,1778586295805429,Boris NEVEU,NEVEU,Boris,2013-09-11,2013,MK1,FRA,27,10,5.36,15.31;World Championships Prague 2013; qp:0,16.18;World Cup Bratislava 2013; qp:0,None,None,None,None,None,16.22;World Cup La Seu 2013; qp:0,17.96;World Cup Augsburg 2013; qp:0,None,None,None,None,None,None,None,None,None,None,None,None,None,None,None,0.3;World Cup Bratislava 2012; qp:0,2.69;World Cup Prague 2012; qp:0,None,None,None,None,2.46;World Cup La Seu 2012; qp:0,26.35;World Cup Pau 2012; qp:0,None,None,None,None,None,None,None,None,23.92;Oceania Championships Penrith 2012; qp:1.41,6.03;ICF World ranking Penrith 2012; qp:1.73,None,None,None,None,None,None,None,None,None,None,None,None,None,None,None,None,None,None,None,None,None,None,None,None,None,None,None,None,None,None,None,None,None,None,None,None,None,None,None,None,None,None,None,None,None,None,None,None,None,None,None,None,None,None,None,None,None,None
7dac399079c1cea81bd4fe71112e2a2f,1778586295805429,Boris NEVEU,NEVEU,Boris,2013-08-23,2013,MK1,FRA,27,9,4.3,16.18;World Cup Bratislava 2013; qp:0,None,None,None,None,None,16.22;World Cup La Seu 2013; qp:0,17.96;World Cup Augsburg 2013; qp:0,None,None,None,None,None,None,None,None,None,None,None,None,None,None,None,0.3;World Cup Bratislava 2012; qp:0,2.69;World Cup Prague 2012; qp:0,None,None,None,None,2.46;World Cup La Seu 2012; qp:0,26.35;World Cup Pau 2012; qp:0,None,None,None,None,None,None,None,None,23.92;Oceania Championships Penrith 2012; qp:1.41,6.03;ICF World ranking Penrith 2012; qp:1.73,None,None,10;ICF World ranking Bratislava 2011; qp:0,None,None,None,None,None,None,None,None,None,None,None,None,None,None,None,None,None,None,None,None,None,None,None,None,None,None,None,None,None,None,None,None,None,None,None,None,None,None,None,None,None,None,None,None,None,None,None,None,None,None,None,None,None,None,None,None
df3a4972c4e4d87e3a338bbeaf4fb0e0,1778586295805429,Boris NEVEU,NEVEU,Boris,2013-05-25,2013,MK1,FRA,27,4,2.38,None,None,None,None,None,None,None,None,None,None,None,None,None,None,0.3;World Cup Bratislava 2012; qp:0,2.69;World Cup Prague 2012; qp:0,None,None,None,None,2.46;World Cup La Seu 2012; qp:0,26.35;World Cup Pau 2012; qp:0,None,None,None,None,None,None,None,None,23.92;Oceania Championships Penrith 2012; qp:1.41,6.03;ICF World ranking Penrith 2012; qp:1.73,None,None,10;ICF World ranking Bratislava 2011; qp:0,None,10.26;ICF World ranking Broxbourne 2011; qp:1.56,0.42;World Cup Markkleeberg 2011; qp:0,None,None,None,None,None,None,None,None,None,None,None,None,None,None,None,None,None,None,None,None,None,None,None,None,None,None,None,None,None,None,None,None,None,None,None,None,None,None,None,None,None,None,None,None,None,None,None,None,None,None,None,None,None,None,None,None,None,None,None,None,None,None
9dc34298d59724b188c85a4603c340a7,1778586295805429,Boris NEVEU,NEVEU,Boris,2013-04-13,2013,MK1,FRA,27,5,2.38,None,None,None,None,None,None,0.3;World Cup Bratislava 2012; qp:0,2.69;World Cup Prague 2012; qp:0,None,None,None,None,2.46;World Cup La Seu 2012; qp:0,26.35;World Cup Pau 2012; qp:0,None,None,None,None,None,None,None,None,23.92;Oceania Championships Penrith 2012; qp:1.41,6.03;ICF World ranking Penrith 2012; qp:1.73,None,None,10;ICF World ranking Bratislava 2011; qp:0,None,10.26;ICF World ranking Broxbourne 2011; qp:1.56,0.42;World Cup Markkleeberg 2011; qp:0,None,None,None,None,None,7.46;Pyrenees Cup Pau 2011; qp:5.1,None,None,None,None,None,None,None,None,None,None,None,None,None,None,None,None,None,None,None,None,None,None,None,None,None,None,None,None,None,None,None,None,None,None,None,None,None,None,None,None,None,None,None,None,None,None,None,None,None,None,None,None,None,None,None,None,None,None,None,None,None,None,None,None
8a11f9ccc39736c652bd7e239605dc2d,1778586295805429,Boris NEVEU,NEVEU,Boris,2012-08-31,2012,MK1,FRA,26,4,1.06,0.3;World Cup Bratislava 2012; qp:0,2.69;World Cup Prague 2012; qp:0,None,None,None,None,2.46;World Cup La Seu 2012; qp:0,26.35;World Cup Pau 2012; qp:0,None,None,None,None,None,None,None,None,23.92;Oceania Championships Penrith 2012; qp:1.41,6.03;ICF World ranking Penrith 2012; qp:1.73,None,None,10;ICF World ranking Bratislava 2011; qp:0,None,10.26;ICF World ranking Broxbourne 2011; qp:1.56,0.42;World Cup Markkleeberg 2011; qp:0,17.52;World Cup Argentiere la Bessee 2011; qp:0,None,None,None,None,7.46;Pyrenees Cup Pau 2011; qp:5.1,None,None,None,None,None,None,None,None,None,None,None,None,None,None,None,None,None,None,None,None,None,None,None,None,None,None,None,None,None,None,None,None,None,None,None,None,None,None,None,None,None,None,None,None,None,None,None,None,None,None,None,None,None,None,None,None,None,None,None,None,None,None,None,None,None,None,None,None,None,None
86eb64672a270de4328e10dcaae75f12,1778586295805429,Boris NEVEU,NEVEU,Boris,2012-07-28,2012,MK1,FRA,26,7,2.97,None,None,None,None,2.46;World Cup La Seu 2012; qp:0,26.35;World Cup Pau 2012; qp:0,None,None,None,None,None,None,None,None,23.92;Oceania Championships Penrith 2012; qp:1.41,6.03;ICF World ranking Penrith 2012; qp:1.73,None,None,10;ICF World ranking Bratislava 2011; qp:0,None,10.26;ICF World ranking Broxbourne 2011; qp:1.56,0.42;World Cup Markkleeberg 2011; qp:0,17.52;World Cup Argentiere la Bessee 2011; qp:0,None,None,None,None,7.46;Pyrenees Cup Pau 2011; qp:5.1,None,None,None,None,None,11.66;World Championships Tacen 2010; qp:0,None,None,None,None,None,None,None,None,None,None,None,None,None,None,None,None,None,None,None,None,None,None,None,None,None,None,None,None,None,None,None,None,None,None,None,None,None,None,None,None,None,None,None,None,None,None,None,None,None,None,None,None,None,None,None,None,None,None,None,None,None,None,None,None,None,None
a708cde39adce57339ab00a74beac143,1778586295805429,Boris NEVEU,NEVEU,Boris,2012-06-22,2012,MK1,FRA,26,8,2.97,2.46;World Cup La Seu 2012; qp:0,26.35;World Cup Pau 2012; qp:0,None,None,None,None,None,None,None,None,23.92;Oceania Championships Penrith 2012; qp:1.41,6.03;ICF World ranking Penrith 2012; qp:1.73,None,None,10;ICF World ranking Bratislava 2011; qp:0,None,10.26;ICF World ranking Broxbourne 2011; qp:1.56,0.42;World Cup Markkleeberg 2011; qp:0,17.52;World Cup Argentiere la Bessee 2011; qp:0,None,None,None,None,7.46;Pyrenees Cup Pau 2011; qp:5.1,None,None,None,None,None,11.66;World Championships Tacen 2010; qp:0,None,29.36;ICF World ranking Cunovo 2010; qp:1.44,None,None,15.87;World Cup Augsburg 2010; qp:0,None,None,None,None,None,None,None,None,None,None,None,None,None,None,None,None,None,None,None,None,None,None,None,None,None,None,None,None,None,None,None,None,None,None,None,None,None,None,None,None,None,None,None,None,None,None,None,None,None,None,None,None,None,None,None,None,None,None,None,None,None,None,None,None,None
24ff7e1f483f6e51ab6c404fc3e5a267,1778586295805429,Boris NEVEU,NEVEU,Boris,2012-05-05,2012,MK1,FRA,26,7,3.65,None,None,None,None,None,None,None,23.92;Oceania Championships Penrith 2012; qp:1.41,6.03;ICF World ranking Penrith 2012; qp:1.73,None,None,10;ICF World ranking Bratislava 2011; qp:0,None,10.26;ICF World ranking Broxbourne 2011; qp:1.56,0.42;World Cup Markkleeberg 2011; qp:0,None,None,None,None,None,7.46;Pyrenees Cup Pau 2011; qp:5.1,None,None,None,None,None,11.66;World Championships Tacen 2010; qp:0,None,29.36;ICF World ranking Cunovo 2010; qp:1.44,None,None,15.87;World Cup Augsburg 2010; qp:0,4.49;World Cup La Seu 2010; qp:0,None,None,None,None,None,None,None,None,None,None,None,None,None,None,None,None,None,None,None,None,None,None,None,None,None,None,None,None,None,None,None,None,None,None,None,None,None,None,None,None,None,None,None,None,None,None,None,None,None,None,None,None,None,None,None,None,None,None,None,None,None,None,None,None,None,None,None
dab191ae23b369ac24ee230e120e9ccf,1778586295805429,Boris NEVEU,NEVEU,Boris,2011-09-07,2011,MK1,FRA,25,9,3.84,10;ICF World ranking Bratislava 2011; qp:0,None,10.26;ICF World ranking Broxbourne 2011; qp:1.56,0.42;World Cup Markkleeberg 2011; qp:0,17.52;World Cup Argentiere la Bessee 2011; qp:0,None,None,None,None,7.46;Pyrenees Cup Pau 2011; qp:5.1,None,None,None,None,None,11.66;World Championships Tacen 2010; qp:0,None,29.36;ICF World ranking Cunovo 2010; qp:1.44,None,None,15.87;World Cup Augsburg 2010; qp:0,4.49;World Cup La Seu 2010; qp:0,None,None,None,None,23.11;ICF World ranking Tacen 2010; qp:2.16,None,None,None,None,None,6.62;ICF World ranking Penrith 2010; qp:2.43,None,None,None,None,None,None,None,None,None,None,None,None,None,None,None,None,None,None,None,None,None,None,None,None,None,None,None,None,None,None,None,None,None,None,None,None,None,None,None,None,None,None,None,None,None,None,None,None,None,None,None,None,None,None,None,None,None,None,None,None,None,None,None,None,None,None,None
c622551abcd22ad7b6aa940fd81c7c51,1778586295805429,Boris NEVEU,NEVEU,Boris,2011-08-12,2011,MK1,FRA,25,6,2.74,None,10.26;ICF World ranking Broxbourne 2011; qp:1.56,0.42;World Cup Markkleeberg 2011; qp:0,17.52;World Cup Argentiere la Bessee 2011; qp:0,None,None,None,None,7.46;Pyrenees Cup Pau 2011; qp:5.1,None,None,None,None,None,11.66;World Championships Tacen 2010; qp:0,None,29.36;ICF World ranking Cunovo 2010; qp:1.44,None,None,15.87;World Cup Augsburg 2010; qp:0,4.49;World Cup La Seu 2010; qp:0,None,None,None,None,23.11;ICF World ranking Tacen 2010; qp:2.16,None,None,None,None,None,6.62;ICF World ranking Penrith 2010; qp:2.43,None,None,None,None,None,3.31;World Championships La Seu 2009; qp:0,None,None,None,None,None,None,None,None,None,None,None,None,None,None,None,None,None,None,None,None,None,None,None,None,None,None,None,None,None,None,None,None,None,None,None,None,None,None,None,None,None,None,None,None,None,None,None,None,None,None,None,None,None,None,None,None,None,None,None,None,None,None
757229c69f367c1c30bc5838a6bbd73c,1778586295805429,Boris NEVEU,NEVEU,Boris,2011-07-08,2011,MK1,FRA,25,4,2.74,0.42;World Cup Markkleeberg 2011; qp:0,17.52;World Cup Argentiere la Bessee 2011; qp:0,None,None,None,None,7.46;Pyrenees Cup Pau 2011; qp:5.1,None,None,None,None,None,11.66;World Championships Tacen 2010; qp:0,None,29.36;ICF World ranking Cunovo 2010; qp:1.44,None,None,15.87;World Cup Augsburg 2010; qp:0,4.49;World Cup La Seu 2010; qp:0,None,None,None,None,23.11;ICF World ranking Tacen 2010; qp:2.16,None,None,None,None,None,6.62;ICF World ranking Penrith 2010; qp:2.43,None,None,None,None,None,3.31;World Championships La Seu 2009; qp:0,None,None,None,None,None,None,None,None,None,None,None,None,None,None,None,None,None,None,None,None,None,None,None,None,None,None,None,None,None,None,None,None,None,None,None,None,None,None,None,None,None,None,None,None,None,None,None,None,None,None,None,None,None,None,None,None,None,None,None,None,None,None,None,None
0ae2044895b24b83bff3182d99273edf,1778586295805429,Boris NEVEU,NEVEU,Boris,2011-05-21,2011,MK1,FRA,25,8,3.92,None,None,7.46;Pyrenees Cup Pau 2011; qp:5.1,None,None,None,None,None,11.66;World Championships Tacen 2010; qp:0,None,29.36;ICF World ranking Cunovo 2010; qp:1.44,None,None,15.87;World Cup Augsburg 2010; qp:0,4.49;World Cup La Seu 2010; qp:0,None,None,None,None,23.11;ICF World ranking Tacen 2010; qp:2.16,None,None,None,None,None,6.62;ICF World ranking Penrith 2010; qp:2.43,None,None,None,None,None,3.31;World Championships La Seu 2009; qp:0,None,None,None,15.85;World Cup Augsburg 2009; qp:0,25.51;World Cup Bratislava 2009; qp:0,3.96;World Cup Pau 2009; qp:0,None,None,None,None,None,None,None,None,None,None,None,None,None,None,None,None,None,None,None,None,None,None,None,None,None,None,None,None,None,None,None,None,None,None,None,None,None,None,None,None,None,None,None,None,None,None,None,None,None,None,None,None,None,None,None,None,None,None,None,None,None,None
faf53142fe5b7484b2f1500be716f48d,1778586295805429,Boris NEVEU,NEVEU,Boris,2010-09-09,2010,MK1,FRA,24,5,2.96,11.66;World Championships Tacen 2010; qp:0,None,29.36;ICF World ranking Cunovo 2010; qp:1.44,None,None,15.87;World Cup Augsburg 2010; qp:0,4.49;World Cup La Seu 2010; qp:0,None,None,None,None,23.11;ICF World ranking Tacen 2010; qp:2.16,None,None,None,None,None,6.62;ICF World ranking Penrith 2010; qp:2.43,None,None,None,None,None,3.31;World Championships La Seu 2009; qp:0,None,None,None,None,15.85;World Cup Augsburg 2009; qp:0,25.51;World Cup Bratislava 2009; qp:0,3.96;World Cup Pau 2009; qp:0,None,None,None,1.62;ICF World ranking Nottingham 2009; qp:0.91,None,None,None,None,None,None,None,None,None,None,None,None,None,None,None,None,None,None,None,None,None,None,None,None,None,None,None,None,None,None,None,None,None,None,None,None,None,None,None,None,None,None,None,None,None,None,None,None,None,None,None,None,None,None,None,None,None,None,None,None,None,None,None,None,None
c7344a79dded2eeb304647e4576c0f93,1778586295805429,Boris NEVEU,NEVEU,Boris,2010-08-21,2010,MK1,FRA,24,5,2.96,None,29.36;ICF World ranking Cunovo 2010; qp:1.44,None,None,15.87;World Cup Augsburg 2010; qp:0,4.49;World Cup La Seu 2010; qp:0,None,None,None,None,23.11;ICF World ranking Tacen 2010; qp:2.16,None,None,None,None,None,6.62;ICF World ranking Penrith 2010; qp:2.43,None,None,None,None,None,3.31;World Championships La Seu 2009; qp:0,None,None,None,None,15.85;World Cup Augsburg 2009; qp:0,25.51;World Cup Bratislava 2009; qp:0,3.96;World Cup Pau 2009; qp:0,None,None,None,1.62;ICF World ranking Nottingham 2009; qp:0.91,None,None,None,None,None,None,None,None,None,None,None,None,None,None,None,None,None,None,None,None,None,None,None,None,None,None,None,None,None,None,None,None,None,None,None,None,None,None,None,None,None,None,None,None,None,None,None,None,None,None,None,None,None,None,None,None,None,None,None,None,None,None,None,None,None,None
26e6a07c74d4faaf16ca7b7c0ff00ffa,1778586295805429,Boris NEVEU,NEVEU,Boris,2010-07-02,2010,MK1,FRA,24,5,2.96,15.87;World Cup Augsburg 2010; qp:0,4.49;World Cup La Seu 2010; qp:0,None,4.41;ICF World ranking Cunovo 2010; qp:-18.68,None,None,None,23.11;ICF World ranking Tacen 2010; qp:2.16,None,None,None,None,None,6.62;ICF World ranking Penrith 2010; qp:2.43,None,None,None,None,3.31;World Championships La Seu 2009; qp:0,None,None,None,None,15.85;World Cup Augsburg 2009; qp:0,25.51;World Cup Bratislava 2009; qp:0,3.96;World Cup Pau 2009; qp:0,None,None,None,1.62;ICF World ranking Nottingham 2009; qp:0.91,None,None,None,None,None,4.52;World Championships La Seu 2008; qp:1.23,None,None,None,None,None,None,None,None,None,None,None,None,None,None,None,None,None,None,None,None,None,None,None,None,None,None,None,None,None,None,None,None,None,None,None,None,None,None,None,None,None,None,None,None,None,None,None,None,None,None,None,None,None,None,None,None,None,None,None,None,None,None,None,None
0433cbcaa75549a4d49286abc0ba653d,1778586295805429,Boris NEVEU,NEVEU,Boris,2010-06-05,2010,MK1,FRA,24,6,2.96,4.41;ICF World ranking Cunovo 2010; qp:-18.68,None,None,None,23.11;ICF World ranking Tacen 2010; qp:2.16,None,None,None,None,None,6.62;ICF World ranking Penrith 2010; qp:2.43,None,None,None,None,None,3.31;World Championships La Seu 2009; qp:0,None,None,None,None,15.85;World Cup Augsburg 2009; qp:0,25.51;World Cup Bratislava 2009; qp:0,3.96;World Cup Pau 2009; qp:0,None,None,None,1.62;ICF World ranking Nottingham 2009; qp:0.91,None,None,None,None,None,4.52;World Championships La Seu 2008; qp:1.23,None,None,None,None,None,None,None,None,None,None,None,None,None,None,None,None,None,None,None,None,None,None,None,None,None,None,None,None,None,None,None,None,None,None,None,None,None,None,None,None,None,None,None,None,None,None,None,None,None,None,None,None,None,None,None,None,None,None,None,None,None,None,None,None,None,None
112340c8f2671367a7aa848a7cd7b2c4,1778586295805429,Boris NEVEU,NEVEU,Boris,2009-10-24,2009,MK1,FRA,23,8,2.96,None,None,None,None,3.31;World Championships La Seu 2009; qp:0,None,None,None,None,15.85;World Cup Augsburg 2009; qp:0,25.51;World Cup Bratislava 2009; qp:0,3.96;World Cup Pau 2009; qp:0,None,None,None,1.62;ICF World ranking Nottingham 2009; qp:0.91,None,None,None,None,None,4.52;World Championships La Seu 2008; qp:1.23,None,None,None,None,None,None,None,None,None,None,None,None,None,None,None,None,None,None,None,None,None,None,None,None,None,None,None,None,None,None,None,None,None,None,None,None,None,None,None,None,None,None,None,None,None,None,None,None,None,None,None,None,None,None,None,None,None,None,None,None,None,None,None,None,None,None,None,None,None,None,None,None,None,None,None,None,None,None
1782aae71b61ae9f16cf98d8402af572,1778586295805429,Boris NEVEU,NEVEU,Boris,2009-08-22,2009,MK1,FRA,23,10,3.37,None,None,None,None,15.85;World Cup Augsburg 2009; qp:0,25.51;World Cup Bratislava 2009; qp:0,3.96;World Cup Pau 2009; qp:0,None,None,None,1.62;ICF World ranking Nottingham 2009; qp:0.91,None,None,None,None,None,4.52;World Championships La Seu 2008; qp:1.23,None,None,None,None,None,None,None,None,None,None,None,None,None,None,None,None,None,None,None,None,None,None,None,None,None,None,None,None,None,None,None,None,None,None,None,None,None,None,None,None,None,None,None,None,None,None,None,None,None,None,None,None,None,None,None,None,None,None,None,None,None,None,None,None,None,None,None,None,None,None,None,None,None,None,None,None,None,None,None,None,None,None,None
bb7f55bf675f0c06d1ae09c73e0515af,1778586295805429,Boris NEVEU,NEVEU,Boris,2009-07-11,2009,MK1,FRA,23,11,3.37,15.85;World Cup Augsburg 2009; qp:0,25.51;World Cup Bratislava 2009; qp:0,3.96;World Cup Pau 2009; qp:0,None,None,None,1.62;ICF World ranking Nottingham 2009; qp:0.91,None,None,None,None,None,4.52;World Championships La Seu 2008; qp:1.23,None,None,None,None,None,None,None,None,None,None,None,None,None,None,None,None,None,None,None,None,None,None,None,None,None,None,None,None,None,None,None,None,None,None,None,None,None,None,None,None,None,None,None,None,None,None,None,None,None,None,None,None,None,None,None,None,None,None,None,None,None,None,None,None,None,None,None,None,None,None,None,None,None,None,None,None,None,None,None,None,None,None,None,None,None,None,None
efcda376217622af0edccd059bab2fda,1778586295805429,Boris NEVEU,NEVEU,Boris,2009-06-20,2009,MK1,FRA,23,34,9.82,None,None,None,1.62;ICF World ranking Nottingham 2009; qp:0.91,None,None,None,None,None,4.52;World Championships La Seu 2008; qp:1.23,None,None,None,None,None,None,None,None,None,None,None,23.32;World Cup Tacen 2007; qp:0,25.37;World Cup Prague 2007; qp:0,None,None,None,None,None,None,None,None,None,None,None,None,None,None,None,None,None,None,None,None,None,None,None,None,None,None,None,None,None,None,None,None,None,None,None,None,None,None,None,None,None,None,None,None,None,None,None,None,None,None,None,None,None,None,None,None,None,None,None,None,None,None,None,None,None,None,None,None,None,None,None,None,None,None,None,None,None
2c905b151db040e2f517343bbf05ff00,1778586295805429,Boris NEVEU,NEVEU,Boris,2008-08-08,2008,MK1,FRA,22,33,11.83,None,4.52;World Championships La Seu 2008; qp:1.23,None,None,None,None,None,None,None,None,None,None,None,23.32;World Cup Tacen 2007; qp:0,25.37;World Cup Prague 2007; qp:0,None,None,None,21.94;World Championships Prague 2006; qp:0,15.13;ICF World ranking Argentiere la Bessee 2006; qp:0.98,None,15.83;World Cup Ausgburg 2006; qp:0,17.62;World Cup Athens 2006; qp:0,None,None,None,None,None,None,None,None,None,None,None,None,None,None,None,None,None,None,None,None,None,None,None,None,None,None,None,None,None,None,None,None,None,None,None,None,None,None,None,None,None,None,None,None,None,None,None,None,None,None,None,None,None,None,None,None,None,None,None,None,None,None,None,None,None,None,None,None,None,None,None,None,None,None,None,None,None
476a4906fdbdb03d1242de4e11daaae5,1778586295805429,Boris NEVEU,NEVEU,Boris,2008-07-11,2008,MK1,FRA,22,33,11.83,4.52;World Championships La Seu 2008; qp:1.23,None,None,None,None,None,None,None,None,None,None,None,23.32;World Cup Tacen 2007; qp:0,25.37;World Cup Prague 2007; qp:0,None,None,None,21.94;World Championships Prague 2006; qp:0,15.13;ICF World ranking Argentiere la Bessee 2006; qp:0.98,None,15.83;World Cup Ausgburg 2006; qp:0,17.62;World Cup Athens 2006; qp:0,None,None,None,None,None,None,None,None,None,None,None,None,None,None,None,None,None,None,None,None,None,None,None,None,None,None,None,None,None,None,None,None,None,None,None,None,None,None,None,None,None,None,None,None,None,None,None,None,None,None,None,None,None,None,None,None,None,None,None,None,None,None,None,None,None,None,None,None,None,None,None,None,None,None,None,None,None,None
c7d2d2269e56dbbef5110756f514c127,1778586295805429,Boris NEVEU,NEVEU,Boris,2008-05-17,2008,MK1,FRA,22,39,16.19,None,None,None,None,None,None,None,None,23.32;World Cup Tacen 2007; qp:0,25.37;World Cup Prague 2007; qp:0,None,None,None,21.94;World Championships Prague 2006; qp:0,15.13;ICF World ranking Argentiere la Bessee 2006; qp:0.98,None,15.83;World Cup Ausgburg 2006; qp:0,17.62;World Cup Athens 2006; qp:0,None,None,None,None,None,None,None,None,None,None,None,None,None,None,None,None,None,None,None,None,None,None,None,None,None,None,None,None,None,None,None,None,None,None,None,None,None,None,None,None,None,None,None,None,None,None,None,None,None,None,None,None,None,None,None,None,None,None,None,None,None,None,None,None,None,None,None,None,None,None,None,None,None,None,None,None,None,None,None,None,None,None
114aa764a65652dd6bd2b94876b57f33,1778586295805429,Boris NEVEU,NEVEU,Boris,2007-09-19,2007,MK1,FRA,21,33,16.19,None,None,None,23.32;World Cup Tacen 2007; qp:0,25.37;World Cup Prague 2007; qp:0,None,None,None,21.94;World Championships Prague 2006; qp:0,15.13;ICF World ranking Argentiere la Bessee 2006; qp:0.98,None,15.83;World Cup Ausgburg 2006; qp:0,17.62;World Cup Athens 2006; qp:0,None,None,None,None,None,None,None,None,None,None,None,None,None,None,None,None,None,None,None,None,None,None,None,None,None,None,None,None,None,None,None,None,None,None,None,None,None,None,None,None,None,None,None,None,None,None,None,None,None,None,None,None,None,None,None,None,None,None,None,None,None,None,None,None,None,None,None,None,None,None,None,None,None,None,None,None,None,None,None,None,None,None,None,None,None,None,None
8c1935352ca66c587217b17a1e0be1f3,1778586295805429,Boris NEVEU,NEVEU,Boris,2007-08-16,2007,MK1,FRA,21,32,16.19,None,None,23.32;World Cup Tacen 2007; qp:0,25.37;World Cup Prague 2007; qp:0,None,None,None,21.94;World Championships Prague 2006; qp:0,15.13;ICF World ranking Argentiere la Bessee 2006; qp:0.98,None,15.83;World Cup Ausgburg 2006; qp:0,17.62;World Cup Athens 2006; qp:0,None,None,None,None,None,None,None,None,None,None,None,None,None,None,None,None,None,None,None,None,None,None,None,None,None,None,None,None,None,None,None,None,None,None,None,None,None,None,None,None,None,None,None,None,None,None,None,None,None,None,None,None,None,None,None,None,None,None,None,None,None,None,None,None,None,None,None,None,None,None,None,None,None,None,None,None,None,None,None,None,None,None,None,None,None,None,None,None
74c0d065873ee2636a03af39d3bc6941,1778586295805429,Boris NEVEU,NEVEU,Boris,2007-07-14,2007,MK1,FRA,21,30,16.19,None,23.32;World Cup Tacen 2007; qp:0,25.37;World Cup Prague 2007; qp:0,None,None,None,None,21.94;World Championships Prague 2006; qp:0,15.13;ICF World ranking Argentiere la Bessee 2006; qp:0.98,None,15.83;World Cup Ausgburg 2006; qp:0,17.62;World Cup Athens 2006; qp:0,None,None,None,None,None,None,None,None,None,None,None,None,None,None,None,None,None,None,None,None,None,None,None,None,None,None,None,None,None,None,None,None,None,None,None,None,None,None,None,None,None,None,None,None,None,None,None,None,None,None,None,None,None,None,None,None,None,None,None,None,None,None,None,None,None,None,None,None,None,None,None,None,None,None,None,None,None,None,None,None,None,None,None,None,None,None,None,None
ab9160057b0b15b0b330eb93e47034d2,1778586295805429,Boris NEVEU,NEVEU,Boris,2007-06-14,2007,MK1,FRA,21,25,16.85,None,None,None,None,21.94;World Championships Prague 2006; qp:0,15.13;ICF World ranking Argentiere la Bessee 2006; qp:0.98,None,15.83;World Cup Ausgburg 2006; qp:0,17.62;World Cup Athens 2006; qp:0,None,None,None,None,None,None,None,None,None,None,None,None,None,None,None,None,None,None,None,None,None,None,None,None,None,None,None,None,None,None,None,None,None,None,None,None,None,None,None,None,None,None,None,None,None,None,None,None,None,None,None,None,None,None,None,None,None,None,None,None,None,None,None,None,None,None,None,None,None,None,None,None,None,None,None,None,None,None,None,None,None,None,None,None,None,None,None,None,None,None,None
640eb969b00b781d436a8c16da746099,1787573484683840,David LLORENTE,LLORENTE,David,2026-08-21,2026,MK1,ESP,30,33,12.47,None,None,None,19.47;World Championships Oklahoma 2026; qp:0,None,None,200;World Cup Augsburg 2026; qp:0,13.46;World Cup Prague 2026; qp:0,48.76;World Cup Tacen 2026; qp:0,None,None,None,None,None,None,None,None,None,None,None,201.89;ICF World ranking Oklahoma 2026; qp:1.89,28.65;ICF World ranking Pau 2026; qp:7.13,None,9.27;ICF World ranking La Seu 2026; qp:9.27,None,None,None,23.54;ICF World ranking Ile de la Reunion 2026; qp:11.25,None,None,None,None,None,None,None,102.1;World Championships Penrtih 2025; qp:0,None,28.39;World Cup Tacen 2025; qp:0,None,None,None,None,None,None,None,None,29.17;World Cup Prague 2025; qp:0,103.75;World Cup Pau 2025; qp:0,12.58;World Cup La Seu 2025; qp:0,17.01;ICF World ranking Vaires sur Marne 2025; qp:1.55,None,None,23.75;ICF World ranking Ivrea 2025; qp:6.02,None,None,None,None,None,None,None,None,None,None,None,14.39;Pyrenees Cup La Seu 2025; qp:7.41,None,None,None,12.65;Pyrenees Cup Pau 2025; qp:5.54,17.22;Australian Open Penrith 2025; qp:2.69,None,None,None,22.61;Oceania Championships Penrith 2025; qp:3.55,None,None,None,None,None,None,17.36;World Cup La Seu 2024; qp:0,29.24;World Cup Ivrea 2024; qp:0,43.47;ICF World ranking Tacen 2024; qp:1.01,None,None,None,None,None,None,None,None,None,None,None,None,None,None,None,None,None
d273b3ab21e78d1b0819a8832b8f1d52,1787573484683840,David LLORENTE,LLORENTE,David,2026-07-06,2026,MK1,ESP,30,31,12.47,200;Team trials Augsburg 2026; qp:0,13.46;Team trials Ceske Budejovice 2026; qp:0,48.76;Team trials Solkan 2026; qp:0,None,None,None,None,None,None,None,None,None,None,None,201.89;Team trials Deep Creek 2026; qp:1.89,28.65;Team trials Orthez 2026; qp:7.13,None,9.27;Team trials Mondariz 2026; qp:9.27,None,None,None,23.54;ICF World ranking Ile de la Reunion 2026; qp:11.25,None,None,None,None,None,None,None,102.1;World Championships Penrtih 2025; qp:0,None,28.39;Team trials Solkan 2025; qp:0,None,None,None,None,None,None,None,None,29.17;Team trials Ceske Budejovice 2025; qp:0,103.75;Team trials Orthez 2025; qp:0,12.58;Team trials Mondariz 2025; qp:0,17.01;Team trials Solkan 2025; qp:1.55,None,None,23.75;Team trials Ivrea 2025; qp:6.02,None,None,None,None,None,None,None,None,None,None,None,14.39;Team trials Mondariz 2025; qp:7.41,None,None,None,12.65;Team trials Orthez 2025; qp:5.54,17.22;Team trials Penrith 2025; qp:2.69,None,None,None,22.61;Team trials Penrith 2025; qp:3.55,None,None,None,None,None,None,17.36;Team trials Mondariz 2024; qp:0,29.24;Team trials Ivrea 2024; qp:0,None,None,None,None,43.47;ICF World ranking Tacen 2024; qp:1.01,None,None,None,None,None,None,None,None,None,None,None,None,None,None,None,None,None,None,None
e1019868036f8b3c8fdae6a8e2e91372,1778584150125365,David LLORENTE,LLORENTE,David,2026-03-31,2026,MK1,ESP,30,33,13.18,201.89;ICF World ranking Oklahoma 2026; qp:1.89,28.65;ICF World ranking Pau 2026; qp:7.13,None,9.27;ICF World ranking La Seu 2026; qp:9.27,None,None,None,23.54;ICF World ranking Ile de la Reunion 2026; qp:11.25,None,None,None,None,None,None,None,102.1;World Championships Penrtih 2025; qp:0,None,28.39;World Cup Tacen 2025; qp:0,None,None,None,None,None,None,None,None,29.17;World Cup Prague 2025; qp:0,103.75;World Cup Pau 2025; qp:0,12.58;World Cup La Seu 2025; qp:0,17.01;ICF World ranking Vaires sur Marne 2025; qp:1.55,None,None,23.75;ICF World ranking Ivrea 2025; qp:6.02,None,None,None,None,None,None,None,None,None,None,None,14.39;Pyrenees Cup La Seu 2025; qp:7.41,None,None,None,12.65;Pyrenees Cup Pau 2025; qp:5.54,17.22;Australian Open Penrith 2025; qp:2.69,None,None,None,22.61;Oceania Championships Penrith 2025; qp:3.55,None,None,None,None,None,None,17.36;World Cup La Seu 2024; qp:0,29.24;World Cup Ivrea 2024; qp:0,None,None,None,None,None,None,33.38;World Cup Augsburg 2024; qp:0,None,None,43.47;ICF World ranking Tacen 2024; qp:1.01,None,None,None,None,None,None,None,None,None,None,None,None,None,None,None,None,None,None,None,None,None,None,None,None,None,None,None,None
a0fd08604b8f91ed89294d0a23020d79,1778584150125365,David LLORENTE,LLORENTE,David,2025-10-15,2025,MK1,ESP,29,35,14.19,102.1;World Championships Penrtih 2025; qp:0,None,28.39;World Cup Tacen 2025; qp:0,None,None,None,None,None,None,None,None,29.17;World Cup Prague 2025; qp:0,103.75;World Cup Pau 2025; qp:0,12.58;World Cup La Seu 2025; qp:0,17.01;ICF World ranking Vaires sur Marne 2025; qp:1.55,None,None,23.75;ICF World ranking Ivrea 2025; qp:6.02,None,None,None,None,None,None,None,None,None,None,None,14.39;Pyrenees Cup La Seu 2025; qp:7.41,None,None,None,12.65;Pyrenees Cup Pau 2025; qp:5.54,17.22;Australian Open Penrith 2025; qp:2.69,None,None,None,22.61;Oceania Championships Penrith 2025; qp:3.55,None,None,None,None,None,None,17.36;World Cup La Seu 2024; qp:0,29.24;World Cup Ivrea 2024; qp:0,None,None,None,None,None,None,33.38;World Cup Augsburg 2024; qp:0,None,None,43.47;ICF World ranking Tacen 2024; qp:1.01,None,None,None,None,46.34;Pyrenees Cup Pau 2024; qp:11.54,None,14.33;Pyrenees Cup La Seu 2024; qp:8.35,None,None,None,None,None,None,None,None,None,None,None,None,None,None,None,None,None,None,None,None,None,None,None,None,None,None,None,None,None,None,None,None,None,None,None,None
5ae7cd2240c97cad85c0d78877345fd5,1778584150125365,David LLORENTE,LLORENTE,David,2025-09-10,2025,MK1,ESP,29,32,14.19,None,28.39;World Cup Tacen 2025; qp:0,None,None,None,None,None,None,None,None,29.17;World Cup Prague 2025; qp:0,103.75;World Cup Pau 2025; qp:0,12.58;World Cup La Seu 2025; qp:0,17.01;ICF World ranking Vaires sur Marne 2025; qp:1.55,None,None,23.75;ICF World ranking Ivrea 2025; qp:6.02,None,None,None,None,None,None,None,None,None,None,None,14.39;Pyrenees Cup La Seu 2025; qp:7.41,None,None,None,12.65;Pyrenees Cup Pau 2025; qp:5.54,17.22;Australian Open Penrith 2025; qp:2.69,None,None,None,22.61;Oceania Championships Penrith 2025; qp:3.55,None,None,None,None,None,None,17.36;World Cup La Seu 2024; qp:0,29.24;World Cup Ivrea 2024; qp:0,None,None,None,None,None,None,33.38;World Cup Augsburg 2024; qp:0,None,None,43.47;ICF World ranking Tacen 2024; qp:1.01,None,None,None,None,46.34;Pyrenees Cup Pau 2024; qp:11.54,None,14.33;Pyrenees Cup La Seu 2024; qp:8.35,None,None,None,None,None,None,21.28;World Championships Lee Valley 2023; qp:0,None,None,None,None,None,None,None,None,None,None,None,None,None,None,None,None,None,None,None,None,None,None,None,None,None,None,None,None,None,None
d9893663cc7c2b91da6bae35360d6eb7,1778584150125365,David LLORENTE,LLORENTE,David,2025-07-01,2025,MK1,ESP,29,32,14.19,29.17;World Cup Prague 2025; qp:0,103.75;World Cup Pau 2025; qp:0,12.58;World Cup La Seu 2025; qp:0,17.01;Euros Vaires sur Marne 2025; qp:1.55,None,None,23.75;ICF World ranking Ivrea 2025; qp:6.02,None,None,None,None,None,None,None,None,None,None,None,14.39;Pyrenees Cup La Seu 2025; qp:7.41,None,None,None,12.65;Pyrenees Cup Pau 2025; qp:5.54,17.22;Australian Open Penrith 2025; qp:2.69,None,None,None,22.61;Oceania Championships Penrith 2025; qp:3.55,None,None,None,None,None,None,17.36;World Cup La Seu 2024; qp:0,29.24;World Cup Ivrea 2024; qp:0,None,None,None,None,None,None,33.38;World Cup Augsburg 2024; qp:0,None,None,43.47;ICF World ranking Tacen 2024; qp:1.01,None,None,None,None,46.34;Pyrenees Cup Pau 2024; qp:11.54,None,14.33;Pyrenees Cup La Seu 2024; qp:8.35,None,None,None,None,None,None,None,None,None,None,31.17;World Cup Vaires sur Marne 2023; qp:0,21.28;World Championships Lee Valley 2023; qp:0,20.27;World Cup La Seu 2023; qp:0,None,None,None,None,None,None,None,None,None,None,None,None,None,None,None,None,None,None,None,None,None,None,None,None,None,None,None,None,None,None,None,None,None,None
a86d51c13733f801c74b6f79e53b39c2,1778584150125365,David LLORENTE,LLORENTE,David,2025-05-30,2025,MK1,ESP,29,36,14.95,17.01;Euros Vaires sur Marne 2025; qp:1.55,None,None,23.75;ICF World ranking Ivrea 2025; qp:6.02,None,None,None,None,None,None,None,None,None,None,None,14.39;Pyrenees Cup La Seu 2025; qp:7.41,None,None,None,12.65;Pyrenees Cup Pau 2025; qp:5.54,17.22;Australian Open Penrith 2025; qp:2.69,None,None,None,22.61;Oceania Championships Penrith 2025; qp:3.55,None,None,None,None,None,None,17.36;World Cup La Seu 2024; qp:0,29.24;World Cup Ivrea 2024; qp:0,None,None,None,None,None,None,33.38;World Cup Augsburg 2024; qp:0,None,None,43.47;ICF World ranking Tacen 2024; qp:1.01,None,None,None,None,46.34;Pyrenees Cup Pau 2024; qp:11.54,None,14.33;Pyrenees Cup La Seu 2024; qp:8.35,None,None,None,None,None,None,None,None,None,None,31.17;World Cup Vaires sur Marne 2023; qp:0,21.28;World Championships Lee Valley 2023; qp:0,20.27;World Cup La Seu 2023; qp:0,None,None,None,None,None,None,None,16.35;World Cup Prague 2023; qp:0,None,None,None,None,None,None,None,None,None,None,None,None,None,None,None,None,None,None,None,None,None,None,None,None,None,None,None,None,None
ce7c4bde6f6e6d796fdb65fa47849fb1,1778584150125365,David LLORENTE,LLORENTE,David,2025-04-03,2025,MK1,ESP,29,34,14.99,None,None,None,None,14.39;Pyrenees Cup La Seu 2025; qp:7.41,None,None,None,12.65;Pyrenees Cup Pau 2025; qp:5.54,17.22;Australian Open Penrith 2025; qp:2.69,None,None,None,22.61;Oceania Championships Penrith 2025; qp:3.55,None,None,None,None,None,None,17.36;World Cup La Seu 2024; qp:0,29.24;World Cup Ivrea 2024; qp:0,None,None,None,None,None,None,33.38;World Cup Augsburg 2024; qp:0,None,None,43.47;ICF World ranking Tacen 2024; qp:1.01,None,None,None,None,46.34;Pyrenees Cup Pau 2024; qp:11.54,None,14.33;Pyrenees Cup La Seu 2024; qp:8.35,None,None,None,None,None,None,None,None,None,None,31.17;World Cup Vaires sur Marne 2023; qp:0,21.28;World Championships Lee Valley 2023; qp:0,20.27;World Cup La Seu 2023; qp:0,None,None,None,None,None,18.95;ICF World ranking Krakow 2023; qp:0.71,None,None,16.35;World Cup Prague 2023; qp:0,None,None,None,None,None,None,None,None,None,None,None,None,None,None,None,None,None,None,None,None,None,None,None,None,None,None,None,None,None,None,None,None,None,None,None,None,None,None,None
3c50f17617699187d6fb591ac5f04d14,1778584150125365,David LLORENTE,LLORENTE,David,2024-09-25,2024,MK1,ESP,28,40,17.45,17.36;World Cup La Seu 2024; qp:0,29.24;World Cup Ivrea 2024; qp:0,None,None,None,None,None,None,33.38;World Cup Augsburg 2024; qp:0,None,None,43.47;Euros Tacen 2024; qp:1.01,None,None,None,None,46.34;Pyrenees Cup Pau 2024; qp:11.54,None,14.33;Pyrenees Cup La Seu 2024; qp:8.35,None,None,None,None,None,None,None,None,None,None,31.17;World Cup Vaires sur Marne 2023; qp:0,21.28;World Championships Lee Valley 2023; qp:0,20.27;World Cup La Seu 2023; qp:0,None,None,None,None,None,18.95;ICF World ranking Krakow 2023; qp:0.71,None,None,16.35;World Cup Prague 2023; qp:0,None,None,None,None,None,None,None,30.62;Pyrenees Cup La Seu 2023; qp:10.62,None,None,None,None,None,None,None,None,None,None,None,None,None,None,None,None,None,None,None,None,None,None,None,None,None,None,None,None,None,None,None,None,None,None,None,None,None,None,None,None,None,None,None,None,None,None,None,None,None,None,None
6dd84291674d95b9124adfada9c7db79,1778584150125365,David LLORENTE,LLORENTE,David,2024-06-20,2024,MK1,ESP,28,44,18.24,None,None,33.38;World Cup Augsburg 2024; qp:0,None,None,43.47;Euros Tacen 2024; qp:1.01,None,None,None,None,None,None,14.33;Pyrenees Cup La Seu 2024; qp:8.35,None,None,None,None,None,None,None,None,None,None,31.17;World Cup Vaires sur Marne 2023; qp:0,21.28;World Championships Lee Valley 2023; qp:0,20.27;World Cup La Seu 2023; qp:0,None,None,None,None,None,18.95;Euros Krakow 2023; qp:0.71,None,None,16.35;World Cup Prague 2023; qp:0,None,None,None,None,None,None,None,30.62;Pyrenees Cup La Seu 2023; qp:10.62,None,None,None,None,None,30.33;ICF World ranking Lee Valley 2022; qp:0.96,None,None,None,None,None,None,None,None,None,None,None,None,None,None,None,None,None,None,None,None,None,None,None,None,None,None,None,None,None,None,None,None,None,None,None,None,None,None,None,None,None,None,None,None,None,None,None,None,None,None,None
c5977c4b1895963b2617b31d31cddd5f,1778584150125365,David LLORENTE,LLORENTE,David,2024-05-22,2024,MK1,ESP,28,44,18.24,43.47;Euros Tacen 2024; qp:1.01,None,None,None,None,None,None,14.33;Pyrenees Cup La Seu 2024; qp:8.35,None,None,None,None,None,None,None,None,None,None,31.17;World Cup Vaires sur Marne 2023; qp:0,21.28;World Championships Lee Valley 2023; qp:0,20.27;World Cup La Seu 2023; qp:0,None,None,None,None,None,18.95;Euros Krakow 2023; qp:0.71,None,None,16.35;World Cup Prague 2023; qp:0,None,None,None,None,None,None,None,30.62;Pyrenees Cup La Seu 2023; qp:10.62,None,None,None,None,None,30.33;ICF World ranking Lee Valley 2022; qp:0.96,None,None,None,None,None,None,None,None,None,21.7;World Cup Prague 2022; qp:0,27.1;ICF World ranking Augsburg 2022; qp:2.54,None,None,None,None,None,None,None,None,None,None,None,None,None,None,None,None,None,None,None,None,None,None,None,None,None,None,None,None,None,None,None,None,None,None,None,None,None,None,None,None,None,None,None,None,None
bf9ae05e14e1aa8339b6871fca38fab5,1778584150125365,David LLORENTE,LLORENTE,David,2023-11-16,2023,MK1,ESP,27,48,19.71,None,None,None,None,31.17;World Cup Vaires sur Marne 2023; qp:0,21.28;World Championships Lee Valley 2023; qp:0,20.27;World Cup La Seu 2023; qp:0,None,None,None,None,None,18.95;Euros Krakow 2023; qp:0.71,None,None,16.35;World Cup Prague 2023; qp:0,None,None,None,None,None,None,None,30.62;Pyrenees Cup La Seu 2023; qp:10.62,None,None,None,None,None,30.33;ICF World ranking Lee Valley 2022; qp:0.96,None,None,None,None,None,None,None,None,None,21.7;World Cup Prague 2022; qp:0,27.1;ICF World ranking Augsburg 2022; qp:2.54,None,None,None,None,None,32.51;Pyrenees Cup La Seu 2022; qp:17.83,None,None,None,None,None,None,None,None,None,None,None,None,None,None,None,None,None,None,None,None,None,None,None,None,None,None,None,None,None,None,None,None,None,None,None,None,None,None,None,None,None,None,None,None,None,None,None,None,None,None,None,None,None
8d3c8ed6ec16e7ade241b0996bfc2e73,1778584150125365,David LLORENTE,LLORENTE,David,2023-09-04,2023,MK1,ESP,27,31,14.7,20.27;World Cup La Seu 2023; qp:0,None,None,None,None,None,18.95;Euros Krakow 2023; qp:0.71,None,None,16.35;World Cup Prague 2023; qp:0,None,None,None,None,None,None,None,30.62;Pyrenees Cup La Seu 2023; qp:10.62,None,None,None,None,None,30.33;ICF World ranking Lee Valley 2022; qp:0.96,None,None,None,None,None,None,None,None,None,21.7;World Cup Prague 2022; qp:0,27.1;ICF World ranking Augsburg 2022; qp:2.54,None,None,None,None,None,32.51;Pyrenees Cup La Seu 2022; qp:17.83,None,None,None,None,None,None,None,21.75;World Championships Bratislava 2021; qp:0,18.83;World Cup Pau 2021; qp:0,19.57;World Cup La Seu 2021; qp:0,16.32;Olympic Games Tokyo 2021; qp:0,44.34;Oceania Championships Auckland 2020; qp:9.56,None,None,3.03;World Championships La Seu 2019; qp:0,None,None,None,None,None,None,None,None,None,None,None,None,None,None,None,None,None,None,None,None,None,None,None,None,None,None,None,None,None,None,None,None,None,None,None,None,None,None,None,None,None,None,None,None
4683565c592db198629144059d0da4b3,1778584150125365,David LLORENTE,LLORENTE,David,2023-07-03,2023,MK1,ESP,27,32,14.78,None,16.35;World Cup Prague 2023; qp:0,None,None,None,None,None,None,None,30.62;Pyrenees Cup La Seu 2023; qp:10.62,None,None,None,None,None,30.33;ICF World ranking Lee Valley 2022; qp:0.96,None,None,None,None,None,None,None,None,None,21.7;World Cup Prague 2022; qp:0,27.1;ICF World ranking Augsburg 2022; qp:2.54,None,None,None,None,None,32.51;Pyrenees Cup La Seu 2022; qp:17.83,None,None,None,None,None,None,None,21.75;World Championships Bratislava 2021; qp:0,18.83;World Cup Pau 2021; qp:0,19.57;World Cup La Seu 2021; qp:0,16.32;Olympic Games Tokyo 2021; qp:0,44.34;Oceania Championships Auckland 2020; qp:9.56,None,None,3.03;World Championships La Seu 2019; qp:0,None,19.36;World Cup Markkleeberg 2019; qp:0,None,None,None,None,None,34.52;World Championships Krakow 2019; qp:14.52,None,None,None,None,None,None,None,None,None,None,None,None,None,None,None,None,None,None,None,None,None,None,None,None,None,None,None,None,None,None,None,None,None,None,None,None,None,None,None,None,None,None,None,None
54e5e56c799b1cc5ccf73261ca31c228,1778584150125365,David LLORENTE,LLORENTE,David,2023-05-29,2023,MK1,ESP,27,27,13.18,None,None,None,None,None,30.62;Pyrenees Cup La Seu 2023; qp:10.62,None,None,None,None,None,30.33;ICF World ranking Lee Valley 2022; qp:0.96,None,None,None,None,None,None,None,None,None,21.7;World Cup Prague 2022; qp:0,27.1;ICF World ranking Augsburg 2022; qp:2.54,None,None,None,None,None,32.51;Pyrenees Cup La Seu 2022; qp:17.83,None,None,None,None,None,None,None,21.75;World Championships Bratislava 2021; qp:0,18.83;World Cup Pau 2021; qp:0,19.57;World Cup La Seu 2021; qp:0,16.32;Olympic Games Tokyo 2021; qp:0,44.34;Oceania Championships Auckland 2020; qp:9.56,None,None,3.03;World Championships La Seu 2019; qp:0,None,19.36;World Cup Markkleeberg 2019; qp:0,None,None,None,None,None,34.52;World Championships Krakow 2019; qp:14.52,None,30.1;World Cup Bratislava 2019; qp:0,8.37;World Cup Lee Valley 2019; qp:0,None,None,None,None,None,None,None,None,None,None,None,None,None,None,None,None,None,None,None,None,None,None,None,None,None,None,None,None,None,None,None,None,None,None,None,None,None,None,None,None,None,None,None,None,None
d67977bca65df27ba9852c770ebf7bb6,1778584150125365,David LLORENTE,LLORENTE,David,2022-09-23,2022,MK1,ESP,26,27,12.3,30.33;ICF World ranking Lee Valley 2022; qp:0.96,None,None,None,None,None,None,None,None,None,21.7;World Cup Prague 2022; qp:0,27.1;ICF World ranking Augsburg 2022; qp:2.54,None,None,None,None,None,32.51;Pyrenees Cup La Seu 2022; qp:17.83,None,None,None,None,None,None,None,21.75;World Championships Bratislava 2021; qp:0,18.83;World Cup Pau 2021; qp:0,19.57;World Cup La Seu 2021; qp:0,16.32;Olympic Games Tokyo 2021; qp:0,44.34;Oceania Championships Auckland 2020; qp:9.56,None,None,3.03;World Championships La Seu 2019; qp:0,None,19.36;World Cup Markkleeberg 2019; qp:0,None,None,None,None,None,34.52;World Championships Krakow 2019; qp:14.52,None,30.1;World Cup Bratislava 2019; qp:0,8.37;World Cup Lee Valley 2019; qp:0,None,None,None,None,14.95;Pyrenees Cup La Seu 2019; qp:5.77,32.91;Pyrenees Cup Pau 2019; qp:5.68,None,None,None,38.23;Oceania Championships Penrith 2019; qp:2.13,28.01;ICF World ranking Penrith 2019; qp:2.1,None,None,None,None,None,None,None,None,None,None,None,None,None,None,None,None,None,None,None,None,None,None,None,None,None,None,None,None,None,None,None,None,None,None,None,None,None,None,None,None,None,None,None,None,None
1801b32776eea529cf6e9defb69f19a9,1778584150125365,David LLORENTE,LLORENTE,David,2022-08-01,2022,MK1,ESP,26,18,10.61,None,None,None,None,None,None,21.7;World Cup Prague 2022; qp:0,27.1;ICF World ranking Augsburg 2022; qp:2.54,None,None,None,None,None,32.51;Pyrenees Cup La Seu 2022; qp:17.83,None,None,None,None,None,None,None,21.75;World Championships Bratislava 2021; qp:0,18.83;World Cup Pau 2021; qp:0,19.57;World Cup La Seu 2021; qp:0,16.32;Olympic Games Tokyo 2021; qp:0,44.34;Oceania Championships Auckland 2020; qp:9.56,None,None,3.03;World Championships La Seu 2019; qp:0,None,19.36;World Cup Markkleeberg 2019; qp:0,None,None,None,None,34.52;World Championships Krakow 2019; qp:14.52,None,None,30.1;World Cup Bratislava 2019; qp:0,8.37;World Cup Lee Valley 2019; qp:0,None,None,None,None,14.95;Pyrenees Cup La Seu 2019; qp:5.77,32.91;Pyrenees Cup Pau 2019; qp:5.68,None,None,None,38.23;Oceania Championships Penrith 2019; qp:2.13,28.01;ICF World ranking Penrith 2019; qp:2.1,None,None,"29.47;World Championships Deodoro, Rio 2018; qp:0",None,10.37;World Cup La Seu 2018; qp:0,None,None,None,None,None,None,None,None,None,None,None,None,None,None,None,None,None,None,None,None,None,None,None,None,None,None,None,None,None,None,None,None,None,None,None,None,None,None,None,None,None,None,None,None
78fd9e3175fd7f3ab4a05e0f4ad67ee3,1778584150125365,David LLORENTE,LLORENTE,David,2022-05-01,2022,MK1,ESP,26,19,10.61,None,30.45;Pyrenees Cup Pau 2022; qp:13.82,None,32.51;Pyrenees Cup La Seu 2022; qp:17.83,None,None,None,None,None,None,None,21.75;World Championships Bratislava 2021; qp:0,18.83;World Cup Pau 2021; qp:0,19.57;World Cup La Seu 2021; qp:0,16.32;Olympic Games Tokyo 2021; qp:0,44.34;Oceania Championships Auckland 2020; qp:9.56,None,None,3.03;World Championships La Seu 2019; qp:0,None,19.36;World Cup Markkleeberg 2019; qp:0,None,None,None,None,None,34.52;World Championships Krakow 2019; qp:14.52,None,30.1;World Cup Bratislava 2019; qp:0,8.37;World Cup Lee Valley 2019; qp:0,None,None,None,None,14.95;Pyrenees Cup La Seu 2019; qp:5.77,32.91;Pyrenees Cup Pau 2019; qp:5.68,None,None,None,38.23;Oceania Championships Penrith 2019; qp:2.13,28.01;ICF World ranking Penrith 2019; qp:2.1,None,None,"29.47;World Championships Deodoro, Rio 2018; qp:0",None,10.37;World Cup La Seu 2018; qp:0,None,None,None,None,None,None,None,22.76;World Championships Ivrea 2018; qp:11.94,28.07;World Cup Augsburg 2018; qp:0,27.15;World Cup Krakow 2018; qp:0,32.37;World Cup Liptovsky Mikulas 2018; qp:0,None,None,None,None,None,None,None,None,None,None,None,None,None,None,None,None,None,None,None,None,None,None,None,None,None,None,None,None,None,None,None,None,None,None,None,None,None,None,None,None,None,None,None
6476884a42b7bb962419a13ff3fd5f76,1778584150125365,David LLORENTE,LLORENTE,David,2021-11-01,2021,MK1,ESP,25,19,9.46,21.75;World Championships Bratislava 2021; qp:0,18.83;World Cup Pau 2021; qp:0,19.57;World Cup La Seu 2021; qp:0,16.32;Olympic Games Tokyo 2021; qp:0,44.34;Oceania Championships Auckland 2020; qp:9.56,None,None,3.03;World Championships La Seu 2019; qp:0,None,19.36;World Cup Markkleeberg 2019; qp:0,None,None,None,None,34.52;World Championships Krakow 2019; qp:14.52,None,None,30.1;World Cup Bratislava 2019; qp:0,8.37;World Cup Lee Valley 2019; qp:0,None,None,None,None,14.95;Pyrenees Cup La Seu 2019; qp:5.77,32.91;Pyrenees Cup Pau 2019; qp:5.68,None,None,None,38.23;Oceania Championships Penrith 2019; qp:2.13,28.01;ICF World ranking Penrith 2019; qp:2.1,None,None,"29.47;World Championships Deodoro, Rio 2018; qp:0",None,10.37;World Cup La Seu 2018; qp:0,None,None,None,None,None,None,None,22.76;World Championships Ivrea 2018; qp:11.94,28.07;World Cup Augsburg 2018; qp:0,27.15;World Cup Krakow 2018; qp:0,32.37;World Cup Liptovsky Mikulas 2018; qp:0,None,None,None,None,10.58;Pyrenees Cup La Seu 2018; qp:7.58,None,None,None,None,None,None,None,None,None,None,None,None,None,None,None,None,None,None,None,None,None,None,None,None,None,None,None,None,None,None,None,None,None,None,None,None,None,None,None,None,None,None,None,None,None,None,None,None,None
b789a4b129c59cc4164104d06c8f4c90,1778584150125365,David LLORENTE,LLORENTE,David,2021-09-10,2021,MK1,ESP,25,19,9.46,18.83;World Cup Pau 2021; qp:0,19.57;World Cup La Seu 2021; qp:0,16.32;Olympic Games Tokyo 2021; qp:0,44.34;Oceania Championships Auckland 2020; qp:9.56,None,None,3.03;World Championships La Seu 2019; qp:0,None,19.36;World Cup Markkleeberg 2019; qp:0,None,None,None,None,34.52;World Championships Krakow 2019; qp:14.52,None,None,30.1;World Cup Bratislava 2019; qp:0,8.37;World Cup Lee Valley 2019; qp:0,None,None,None,None,14.95;Pyrenees Cup La Seu 2019; qp:5.77,32.91;Pyrenees Cup Pau 2019; qp:5.68,None,None,None,38.23;Oceania Championships Penrith 2019; qp:2.13,28.01;ICF World ranking Penrith 2019; qp:2.1,None,None,"29.47;World Championships Deodoro, Rio 2018; qp:0",None,10.37;World Cup La Seu 2018; qp:0,None,None,None,None,None,None,None,22.76;World Championships Ivrea 2018; qp:11.94,28.07;World Cup Augsburg 2018; qp:0,27.15;World Cup Krakow 2018; qp:0,32.37;World Cup Liptovsky Mikulas 2018; qp:0,None,None,None,None,10.58;Pyrenees Cup La Seu 2018; qp:7.58,None,None,None,None,None,None,None,None,None,None,None,None,None,None,None,None,None,None,None,None,None,None,None,None,None,None,None,None,None,None,None,None,None,None,None,None,None,None,None,None,None,None,None,None,None,None,None,None,None,None
e0347c1adb36e64b14686688c383073e,1778584150125365,David LLORENTE,LLORENTE,David,2020-02-01,2020,MK1,ESP,24,17,9.46,44.34;Oceania Championships Auckland 2020; qp:9.56,None,None,3.03;World Championships La Seu 2019; qp:0,None,19.36;World Cup Markkleeberg 2019; qp:0,None,None,None,None,34.52;World Championships Krakow 2019; qp:14.52,None,None,30.1;World Cup Bratislava 2019; qp:0,8.37;World Cup Lee Valley 2019; qp:0,None,None,None,None,14.95;Pyrenees Cup La Seu 2019; qp:5.77,32.91;Pyrenees Cup Pau 2019; qp:5.68,None,None,None,38.23;Oceania Championships Penrith 2019; qp:2.13,28.01;ICF World ranking Penrith 2019; qp:2.1,None,None,"29.47;World Championships Deodoro, Rio 2018; qp:0",None,10.37;World Cup La Seu 2018; qp:0,None,None,None,None,None,None,None,22.76;World Championships Ivrea 2018; qp:11.94,28.07;World Cup Augsburg 2018; qp:0,27.15;World Cup Krakow 2018; qp:0,32.37;World Cup Liptovsky Mikulas 2018; qp:0,None,None,None,None,10.58;Pyrenees Cup La Seu 2018; qp:7.58,None,None,None,None,None,None,None,None,None,None,None,None,None,None,None,None,None,None,None,None,None,None,None,None,None,None,None,None,None,None,None,None,None,None,None,None,None,None,None,None,None,None,None,None,None,None,None,None,None,None,None,None,None
c4b0e003c41d1ec52d1a59f83b8abc10,1778584150125365,David LLORENTE,LLORENTE,David,2019-09-25,2019,MK1,ESP,23,17,9.46,3.03;World Championships La Seu 2019; qp:0,None,19.36;World Cup Markkleeberg 2019; qp:0,None,None,None,None,34.52;World Championships Krakow 2019; qp:14.52,None,None,30.1;World Cup Bratislava 2019; qp:0,8.37;World Cup Lee Valley 2019; qp:0,None,None,None,None,14.95;Pyrenees Cup La Seu 2019; qp:5.77,32.91;Pyrenees Cup Pau 2019; qp:5.68,None,None,None,38.23;Oceania Championships Penrith 2019; qp:2.13,28.01;ICF World ranking Penrith 2019; qp:2.1,None,None,"29.47;World Championships Deodoro, Rio 2018; qp:0",None,10.37;World Cup La Seu 2018; qp:0,None,None,None,None,None,None,None,22.76;World Championships Ivrea 2018; qp:11.94,28.07;World Cup Augsburg 2018; qp:0,27.15;World Cup Krakow 2018; qp:0,32.37;World Cup Liptovsky Mikulas 2018; qp:0,None,None,None,None,10.58;Pyrenees Cup La Seu 2018; qp:7.58,None,None,None,None,None,None,None,None,None,None,None,None,None,None,None,None,None,None,None,None,None,None,None,None,None,None,None,None,None,None,None,None,None,None,None,None,None,None,None,None,None,None,None,None,None,None,None,None,None,None,None,None,None,None,None,None
04e8395b2176d2b4b77ad014a44eb32d,1778584150125365,David LLORENTE,LLORENTE,David,2019-09-06,2019,MK1,ESP,23,23,12.73,None,19.36;World Cup Markkleeberg 2019; qp:0,None,None,None,None,34.52;World Championships Krakow 2019; qp:14.52,None,None,30.1;World Cup Bratislava 2019; qp:0,8.37;World Cup Lee Valley 2019; qp:0,None,None,None,None,14.95;Pyrenees Cup La Seu 2019; qp:5.77,32.91;Pyrenees Cup Pau 2019; qp:5.68,None,None,None,38.23;Oceania Championships Penrith 2019; qp:2.13,28.01;ICF World ranking Penrith 2019; qp:2.1,None,None,"29.47;World Championships Deodoro, Rio 2018; qp:0",None,10.37;World Cup La Seu 2018; qp:0,None,None,None,None,None,None,None,22.76;World Championships Ivrea 2018; qp:11.94,28.07;World Cup Augsburg 2018; qp:0,27.15;World Cup Krakow 2018; qp:0,32.37;World Cup Liptovsky Mikulas 2018; qp:0,None,None,None,None,10.58;Pyrenees Cup La Seu 2018; qp:7.58,None,None,None,None,None,None,None,25.79;World Championships Pau 2017; qp:0,None,None,None,None,None,None,None,None,None,None,None,None,None,None,None,None,None,None,None,None,None,None,None,None,None,None,None,None,None,None,None,None,None,None,None,None,None,None,None,None,None,None,None,None,None,None,None,None,None
ea008903706fb2ba238516d6955cd515,1778584150125365,David LLORENTE,LLORENTE,David,2019-06-28,2019,MK1,ESP,23,18,10.16,None,30.1;World Cup Bratislava 2019; qp:0,8.37;World Cup Lee Valley 2019; qp:0,None,None,None,None,14.95;Pyrenees Cup La Seu 2019; qp:5.77,32.91;Pyrenees Cup Pau 2019; qp:5.68,None,None,None,38.23;Oceania Championships Penrith 2019; qp:2.13,28.01;ICF World ranking Penrith 2019; qp:2.1,None,None,"29.47;World Championships Deodoro, Rio 2018; qp:0",None,10.37;World Cup La Seu 2018; qp:0,None,None,None,None,None,None,22.76;World Championships Ivrea 2018; qp:11.94,None,28.07;World Cup Augsburg 2018; qp:0,27.15;World Cup Krakow 2018; qp:0,32.37;World Cup Liptovsky Mikulas 2018; qp:0,None,None,None,None,10.58;Pyrenees Cup La Seu 2018; qp:7.58,None,None,None,None,None,None,None,25.79;World Championships Pau 2017; qp:0,None,6.55;World Cup La Seu 2017; qp:0,None,None,38.51;World Championships Bratislava 2017; qp:13.83,None,None,None,None,None,None,None,None,None,None,None,None,None,None,None,None,None,None,None,None,None,None,None,None,None,None,None,None,None,None,None,None,None,None,None,None,None,None,None,None,None,None,None,None,None,None,None,None,None,None,None,None
a45af312459af415dd5a4cfad6d428af,1778584150125365,David LLORENTE,LLORENTE,David,2019-05-11,2019,MK1,ESP,23,24,13.04,None,None,14.95;Pyrenees Cup La Seu 2019; qp:5.77,32.91;Pyrenees Cup Pau 2019; qp:5.68,None,None,None,38.23;Oceania Championships Penrith 2019; qp:2.13,28.01;ICF World ranking Penrith 2019; qp:2.1,None,None,"29.47;World Championships Deodoro, Rio 2018; qp:0",None,10.37;World Cup La Seu 2018; qp:0,None,None,None,None,None,None,None,22.76;World Championships Ivrea 2018; qp:11.94,28.07;World Cup Augsburg 2018; qp:0,27.15;World Cup Krakow 2018; qp:0,32.37;World Cup Liptovsky Mikulas 2018; qp:0,None,None,None,None,10.58;Pyrenees Cup La Seu 2018; qp:7.58,None,None,None,None,None,None,None,None,25.79;World Championships Pau 2017; qp:0,None,6.55;World Cup La Seu 2017; qp:0,None,None,38.51;World Championships Bratislava 2017; qp:13.83,None,24.75;World Cup Markkleeberg 2017; qp:0,26.46;World Cup Augsburg 2017; qp:0,30.23;World Cup Prague 2017; qp:0,None,None,None,None,None,None,None,None,None,None,None,None,None,None,None,None,None,None,None,None,None,None,None,None,None,None,None,None,None,None,None,None,None,None,None,None,None,None,None,None,None,None,None,None,None,None,None,None,None,None,None,None
e7587d08bef51f00fa0043fb92ac1ece,1778584150125365,David LLORENTE,LLORENTE,David,2018-09-25,2018,MK1,ESP,22,18,12.27,"29.47;World Championships Deodoro, Rio 2018; qp:0",None,10.37;World Cup La Seu 2018; qp:0,None,None,None,None,None,None,22.76;World Championships Ivrea 2018; qp:11.94,None,28.07;World Cup Augsburg 2018; qp:0,27.15;World Cup Krakow 2018; qp:0,32.37;World Cup Liptovsky Mikulas 2018; qp:0,None,None,None,None,10.58;Pyrenees Cup La Seu 2018; qp:7.58,None,None,None,None,None,None,None,None,25.79;World Championships Pau 2017; qp:0,None,6.55;World Cup La Seu 2017; qp:0,None,38.51;World Championships Bratislava 2017; qp:13.83,None,None,24.75;World Cup Markkleeberg 2017; qp:0,26.46;World Cup Augsburg 2017; qp:0,30.23;World Cup Prague 2017; qp:0,None,11.11;Pyrenees Cup La Seu 2017; qp:7.95,None,None,None,None,None,None,None,None,None,None,None,None,None,None,None,None,None,None,None,None,None,None,None,None,None,None,None,None,None,None,None,None,None,None,None,None,None,None,None,None,None,None,None,None,None,None,None,None,None,None,None,None,None,None,None,None,None,None,None,None,None
0bbdd9cacdbb3de07467ec75b9205a53,1778584150125365,David LLORENTE,LLORENTE,David,2018-09-07,2018,MK1,ESP,22,18,12.27,10.37;World Cup La Seu 2018; qp:0,None,None,None,None,None,None,22.76;World Championships Ivrea 2018; qp:11.94,None,28.07;World Cup Augsburg 2018; qp:0,27.15;World Cup Krakow 2018; qp:0,32.37;World Cup Liptovsky Mikulas 2018; qp:0,None,None,None,None,10.58;Pyrenees Cup La Seu 2018; qp:7.58,None,None,None,None,None,None,None,None,25.79;World Championships Pau 2017; qp:0,None,6.55;World Cup La Seu 2017; qp:0,None,38.51;World Championships Bratislava 2017; qp:13.83,None,None,24.75;World Cup Markkleeberg 2017; qp:0,26.46;World Cup Augsburg 2017; qp:0,30.23;World Cup Prague 2017; qp:0,None,11.11;Pyrenees Cup La Seu 2017; qp:7.95,None,None,None,None,None,None,None,None,None,None,None,None,None,None,None,None,None,None,None,None,None,None,None,None,None,None,None,None,None,None,None,None,None,None,None,None,None,None,None,None,None,None,None,None,None,None,None,None,None,None,None,None,None,None,None,None,None,None,None,None,None,None,None
a4fe61bd730c872e919bc085a31fef91,1778584150125365,David LLORENTE,LLORENTE,David,2018-07-06,2018,MK1,ESP,22,34,15.71,28.07;World Cup Augsburg 2018; qp:0,27.15;World Cup Krakow 2018; qp:0,32.37;World Cup Liptovsky Mikulas 2018; qp:0,None,None,None,None,10.58;Pyrenees Cup La Seu 2018; qp:7.58,None,None,None,None,None,None,None,None,25.79;World Championships Pau 2017; qp:0,None,6.55;World Cup La Seu 2017; qp:0,None,38.51;World Championships Bratislava 2017; qp:13.83,None,None,24.75;World Cup Markkleeberg 2017; qp:0,26.46;World Cup Augsburg 2017; qp:0,30.23;World Cup Prague 2017; qp:0,None,11.11;Pyrenees Cup La Seu 2017; qp:7.95,None,None,None,None,None,None,None,None,None,25.57;World Cup Tacen 2016; qp:0,30.33;World Cup Prague 2016; qp:0,None,None,None,None,None,None,None,None,None,None,None,None,None,None,None,None,None,None,None,None,None,None,None,None,None,None,None,None,None,None,None,None,None,None,None,None,None,None,None,None,None,None,None,None,None,None,None,None,None,None,None,None,None,None,None,None,None,None,None,None,None
4a91f3e7c0434858b26a972e1bdb6b2a,1778584150125365,David LLORENTE,LLORENTE,David,2018-06-08,2018,MK1,ESP,22,32,15.71,None,None,None,None,10.58;Pyrenees Cup La Seu 2018; qp:7.58,None,None,None,None,None,None,None,None,25.79;World Championships Pau 2017; qp:0,None,6.55;World Cup La Seu 2017; qp:0,None,38.51;World Championships Bratislava 2017; qp:13.83,None,None,24.75;World Cup Markkleeberg 2017; qp:0,26.46;World Cup Augsburg 2017; qp:0,30.23;World Cup Prague 2017; qp:0,None,11.11;Pyrenees Cup La Seu 2017; qp:7.95,None,None,None,None,None,None,None,None,None,25.57;World Cup Tacen 2016; qp:0,30.33;World Cup Prague 2016; qp:0,None,None,None,None,None,None,None,None,None,None,None,None,None,None,None,None,None,None,None,None,None,None,None,None,None,None,None,None,None,None,None,None,None,None,None,None,None,None,None,None,None,None,None,None,None,None,None,None,None,None,None,None,None,None,None,None,None,None,None,None,None,None,None,None
5867b40bddd7e30eab3cf3d4a9a32b05,1778584150125365,David LLORENTE,LLORENTE,David,2017-09-27,2017,MK1,ESP,21,44,18.75,25.79;World Championships Pau 2017; qp:0,None,6.55;World Cup La Seu 2017; qp:0,None,38.51;World Championships Bratislava 2017; qp:13.83,None,None,24.75;World Cup Markkleeberg 2017; qp:0,26.46;World Cup Augsburg 2017; qp:0,30.23;World Cup Prague 2017; qp:0,None,11.11;Pyrenees Cup La Seu 2017; qp:7.95,None,None,None,None,None,None,None,None,None,25.57;World Cup Tacen 2016; qp:0,30.33;World Cup Prague 2016; qp:0,None,None,None,None,None,None,None,None,None,None,None,None,None,None,None,None,None,None,None,None,None,None,None,None,None,None,None,None,None,None,None,None,None,None,None,None,None,None,None,None,None,None,None,None,None,None,None,None,None,None,None,None,None,None,None,None,None,None,None,None,None,None,None,None,None,None,None,None,None,None,None,None,None,None,None,None,None
e01d92cef5357ff8396c9d4277e24a72,1778584150125365,David LLORENTE,LLORENTE,David,2017-09-08,2017,MK1,ESP,21,46,18.89,6.55;World Cup La Seu 2017; qp:0,None,38.51;World Championships Bratislava 2017; qp:13.83,None,None,24.75;World Cup Markkleeberg 2017; qp:0,26.46;World Cup Augsburg 2017; qp:0,30.23;World Cup Prague 2017; qp:0,None,11.11;Pyrenees Cup La Seu 2017; qp:7.95,None,None,None,None,None,None,None,None,None,25.57;World Cup Tacen 2016; qp:0,30.33;World Cup Prague 2016; qp:0,None,None,None,None,None,None,None,None,None,None,None,None,None,None,None,None,None,None,None,None,None,None,None,None,None,None,None,None,None,None,None,None,None,None,None,None,None,None,None,None,None,None,None,None,None,None,None,None,None,None,None,None,None,None,None,None,None,None,None,None,None,None,None,None,None,None,None,None,None,None,None,None,None,None,None,None,None,None,None
aaeb7bf22e3e004578b0672b877f13e8,1778584150125365,David LLORENTE,LLORENTE,David,2017-06-30,2017,MK1,ESP,21,54,22,24.75;World Cup Markkleeberg 2017; qp:0,26.46;World Cup Augsburg 2017; qp:0,30.23;World Cup Prague 2017; qp:0,None,11.11;Pyrenees Cup La Seu 2017; qp:7.95,None,None,None,None,None,None,None,None,None,25.57;World Cup Tacen 2016; qp:0,30.33;World Cup Prague 2016; qp:0,None,None,None,None,None,None,None,None,None,None,None,None,None,None,None,None,None,None,None,None,None,None,22.13;World Championships Foz do Iguassu 2015; qp:15.87,None,None,None,None,None,None,None,None,None,None,None,None,None,None,None,None,None,None,None,None,None,None,None,None,None,None,None,None,None,None,None,None,None,None,None,None,None,None,None,None,None,None,None,None,None,None,None,None,None,None,None,None,None,None,None,None,None,None,None,None,None
d1f45e558bd837b8c22a450c260a9c44,1778584150125365,David LLORENTE,LLORENTE,David,2017-05-26,2017,MK1,ESP,21,64,24.37,None,11.11;Pyrenees Cup La Seu 2017; qp:7.95,None,None,None,None,None,None,None,None,None,25.57;World Cup Tacen 2016; qp:0,30.33;World Cup Prague 2016; qp:0,None,None,None,None,None,None,None,None,None,None,None,None,None,None,None,None,None,None,None,None,None,None,32.71;World Cup Prague 2015; qp:0,None,None,22.13;World Championships Foz do Iguassu 2015; qp:15.87,None,None,None,None,None,None,None,None,None,None,None,None,None,None,None,None,None,None,None,None,None,None,None,None,None,None,None,None,None,None,None,None,None,None,None,None,None,None,None,None,None,None,None,None,None,None,None,None,None,None,None,None,None,None,None,None,None,None,None,None,None
b1b04ff6fdab79e4b7b7694d4a33e27a,1778584150125365,David LLORENTE,LLORENTE,David,2016-09-09,2016,MK1,ESP,20,82,29.14,25.57;World Cup Tacen 2016; qp:0,30.33;World Cup Prague 2016; qp:0,None,None,None,None,None,None,None,None,None,None,None,None,None,None,None,None,None,None,None,None,40.97;ICF World ranking Ivrea 2015; qp:10.63,None,None,32.71;World Cup Prague 2015; qp:0,None,None,None,34.95;Pyrenees Cup La Seu 2015; qp:9.01,None,None,22.13;World Championships Foz do Iguassu 2015; qp:15.87,None,None,None,None,None,None,None,None,None,None,None,None,None,None,None,None,None,None,None,None,None,None,None,None,None,None,None,None,None,None,None,None,None,None,None,None,None,None,None,None,None,None,None,None,None,None,None,None,None,None,None,None,None,None,None,None,None,None,None,None,None,None,None,None,None,None,None
2b0c802c70039e6580a4e6d3de6e21fd,1778584150125365,David LLORENTE,LLORENTE,David,2016-08-07,2016,MK1,ESP,20,148,32.69,None,None,None,None,None,None,None,None,None,None,None,None,None,None,None,None,None,None,None,None,40.97;ICF World ranking Ivrea 2015; qp:10.63,None,None,32.71;World Cup Prague 2015; qp:0,None,None,None,34.95;Pyrenees Cup La Seu 2015; qp:9.01,None,None,22.13;World Championships Foz do Iguassu 2015; qp:15.87,None,None,None,None,None,None,None,None,None,None,None,None,None,None,None,None,None,None,None,None,None,None,None,None,None,None,None,None,None,None,None,None,None,None,None,None,None,None,None,None,None,None,None,None,None,None,None,None,None,None,None,None,None,None,None,None,None,None,None,None,None,None,None,None,None,None,None,None,None
f1db9ae17123c45ba61b2d55ea765091,1778584150125365,David LLORENTE,LLORENTE,David,2016-06-17,2016,MK1,ESP,20,112,39.91,None,None,None,None,None,None,None,None,None,None,None,None,None,None,None,None,None,40.97;ICF World ranking Ivrea 2015; qp:10.63,None,None,32.71;World Cup Prague 2015; qp:0,None,None,None,34.95;Pyrenees Cup La Seu 2015; qp:9.01,None,None,22.13;World Championships Foz do Iguassu 2015; qp:15.87,None,None,None,None,None,None,None,None,None,68.78;ICF World ranking Penrith 2014; qp:42.59,None,None,None,None,None,None,None,None,None,None,None,None,None,None,None,None,None,None,None,None,None,None,None,None,None,None,None,None,None,None,None,None,None,None,None,None,None,None,None,None,None,None,None,None,None,None,None,None,None,None,None,None,None,None,None,None,None,None,None,None,None,None
8c083e5422f32e70ec7697f16e2d0869,1778584150125365,David LLORENTE,LLORENTE,David,2016-04-30,2016,MK1,ESP,20,112,39.91,None,None,None,None,None,None,None,None,None,None,None,None,None,40.97;ICF World ranking Ivrea 2015; qp:10.63,None,None,32.71;World Cup Prague 2015; qp:0,None,None,None,34.95;Pyrenees Cup La Seu 2015; qp:9.01,None,22.13;World Championships Foz do Iguassu 2015; qp:15.87,None,None,None,None,None,None,None,None,None,None,None,None,None,None,68.78;ICF World ranking Penrith 2014; qp:42.59,None,None,None,None,None,None,None,None,None,None,None,None,None,None,None,None,None,None,None,None,None,None,None,None,None,None,None,None,None,None,None,None,None,None,None,None,None,None,None,None,None,None,None,None,None,None,None,None,None,None,None,None,None,None,None,None,None,None,None,None,None,None
f8bf22c33a958d6d40ec428edcee764f,1778584150125365,David LLORENTE,LLORENTE,David,2015-09-16,2015,MK1,ESP,19,113,39.91,None,None,None,40.97;ICF World ranking Ivrea 2015; qp:10.63,None,None,32.71;World Cup Prague 2015; qp:0,None,None,None,34.95;Pyrenees Cup La Seu 2015; qp:9.01,None,None,22.13;World Championships Foz do Iguassu 2015; qp:15.87,None,None,None,None,None,None,None,None,None,None,None,None,None,None,None,None,None,None,None,68.78;ICF World ranking Penrith 2014; qp:42.59,None,None,None,None,None,None,None,None,None,None,None,None,None,None,None,None,None,None,None,None,None,None,None,None,None,None,None,None,None,None,None,None,None,None,None,None,None,None,None,None,None,None,None,None,None,None,None,None,None,None,None,None,None,None,None,None,None,None,None,None,None,None,None,None,None,None
df80aeaf69a991fc1f66401d5a6a2f66,1778584150125365,David LLORENTE,LLORENTE,David,2015-08-14,2015,MK1,ESP,19,111,39.91,None,None,40.97;ICF World ranking Ivrea 2015; qp:10.63,None,None,32.71;World Cup Prague 2015; qp:0,None,None,None,34.95;Pyrenees Cup La Seu 2015; qp:9.01,None,None,22.13;World Championships Foz do Iguassu 2015; qp:15.87,None,None,None,None,None,None,None,None,None,None,None,None,None,None,None,None,None,None,None,68.78;ICF World ranking Penrith 2014; qp:42.59,None,None,None,None,None,None,None,None,None,None,None,None,None,None,None,None,None,None,None,None,None,None,None,None,None,None,None,None,None,None,None,None,None,None,None,None,None,None,None,None,None,None,None,None,None,None,None,None,None,None,None,None,None,None,None,None,None,None,None,None,None,None,None,None,None,None,None
9647d6653d2a074d0e247eb7b300d840,1778584150125365,David LLORENTE,LLORENTE,David,2015-07-03,2015,MK1,ESP,19,143,39.64,None,None,32.71;World Cup Prague 2015; qp:0,None,None,None,34.95;Pyrenees Cup La Seu 2015; qp:9.01,None,22.13;World Championships Foz do Iguassu 2015; qp:15.87,None,None,None,None,None,None,None,None,None,None,None,None,None,None,None,None,None,None,None,None,68.78;ICF World ranking Penrith 2014; qp:42.59,None,None,None,None,None,None,None,None,None,None,None,None,None,None,None,None,None,None,None,None,None,None,None,None,None,None,None,None,None,None,None,None,None,None,None,None,None,None,None,None,None,None,None,None,None,None,None,None,None,None,None,None,None,None,None,None,None,None,None,None,None,None,None,None,None,None,None,None,None,None
8b304c532bffbbda01aeae837d7eb75a,1778584150125365,David LLORENTE,LLORENTE,David,2015-06-06,2015,MK1,ESP,19,167,41.95,None,None,None,34.95;Pyrenees Cup La Seu 2015; qp:9.01,None,22.13;World Championships Foz do Iguassu 2015; qp:15.87,None,None,None,None,None,None,None,None,None,None,None,None,None,None,None,None,None,None,None,None,None,68.78;ICF World ranking Penrith 2014; qp:42.59,None,None,None,None,None,None,None,None,None,None,None,None,None,None,None,None,None,None,None,None,None,None,None,None,None,None,None,None,None,None,None,None,None,None,None,None,None,None,None,None,None,None,None,None,None,None,None,None,None,None,None,None,None,None,None,None,None,None,None,None,None,None,None,None,None,None,None,None,None,None,None,None
37f83899ccfd157bbf153ba58503c836,1778584150125365,David LLORENTE,LLORENTE,David,2014-09-17,2014,MK1,ESP,18,343,68.78,None,None,None,None,None,None,None,None,None,None,None,None,None,None,None,68.78;ICF World ranking Penrith 2014; qp:42.59,None,None,None,None,None,None,None,None,None,None,None,None,None,None,None,None,None,None,None,None,None,None,None,None,None,None,None,None,None,None,None,None,None,None,None,None,None,None,None,None,None,None,None,None,None,None,None,None,None,None,None,None,None,None,None,None,None,None,None,None,None,None,None,None,None,None,None,None,None,None,None,None,None,None,None,None,None,None,None,None,None,None,None,None
20ae6dd7be75c29d6b4d0a734303c214,1778584150125365,David LLORENTE,LLORENTE,David,2014-08-15,2014,MK1,ESP,18,334,68.78,None,None,None,None,None,None,None,None,None,None,None,None,68.78;ICF World ranking Penrith 2014; qp:42.59,None,None,None,None,None,None,None,None,None,None,None,None,None,None,None,None,None,None,None,None,None,None,None,None,None,None,None,None,None,None,None,None,None,None,None,None,None,None,None,None,None,None,None,None,None,None,None,None,None,None,None,None,None,None,None,None,None,None,None,None,None,None,None,None,None,None,None,None,None,None,None,None,None,None,None,None,None,None,None,None,None,None,None,None,None,None,None
aa05e44f1fb1acbc86a55d72a13c8a55,1778584150125365,David LLORENTE,LLORENTE,David,2014-06-20,2014,MK1,ESP,18,343,68.78,None,None,None,None,None,None,None,None,None,68.78;ICF World ranking Penrith 2014; qp:42.59,None,None,None,None,None,None,None,None,None,None,None,None,None,None,None,None,None,None,None,None,None,None,None,None,None,None,None,None,None,None,None,None,None,None,None,None,None,None,None,None,None,None,None,None,None,None,None,None,None,None,None,None,None,None,None,None,None,None,None,None,None,None,None,None,None,None,None,None,None,None,None,None,None,None,None,None,None,None,None,None,None,None,None,None,None,None,None,None,None,None
9420138167d613d9c0fab3d413f01489,1778584150125365,David LLORENTE,LLORENTE,David,2014-05-23,2014,MK1,ESP,18,342,68.78,None,None,None,None,None,None,68.78;ICF World ranking Penrith 2014; qp:42.59,None,None,None,None,None,None,None,None,None,None,None,None,None,None,None,None,None,None,None,None,None,None,None,None,None,None,None,None,None,None,None,None,None,None,None,None,None,None,None,None,None,None,None,None,None,None,None,None,None,None,None,None,None,None,None,None,None,None,None,None,None,None,None,None,None,None,None,None,None,None,None,None,None,None,None,None,None,None,None,None,None,None,None,None,None,None,None,None,None,None,None,None,None
ec8bc515cd4d07895e3dc8dd1a1048a8,1787573484683840,Giovanni DE GENNARO,GENNARO,Giovanni DE,2026-08-21,2026,MK1,ITA,34,4,2.47,None,None,None,2.9;World Championships Oklahoma 2026; qp:0,None,None,3.31;World Cup Augsburg 2026; qp:0,20.71;World Cup Prague 2026; qp:0,9.22;World Cup Tacen 2026; qp:0,None,None,None,4.77;ICF World ranking Tacen 2026; qp:4.77,None,None,28.28;ICF World ranking Ivrea 2026; qp:4.77,None,None,None,None,2.76;ICF World ranking Oklahoma 2026; qp:1.89,None,None,None,None,None,None,None,None,None,None,None,None,None,None,8.36;World Championships Penrtih 2025; qp:0,9.34;World Cup Augsburg 2025; qp:0,16.58;World Cup Tacen 2025; qp:0,None,None,None,None,None,None,None,None,4.5;World Cup Prague 2025; qp:0,6.26;World Cup Pau 2025; qp:0,None,24.35;ICF World ranking Vaires sur Marne 2025; qp:1.55,None,None,6.02;ICF World ranking Ivrea 2025; qp:6.02,None,113.31;ICF World ranking Tacen 2025; qp:5.28,None,None,None,None,None,None,None,None,None,None,None,None,None,None,7.71;Australian Open Penrith 2025; qp:2.69,None,None,None,None,None,None,None,None,None,None,2.37;World Cup La Seu 2024; qp:0,12.04;World Cup Ivrea 2024; qp:0,1.01;ICF World ranking Tacen 2024; qp:1.01,None,None,None,None,None,None,None,None,None,None,None,None,None,None,None,None,None
4747cdf1d3bf343137c2db91ac8c37cb,1787573484683840,Giovanni DE GENNARO,GENNARO,Giovanni DE,2026-07-06,2026,MK1,ITA,34,3,1.89,3.31;Team trials Augsburg 2026; qp:0,20.71;Team trials Ceske Budejovice 2026; qp:0,9.22;Team trials Solkan 2026; qp:0,None,None,None,4.77;Team trials Solkan 2026; qp:4.77,None,None,28.28;Team trials Ivrea 2026; qp:4.77,None,None,None,None,2.76;Team trials Deep Creek 2026; qp:1.89,None,None,None,None,None,None,None,None,None,None,None,None,None,None,8.36;World Championships Penrtih 2025; qp:0,9.34;Team trials Augsburg 2025; qp:0,16.58;Team trials Solkan 2025; qp:0,None,None,None,None,None,None,None,None,4.5;Team trials Ceske Budejovice 2025; qp:0,6.26;Team trials Orthez 2025; qp:0,None,24.35;Team trials Solkan 2025; qp:1.55,None,None,6.02;Team trials Ivrea 2025; qp:6.02,None,113.31;Team trials Solkan 2025; qp:5.28,None,None,None,None,None,None,None,None,None,None,None,None,None,None,7.71;Team trials Penrith 2025; qp:2.69,None,None,None,None,None,None,None,None,None,None,2.37;Team trials Mondariz 2024; qp:0,12.04;Team trials Ivrea 2024; qp:0,None,0;Olympic Games Paris 2024; qp:0,None,None,1.01;ICF World ranking Tacen 2024; qp:1.01,None,None,None,None,None,None,None,None,None,None,None,None,None,None,None,None,None,None,None
3b69ad38c711e33b869094c66cac2773,1778585356774369,Giovanni DE GENNARO,GENNARO,Giovanni DE,2026-03-31,2026,MK1,ITA,34,2,1.23,2.76;ICF World ranking Oklahoma 2026; qp:1.89,None,None,None,None,None,None,None,None,None,None,None,None,None,None,8.36;World Championships Penrtih 2025; qp:0,9.34;World Cup Augsburg 2025; qp:0,16.58;World Cup Tacen 2025; qp:0,None,None,None,None,None,None,None,None,4.5;World Cup Prague 2025; qp:0,6.26;World Cup Pau 2025; qp:0,None,24.35;ICF World ranking Vaires sur Marne 2025; qp:1.55,None,None,6.02;ICF World ranking Ivrea 2025; qp:6.02,None,113.31;ICF World ranking Tacen 2025; qp:5.28,None,None,None,None,None,None,None,None,None,None,None,None,None,None,7.71;Australian Open Penrith 2025; qp:2.69,None,None,None,None,None,None,None,None,None,None,2.37;World Cup La Seu 2024; qp:0,12.04;World Cup Ivrea 2024; qp:0,None,0;Olympic Games Paris 2024; qp:0,None,None,None,0;World Cup Prague 2024; qp:0,10;World Cup Augsburg 2024; qp:0,None,None,1.01;ICF World ranking Tacen 2024; qp:1.01,None,4.58;ICF World ranking Tacen 2024; qp:3.64,None,None,None,None,None,None,None,None,None,None,None,None,None,None,None,None,None,None,None,None,None,None,None,None,None,None
77bf713d0146504669b20b04d157e7a0,1778585356774369,Giovanni DE GENNARO,GENNARO,Giovanni DE,2025-10-15,2025,MK1,ITA,33,3,1.58,8.36;World Championships Penrtih 2025; qp:0,9.34;World Cup Augsburg 2025; qp:0,16.58;World Cup Tacen 2025; qp:0,None,None,None,None,None,None,None,None,4.5;World Cup Prague 2025; qp:0,6.26;World Cup Pau 2025; qp:0,None,24.35;ICF World ranking Vaires sur Marne 2025; qp:1.55,None,None,6.02;ICF World ranking Ivrea 2025; qp:6.02,None,113.31;ICF World ranking Tacen 2025; qp:5.28,None,None,None,None,None,None,None,None,None,None,None,None,None,None,7.71;Australian Open Penrith 2025; qp:2.69,None,None,None,None,None,None,None,None,None,None,2.37;World Cup La Seu 2024; qp:0,12.04;World Cup Ivrea 2024; qp:0,None,0;Olympic Games Paris 2024; qp:0,None,None,None,0;World Cup Prague 2024; qp:0,10;World Cup Augsburg 2024; qp:0,None,None,1.01;ICF World ranking Tacen 2024; qp:1.01,None,4.58;ICF World ranking Tacen 2024; qp:3.64,None,None,None,None,None,None,None,None,None,6.6;Australian Open Penrith 2024; qp:1.97,None,None,None,None,None,None,None,None,None,None,None,None,None,None,None,None,None,None,None,None,None,None,None,None,None,None,None,None,None,None,None
cbd4e1eeb9fcc832767453c053f72f12,1778585356774369,Giovanni DE GENNARO,GENNARO,Giovanni DE,2025-09-10,2025,MK1,ITA,33,3,1.58,9.34;World Cup Augsburg 2025; qp:0,16.58;World Cup Tacen 2025; qp:0,None,None,None,None,None,None,None,None,4.5;World Cup Prague 2025; qp:0,6.26;World Cup Pau 2025; qp:0,None,24.35;ICF World ranking Vaires sur Marne 2025; qp:1.55,None,None,6.02;ICF World ranking Ivrea 2025; qp:6.02,None,113.31;ICF World ranking Tacen 2025; qp:5.28,None,None,None,None,None,None,None,None,None,None,None,None,None,None,7.71;Australian Open Penrith 2025; qp:2.69,None,None,None,None,None,None,None,None,None,None,2.37;World Cup La Seu 2024; qp:0,12.04;World Cup Ivrea 2024; qp:0,None,0;Olympic Games Paris 2024; qp:0,None,None,None,0;World Cup Prague 2024; qp:0,10;World Cup Augsburg 2024; qp:0,None,None,1.01;ICF World ranking Tacen 2024; qp:1.01,None,4.58;ICF World ranking Tacen 2024; qp:3.64,None,None,None,None,None,None,None,None,None,6.6;Australian Open Penrith 2024; qp:1.97,None,5.62;World Championships Lee Valley 2023; qp:0,None,None,None,None,None,None,None,None,None,None,None,None,None,None,None,None,None,None,None,None,None,None,None,None,None,None,None,None,None,None
a3040ddea3cf34da4a58df6395f048cd,1778585356774369,Giovanni DE GENNARO,GENNARO,Giovanni DE,2025-07-01,2025,MK1,ITA,33,2,1.58,4.5;World Cup Prague 2025; qp:0,6.26;World Cup Pau 2025; qp:0,None,24.35;Euros Vaires sur Marne 2025; qp:1.55,None,None,6.02;ICF World ranking Ivrea 2025; qp:6.02,None,113.31;ICF World ranking Tacen 2025; qp:5.28,None,None,None,None,None,None,None,None,None,None,None,None,None,None,7.71;Australian Open Penrith 2025; qp:2.69,None,None,None,None,None,None,None,None,None,None,2.37;World Cup La Seu 2024; qp:0,12.04;World Cup Ivrea 2024; qp:0,None,0;Olympic Games Paris 2024; qp:0,None,None,None,0;World Cup Prague 2024; qp:0,10;World Cup Augsburg 2024; qp:0,None,None,1.01;ICF World ranking Tacen 2024; qp:1.01,None,4.58;ICF World ranking Tacen 2024; qp:3.64,None,None,None,None,None,None,None,None,None,6.6;Australian Open Penrith 2024; qp:1.97,None,None,None,None,None,15.03;World Cup Vaires sur Marne 2023; qp:0,5.62;World Championships Lee Valley 2023; qp:0,7.4;World Cup La Seu 2023; qp:0,None,None,None,26.45;ICF World ranking Bratislava 2023; qp:7.31,6.84;ICF World ranking Prague 2023; qp:6.84,None,None,None,None,None,None,None,None,None,None,None,None,None,None,None,None,None,None,None,None,None,None,None,None,None,None,None,None,None
e00f155d037d660dbc1604a6dd345be6,1778585356774369,Giovanni DE GENNARO,GENNARO,Giovanni DE,2025-05-30,2025,MK1,ITA,33,1,0.59,24.35;Euros Vaires sur Marne 2025; qp:1.55,None,None,6.02;ICF World ranking Ivrea 2025; qp:6.02,None,113.31;ICF World ranking Tacen 2025; qp:5.28,None,None,None,None,None,None,None,None,None,None,None,None,None,None,7.71;Australian Open Penrith 2025; qp:2.69,None,None,None,None,None,None,None,None,None,None,2.37;World Cup La Seu 2024; qp:0,12.04;World Cup Ivrea 2024; qp:0,None,0;Olympic Games Paris 2024; qp:0,None,None,None,0;World Cup Prague 2024; qp:0,10;World Cup Augsburg 2024; qp:0,None,None,1.01;ICF World ranking Tacen 2024; qp:1.01,None,4.58;ICF World ranking Tacen 2024; qp:3.64,None,None,None,None,None,None,None,None,None,6.6;Australian Open Penrith 2024; qp:1.97,None,None,None,None,None,15.03;World Cup Vaires sur Marne 2023; qp:0,5.62;World Championships Lee Valley 2023; qp:0,7.4;World Cup La Seu 2023; qp:0,None,None,None,26.45;ICF World ranking Bratislava 2023; qp:7.31,6.84;ICF World ranking Prague 2023; qp:6.84,None,11.61;World Cup Tacen 2023; qp:0,1.92;World Cup Prague 2023; qp:0,0;World Cup Augsburg 2023; qp:0,None,None,None,None,None,None,None,None,None,None,None,None,None,None,None,None,None,None,None,None,None,None,None,None,None,None,None,None
4a25798d2f5583e79963ae84a59cbdcb,1778585356774369,Giovanni DE GENNARO,GENNARO,Giovanni DE,2025-04-03,2025,MK1,ITA,33,1,0.59,None,None,None,None,None,None,None,None,None,7.71;Australian Open Penrith 2025; qp:2.69,None,None,None,None,None,None,None,None,None,None,2.37;World Cup La Seu 2024; qp:0,12.04;World Cup Ivrea 2024; qp:0,None,0;Olympic Games Paris 2024; qp:0,None,None,None,0;World Cup Prague 2024; qp:0,10;World Cup Augsburg 2024; qp:0,None,None,1.01;ICF World ranking Tacen 2024; qp:1.01,None,4.58;ICF World ranking Tacen 2024; qp:3.64,None,None,None,None,None,None,None,None,None,6.6;Australian Open Penrith 2024; qp:1.97,None,None,None,None,None,15.03;World Cup Vaires sur Marne 2023; qp:0,5.62;World Championships Lee Valley 2023; qp:0,7.4;World Cup La Seu 2023; qp:0,None,None,None,26.45;ICF World ranking Bratislava 2023; qp:7.31,6.84;ICF World ranking Prague 2023; qp:6.84,5;ICF World ranking Krakow 2023; qp:0.71,None,11.61;World Cup Tacen 2023; qp:0,1.92;World Cup Prague 2023; qp:0,0;World Cup Augsburg 2023; qp:0,None,6.19;ICF World ranking Krakow 2023; qp:6.19,8.7;ICF World ranking Tacen 2023; qp:6.58,None,None,None,None,None,None,None,None,None,None,None,None,None,None,None,None,None,None,None,None,None,None,None,None,None,None,None,None,None,None,None,None,None,None,None
0fbe6d916e8d0e68e5c05d58db2f668d,1778585356774369,Giovanni DE GENNARO,GENNARO,Giovanni DE,2024-09-25,2024,MK1,ITA,32,1,0.59,2.37;World Cup La Seu 2024; qp:0,12.04;World Cup Ivrea 2024; qp:0,None,0;Olympic Games Vaires sur Marne 2024; qp:0,None,None,None,0;World Cup Prague 2024; qp:0,10;World Cup Augsburg 2024; qp:0,None,None,1.01;Euros Tacen 2024; qp:1.01,None,4.58;ICF World ranking Tacen 2024; qp:3.64,None,None,None,None,None,None,None,None,None,6.6;Australian Open Penrith 2024; qp:1.97,None,None,None,None,None,15.03;World Cup Vaires sur Marne 2023; qp:0,5.62;World Championships Lee Valley 2023; qp:0,7.4;World Cup La Seu 2023; qp:0,None,None,None,26.45;ICF World ranking Bratislava 2023; qp:7.31,6.84;ICF World ranking Prague 2023; qp:6.84,5;ICF World ranking Krakow 2023; qp:0.71,None,11.61;World Cup Tacen 2023; qp:0,1.92;World Cup Prague 2023; qp:0,0;World Cup Augsburg 2023; qp:0,None,6.19;ICF World ranking Krakow 2023; qp:6.19,None,None,None,8.7;ICF World ranking Tacen 2023; qp:6.58,None,None,None,None,3.66;ICF World ranking Ile de la Reunion 2023; qp:2.6,None,None,None,None,None,None,None,None,None,None,None,None,None,None,None,None,None,None,None,None,None,None,None,None,None,None,None,None,None,None,None,None,None,None,None,None,None,None,None,None,None,None,None,None,None,None,None
2167f181d32004730c628685278c897e,1778585356774369,Giovanni DE GENNARO,GENNARO,Giovanni DE,2024-06-20,2024,MK1,ITA,32,2,0.67,None,0;World Cup Prague 2024; qp:0,10;World Cup Augsburg 2024; qp:0,None,None,1.01;Euros Tacen 2024; qp:1.01,None,None,None,None,None,None,None,None,None,None,None,6.6;Australian Open Penrith 2024; qp:1.97,None,None,None,None,None,15.03;World Cup Vaires sur Marne 2023; qp:0,5.62;World Championships Lee Valley 2023; qp:0,7.4;World Cup La Seu 2023; qp:0,None,None,None,26.45;ICF World ranking Bratislava 2023; qp:7.31,6.84;ICF World ranking Prague 2023; qp:6.84,5;Euros Krakow 2023; qp:0.71,None,11.61;World Cup Tacen 2023; qp:0,1.92;World Cup Prague 2023; qp:0,0;World Cup Augsburg 2023; qp:0,None,None,None,None,None,8.7;ICF World ranking Tacen 2023; qp:6.58,None,None,None,None,3.66;ICF World ranking Ile de la Reunion 2023; qp:2.6,None,None,None,1.21;World Cup La Seu 2022; qp:0,22.4;World Cup Pau 2022; qp:0,None,1.12;World Championships Augsburg 2022; qp:0,None,None,None,None,None,None,None,None,None,None,None,None,None,None,None,None,None,None,None,None,None,None,None,None,None,None,None,None,None,None,None,None,None,None,None,None,None,None,None,None,None,None,None,None,None,None
acedd9f7eda85f6f7484322ff2e002b4,1778585356774369,Giovanni DE GENNARO,GENNARO,Giovanni DE,2024-05-22,2024,MK1,ITA,32,3,0.97,1.01;Euros Tacen 2024; qp:1.01,None,None,None,None,None,None,None,None,None,None,None,6.6;Australian Open Penrith 2024; qp:1.97,None,None,None,None,None,15.03;World Cup Vaires sur Marne 2023; qp:0,5.62;World Championships Lee Valley 2023; qp:0,7.4;World Cup La Seu 2023; qp:0,None,None,None,26.45;ICF World ranking Bratislava 2023; qp:7.31,6.84;ICF World ranking Prague 2023; qp:6.84,5;Euros Krakow 2023; qp:0.71,None,11.61;World Cup Tacen 2023; qp:0,1.92;World Cup Prague 2023; qp:0,0;World Cup Augsburg 2023; qp:0,None,None,None,None,None,8.7;ICF World ranking Tacen 2023; qp:6.58,None,None,None,None,3.66;ICF World ranking Ile de la Reunion 2023; qp:2.6,None,None,None,1.21;World Cup La Seu 2022; qp:0,22.4;World Cup Pau 2022; qp:0,None,1.12;World Championships Augsburg 2022; qp:0,None,None,10;World Cup Tacen 2022; qp:0,20;World Cup Krakow 2022; qp:0,1.49;World Cup Prague 2022; qp:0,3.3;ICF World ranking Augsburg 2022; qp:2.54,None,None,None,None,None,None,None,None,None,None,None,None,None,None,None,None,None,None,None,None,None,None,None,None,None,None,None,None,None,None,None,None,None,None,None,None,None,None,None,None,None,None,None,None,None
cea571be0ed0c2373057c3b5c63ae4b8,1778585356774369,Giovanni DE GENNARO,GENNARO,Giovanni DE,2023-11-16,2023,MK1,ITA,31,4,1.15,None,None,None,None,15.03;World Cup Vaires sur Marne 2023; qp:0,5.62;World Championships Lee Valley 2023; qp:0,7.4;World Cup La Seu 2023; qp:0,None,None,None,26.45;ICF World ranking Bratislava 2023; qp:7.31,6.84;ICF World ranking Prague 2023; qp:6.84,5;Euros Krakow 2023; qp:0.71,None,11.61;World Cup Tacen 2023; qp:0,1.92;World Cup Prague 2023; qp:0,0;World Cup Augsburg 2023; qp:0,None,None,None,None,None,8.7;ICF World ranking Tacen 2023; qp:6.58,None,None,None,None,3.66;ICF World ranking Ile de la Reunion 2023; qp:2.6,None,None,None,1.21;World Cup La Seu 2022; qp:0,22.4;World Cup Pau 2022; qp:0,None,1.12;World Championships Augsburg 2022; qp:0,None,None,10;World Cup Tacen 2022; qp:0,20;World Cup Krakow 2022; qp:0,1.49;World Cup Prague 2022; qp:0,3.3;ICF World ranking Augsburg 2022; qp:2.54,None,3.4;ICF World ranking Liptovsky Mikulas 2022; qp:1.34,None,None,None,None,7.71;ICF World ranking Tacen 2022; qp:7.71,None,None,None,None,41.88;ICF World ranking Ile de la Reunion 2022; qp:1.91,None,None,None,None,None,None,None,None,None,None,None,None,None,None,None,None,None,None,None,None,None,None,None,None,None,None,None,None,None,None,None,None,None,None,None,None,None,None,None,None,None,None,None,None,None,None,None
b43c9800f29470eb07a1006e5d3cad73,1778585356774369,Giovanni DE GENNARO,GENNARO,Giovanni DE,2023-09-04,2023,MK1,ITA,31,4,1.15,7.4;World Cup La Seu 2023; qp:0,None,None,None,26.45;ICF World ranking Bratislava 2023; qp:7.31,6.84;ICF World ranking Prague 2023; qp:6.84,5;Euros Krakow 2023; qp:0.71,None,11.61;World Cup Tacen 2023; qp:0,1.92;World Cup Prague 2023; qp:0,0;World Cup Augsburg 2023; qp:0,None,None,None,None,None,8.7;ICF World ranking Tacen 2023; qp:6.58,None,None,None,None,3.66;ICF World ranking Ile de la Reunion 2023; qp:2.6,None,None,None,1.21;World Cup La Seu 2022; qp:0,22.4;World Cup Pau 2022; qp:0,None,1.12;World Championships Augsburg 2022; qp:0,None,None,10;World Cup Tacen 2022; qp:0,20;World Cup Krakow 2022; qp:0,1.49;World Cup Prague 2022; qp:0,3.3;ICF World ranking Augsburg 2022; qp:2.54,None,3.4;ICF World ranking Liptovsky Mikulas 2022; qp:1.34,None,None,None,None,7.71;ICF World ranking Tacen 2022; qp:7.71,None,None,None,None,41.88;ICF World ranking Ile de la Reunion 2022; qp:1.91,None,11.26;World Championships Bratislava 2021; qp:0,5.16;World Cup Pau 2021; qp:0,11.27;World Cup La Seu 2021; qp:0,19.45;Olympic Games Tokyo 2021; qp:0,None,None,None,15.94;World Championships La Seu 2019; qp:0,10;World Cup Prague 2019; qp:0,None,None,None,None,None,None,None,None,None,None,None,None,None,None,None,None,None,None,None,None,None,None,None,None,None,None,None,None,None,None,None,None,None,None,None,None,None,None,None,None,None,None,None
51c7f1c849a01d41b57516d871904c6d,1778585356774369,Giovanni DE GENNARO,GENNARO,Giovanni DE,2023-07-03,2023,MK1,ITA,31,4,1.15,11.61;World Cup Tacen 2023; qp:0,1.92;World Cup Prague 2023; qp:0,0;World Cup Augsburg 2023; qp:0,None,6.19;Euros Krakow 2023; qp:6.19,None,None,None,8.7;ICF World ranking Tacen 2023; qp:6.58,None,None,None,None,3.66;ICF World ranking Ile de la Reunion 2023; qp:2.6,None,None,None,1.21;World Cup La Seu 2022; qp:0,22.4;World Cup Pau 2022; qp:0,None,1.12;World Championships Augsburg 2022; qp:0,None,None,10;World Cup Tacen 2022; qp:0,20;World Cup Krakow 2022; qp:0,1.49;World Cup Prague 2022; qp:0,3.3;ICF World ranking Augsburg 2022; qp:2.54,None,3.4;ICF World ranking Liptovsky Mikulas 2022; qp:1.34,None,None,None,None,7.71;ICF World ranking Tacen 2022; qp:7.71,None,None,None,None,41.88;ICF World ranking Ile de la Reunion 2022; qp:1.91,None,11.26;World Championships Bratislava 2021; qp:0,5.16;World Cup Pau 2021; qp:0,11.27;World Cup La Seu 2021; qp:0,19.45;Olympic Games Tokyo 2021; qp:0,None,None,None,15.94;World Championships La Seu 2019; qp:0,10;World Cup Prague 2019; qp:0,9.93;World Cup Markkleeberg 2019; qp:0,None,None,None,None,None,None,None,None,None,None,None,None,None,None,None,None,None,None,None,None,None,None,None,None,None,None,None,None,None,None,None,None,None,None,None,None,None,None,None,None,None,None,None,None,None,None,None,None,None,None
427a0b3053a4aa7e5b7f114a95a02dd7,1778585356774369,Giovanni DE GENNARO,GENNARO,Giovanni DE,2023-05-29,2023,MK1,ITA,31,4,1.42,6.19;Euros Krakow 2023; qp:6.19,None,None,None,None,None,None,None,None,3.66;ICF World ranking Ile de la Reunion 2023; qp:2.6,None,None,None,1.21;World Cup La Seu 2022; qp:0,22.4;World Cup Pau 2022; qp:0,None,1.12;World Championships Augsburg 2022; qp:0,None,None,10;World Cup Tacen 2022; qp:0,20;World Cup Krakow 2022; qp:0,1.49;World Cup Prague 2022; qp:0,3.3;ICF World ranking Augsburg 2022; qp:2.54,None,3.4;ICF World ranking Liptovsky Mikulas 2022; qp:1.34,None,None,None,None,7.71;ICF World ranking Tacen 2022; qp:7.71,None,None,None,None,41.88;ICF World ranking Ile de la Reunion 2022; qp:1.91,None,11.26;World Championships Bratislava 2021; qp:0,5.16;World Cup Pau 2021; qp:0,11.27;World Cup La Seu 2021; qp:0,19.45;Olympic Games Tokyo 2021; qp:0,None,None,None,15.94;World Championships La Seu 2019; qp:0,10;World Cup Prague 2019; qp:0,9.93;World Cup Markkleeberg 2019; qp:0,None,None,None,None,None,None,0;World Cup Tacen 2019; qp:0,None,19.41;World Cup Lee Valley 2019; qp:0,None,None,None,None,None,None,None,None,None,None,None,None,None,None,None,None,None,None,None,None,None,None,None,None,None,None,None,None,None,None,None,None,None,None,None,None,None,None,None,None,None,None,None,None,None
dfb1b19b8b1595140afd09902d6b2316,1778585356774369,Giovanni DE GENNARO,GENNARO,Giovanni DE,2022-09-23,2022,MK1,ITA,30,4,1.42,None,None,1.21;World Cup La Seu 2022; qp:0,22.4;World Cup Pau 2022; qp:0,None,1.12;World Championships Augsburg 2022; qp:0,None,None,10;World Cup Tacen 2022; qp:0,20;World Cup Krakow 2022; qp:0,1.49;World Cup Prague 2022; qp:0,3.3;ICF World ranking Augsburg 2022; qp:2.54,None,3.4;ICF World ranking Liptovsky Mikulas 2022; qp:1.34,None,None,None,None,7.71;ICF World ranking Tacen 2022; qp:7.71,None,None,None,None,41.88;ICF World ranking Ile de la Reunion 2022; qp:1.91,None,11.26;World Championships Bratislava 2021; qp:0,5.16;World Cup Pau 2021; qp:0,11.27;World Cup La Seu 2021; qp:0,19.45;Olympic Games Tokyo 2021; qp:0,None,None,None,15.94;World Championships La Seu 2019; qp:0,10;World Cup Prague 2019; qp:0,9.93;World Cup Markkleeberg 2019; qp:0,None,None,None,None,None,None,0;World Cup Tacen 2019; qp:0,None,19.41;World Cup Lee Valley 2019; qp:0,None,None,11.03;ICF World ranking Tacen 2019; qp:11.03,None,None,7.61;Pyrenees Cup Pau 2019; qp:5.68,None,None,None,17.83;Oceania Championships Penrith 2019; qp:2.13,6.39;ICF World ranking Penrith 2019; qp:2.1,None,None,None,None,None,None,None,None,None,None,None,None,None,None,None,None,None,None,None,None,None,None,None,None,None,None,None,None,None,None,None,None,None,None,None,None,None,None,None,None,None,None,None,None,None
194b6a010fa7e966073cee3b63de08c3,1778585356774369,Giovanni DE GENNARO,GENNARO,Giovanni DE,2022-08-01,2022,MK1,ITA,30,4,1.18,None,1.12;World Championships Augsburg 2022; qp:0,None,None,10;World Cup Tacen 2022; qp:0,20;World Cup Krakow 2022; qp:0,1.49;World Cup Prague 2022; qp:0,3.3;ICF World ranking Augsburg 2022; qp:2.54,None,3.4;ICF World ranking Liptovsky Mikulas 2022; qp:1.34,None,None,None,None,7.71;ICF World ranking Tacen 2022; qp:7.71,None,None,None,None,41.88;ICF World ranking Ile de la Reunion 2022; qp:1.91,None,11.26;World Championships Bratislava 2021; qp:0,5.16;World Cup Pau 2021; qp:0,11.27;World Cup La Seu 2021; qp:0,19.45;Olympic Games Tokyo 2021; qp:0,None,None,None,15.94;World Championships La Seu 2019; qp:0,10;World Cup Prague 2019; qp:0,9.93;World Cup Markkleeberg 2019; qp:0,None,None,None,None,None,None,0;World Cup Tacen 2019; qp:0,None,19.41;World Cup Lee Valley 2019; qp:0,None,None,None,11.03;ICF World ranking Tacen 2019; qp:11.03,None,7.61;Pyrenees Cup Pau 2019; qp:5.68,None,None,None,17.83;Oceania Championships Penrith 2019; qp:2.13,6.39;ICF World ranking Penrith 2019; qp:2.1,None,None,"8.76;World Championships Deodoro, Rio 2018; qp:0",None,0;World Cup La Seu 2018; qp:0,None,None,None,None,None,None,None,None,None,None,None,None,None,None,None,None,None,None,None,None,None,None,None,None,None,None,None,None,None,None,None,None,None,None,None,None,None,None,None,None,None,None,None,None
0552a3b0870f88cd0830c3dbe166e32f,1778585356774369,Giovanni DE GENNARO,GENNARO,Giovanni DE,2022-05-01,2022,MK1,ITA,30,7,3.83,None,None,None,None,7.71;ICF World ranking Tacen 2022; qp:7.71,None,None,None,None,41.88;ICF World ranking Ile de la Reunion 2022; qp:1.91,None,11.26;World Championships Bratislava 2021; qp:0,5.16;World Cup Pau 2021; qp:0,11.27;World Cup La Seu 2021; qp:0,19.45;Olympic Games Tokyo 2021; qp:0,None,None,None,15.94;World Championships La Seu 2019; qp:0,10;World Cup Prague 2019; qp:0,9.93;World Cup Markkleeberg 2019; qp:0,None,None,None,None,None,None,0;World Cup Tacen 2019; qp:0,None,19.41;World Cup Lee Valley 2019; qp:0,None,None,11.03;ICF World ranking Tacen 2019; qp:11.03,None,None,7.61;Pyrenees Cup Pau 2019; qp:5.68,None,None,None,17.83;Oceania Championships Penrith 2019; qp:2.13,6.39;ICF World ranking Penrith 2019; qp:2.1,None,None,"8.76;World Championships Deodoro, Rio 2018; qp:0",None,0;World Cup La Seu 2018; qp:0,None,None,None,None,None,None,None,None,27.6;World Cup Augsburg 2018; qp:0,17.73;World Cup Krakow 2018; qp:0,22.18;World Cup Liptovsky Mikulas 2018; qp:0,None,None,None,None,None,None,None,None,None,None,None,None,None,None,None,None,None,None,None,None,None,None,None,None,None,None,None,None,None,None,None,None,None,None,None,None,None,None,None,None,None,None,None
69ee25c90e0cb78d2dffea0bd69fcdd8,1778585356774369,Giovanni DE GENNARO,GENNARO,Giovanni DE,2021-11-01,2021,MK1,ITA,29,7,3.83,11.26;World Championships Bratislava 2021; qp:0,5.16;World Cup Pau 2021; qp:0,11.27;World Cup La Seu 2021; qp:0,19.45;Olympic Games Tokyo 2021; qp:0,None,None,None,15.94;World Championships La Seu 2019; qp:0,10;World Cup Prague 2019; qp:0,9.93;World Cup Markkleeberg 2019; qp:0,None,None,None,None,None,None,0;World Cup Tacen 2019; qp:0,None,19.41;World Cup Lee Valley 2019; qp:0,None,None,11.03;ICF World ranking Tacen 2019; qp:11.03,None,None,7.61;Pyrenees Cup Pau 2019; qp:5.68,None,None,None,17.83;Oceania Championships Penrith 2019; qp:2.13,6.39;ICF World ranking Penrith 2019; qp:2.1,None,None,"8.76;World Championships Deodoro, Rio 2018; qp:0",None,0;World Cup La Seu 2018; qp:0,None,None,None,None,None,None,None,None,27.6;World Cup Augsburg 2018; qp:0,17.73;World Cup Krakow 2018; qp:0,22.18;World Cup Liptovsky Mikulas 2018; qp:0,None,None,None,26.63;ICF World ranking Ivrea 2018; qp:15.66,None,None,None,9.4;ICF World ranking Solkan 2018; qp:4.58,None,None,None,None,None,None,None,None,None,None,None,None,None,None,None,None,None,None,None,None,None,None,None,None,None,None,None,None,None,None,None,None,None,None,None,None,None,None,None,None,None,None,None,None,None,None
a12979bf36e4753d557081fe31ca02ce,1778585356774369,Giovanni DE GENNARO,GENNARO,Giovanni DE,2021-09-10,2021,MK1,ITA,29,7,3.83,5.16;World Cup Pau 2021; qp:0,11.27;World Cup La Seu 2021; qp:0,19.45;Olympic Games Tokyo 2021; qp:0,None,None,None,15.94;World Championships La Seu 2019; qp:0,10;World Cup Prague 2019; qp:0,9.93;World Cup Markkleeberg 2019; qp:0,None,None,None,None,None,None,0;World Cup Tacen 2019; qp:0,None,19.41;World Cup Lee Valley 2019; qp:0,None,None,11.03;ICF World ranking Tacen 2019; qp:11.03,None,None,7.61;Pyrenees Cup Pau 2019; qp:5.68,None,None,None,17.83;Oceania Championships Penrith 2019; qp:2.13,6.39;ICF World ranking Penrith 2019; qp:2.1,None,None,"8.76;World Championships Deodoro, Rio 2018; qp:0",None,0;World Cup La Seu 2018; qp:0,None,None,None,None,None,None,None,None,27.6;World Cup Augsburg 2018; qp:0,17.73;World Cup Krakow 2018; qp:0,22.18;World Cup Liptovsky Mikulas 2018; qp:0,None,None,None,26.63;ICF World ranking Ivrea 2018; qp:15.66,None,None,None,9.4;ICF World ranking Solkan 2018; qp:4.58,None,None,None,None,None,None,None,None,None,None,None,None,None,None,None,None,None,None,None,None,None,None,None,None,None,None,None,None,None,None,None,None,None,None,None,None,None,None,None,None,None,None,None,None,None,None,None
72619ee693cfd9963288eff84c3b6b63,1778585356774369,Giovanni DE GENNARO,GENNARO,Giovanni DE,2020-02-01,2020,MK1,ITA,28,7,4.55,None,None,None,15.94;World Championships La Seu 2019; qp:0,10;World Cup Prague 2019; qp:0,9.93;World Cup Markkleeberg 2019; qp:0,None,None,None,None,None,None,0;World Cup Tacen 2019; qp:0,None,19.41;World Cup Lee Valley 2019; qp:0,None,None,11.03;ICF World ranking Tacen 2019; qp:11.03,None,None,7.61;Pyrenees Cup Pau 2019; qp:5.68,None,None,None,17.83;Oceania Championships Penrith 2019; qp:2.13,6.39;ICF World ranking Penrith 2019; qp:2.1,None,None,"8.76;World Championships Deodoro, Rio 2018; qp:0",None,0;World Cup La Seu 2018; qp:0,None,None,None,None,None,None,None,None,27.6;World Cup Augsburg 2018; qp:0,17.73;World Cup Krakow 2018; qp:0,22.18;World Cup Liptovsky Mikulas 2018; qp:0,None,None,None,26.63;ICF World ranking Ivrea 2018; qp:15.66,None,None,None,9.4;ICF World ranking Solkan 2018; qp:4.58,None,20.95;ICF World ranking Penrith 2018; qp:1.54,None,None,None,None,None,None,None,None,None,None,None,None,None,None,None,None,None,None,None,None,None,None,None,None,None,None,None,None,None,None,None,None,None,None,None,None,None,None,None,None,None,None,None,None,None,None,None,None
32b7c04edef777ca6ed0c2eae53933b4,1778585356774369,Giovanni DE GENNARO,GENNARO,Giovanni DE,2019-09-25,2019,MK1,ITA,27,7,4.55,15.94;World Championships La Seu 2019; qp:0,10;World Cup Prague 2019; qp:0,9.93;World Cup Markkleeberg 2019; qp:0,None,None,None,None,None,None,0;World Cup Tacen 2019; qp:0,None,19.41;World Cup Lee Valley 2019; qp:0,None,None,11.03;ICF World ranking Tacen 2019; qp:11.03,None,None,7.61;Pyrenees Cup Pau 2019; qp:5.68,None,None,None,17.83;Oceania Championships Penrith 2019; qp:2.13,6.39;ICF World ranking Penrith 2019; qp:2.1,None,None,"8.76;World Championships Deodoro, Rio 2018; qp:0",None,0;World Cup La Seu 2018; qp:0,None,None,None,None,None,None,None,None,27.6;World Cup Augsburg 2018; qp:0,17.73;World Cup Krakow 2018; qp:0,22.18;World Cup Liptovsky Mikulas 2018; qp:0,None,None,None,26.63;ICF World ranking Ivrea 2018; qp:15.66,None,None,None,9.4;ICF World ranking Solkan 2018; qp:4.58,None,20.95;ICF World ranking Penrith 2018; qp:1.54,None,None,None,None,None,None,None,None,None,None,None,None,None,None,None,None,None,None,None,None,None,None,None,None,None,None,None,None,None,None,None,None,None,None,None,None,None,None,None,None,None,None,None,None,None,None,None,None,None,None,None
188a2252bbbab75df1c2ea4bb340422e,1778585356774369,Giovanni DE GENNARO,GENNARO,Giovanni DE,2019-09-06,2019,MK1,ITA,27,9,4.55,10;World Cup Prague 2019; qp:0,9.93;World Cup Markkleeberg 2019; qp:0,None,None,None,None,None,None,0;World Cup Tacen 2019; qp:0,None,19.41;World Cup Lee Valley 2019; qp:0,None,None,11.03;ICF World ranking Tacen 2019; qp:11.03,None,None,7.61;Pyrenees Cup Pau 2019; qp:5.68,None,None,None,17.83;Oceania Championships Penrith 2019; qp:2.13,6.39;ICF World ranking Penrith 2019; qp:2.1,None,None,"8.76;World Championships Deodoro, Rio 2018; qp:0",None,0;World Cup La Seu 2018; qp:0,None,None,None,None,None,None,None,None,27.6;World Cup Augsburg 2018; qp:0,17.73;World Cup Krakow 2018; qp:0,22.18;World Cup Liptovsky Mikulas 2018; qp:0,None,None,None,26.63;ICF World ranking Ivrea 2018; qp:15.66,None,None,None,9.4;ICF World ranking Solkan 2018; qp:4.58,None,20.95;ICF World ranking Penrith 2018; qp:1.54,None,None,26.43;World Championships Pau 2017; qp:0,None,None,None,None,None,None,None,None,None,None,None,None,None,None,None,None,None,None,None,None,None,None,None,None,None,None,None,None,None,None,None,None,None,None,None,None,None,None,None,None,None,None,None,None,None,None,None,None,None
21d8956514134818d483062ba93df58e,1778585356774369,Giovanni DE GENNARO,GENNARO,Giovanni DE,2019-06-28,2019,MK1,ITA,27,9,4.55,0;World Cup Tacen 2019; qp:0,None,19.41;World Cup Lee Valley 2019; qp:0,None,None,11.03;ICF World ranking Tacen 2019; qp:11.03,None,None,7.61;Pyrenees Cup Pau 2019; qp:5.68,None,None,None,17.83;Oceania Championships Penrith 2019; qp:2.13,6.39;ICF World ranking Penrith 2019; qp:2.1,None,None,"8.76;World Championships Deodoro, Rio 2018; qp:0",None,0;World Cup La Seu 2018; qp:0,None,None,None,None,None,None,None,None,27.6;World Cup Augsburg 2018; qp:0,17.73;World Cup Krakow 2018; qp:0,22.18;World Cup Liptovsky Mikulas 2018; qp:0,None,None,None,26.63;ICF World ranking Ivrea 2018; qp:15.66,None,None,None,9.4;ICF World ranking Solkan 2018; qp:4.58,None,20.95;ICF World ranking Penrith 2018; qp:1.54,None,None,26.43;World Championships Pau 2017; qp:0,None,16.33;World Cup La Seu 2017; qp:0,22.81;World Cup Ivrea 2017; qp:0,None,None,None,None,None,None,None,None,None,None,None,None,None,None,None,None,None,None,None,None,None,None,None,None,None,None,None,None,None,None,None,None,None,None,None,None,None,None,None,None,None,None,None,None,None,None,None,None,None,None,None,None,None,None
be907944a277dec8709c4411cb5b75bd,1778585356774369,Giovanni DE GENNARO,GENNARO,Giovanni DE,2019-05-11,2019,MK1,ITA,27,9,4.55,None,11.03;ICF World ranking Tacen 2019; qp:11.03,None,7.61;Pyrenees Cup Pau 2019; qp:5.68,None,None,None,17.83;Oceania Championships Penrith 2019; qp:2.13,6.39;ICF World ranking Penrith 2019; qp:2.1,None,None,"8.76;World Championships Deodoro, Rio 2018; qp:0",None,0;World Cup La Seu 2018; qp:0,None,None,None,None,None,None,None,None,27.6;World Cup Augsburg 2018; qp:0,17.73;World Cup Krakow 2018; qp:0,22.18;World Cup Liptovsky Mikulas 2018; qp:0,None,None,None,26.63;ICF World ranking Ivrea 2018; qp:15.66,None,None,None,9.4;ICF World ranking Solkan 2018; qp:4.58,None,20.95;ICF World ranking Penrith 2018; qp:1.54,None,None,None,26.43;World Championships Pau 2017; qp:0,None,16.33;World Cup La Seu 2017; qp:0,22.81;World Cup Ivrea 2017; qp:0,None,None,None,0;World Cup Markkleeberg 2017; qp:0,20.94;World Cup Augsburg 2017; qp:0,26.08;World Cup Prague 2017; qp:0,None,None,None,None,None,None,None,None,None,None,None,None,None,None,None,None,None,None,None,None,None,None,None,None,None,None,None,None,None,None,None,None,None,None,None,None,None,None,None,None,None,None,None,None,None,None,None,None,None,None,None,None
865620cf5a8513776aac4f0d226c65be,1778585356774369,Giovanni DE GENNARO,GENNARO,Giovanni DE,2018-09-25,2018,MK1,ITA,26,10,6.9,"8.76;World Championships Deodoro, Rio 2018; qp:0",None,0;World Cup La Seu 2018; qp:0,None,None,None,None,None,None,None,None,27.6;World Cup Augsburg 2018; qp:0,17.73;World Cup Krakow 2018; qp:0,22.18;World Cup Liptovsky Mikulas 2018; qp:0,None,None,None,26.63;ICF World ranking Ivrea 2018; qp:15.66,None,None,None,9.4;ICF World ranking Solkan 2018; qp:4.58,None,20.95;ICF World ranking Penrith 2018; qp:1.54,None,None,None,26.43;World Championships Pau 2017; qp:0,None,16.33;World Cup La Seu 2017; qp:0,22.81;World Cup Ivrea 2017; qp:0,None,None,None,0;World Cup Markkleeberg 2017; qp:0,20.94;World Cup Augsburg 2017; qp:0,26.08;World Cup Prague 2017; qp:0,None,None,None,20.78;ICF World ranking Ivrea 2017; qp:20.78,None,30.68;ICF World ranking Solkan 2017; qp:4.92,None,None,None,None,None,None,None,None,None,None,None,None,None,None,None,None,None,None,None,None,None,None,None,None,None,None,None,None,None,None,None,None,None,None,None,None,None,None,None,None,None,None,None,None,None,None,None,None,None,None,None,None,None,None,None,None,None
d7d25483ac6b011471a9d7123271de7c,1778585356774369,Giovanni DE GENNARO,GENNARO,Giovanni DE,2018-09-07,2018,MK1,ITA,26,8,6.24,0;World Cup La Seu 2018; qp:0,None,None,None,None,None,None,None,None,27.6;World Cup Augsburg 2018; qp:0,17.73;World Cup Krakow 2018; qp:0,22.18;World Cup Liptovsky Mikulas 2018; qp:0,None,None,None,26.63;ICF World ranking Ivrea 2018; qp:15.66,None,None,None,9.4;ICF World ranking Solkan 2018; qp:4.58,None,20.95;ICF World ranking Penrith 2018; qp:1.54,None,None,None,26.43;World Championships Pau 2017; qp:0,None,16.33;World Cup La Seu 2017; qp:0,22.81;World Cup Ivrea 2017; qp:0,None,None,None,0;World Cup Markkleeberg 2017; qp:0,20.94;World Cup Augsburg 2017; qp:0,26.08;World Cup Prague 2017; qp:0,None,None,None,20.78;ICF World ranking Ivrea 2017; qp:20.78,None,30.68;ICF World ranking Solkan 2017; qp:4.92,None,None,None,None,None,"5.49;Olympic Games Deodoro, Rio 2016; qp:0",None,None,None,None,None,None,None,None,None,None,None,None,None,None,None,None,None,None,None,None,None,None,None,None,None,None,None,None,None,None,None,None,None,None,None,None,None,None,None,None,None,None,None,None,None,None,None,None,None,None,None,None,None
71da2be1adedb2e07cf5eaa7630589f4,1778585356774369,Giovanni DE GENNARO,GENNARO,Giovanni DE,2018-07-06,2018,MK1,ITA,26,12,6.92,27.6;World Cup Augsburg 2018; qp:0,17.73;World Cup Krakow 2018; qp:0,22.18;World Cup Liptovsky Mikulas 2018; qp:0,None,None,None,26.63;ICF World ranking Ivrea 2018; qp:15.66,None,None,None,9.4;ICF World ranking Solkan 2018; qp:4.58,None,20.95;ICF World ranking Penrith 2018; qp:1.54,None,None,None,26.43;World Championships Pau 2017; qp:0,None,16.33;World Cup La Seu 2017; qp:0,22.81;World Cup Ivrea 2017; qp:0,None,None,None,0;World Cup Markkleeberg 2017; qp:0,20.94;World Cup Augsburg 2017; qp:0,26.08;World Cup Prague 2017; qp:0,None,None,None,20.78;ICF World ranking Ivrea 2017; qp:20.78,None,30.68;ICF World ranking Solkan 2017; qp:4.92,None,None,None,None,None,20.28;World Cup Tacen 2016; qp:0,3.37;World Cup Prague 2016; qp:0,"5.49;Olympic Games Deodoro, Rio 2016; qp:0",None,None,None,None,None,None,None,None,None,None,None,None,None,None,None,None,None,None,None,None,None,None,None,None,None,None,None,None,None,None,None,None,None,None,None,None,None,None,None,None,None,None,None,None,None,None,None,None,None,None,None,None,None,None,None,None,None,None,None,None
fd18e45a7e812fa85bece534362352d2,1778585356774369,Giovanni DE GENNARO,GENNARO,Giovanni DE,2018-06-08,2018,MK1,ITA,26,7,3.65,None,None,None,26.63;ICF World ranking Ivrea 2018; qp:15.66,None,None,None,9.4;ICF World ranking Solkan 2018; qp:4.58,None,20.95;ICF World ranking Penrith 2018; qp:1.54,None,None,None,26.43;World Championships Pau 2017; qp:0,None,16.33;World Cup La Seu 2017; qp:0,22.81;World Cup Ivrea 2017; qp:0,None,None,None,0;World Cup Markkleeberg 2017; qp:0,20.94;World Cup Augsburg 2017; qp:0,26.08;World Cup Prague 2017; qp:0,None,None,None,20.78;ICF World ranking Ivrea 2017; qp:20.78,None,30.68;ICF World ranking Solkan 2017; qp:4.92,None,None,None,None,None,20.28;World Cup Tacen 2016; qp:0,3.37;World Cup Prague 2016; qp:0,"5.49;Olympic Games Deodoro, Rio 2016; qp:0",None,None,20.26;World Cup Pau 2016; qp:0,None,0;World Cup Ivrea 2016; qp:0,None,None,None,None,None,None,None,None,None,None,None,None,None,None,None,None,None,None,None,None,None,None,None,None,None,None,None,None,None,None,None,None,None,None,None,None,None,None,None,None,None,None,None,None,None,None,None,None,None,None,None,None,None,None,None,None,None,None
0fbc637a4140b644b17525f2f23441b2,1778585356774369,Giovanni DE GENNARO,GENNARO,Giovanni DE,2017-09-27,2017,MK1,ITA,25,7,3.66,26.43;World Championships Pau 2017; qp:0,None,16.33;World Cup La Seu 2017; qp:0,22.81;World Cup Ivrea 2017; qp:0,None,None,None,0;World Cup Markkleeberg 2017; qp:0,20.94;World Cup Augsburg 2017; qp:0,26.08;World Cup Prague 2017; qp:0,None,None,None,20.78;ICF World ranking Ivrea 2017; qp:20.78,None,30.68;ICF World ranking Solkan 2017; qp:4.92,None,None,None,None,None,20.28;World Cup Tacen 2016; qp:0,3.37;World Cup Prague 2016; qp:0,"5.49;Olympic Games Deodoro, Rio 2016; qp:0",None,None,20.26;World Cup Pau 2016; qp:0,None,0;World Cup Ivrea 2016; qp:0,None,None,None,26.11;ICF World ranking Liptovsky Mikulas 2016; qp:7.56,None,14.06;ICF World ranking Ivrea 2016; qp:14.06,None,18.12;ICF World ranking Solkan 2016; qp:10.13,None,9.44;ICF World ranking Penrith 2016; qp:4.2,None,None,None,None,None,None,None,None,None,None,None,None,None,None,None,None,None,None,None,None,None,None,None,None,None,None,None,None,None,None,None,None,None,None,None,None,None,None,None,None,None,None,None,None,None,None,None,None,None,None,None,None,None,None,None,None,None,None,None,None,None
378435263b1460ce25641e62f8f71bc0,1778585356774369,Giovanni DE GENNARO,GENNARO,Giovanni DE,2017-09-08,2017,MK1,ITA,25,6,3.66,16.33;World Cup La Seu 2017; qp:0,22.81;World Cup Ivrea 2017; qp:0,None,None,None,0;World Cup Markkleeberg 2017; qp:0,20.94;World Cup Augsburg 2017; qp:0,26.08;World Cup Prague 2017; qp:0,None,None,None,20.78;ICF World ranking Ivrea 2017; qp:20.78,None,30.68;ICF World ranking Solkan 2017; qp:4.92,None,None,None,None,None,20.28;World Cup Tacen 2016; qp:0,3.37;World Cup Prague 2016; qp:0,"5.49;Olympic Games Deodoro, Rio 2016; qp:0",None,None,20.26;World Cup Pau 2016; qp:0,None,0;World Cup Ivrea 2016; qp:0,None,None,None,26.11;ICF World ranking Liptovsky Mikulas 2016; qp:7.56,None,14.06;ICF World ranking Ivrea 2016; qp:14.06,None,18.12;ICF World ranking Solkan 2016; qp:10.13,None,9.44;ICF World ranking Penrith 2016; qp:4.2,None,18.89;World Championships Lee Valley 2015; qp:0,None,None,None,None,None,None,None,None,None,None,None,None,None,None,None,None,None,None,None,None,None,None,None,None,None,None,None,None,None,None,None,None,None,None,None,None,None,None,None,None,None,None,None,None,None,None,None,None,None,None,None,None,None,None,None,None,None,None,None,None,None
a51ce42a9248a4a32e2da7eb35a27cb8,1778585356774369,Giovanni DE GENNARO,GENNARO,Giovanni DE,2017-06-30,2017,MK1,ITA,25,7,3.66,0;World Cup Markkleeberg 2017; qp:0,20.94;World Cup Augsburg 2017; qp:0,26.08;World Cup Prague 2017; qp:0,None,None,None,20.78;ICF World ranking Ivrea 2017; qp:20.78,None,30.68;ICF World ranking Solkan 2017; qp:4.92,None,None,None,None,None,20.28;World Cup Tacen 2016; qp:0,3.37;World Cup Prague 2016; qp:0,"5.49;Olympic Games Deodoro, Rio 2016; qp:0",None,None,20.26;World Cup Pau 2016; qp:0,None,0;World Cup Ivrea 2016; qp:0,None,None,None,None,26.11;ICF World ranking Liptovsky Mikulas 2016; qp:7.56,14.06;ICF World ranking Ivrea 2016; qp:14.06,None,18.12;ICF World ranking Solkan 2016; qp:10.13,None,9.44;ICF World ranking Penrith 2016; qp:4.2,None,18.89;World Championships Lee Valley 2015; qp:0,14.4;World Cup Pau 2015; qp:0,None,None,None,33.78;World Championships Foz do Iguassu 2015; qp:15.87,None,None,None,None,None,None,None,None,None,None,None,None,None,None,None,None,None,None,None,None,None,None,None,None,None,None,None,None,None,None,None,None,None,None,None,None,None,None,None,None,None,None,None,None,None,None,None,None,None,None,None,None,None,None,None,None,None,None,None,None,None
dde17bd020031dd83611f3a94cf61292,1778585356774369,Giovanni DE GENNARO,GENNARO,Giovanni DE,2017-05-26,2017,MK1,ITA,25,15,6.47,None,None,None,20.78;ICF World ranking Ivrea 2017; qp:20.78,None,30.68;ICF World ranking Solkan 2017; qp:4.92,None,None,None,None,None,20.28;World Cup Tacen 2016; qp:0,3.37;World Cup Prague 2016; qp:0,"5.49;Olympic Games Deodoro, Rio 2016; qp:0",None,None,20.26;World Cup Pau 2016; qp:0,None,0;World Cup Ivrea 2016; qp:0,None,None,None,26.11;ICF World ranking Liptovsky Mikulas 2016; qp:7.56,None,14.06;ICF World ranking Ivrea 2016; qp:14.06,None,18.12;ICF World ranking Solkan 2016; qp:10.13,None,9.44;ICF World ranking Penrith 2016; qp:4.2,None,18.89;World Championships Lee Valley 2015; qp:0,14.4;World Cup Pau 2015; qp:0,None,None,15.85;World Cup Krakow 2015; qp:0,16.11;World Cup Prague 2015; qp:0,None,None,33.78;World Championships Foz do Iguassu 2015; qp:15.87,None,None,None,None,None,None,None,None,None,None,None,None,None,None,None,None,None,None,None,None,None,None,None,None,None,None,None,None,None,None,None,None,None,None,None,None,None,None,None,None,None,None,None,None,None,None,None,None,None,None,None,None,None,None,None,None,None,None,None,None,None
1e0585a42586ef5c0f6e4da7791d374a,1778585356774369,Giovanni DE GENNARO,GENNARO,Giovanni DE,2016-09-09,2016,MK1,ITA,24,13,6.33,20.28;World Cup Tacen 2016; qp:0,3.37;World Cup Prague 2016; qp:0,"5.49;Olympic Games Deodoro, Rio 2016; qp:0",None,None,20.26;World Cup Pau 2016; qp:0,None,0;World Cup Ivrea 2016; qp:0,None,None,None,26.11;ICF World ranking Liptovsky Mikulas 2016; qp:7.56,None,14.06;ICF World ranking Ivrea 2016; qp:14.06,None,18.12;ICF World ranking Solkan 2016; qp:10.13,None,9.44;ICF World ranking Penrith 2016; qp:4.2,None,18.89;World Championships Lee Valley 2015; qp:0,14.4;World Cup Pau 2015; qp:0,None,30.6;ICF World ranking Ivrea 2015; qp:10.63,None,15.85;World Cup Krakow 2015; qp:0,16.11;World Cup Prague 2015; qp:0,None,None,17.45;ICF World ranking Tacen 2015; qp:11.01,None,None,None,33.78;World Championships Foz do Iguassu 2015; qp:15.87,None,None,13.34;ICF World ranking Solkan 2015; qp:9.03,None,None,None,None,None,None,None,None,None,None,None,None,None,None,None,None,None,None,None,None,None,None,None,None,None,None,None,None,None,None,None,None,None,None,None,None,None,None,None,None,None,None,None,None,None,None,None,None,None,None,None,None,None,None,None,None,None,None,None,None,None,None,None,None
7a8b26169f0a8f4ccd508fc281683db1,1778585356774369,Giovanni DE GENNARO,GENNARO,Giovanni DE,2016-08-07,2016,MK1,ITA,24,18,7.2,"5.49;Olympic Games Deodoro, Rio 2016; qp:0",None,None,20.26;World Cup Pau 2016; qp:0,None,0;World Cup Ivrea 2016; qp:0,None,None,None,None,26.11;ICF World ranking Liptovsky Mikulas 2016; qp:7.56,14.06;ICF World ranking Ivrea 2016; qp:14.06,None,18.12;ICF World ranking Solkan 2016; qp:10.13,None,9.44;ICF World ranking Penrith 2016; qp:4.2,None,18.89;World Championships Lee Valley 2015; qp:0,14.4;World Cup Pau 2015; qp:0,None,30.6;ICF World ranking Ivrea 2015; qp:10.63,None,15.85;World Cup Krakow 2015; qp:0,16.11;World Cup Prague 2015; qp:0,None,None,17.45;ICF World ranking Tacen 2015; qp:11.01,None,None,None,33.78;World Championships Foz do Iguassu 2015; qp:15.87,None,None,13.34;ICF World ranking Solkan 2015; qp:9.03,None,None,7.74;World Championships Deep Creek 2014; qp:0,None,None,None,None,None,None,None,None,None,None,None,None,None,None,None,None,None,None,None,None,None,None,None,None,None,None,None,None,None,None,None,None,None,None,None,None,None,None,None,None,None,None,None,None,None,None,None,None,None,None,None,None,None,None,None,None,None,None,None,None,None,None,None
1fa6f81d173d39bf818ebcad12026a9b,1778585356774369,Giovanni DE GENNARO,GENNARO,Giovanni DE,2016-06-17,2016,MK1,ITA,24,17,8.69,20.26;World Cup Pau 2016; qp:0,None,0;World Cup Ivrea 2016; qp:0,None,None,None,None,26.11;ICF World ranking Liptovsky Mikulas 2016; qp:7.56,14.06;ICF World ranking Ivrea 2016; qp:14.06,None,18.12;ICF World ranking Solkan 2016; qp:10.13,None,9.44;ICF World ranking Penrith 2016; qp:4.2,None,18.89;World Championships Lee Valley 2015; qp:0,14.4;World Cup Pau 2015; qp:0,None,30.6;ICF World ranking Ivrea 2015; qp:10.63,None,15.85;World Cup Krakow 2015; qp:0,16.11;World Cup Prague 2015; qp:0,None,None,17.45;ICF World ranking Tacen 2015; qp:11.01,None,None,None,33.78;World Championships Foz do Iguassu 2015; qp:15.87,None,None,13.34;ICF World ranking Solkan 2015; qp:9.03,None,None,7.74;World Championships Deep Creek 2014; qp:0,None,None,None,None,12.94;ICF World ranking Penrith 2014; qp:11.02,None,None,None,None,None,None,None,None,None,None,None,None,None,None,None,None,None,None,None,None,None,None,None,None,None,None,None,None,None,None,None,None,None,None,None,None,None,None,None,None,None,None,None,None,None,None,None,None,None,None,None,None,None,None,None,None,None,None,None,None,None
f089470d87f305deb6b37f94fb297c6e,1778585356774369,Giovanni DE GENNARO,GENNARO,Giovanni DE,2016-04-30,2016,MK1,ITA,24,24,11.17,None,None,26.11;ICF World ranking Liptovsky Mikulas 2016; qp:7.56,None,14.06;ICF World ranking Ivrea 2016; qp:14.06,None,18.12;ICF World ranking Solkan 2016; qp:10.13,None,9.44;ICF World ranking Penrith 2016; qp:4.2,None,18.89;World Championships Lee Valley 2015; qp:0,14.4;World Cup Pau 2015; qp:0,None,30.6;ICF World ranking Ivrea 2015; qp:10.63,None,15.85;World Cup Krakow 2015; qp:0,16.11;World Cup Prague 2015; qp:0,None,None,17.45;ICF World ranking Tacen 2015; qp:11.01,None,None,33.78;World Championships Foz do Iguassu 2015; qp:15.87,None,None,None,13.34;ICF World ranking Solkan 2015; qp:9.03,None,None,7.74;World Championships Deep Creek 2014; qp:0,28.73;ICF World ranking Bratislava 2014; qp:13.02,None,None,None,17.46;World Cup Prague 2014; qp:0,23.39;World Cup Tacen 2014; qp:0,12.4;World Cup Lee Valley 2014; qp:0,None,12.94;ICF World ranking Penrith 2014; qp:11.02,None,None,None,None,None,None,None,None,None,None,None,None,None,None,None,None,None,None,None,None,None,None,None,None,None,None,None,None,None,None,None,None,None,None,None,None,None,None,None,None,None,None,None,None,None,None,None,None,None,None,None,None,None,None,None,None,None,None,None,None,None
dc4c84253bd38a2843890d78361adcd6,1778585356774369,Giovanni DE GENNARO,GENNARO,Giovanni DE,2015-09-16,2015,MK1,ITA,23,25,11.74,18.89;World Championships Lee Valley 2015; qp:0,14.4;World Cup Pau 2015; qp:0,None,30.6;ICF World ranking Ivrea 2015; qp:10.63,None,15.85;World Cup Krakow 2015; qp:0,16.11;World Cup Prague 2015; qp:0,None,None,17.45;ICF World ranking Tacen 2015; qp:11.01,None,None,None,33.78;World Championships Foz do Iguassu 2015; qp:15.87,None,None,13.34;ICF World ranking Solkan 2015; qp:9.03,None,None,7.74;World Championships Deep Creek 2014; qp:0,28.73;ICF World ranking Bratislava 2014; qp:13.02,None,None,None,16.33;ICF World ranking Ivrea 2014; qp:16.33,17.46;World Cup Prague 2014; qp:0,23.39;World Cup Tacen 2014; qp:0,12.4;World Cup Lee Valley 2014; qp:0,None,12.26;ICF World ranking Tacen 2014; qp:8.92,None,None,None,None,12.94;ICF World ranking Penrith 2014; qp:11.02,None,None,None,None,None,None,None,None,None,None,None,None,None,None,None,None,None,None,None,None,None,None,None,None,None,None,None,None,None,None,None,None,None,None,None,None,None,None,None,None,None,None,None,None,None,None,None,None,None,None,None,None,None,None,None,None,None,None,None,None,None,None,None,None,None
25e69a05737fba93dc83d143f6362e45,1778585356774369,Giovanni DE GENNARO,GENNARO,Giovanni DE,2015-08-14,2015,MK1,ITA,23,24,11.74,14.4;World Cup Pau 2015; qp:0,None,30.6;ICF World ranking Ivrea 2015; qp:10.63,None,15.85;World Cup Krakow 2015; qp:0,16.11;World Cup Prague 2015; qp:0,None,None,17.45;ICF World ranking Tacen 2015; qp:11.01,None,None,None,33.78;World Championships Foz do Iguassu 2015; qp:15.87,None,None,13.34;ICF World ranking Solkan 2015; qp:9.03,None,None,7.74;World Championships Deep Creek 2014; qp:0,28.73;ICF World ranking Bratislava 2014; qp:13.02,None,None,None,16.33;ICF World ranking Ivrea 2014; qp:16.33,17.46;World Cup Prague 2014; qp:0,23.39;World Cup Tacen 2014; qp:0,12.4;World Cup Lee Valley 2014; qp:0,None,12.26;ICF World ranking Tacen 2014; qp:8.92,None,None,None,None,12.94;ICF World ranking Penrith 2014; qp:11.02,None,None,None,None,None,14.67;World Championships Prague 2013; qp:0,None,None,None,None,None,None,None,None,None,None,None,None,None,None,None,None,None,None,None,None,None,None,None,None,None,None,None,None,None,None,None,None,None,None,None,None,None,None,None,None,None,None,None,None,None,None,None,None,None,None,None,None,None,None,None,None,None,None,None,None
151da9fe29de0e7850a79b1ed9162344,1778585356774369,Giovanni DE GENNARO,GENNARO,Giovanni DE,2015-07-03,2015,MK1,ITA,23,25,11.74,None,15.85;World Cup Krakow 2015; qp:0,16.11;World Cup Prague 2015; qp:0,None,None,17.45;ICF World ranking Tacen 2015; qp:11.01,None,None,33.78;World Championships Foz do Iguassu 2015; qp:15.87,None,None,None,13.34;ICF World ranking Solkan 2015; qp:9.03,None,None,7.74;World Championships Deep Creek 2014; qp:0,28.73;ICF World ranking Bratislava 2014; qp:13.02,None,None,None,16.33;ICF World ranking Ivrea 2014; qp:16.33,17.46;World Cup Prague 2014; qp:0,23.39;World Cup Tacen 2014; qp:0,12.4;World Cup Lee Valley 2014; qp:0,None,12.26;ICF World ranking Tacen 2014; qp:8.92,None,None,None,None,12.94;ICF World ranking Penrith 2014; qp:11.02,None,None,None,None,None,14.67;World Championships Prague 2013; qp:0,None,13.76;World Cup Tacen 2013; qp:0,None,None,None,None,None,None,None,None,None,None,None,None,None,None,None,None,None,None,None,None,None,None,None,None,None,None,None,None,None,None,None,None,None,None,None,None,None,None,None,None,None,None,None,None,None,None,None,None,None,None,None,None,None,None,None,None,None,None,None,None,None
491970bc60ce7aae20924a7810e8b149,1778585356774369,Giovanni DE GENNARO,GENNARO,Giovanni DE,2015-06-06,2015,MK1,ITA,23,24,11.74,None,None,17.45;ICF World ranking Tacen 2015; qp:11.01,None,None,33.78;World Championships Foz do Iguassu 2015; qp:15.87,None,None,None,13.34;ICF World ranking Solkan 2015; qp:9.03,None,None,7.74;World Championships Deep Creek 2014; qp:0,28.73;ICF World ranking Bratislava 2014; qp:13.02,None,None,None,16.33;ICF World ranking Ivrea 2014; qp:16.33,17.46;World Cup Prague 2014; qp:0,23.39;World Cup Tacen 2014; qp:0,12.4;World Cup Lee Valley 2014; qp:0,None,12.26;ICF World ranking Tacen 2014; qp:8.92,None,None,None,12.94;ICF World ranking Penrith 2014; qp:11.02,None,None,None,None,None,None,14.67;World Championships Prague 2013; qp:0,None,13.76;World Cup Tacen 2013; qp:0,None,None,24.1;World Cup La Seu 2013; qp:0,None,None,None,None,None,None,None,None,None,None,None,None,None,None,None,None,None,None,None,None,None,None,None,None,None,None,None,None,None,None,None,None,None,None,None,None,None,None,None,None,None,None,None,None,None,None,None,None,None,None,None,None,None,None,None,None,None,None,None,None,None
7d0b8a0cd5df9582e238004f835ce177,1778585356774369,Giovanni DE GENNARO,GENNARO,Giovanni DE,2014-09-17,2014,MK1,ITA,22,21,11.57,7.74;World Championships Deep Creek 2014; qp:0,28.73;ICF World ranking Bratislava 2014; qp:13.02,None,None,None,16.33;ICF World ranking Ivrea 2014; qp:16.33,17.46;World Cup Prague 2014; qp:0,23.39;World Cup Tacen 2014; qp:0,12.4;World Cup Lee Valley 2014; qp:0,None,12.26;ICF World ranking Tacen 2014; qp:8.92,None,None,None,12.94;ICF World ranking Penrith 2014; qp:11.02,None,None,None,None,None,None,14.67;World Championships Prague 2013; qp:0,None,13.76;World Cup Tacen 2013; qp:0,None,None,24.1;World Cup La Seu 2013; qp:0,None,None,None,None,None,None,None,None,None,None,None,None,None,None,None,None,None,None,None,None,None,None,None,None,None,None,None,None,None,None,None,None,None,None,None,None,None,None,None,None,None,None,None,None,None,None,None,None,None,None,None,None,None,None,None,None,None,None,None,None,None,None,None,None,None,None,None,None,None,None,None,None,None
fd645a9f5aee70dfcf4a9baa06fefc38,1778585356774369,Giovanni DE GENNARO,GENNARO,Giovanni DE,2014-08-15,2014,MK1,ITA,22,23,12.77,None,None,None,16.33;ICF World ranking Ivrea 2014; qp:16.33,17.46;World Cup Prague 2014; qp:0,23.39;World Cup Tacen 2014; qp:0,12.4;World Cup Lee Valley 2014; qp:0,None,12.26;ICF World ranking Tacen 2014; qp:8.92,None,None,None,None,12.94;ICF World ranking Penrith 2014; qp:11.02,None,None,None,None,None,14.67;World Championships Prague 2013; qp:0,None,13.76;World Cup Tacen 2013; qp:0,None,12.5;ICF World ranking Liptovsky Mikulas 2013; qp:10.24,None,None,24.1;World Cup La Seu 2013; qp:0,None,None,24.94;ICF World ranking Tacen 2013; qp:4.55,None,None,33.16;ICF World ranking Liptovsky Mikulas 2013; qp:6.38,None,None,None,None,None,28.96;ICF World ranking Markleeberg 2013; qp:2.01,None,None,None,None,None,None,None,None,None,None,None,None,None,None,None,None,None,None,None,None,None,None,None,None,None,None,None,None,None,None,None,None,None,None,None,None,None,None,None,None,None,None,None,None,None,None,None,None,None,None,None,None,None,None,None,None,None,None,None,None,None
28ec4cf3aa814006eb3fbfce1032fca9,1778585356774369,Giovanni DE GENNARO,GENNARO,Giovanni DE,2014-06-20,2014,MK1,ITA,22,24,12.77,17.46;World Cup Prague 2014; qp:0,23.39;World Cup Tacen 2014; qp:0,12.4;World Cup Lee Valley 2014; qp:0,None,12.26;ICF World ranking Tacen 2014; qp:8.92,None,None,None,12.94;ICF World ranking Penrith 2014; qp:11.02,None,None,None,None,None,None,14.67;World Championships Prague 2013; qp:0,None,13.76;World Cup Tacen 2013; qp:0,None,12.5;ICF World ranking Liptovsky Mikulas 2013; qp:10.24,None,None,24.1;World Cup La Seu 2013; qp:0,None,None,24.94;ICF World ranking Tacen 2013; qp:4.55,None,None,33.16;ICF World ranking Liptovsky Mikulas 2013; qp:6.38,None,None,None,None,None,28.96;ICF World ranking Markleeberg 2013; qp:2.01,None,None,None,None,18.68;World Cup Bratislava 2012; qp:0,None,None,None,None,None,None,None,None,None,None,None,None,None,None,None,None,None,None,None,None,None,None,None,None,None,None,None,None,None,None,None,None,None,None,None,None,None,None,None,None,None,None,None,None,None,None,None,None,None,None,None,None,None,None,None,None,None,None,None,None
4997d047283fb4564113ab7a32d866dd,1778585356774369,Giovanni DE GENNARO,GENNARO,Giovanni DE,2014-05-23,2014,MK1,ITA,22,25,13.23,None,12.26;ICF World ranking Tacen 2014; qp:8.92,None,None,None,12.94;ICF World ranking Penrith 2014; qp:11.02,None,None,None,None,None,None,14.67;World Championships Prague 2013; qp:0,None,13.76;World Cup Tacen 2013; qp:0,None,12.5;ICF World ranking Liptovsky Mikulas 2013; qp:10.24,None,None,24.1;World Cup La Seu 2013; qp:0,None,None,24.94;ICF World ranking Tacen 2013; qp:4.55,None,None,33.16;ICF World ranking Liptovsky Mikulas 2013; qp:6.38,None,None,None,None,None,28.96;ICF World ranking Markleeberg 2013; qp:2.01,None,None,None,None,18.68;World Cup Bratislava 2012; qp:0,None,None,None,None,36.76;World Cup Pau 2012; qp:0,None,None,None,None,None,None,None,None,None,None,None,None,None,None,None,None,None,None,None,None,None,None,None,None,None,None,None,None,None,None,None,None,None,None,None,None,None,None,None,None,None,None,None,None,None,None,None,None,None,None,None,None,None,None,None,None,None,None
244729ea7dc1238a8e00fa072dc5319d,1778585356774369,Giovanni DE GENNARO,GENNARO,Giovanni DE,2013-09-11,2013,MK1,ITA,21,25,13.39,14.67;World Championships Prague 2013; qp:0,None,13.76;World Cup Tacen 2013; qp:0,None,12.5;ICF World ranking Liptovsky Mikulas 2013; qp:10.24,None,None,24.1;World Cup La Seu 2013; qp:0,None,None,24.94;ICF World ranking Tacen 2013; qp:4.55,None,None,33.16;ICF World ranking Liptovsky Mikulas 2013; qp:6.38,None,None,None,None,None,28.96;ICF World ranking Markleeberg 2013; qp:2.01,None,None,None,None,18.68;World Cup Bratislava 2012; qp:0,None,None,18.53;ICF World ranking Wausau 2012; qp:8.28,None,None,None,36.76;World Cup Pau 2012; qp:0,None,None,None,None,22.01;ICF World ranking Tacen 2012; qp:4.72,7.5;ICF World ranking Solkan 2012; qp:4.72,25.57;ICF World ranking Markleeberg 2012; qp:3.71,None,38.07;Oceania Championships Penrith 2012; qp:1.41,25.32;ICF World ranking Penrith 2012; qp:1.73,None,None,None,None,None,None,None,None,None,None,None,None,None,None,None,None,None,None,None,None,None,None,None,None,None,None,None,None,None,None,None,None,None,None,None,None,None,None,None,None,None,None,None,None,None,None,None,None,None,None,None,None,None,None,None,None,None,None
0a3ce2309304d75b89e6518617b18a70,1778585356774369,Giovanni DE GENNARO,GENNARO,Giovanni DE,2013-08-23,2013,MK1,ITA,21,30,14.19,None,13.76;World Cup Tacen 2013; qp:0,None,12.5;ICF World ranking Liptovsky Mikulas 2013; qp:10.24,None,None,24.1;World Cup La Seu 2013; qp:0,None,None,24.94;ICF World ranking Tacen 2013; qp:4.55,None,None,33.16;ICF World ranking Liptovsky Mikulas 2013; qp:6.38,None,None,None,None,None,28.96;ICF World ranking Markleeberg 2013; qp:2.01,None,None,None,None,18.68;World Cup Bratislava 2012; qp:0,None,None,18.53;ICF World ranking Wausau 2012; qp:8.28,None,None,None,36.76;World Cup Pau 2012; qp:0,None,None,None,None,22.01;ICF World ranking Tacen 2012; qp:4.72,7.5;ICF World ranking Solkan 2012; qp:4.72,25.57;ICF World ranking Markleeberg 2012; qp:3.71,None,38.07;Oceania Championships Penrith 2012; qp:1.41,25.32;ICF World ranking Penrith 2012; qp:1.73,None,None,29.26;ICF World ranking Bratislava 2011; qp:0,None,None,None,None,None,None,None,None,None,None,None,None,None,None,None,None,None,None,None,None,None,None,None,None,None,None,None,None,None,None,None,None,None,None,None,None,None,None,None,None,None,None,None,None,None,None,None,None,None,None,None,None,None,None,None,None
af5eb8d4a770b0137e3f5b265ac7704a,1778585356774369,Giovanni DE GENNARO,GENNARO,Giovanni DE,2013-05-25,2013,MK1,ITA,21,24,11.71,24.94;ICF World ranking Tacen 2013; qp:4.55,None,None,33.16;ICF World ranking Liptovsky Mikulas 2013; qp:6.38,None,None,None,None,None,28.96;ICF World ranking Markleeberg 2013; qp:2.01,None,None,None,None,18.68;World Cup Bratislava 2012; qp:0,None,None,18.53;ICF World ranking Wausau 2012; qp:8.28,None,None,None,36.76;World Cup Pau 2012; qp:0,None,None,None,None,22.01;ICF World ranking Tacen 2012; qp:4.72,7.5;ICF World ranking Solkan 2012; qp:4.72,25.57;ICF World ranking Markleeberg 2012; qp:3.71,None,38.07;Oceania Championships Penrith 2012; qp:1.41,25.32;ICF World ranking Penrith 2012; qp:1.73,None,None,29.26;ICF World ranking Bratislava 2011; qp:0,31.76;World Cup Prague 2011; qp:0,16.01;ICF World ranking Broxbourne 2011; qp:1.56,6.39;World Cup Markkleeberg 2011; qp:0,None,None,10.13;ICF World ranking Bourg St. Maurice 2011; qp:8.61,None,None,None,None,None,None,None,None,None,None,None,None,None,None,None,None,None,None,None,None,None,None,None,None,None,None,None,None,None,None,None,None,None,None,None,None,None,None,None,None,None,None,None,None,None,None,None,None,None,None,None,None,None,None,None,None,None,None,None
8f9d7b352fd2e9e433da8122d3efcbcf,1778585356774369,Giovanni DE GENNARO,GENNARO,Giovanni DE,2013-04-13,2013,MK1,ITA,21,25,11.71,None,28.96;ICF World ranking Markleeberg 2013; qp:2.01,None,None,None,None,18.68;World Cup Bratislava 2012; qp:0,None,None,18.53;ICF World ranking Wausau 2012; qp:8.28,None,None,None,36.76;World Cup Pau 2012; qp:0,None,None,None,None,22.01;ICF World ranking Tacen 2012; qp:4.72,7.5;ICF World ranking Solkan 2012; qp:4.72,25.57;ICF World ranking Markleeberg 2012; qp:3.71,None,38.07;Oceania Championships Penrith 2012; qp:1.41,25.32;ICF World ranking Penrith 2012; qp:1.73,None,None,29.26;ICF World ranking Bratislava 2011; qp:0,31.76;World Cup Prague 2011; qp:0,16.01;ICF World ranking Broxbourne 2011; qp:1.56,6.39;World Cup Markkleeberg 2011; qp:0,None,None,10.13;ICF World ranking Bourg St. Maurice 2011; qp:8.61,None,None,None,None,None,None,None,None,None,None,None,None,None,None,None,None,None,None,None,None,None,None,None,None,None,None,None,None,None,None,None,None,None,None,None,None,None,None,None,None,None,None,None,None,None,None,None,None,None,None,None,None,None,None,None,None,None,None,None,None,None,None,None,None,None,None,None
80253da1b5364399a4580f04952b649c,1778585356774369,Giovanni DE GENNARO,GENNARO,Giovanni DE,2012-08-31,2012,MK1,ITA,20,23,8.01,18.68;World Cup Bratislava 2012; qp:0,None,None,18.53;ICF World ranking Wausau 2012; qp:8.28,None,None,None,36.76;World Cup Pau 2012; qp:0,None,None,None,None,22.01;ICF World ranking Tacen 2012; qp:4.72,7.5;ICF World ranking Solkan 2012; qp:4.72,25.57;ICF World ranking Markleeberg 2012; qp:3.71,None,38.07;Oceania Championships Penrith 2012; qp:1.41,25.32;ICF World ranking Penrith 2012; qp:1.73,None,None,29.26;ICF World ranking Bratislava 2011; qp:0,31.76;World Cup Prague 2011; qp:0,16.01;ICF World ranking Broxbourne 2011; qp:1.56,6.39;World Cup Markkleeberg 2011; qp:0,18.91;World Cup Argentiere la Bessee 2011; qp:0,None,10.13;ICF World ranking Bourg St. Maurice 2011; qp:8.61,None,None,None,None,27.83;ICF World ranking Solkan 2011; qp:4.33,None,None,None,None,None,None,None,None,None,None,None,None,None,None,None,None,None,None,None,None,None,None,None,None,None,None,None,None,None,None,None,None,None,None,None,None,None,None,None,None,None,None,None,None,None,None,None,None,None,None,None,None,None,None,None,None,None,None,None,None,None,None,None,None,None,None,None,None
fb4696b9b355eae2c6d7dd49107b5c61,1778585356774369,Giovanni DE GENNARO,GENNARO,Giovanni DE,2012-07-28,2012,MK1,ITA,20,23,8.01,None,18.53;ICF World ranking Wausau 2012; qp:8.28,None,None,None,36.76;World Cup Pau 2012; qp:0,None,None,None,None,22.01;ICF World ranking Tacen 2012; qp:4.72,7.5;ICF World ranking Solkan 2012; qp:4.72,25.57;ICF World ranking Markleeberg 2012; qp:3.71,None,38.07;Oceania Championships Penrith 2012; qp:1.41,25.32;ICF World ranking Penrith 2012; qp:1.73,None,None,29.26;ICF World ranking Bratislava 2011; qp:0,31.76;World Cup Prague 2011; qp:0,16.01;ICF World ranking Broxbourne 2011; qp:1.56,6.39;World Cup Markkleeberg 2011; qp:0,18.91;World Cup Argentiere la Bessee 2011; qp:0,None,10.13;ICF World ranking Bourg St. Maurice 2011; qp:8.61,None,None,None,None,27.83;ICF World ranking Solkan 2011; qp:4.33,None,None,None,None,24.12;ICF World ranking Bratislava 2010; qp:5.37,None,None,None,None,None,None,None,None,None,None,None,None,None,None,None,None,None,None,None,None,None,None,None,None,None,None,None,None,None,None,None,None,None,None,None,None,None,None,None,None,None,None,None,None,None,None,None,None,None,None,None,None,None,None,None,None,None,None,None,None,None,None,None,None,None
463488fd485cbcb1034b92bed074d00b,1778585356774369,Giovanni DE GENNARO,GENNARO,Giovanni DE,2012-06-22,2012,MK1,ITA,20,24,8.01,None,36.76;World Cup Pau 2012; qp:0,None,None,None,None,22.01;ICF World ranking Tacen 2012; qp:4.72,7.5;ICF World ranking Solkan 2012; qp:4.72,25.57;ICF World ranking Markleeberg 2012; qp:3.71,None,38.07;Oceania Championships Penrith 2012; qp:1.41,25.32;ICF World ranking Penrith 2012; qp:1.73,None,None,29.26;ICF World ranking Bratislava 2011; qp:0,31.76;World Cup Prague 2011; qp:0,16.01;ICF World ranking Broxbourne 2011; qp:1.56,6.39;World Cup Markkleeberg 2011; qp:0,18.91;World Cup Argentiere la Bessee 2011; qp:0,None,10.13;ICF World ranking Bourg St. Maurice 2011; qp:8.61,None,None,None,None,27.83;ICF World ranking Solkan 2011; qp:4.33,None,None,None,None,24.12;ICF World ranking Bratislava 2010; qp:5.37,None,None,28.54;World Championships Foix 2010; qp:28.54,None,None,None,None,None,None,None,None,None,None,None,None,None,None,None,None,None,None,None,None,None,None,None,None,None,None,None,None,None,None,None,None,None,None,None,None,None,None,None,None,None,None,None,None,None,None,None,None,None,None,None,None,None,None,None,None,None,None,None,None,None,None,None,None,None,None
45d82271297558bbd99431c66f9da8c0,1778585356774369,Giovanni DE GENNARO,GENNARO,Giovanni DE,2012-05-05,2012,MK1,ITA,20,22,8.01,None,None,None,22.01;ICF World ranking Tacen 2012; qp:4.72,7.5;ICF World ranking Solkan 2012; qp:4.72,25.57;ICF World ranking Markleeberg 2012; qp:3.71,None,38.07;Oceania Championships Penrith 2012; qp:1.41,25.32;ICF World ranking Penrith 2012; qp:1.73,None,None,29.26;ICF World ranking Bratislava 2011; qp:0,31.76;World Cup Prague 2011; qp:0,16.01;ICF World ranking Broxbourne 2011; qp:1.56,6.39;World Cup Markkleeberg 2011; qp:0,None,None,10.13;ICF World ranking Bourg St. Maurice 2011; qp:8.61,None,None,None,None,27.83;ICF World ranking Solkan 2011; qp:4.33,None,None,None,None,24.12;ICF World ranking Bratislava 2010; qp:5.37,None,None,28.54;World Championships Foix 2010; qp:28.54,None,None,None,None,None,None,None,None,None,None,None,None,None,None,None,None,None,None,None,None,None,None,None,None,None,None,None,None,None,None,None,None,None,None,None,None,None,None,None,None,None,None,None,None,None,None,None,None,None,None,None,None,None,None,None,None,None,None,None,None,None,None,None,None,None,None,None,None,None
fdbc394319eafd7149b0745c3a738af3,1778585356774369,Giovanni DE GENNARO,GENNARO,Giovanni DE,2011-09-07,2011,MK1,ITA,19,35,10.84,29.26;ICF World ranking Bratislava 2011; qp:0,31.76;World Cup Prague 2011; qp:0,16.01;ICF World ranking Broxbourne 2011; qp:1.56,6.39;World Cup Markkleeberg 2011; qp:0,18.91;World Cup Argentiere la Bessee 2011; qp:0,None,10.13;ICF World ranking Bourg St. Maurice 2011; qp:8.61,None,None,None,None,27.83;ICF World ranking Solkan 2011; qp:4.33,None,None,None,None,24.12;ICF World ranking Bratislava 2010; qp:5.37,None,None,28.54;World Championships Foix 2010; qp:28.54,None,None,None,None,None,None,47.21;ICF World ranking Tacen 2010; qp:2.16,None,None,None,32.02;ICF World ranking Solkan 2010; qp:5.52,None,None,None,None,None,None,None,None,None,None,None,None,None,None,None,None,None,None,None,None,None,None,None,None,None,None,None,None,None,None,None,None,None,None,None,None,None,None,None,None,None,None,None,None,None,None,None,None,None,None,None,None,None,None,None,None,None,None,None,None,None,None,None,None,None,None,None,None,None
e6b8f1a0d2752f9b1f8f0c859936af07,1778585356774369,Giovanni DE GENNARO,GENNARO,Giovanni DE,2011-08-12,2011,MK1,ITA,19,38,10.84,31.76;World Cup Prague 2011; qp:0,16.01;ICF World ranking Broxbourne 2011; qp:1.56,6.39;World Cup Markkleeberg 2011; qp:0,18.91;World Cup Argentiere la Bessee 2011; qp:0,None,10.13;ICF World ranking Bourg St. Maurice 2011; qp:8.61,None,None,None,None,27.83;ICF World ranking Solkan 2011; qp:4.33,None,None,None,None,24.12;ICF World ranking Bratislava 2010; qp:5.37,None,None,28.54;World Championships Foix 2010; qp:28.54,None,None,None,None,None,None,47.21;ICF World ranking Tacen 2010; qp:2.16,None,None,None,32.02;ICF World ranking Solkan 2010; qp:5.52,None,None,None,None,None,None,None,None,None,None,None,None,None,None,None,None,None,None,None,None,None,None,None,None,None,None,None,None,None,None,None,None,None,None,None,None,None,None,None,None,None,None,None,None,None,None,None,None,None,None,None,None,None,None,None,None,None,None,None,None,None,None,None,None,None,None,None,None,None,None
9be0cde9fc94ae525fcbfdcb01de6016,1778585356774369,Giovanni DE GENNARO,GENNARO,Giovanni DE,2011-07-08,2011,MK1,ITA,19,40,11.81,6.39;World Cup Markkleeberg 2011; qp:0,18.91;World Cup Argentiere la Bessee 2011; qp:0,None,10.13;ICF World ranking Bourg St. Maurice 2011; qp:8.61,None,None,None,None,27.83;ICF World ranking Solkan 2011; qp:4.33,None,None,None,None,24.12;ICF World ranking Bratislava 2010; qp:5.37,None,None,28.54;World Championships Foix 2010; qp:28.54,None,None,None,None,None,None,47.21;ICF World ranking Tacen 2010; qp:2.16,None,None,None,32.02;ICF World ranking Solkan 2010; qp:5.52,None,None,None,None,None,None,None,None,None,None,None,None,None,None,None,None,None,None,None,None,None,None,None,None,None,None,None,None,None,None,None,None,None,None,None,None,None,None,None,None,None,None,None,None,None,None,None,None,None,None,None,None,None,None,None,None,None,None,None,None,None,None,None,None,None,None,None,None,None,None,None,None
857d1760efdcb8ca7c9df0bea04180f0,1778585356774369,Giovanni DE GENNARO,GENNARO,Giovanni DE,2011-05-21,2011,MK1,ITA,19,97,26.83,None,None,None,None,27.83;ICF World ranking Solkan 2011; qp:4.33,None,None,None,None,24.12;ICF World ranking Bratislava 2010; qp:5.37,None,None,28.54;World Championships Foix 2010; qp:28.54,None,None,None,None,None,None,47.21;ICF World ranking Tacen 2010; qp:2.16,None,None,None,32.02;ICF World ranking Solkan 2010; qp:5.52,None,None,None,None,None,None,None,None,None,None,None,None,None,None,None,None,None,None,None,None,None,None,None,None,None,None,None,None,None,None,None,None,None,None,None,None,None,None,None,None,None,None,None,None,None,None,None,None,None,None,None,None,None,None,None,None,None,None,None,None,None,None,None,None,None,None,None,None,None,None,None,None,None,None,None,None
c994c8db9e68e4f2cdd4b28b36e2ed7e,1778585356774369,Giovanni DE GENNARO,GENNARO,Giovanni DE,2010-09-09,2010,MK1,ITA,18,103,28.78,None,24.12;ICF World ranking Bratislava 2010; qp:5.37,None,None,28.54;World Championships Foix 2010; qp:28.54,None,None,None,None,None,None,47.21;ICF World ranking Tacen 2010; qp:2.16,None,None,None,32.02;ICF World ranking Solkan 2010; qp:5.52,None,None,None,None,None,None,None,None,None,None,None,None,None,None,None,33;ICF World ranking Prague 2009; qp:2.43,42.3;ICF World ranking Foix 2009; qp:8.77,None,None,None,None,None,None,None,None,None,None,None,None,None,None,None,None,None,None,None,None,None,None,None,None,None,None,None,None,None,None,None,None,None,None,None,None,None,None,None,None,None,None,None,None,None,None,None,None,None,None,None,None,None,None,None,None,None,None,None,None,None,None,None,None,None,None,None
c2a697638483c9770752175de9b9363c,1778585356774369,Giovanni DE GENNARO,GENNARO,Giovanni DE,2010-08-21,2010,MK1,ITA,18,102,28.78,24.12;ICF World ranking Bratislava 2010; qp:5.37,None,None,28.54;World Championships Foix 2010; qp:28.54,None,None,None,None,None,None,47.21;ICF World ranking Tacen 2010; qp:2.16,None,None,None,32.02;ICF World ranking Solkan 2010; qp:5.52,None,None,None,None,None,None,None,None,None,None,None,None,None,None,None,33;ICF World ranking Prague 2009; qp:2.43,42.3;ICF World ranking Foix 2009; qp:8.77,None,None,None,None,None,None,None,None,None,None,None,None,None,None,None,None,None,None,None,None,None,None,None,None,None,None,None,None,None,None,None,None,None,None,None,None,None,None,None,None,None,None,None,None,None,None,None,None,None,None,None,None,None,None,None,None,None,None,None,None,None,None,None,None,None,None,None,None
f5f75f3c157e89357314baa9ea4eb3d7,1778585356774369,Giovanni DE GENNARO,GENNARO,Giovanni DE,2010-07-02,2010,MK1,ITA,18,144,34.21,None,None,None,None,None,None,None,47.21;ICF World ranking Tacen 2010; qp:2.16,None,None,None,32.02;ICF World ranking Solkan 2010; qp:5.52,None,None,None,None,None,None,None,None,None,None,None,None,None,None,33;ICF World ranking Prague 2009; qp:2.43,42.3;ICF World ranking Foix 2009; qp:8.77,None,None,None,None,None,None,None,None,None,None,None,None,None,None,None,None,None,None,None,None,None,None,None,None,None,None,None,None,None,None,None,None,None,None,None,None,None,None,None,None,None,None,None,None,None,None,None,None,None,None,None,None,None,None,None,None,None,None,None,None,None,None,None,None,None,None,None,None,None,None,None,None
8a7c682dc404446547e6f9ae142b4773,1778585356774369,Giovanni DE GENNARO,GENNARO,Giovanni DE,2010-06-05,2010,MK1,ITA,18,135,34.21,None,None,None,None,47.21;ICF World ranking Tacen 2010; qp:2.16,None,None,None,32.02;ICF World ranking Solkan 2010; qp:5.52,None,None,None,None,None,None,None,None,None,None,None,None,None,None,None,33;ICF World ranking Prague 2009; qp:2.43,42.3;ICF World ranking Foix 2009; qp:8.77,None,None,None,None,None,None,None,None,None,None,None,None,None,None,None,None,None,None,None,None,None,None,None,None,None,None,None,None,None,None,None,None,None,None,None,None,None,None,None,None,None,None,None,None,None,None,None,None,None,None,None,None,None,None,None,None,None,None,None,None,None,None,None,None,None,None,None,None,None,None,None,None,None,None
b0c4ae3f3ef23d26f230986224ccddff,1778585356774369,Giovanni DE GENNARO,GENNARO,Giovanni DE,2009-10-24,2009,MK1,ITA,17,125,37.64,None,None,None,None,None,None,None,None,None,None,None,None,33;ICF World ranking Prague 2009; qp:2.43,42.3;ICF World ranking Foix 2009; qp:8.77,None,None,None,None,None,None,None,None,None,None,None,None,None,None,None,None,None,None,None,None,None,None,None,None,None,None,None,None,None,None,None,None,None,None,None,None,None,None,None,None,None,None,None,None,None,None,None,None,None,None,None,None,None,None,None,None,None,None,None,None,None,None,None,None,None,None,None,None,None,None,None,None,None,None,None,None,None,None,None,None,None,None,None,None,None,None
e26ccff2b18251076f036a9a0f7c261a,1778585356774369,Giovanni DE GENNARO,GENNARO,Giovanni DE,2009-08-22,2009,MK1,ITA,17,122,37.64,None,None,None,None,None,None,None,33;ICF World ranking Prague 2009; qp:2.43,42.3;ICF World ranking Foix 2009; qp:8.77,None,None,None,None,None,None,None,None,None,None,None,None,None,None,None,None,None,None,None,None,None,None,None,None,None,None,None,None,None,None,None,None,None,None,None,None,None,None,None,None,None,None,None,None,None,None,None,None,None,None,None,None,None,None,None,None,None,None,None,None,None,None,None,None,None,None,None,None,None,None,None,None,None,None,None,None,None,None,None,None,None,None,None,None,None,None,None,None,None,None,None
0a413eda25d1a92e2a3e264cdec26d22,1778585356774369,Giovanni DE GENNARO,GENNARO,Giovanni DE,2009-07-11,2009,MK1,ITA,17,113,37.64,None,None,None,33;ICF World ranking Prague 2009; qp:2.43,42.3;ICF World ranking Foix 2009; qp:8.77,None,None,None,None,None,None,None,None,None,None,None,None,None,None,None,None,None,None,None,None,None,None,None,None,None,None,None,None,None,None,None,None,None,None,None,None,None,None,None,None,None,None,None,None,None,None,None,None,None,None,None,None,None,None,None,None,None,None,None,None,None,None,None,None,None,None,None,None,None,None,None,None,None,None,None,None,None,None,None,None,None,None,None,None,None,None,None,None,None,None,None,None,None,None,None
c8698590e4cefeed62b71f2ba82ed7c2,1778585356774369,Giovanni DE GENNARO,GENNARO,Giovanni DE,2009-06-20,2009,MK1,ITA,17,121,37.64,33;ICF World ranking Prague 2009; qp:2.43,42.3;ICF World ranking Foix 2009; qp:8.77,None,None,None,None,None,None,None,None,None,None,None,None,None,None,None,None,None,None,None,None,None,None,None,None,None,None,None,None,None,None,None,None,None,None,None,None,None,None,None,None,None,None,None,None,None,None,None,None,None,None,None,None,None,None,None,None,None,None,None,None,None,None,None,None,None,None,None,None,None,None,None,None,None,None,None,None,None,None,None,None,None,None,None,None,None,None,None,None,None,None,None,None,None,None,None,None,None,None
edaafa58f82b70308ae2c618f3a046df,1787573484683840,Hannes AIGNER,AIGNER,Hannes,2026-08-21,2026,MK1,GER,37,338,35.84,None,None,None,None,None,None,None,None,None,None,None,None,None,None,None,None,None,None,None,None,None,None,None,None,None,None,None,None,None,None,None,None,None,None,None,None,8.72;World Cup Augsburg 2025; qp:0,9.42;World Cup Tacen 2025; qp:0,None,None,None,None,None,None,None,None,96.95;World Cup Prague 2025; qp:0,None,None,28.29;ICF World ranking Vaires sur Marne 2025; qp:1.55,None,None,None,None,None,None,None,None,None,None,None,None,None,None,None,None,None,None,None,None,None,None,None,None,None,None,None,None,None,None,None,None,None,None,None,None,None,None,None,None,None,None,None,None,None,None,None,None,None,None
426460a58f4b2216218b52bd50f1d198,1787573484683840,Hannes AIGNER,AIGNER,Hannes,2026-07-06,2026,MK1,GER,37,327,35.84,None,None,None,None,None,None,None,None,None,None,None,None,None,None,None,None,None,None,None,None,None,None,None,None,None,None,None,None,None,None,8.72;Team trials Augsburg 2025; qp:0,9.42;Team trials Solkan 2025; qp:0,None,None,None,None,None,None,None,None,96.95;Team trials Ceske Budejovice 2025; qp:0,None,None,28.29;Team trials Solkan 2025; qp:1.55,None,None,None,None,None,None,None,None,None,None,None,None,None,None,None,None,None,None,None,None,None,None,None,None,None,None,None,None,None,None,None,None,None,None,None,None,None,None,None,None,None,None,None,None,None,None,None,None,None,None,None,None,None,None,None,None
9a87eb2d2e745fc92163b1df2d9dbe86,1778584828607904,Hannes AIGNER,AIGNER,Hannes,2026-03-31,2026,MK1,GER,37,36,13.62,None,None,None,None,None,None,None,None,None,None,None,None,None,None,None,None,8.72;World Cup Augsburg 2025; qp:0,9.42;World Cup Tacen 2025; qp:0,None,None,None,None,None,None,None,None,96.95;World Cup Prague 2025; qp:0,None,None,28.29;ICF World ranking Vaires sur Marne 2025; qp:1.55,None,None,None,None,None,None,None,None,None,None,None,None,None,None,None,None,None,None,None,None,None,None,None,None,None,None,None,None,None,None,None,None,None,None,None,None,20.82;World Cup Krakow 2024; qp:0,29.86;World Cup Prague 2024; qp:0,12.66;World Cup Augsburg 2024; qp:0,None,None,None,None,None,None,16.49;ICF World ranking Huningue 2024; qp:11.65,None,None,None,None,None,None,None,None,None,None,None,None,None,None,None,None,None,None,None,None,None,None,None,None
6725cfd6913d0000865cce72f3d5e558,1778584828607904,Hannes AIGNER,AIGNER,Hannes,2025-10-15,2025,MK1,GER,36,28,11.71,None,8.72;World Cup Augsburg 2025; qp:0,9.42;World Cup Tacen 2025; qp:0,None,None,None,None,None,None,None,None,96.95;World Cup Prague 2025; qp:0,None,None,28.29;ICF World ranking Vaires sur Marne 2025; qp:1.55,None,None,None,None,None,None,None,None,None,None,None,None,None,None,None,None,None,None,None,None,None,None,None,None,None,None,None,None,None,None,None,None,None,None,None,None,20.82;World Cup Krakow 2024; qp:0,29.86;World Cup Prague 2024; qp:0,12.66;World Cup Augsburg 2024; qp:0,None,None,None,None,None,None,16.49;ICF World ranking Huningue 2024; qp:11.65,None,None,None,None,None,11.27;ICF World ranking Ile de la Reunion 2024; qp:8.57,None,None,None,None,None,None,None,None,None,None,None,None,None,None,None,None,None,None,None,None,None,None,None,None,None,None,None,None,None,None,None,None,None
32169a41b4a8ff51193987f5a1c7d063,1778584828607904,Hannes AIGNER,AIGNER,Hannes,2025-09-10,2025,MK1,GER,36,26,11.71,8.72;World Cup Augsburg 2025; qp:0,9.42;World Cup Tacen 2025; qp:0,None,None,None,None,None,None,None,None,96.95;World Cup Prague 2025; qp:0,None,None,28.29;ICF World ranking Vaires sur Marne 2025; qp:1.55,None,None,None,None,None,None,None,None,None,None,None,None,None,None,None,None,None,None,None,None,None,None,None,None,None,None,None,None,None,None,None,None,None,None,None,None,20.82;World Cup Krakow 2024; qp:0,29.86;World Cup Prague 2024; qp:0,12.66;World Cup Augsburg 2024; qp:0,None,None,None,None,None,None,16.49;ICF World ranking Huningue 2024; qp:11.65,None,None,None,None,None,11.27;ICF World ranking Ile de la Reunion 2024; qp:8.57,None,None,None,23.95;World Championships Lee Valley 2023; qp:0,None,None,None,None,None,None,None,None,None,None,None,None,None,None,None,None,None,None,None,None,None,None,None,None,None,None,None,None,None,None
8fcac15b9d52de16d7aa167e8f2510af,1778584828607904,Hannes AIGNER,AIGNER,Hannes,2025-07-01,2025,MK1,GER,36,30,13.27,96.95;World Cup Prague 2025; qp:0,None,None,28.29;Euros Vaires sur Marne 2025; qp:1.55,None,None,None,None,None,None,None,None,None,None,None,None,None,None,None,None,None,None,None,None,None,None,None,None,None,None,None,None,None,None,None,None,None,None,None,None,20.82;World Cup Krakow 2024; qp:0,29.86;World Cup Prague 2024; qp:0,12.66;World Cup Augsburg 2024; qp:0,None,None,None,None,None,None,16.49;ICF World ranking Huningue 2024; qp:11.65,None,None,None,None,None,11.27;ICF World ranking Ile de la Reunion 2024; qp:8.57,None,None,None,None,None,None,None,10.52;World Cup Vaires sur Marne 2023; qp:0,23.95;World Championships Lee Valley 2023; qp:0,15.43;World Cup La Seu 2023; qp:0,None,None,None,None,None,None,None,None,None,None,None,None,None,None,None,None,None,None,None,None,None,None,None,None,None,None,None,None,None,None,None,None,None,None
225eb35c3a61fce72dac914c86724e63,1778584828607904,Hannes AIGNER,AIGNER,Hannes,2025-05-30,2025,MK1,GER,36,21,9.48,28.29;Euros Vaires sur Marne 2025; qp:1.55,None,None,None,None,None,None,None,None,None,None,None,None,None,None,None,None,None,None,None,None,None,None,None,None,None,None,None,None,None,None,None,None,None,None,None,None,20.82;World Cup Krakow 2024; qp:0,29.86;World Cup Prague 2024; qp:0,12.66;World Cup Augsburg 2024; qp:0,None,None,None,None,None,None,16.49;ICF World ranking Huningue 2024; qp:11.65,None,None,None,None,None,11.27;ICF World ranking Ile de la Reunion 2024; qp:8.57,None,None,None,None,None,None,None,10.52;World Cup Vaires sur Marne 2023; qp:0,23.95;World Championships Lee Valley 2023; qp:0,15.43;World Cup La Seu 2023; qp:0,None,None,None,None,None,None,9.97;World Cup Tacen 2023; qp:0,10.61;World Cup Prague 2023; qp:0,5.01;World Cup Augsburg 2023; qp:0,None,None,None,None,None,None,None,None,None,None,None,None,None,None,None,None,None,None,None,None,None,None,None,None,None,None,None,None
56e6d16fb7276aa620f782f59b12f004,1778584828607904,Hannes AIGNER,AIGNER,Hannes,2025-04-03,2025,MK1,GER,36,20,9.48,None,None,None,None,None,None,None,None,None,None,None,None,None,None,None,None,None,None,None,None,None,None,None,None,None,None,20.82;World Cup Krakow 2024; qp:0,29.86;World Cup Prague 2024; qp:0,12.66;World Cup Augsburg 2024; qp:0,None,None,None,None,None,None,16.49;ICF World ranking Huningue 2024; qp:11.65,None,None,None,None,None,11.27;ICF World ranking Ile de la Reunion 2024; qp:8.57,None,None,None,None,None,None,None,10.52;World Cup Vaires sur Marne 2023; qp:0,23.95;World Championships Lee Valley 2023; qp:0,15.43;World Cup La Seu 2023; qp:0,None,None,None,None,None,17.3;ICF World ranking Krakow 2023; qp:0.71,None,9.97;World Cup Tacen 2023; qp:0,10.61;World Cup Prague 2023; qp:0,5.01;World Cup Augsburg 2023; qp:0,None,None,None,None,None,None,None,None,None,None,None,None,None,None,None,None,None,None,None,None,None,None,None,None,None,None,None,None,None,None,None,None,None,None,None,None,None,None
9fa7146c02662d45b2919f3dd0add88e,1778584828607904,Hannes AIGNER,AIGNER,Hannes,2024-09-25,2024,MK1,GER,35,15,8.75,None,None,None,None,None,None,20.82;World Cup Krakow 2024; qp:0,29.86;World Cup Prague 2024; qp:0,12.66;World Cup Augsburg 2024; qp:0,None,None,None,None,None,None,16.49;ICF World ranking Huningue 2024; qp:11.65,None,None,None,None,None,11.27;ICF World ranking Ile de la Reunion 2024; qp:8.57,None,None,None,None,None,None,None,10.52;World Cup Vaires sur Marne 2023; qp:0,23.95;World Championships Lee Valley 2023; qp:0,15.43;World Cup La Seu 2023; qp:0,None,None,None,None,None,17.3;ICF World ranking Krakow 2023; qp:0.71,None,9.97;World Cup Tacen 2023; qp:0,10.61;World Cup Prague 2023; qp:0,5.01;World Cup Augsburg 2023; qp:0,None,None,None,None,None,None,None,None,None,None,7.65;ICF World ranking Ile de la Reunion 2023; qp:2.6,None,None,None,None,None,None,None,None,None,None,None,None,None,None,None,None,None,None,None,None,None,None,None,None,None,None,None,None,None,None,None,None,None,None,None,None,None,None,None,None,None,None,None,None,None,None,None
9c63760b4d26ef535233de7ee3fef0cd,1778584828607904,Hannes AIGNER,AIGNER,Hannes,2024-06-20,2024,MK1,GER,35,15,8.75,20.82;World Cup Krakow 2024; qp:0,29.86;World Cup Prague 2024; qp:0,12.66;World Cup Augsburg 2024; qp:0,None,None,None,None,None,None,16.49;ICF World ranking Huningue 2024; qp:11.65,None,None,None,None,None,11.27;ICF World ranking Ile de la Reunion 2024; qp:8.57,None,None,None,None,None,None,None,10.52;World Cup Vaires sur Marne 2023; qp:0,23.95;World Championships Lee Valley 2023; qp:0,15.43;World Cup La Seu 2023; qp:0,None,None,None,None,None,17.3;Euros Krakow 2023; qp:0.71,None,9.97;World Cup Tacen 2023; qp:0,10.61;World Cup Prague 2023; qp:0,5.01;World Cup Augsburg 2023; qp:0,None,None,None,None,None,None,None,None,None,None,7.65;ICF World ranking Ile de la Reunion 2023; qp:2.6,None,None,None,None,None,None,14.24;World Championships Augsburg 2022; qp:0,None,None,None,None,None,None,None,None,None,None,None,None,None,None,None,None,None,None,None,None,None,None,None,None,None,None,None,None,None,None,None,None,None,None,None,None,None,None,None,None,None,None,None,None,None,None
0997762f2805ef5f9b291dc98ac86692,1778584828607904,Hannes AIGNER,AIGNER,Hannes,2024-05-22,2024,MK1,GER,35,8,6.36,None,None,None,None,16.49;ICF World ranking Huningue 2024; qp:11.65,None,None,None,None,None,11.27;ICF World ranking Ile de la Reunion 2024; qp:8.57,None,None,None,None,None,None,None,10.52;World Cup Vaires sur Marne 2023; qp:0,23.95;World Championships Lee Valley 2023; qp:0,15.43;World Cup La Seu 2023; qp:0,None,None,None,None,None,17.3;Euros Krakow 2023; qp:0.71,None,9.97;World Cup Tacen 2023; qp:0,10.61;World Cup Prague 2023; qp:0,5.01;World Cup Augsburg 2023; qp:0,None,None,None,None,None,None,None,None,None,None,7.65;ICF World ranking Ile de la Reunion 2023; qp:2.6,None,None,None,None,None,None,14.24;World Championships Augsburg 2022; qp:0,None,None,None,None,4.36;World Cup Prague 2022; qp:0,4.82;ICF World ranking Augsburg 2022; qp:2.54,None,None,None,None,None,None,None,None,None,None,None,None,None,None,None,None,None,None,None,None,None,None,None,None,None,None,None,None,None,None,None,None,None,None,None,None,None,None,None,None,None,None,None,None,None
5e53a2607219bed2a86a996094a9055d,1778584828607904,Hannes AIGNER,AIGNER,Hannes,2023-11-16,2023,MK1,GER,34,9,6.36,None,None,None,None,10.52;World Cup Vaires sur Marne 2023; qp:0,23.95;World Championships Lee Valley 2023; qp:0,15.43;World Cup La Seu 2023; qp:0,None,None,None,None,None,17.3;Euros Krakow 2023; qp:0.71,None,9.97;World Cup Tacen 2023; qp:0,10.61;World Cup Prague 2023; qp:0,5.01;World Cup Augsburg 2023; qp:0,None,None,None,None,None,None,None,None,None,None,7.65;ICF World ranking Ile de la Reunion 2023; qp:2.6,None,None,None,None,None,None,14.24;World Championships Augsburg 2022; qp:0,None,None,None,None,4.36;World Cup Prague 2022; qp:0,4.82;ICF World ranking Augsburg 2022; qp:2.54,None,11.15;ICF World ranking Liptovsky Mikulas 2022; qp:1.34,None,None,None,None,None,None,None,None,None,13.96;ICF World ranking Ile de la Reunion 2022; qp:1.91,None,None,None,None,None,None,None,None,None,None,None,None,None,None,None,None,None,None,None,None,None,None,None,None,None,None,None,None,None,None,None,None,None,None,None,None,None,None,None,None,None,None,None,None,None,None,None
c1338f86103885a28591a63b037bf3c5,1778584828607904,Hannes AIGNER,AIGNER,Hannes,2023-09-04,2023,MK1,GER,34,9,6.16,15.43;World Cup La Seu 2023; qp:0,None,None,None,None,None,17.3;Euros Krakow 2023; qp:0.71,None,9.97;World Cup Tacen 2023; qp:0,10.61;World Cup Prague 2023; qp:0,5.01;World Cup Augsburg 2023; qp:0,None,None,None,None,None,None,None,None,None,None,7.65;ICF World ranking Ile de la Reunion 2023; qp:2.6,None,None,None,None,None,None,14.24;World Championships Augsburg 2022; qp:0,None,None,None,None,4.36;World Cup Prague 2022; qp:0,4.82;ICF World ranking Augsburg 2022; qp:2.54,None,11.15;ICF World ranking Liptovsky Mikulas 2022; qp:1.34,None,None,None,None,None,None,None,None,None,13.96;ICF World ranking Ile de la Reunion 2022; qp:1.91,None,13.4;World Championships Bratislava 2021; qp:0,None,None,8.97;Olympic Games Tokyo 2021; qp:0,None,None,None,15.12;World Championships La Seu 2019; qp:0,None,None,None,None,None,None,None,None,None,None,None,None,None,None,None,None,None,None,None,None,None,None,None,None,None,None,None,None,None,None,None,None,None,None,None,None,None,None,None,None,None,None,None,None
2e1422abf93b24461e6fdaf8c32519e5,1778584828607904,Hannes AIGNER,AIGNER,Hannes,2023-07-03,2023,MK1,GER,34,8,5.37,9.97;World Cup Tacen 2023; qp:0,10.61;World Cup Prague 2023; qp:0,5.01;World Cup Augsburg 2023; qp:0,None,None,None,None,None,None,None,None,None,None,7.65;ICF World ranking Ile de la Reunion 2023; qp:2.6,None,None,None,None,None,None,14.24;World Championships Augsburg 2022; qp:0,None,None,None,None,4.36;World Cup Prague 2022; qp:0,4.82;ICF World ranking Augsburg 2022; qp:2.54,None,11.15;ICF World ranking Liptovsky Mikulas 2022; qp:1.34,None,None,None,None,None,None,None,None,None,13.96;ICF World ranking Ile de la Reunion 2022; qp:1.91,None,13.4;World Championships Bratislava 2021; qp:0,None,None,8.97;Olympic Games Tokyo 2021; qp:0,None,None,None,15.12;World Championships La Seu 2019; qp:0,None,5.01;World Cup Markkleeberg 2019; qp:0,None,None,None,None,None,None,None,None,None,None,None,None,None,None,None,None,None,None,None,None,None,None,None,None,None,None,None,None,None,None,None,None,None,None,None,None,None,None,None,None,None,None,None,None,None,None,None,None,None,None
7f74fc3116fdf5c1804dd937231a29d4,1778584828607904,Hannes AIGNER,AIGNER,Hannes,2023-05-29,2023,MK1,GER,34,7,4.93,None,None,None,None,None,None,None,None,None,7.65;ICF World ranking Ile de la Reunion 2023; qp:2.6,None,None,None,None,None,None,14.24;World Championships Augsburg 2022; qp:0,None,None,None,None,4.36;World Cup Prague 2022; qp:0,4.82;ICF World ranking Augsburg 2022; qp:2.54,None,11.15;ICF World ranking Liptovsky Mikulas 2022; qp:1.34,None,None,None,None,None,None,None,None,None,13.96;ICF World ranking Ile de la Reunion 2022; qp:1.91,None,13.4;World Championships Bratislava 2021; qp:0,None,None,8.97;Olympic Games Tokyo 2021; qp:0,None,None,None,15.12;World Championships La Seu 2019; qp:0,None,5.01;World Cup Markkleeberg 2019; qp:0,None,None,None,None,None,None,None,10;World Cup Bratislava 2019; qp:0,2.81;World Cup Lee Valley 2019; qp:0,None,None,None,None,None,None,None,None,None,None,None,None,None,None,None,None,None,None,None,None,None,None,None,None,None,None,None,None,None,None,None,None,None,None,None,None,None,None,None,None,None,None,None,None,None
259ef9732939d837c4097459e83430a6,1778584828607904,Hannes AIGNER,AIGNER,Hannes,2022-09-23,2022,MK1,GER,33,8,5.15,None,None,None,None,None,14.24;World Championships Augsburg 2022; qp:0,None,None,None,None,4.36;World Cup Prague 2022; qp:0,4.82;ICF World ranking Augsburg 2022; qp:2.54,None,11.15;ICF World ranking Liptovsky Mikulas 2022; qp:1.34,None,None,None,None,None,None,None,None,None,13.96;ICF World ranking Ile de la Reunion 2022; qp:1.91,None,13.4;World Championships Bratislava 2021; qp:0,None,None,8.97;Olympic Games Tokyo 2021; qp:0,None,None,None,15.12;World Championships La Seu 2019; qp:0,None,5.01;World Cup Markkleeberg 2019; qp:0,None,None,None,None,None,None,None,10;World Cup Bratislava 2019; qp:0,2.81;World Cup Lee Valley 2019; qp:0,None,None,None,None,None,None,8.76;ICF World ranking Markkleeberg 2019; qp:5.04,None,None,22.13;Oceania Championships Penrith 2019; qp:2.13,11.55;ICF World ranking Penrith 2019; qp:2.1,None,None,None,None,None,None,None,None,None,None,None,None,None,None,None,None,None,None,None,None,None,None,None,None,None,None,None,None,None,None,None,None,None,None,None,None,None,None,None,None,None,None,None,None,None
b63d41c773577a721f6baae142723704,1778584828607904,Hannes AIGNER,AIGNER,Hannes,2022-08-01,2022,MK1,GER,33,7,3.16,None,14.24;World Championships Augsburg 2022; qp:0,None,None,None,None,4.36;World Cup Prague 2022; qp:0,4.82;ICF World ranking Augsburg 2022; qp:2.54,None,11.15;ICF World ranking Liptovsky Mikulas 2022; qp:1.34,None,None,None,None,None,None,None,None,None,13.96;ICF World ranking Ile de la Reunion 2022; qp:1.91,None,13.4;World Championships Bratislava 2021; qp:0,None,None,8.97;Olympic Games Tokyo 2021; qp:0,None,None,None,15.12;World Championships La Seu 2019; qp:0,None,5.01;World Cup Markkleeberg 2019; qp:0,None,None,None,None,None,None,None,10;World Cup Bratislava 2019; qp:0,2.81;World Cup Lee Valley 2019; qp:0,None,None,None,None,None,None,8.76;ICF World ranking Markkleeberg 2019; qp:5.04,None,None,22.13;Oceania Championships Penrith 2019; qp:2.13,11.55;ICF World ranking Penrith 2019; qp:2.1,None,None,"0;World Championships Deodoro, Rio 2018; qp:0",None,3.83;World Cup La Seu 2018; qp:0,25.19;World Cup Tacen 2018; qp:0,None,None,None,None,None,None,None,None,None,None,None,None,None,None,None,None,None,None,None,None,None,None,None,None,None,None,None,None,None,None,None,None,None,None,None,None,None,None,None,None,None,None,None
6f17a24482f892d0a305de409e9258db,1778584828607904,Hannes AIGNER,AIGNER,Hannes,2022-05-01,2022,MK1,GER,33,6,2.62,None,None,None,None,None,None,None,None,None,13.96;ICF World ranking Ile de la Reunion 2022; qp:1.91,None,13.4;World Championships Bratislava 2021; qp:0,None,None,8.97;Olympic Games Tokyo 2021; qp:0,None,None,None,15.12;World Championships La Seu 2019; qp:0,None,5.01;World Cup Markkleeberg 2019; qp:0,None,None,None,None,None,None,None,10;World Cup Bratislava 2019; qp:0,2.81;World Cup Lee Valley 2019; qp:0,None,None,None,None,None,None,8.76;ICF World ranking Markkleeberg 2019; qp:5.04,None,None,22.13;Oceania Championships Penrith 2019; qp:2.13,11.55;ICF World ranking Penrith 2019; qp:2.1,None,None,"0;World Championships Deodoro, Rio 2018; qp:0",None,3.83;World Cup La Seu 2018; qp:0,25.19;World Cup Tacen 2018; qp:0,None,None,None,None,None,None,None,1.47;World Cup Augsburg 2018; qp:0,22.88;World Cup Krakow 2018; qp:0,19.98;World Cup Liptovsky Mikulas 2018; qp:0,None,None,None,None,None,None,None,None,None,None,None,None,None,None,None,None,None,None,None,None,None,None,None,None,None,None,None,None,None,None,None,None,None,None,None,None,None,None,None,None,None,None,None
1fdca51f7a97a3a9ffd28726e469964b,1778584828607904,Hannes AIGNER,AIGNER,Hannes,2021-11-01,2021,MK1,GER,32,6,2.62,13.4;World Championships Bratislava 2021; qp:0,None,None,8.97;Olympic Games Tokyo 2021; qp:0,None,None,None,15.12;World Championships La Seu 2019; qp:0,None,5.01;World Cup Markkleeberg 2019; qp:0,None,None,None,None,None,None,None,10;World Cup Bratislava 2019; qp:0,2.81;World Cup Lee Valley 2019; qp:0,None,None,None,None,None,None,8.76;ICF World ranking Markkleeberg 2019; qp:5.04,None,None,22.13;Oceania Championships Penrith 2019; qp:2.13,11.55;ICF World ranking Penrith 2019; qp:2.1,None,None,"0;World Championships Deodoro, Rio 2018; qp:0",None,3.83;World Cup La Seu 2018; qp:0,25.19;World Cup Tacen 2018; qp:0,None,None,None,None,None,None,None,1.47;World Cup Augsburg 2018; qp:0,22.88;World Cup Krakow 2018; qp:0,19.98;World Cup Liptovsky Mikulas 2018; qp:0,None,None,None,None,None,11.66;ICF World ranking Markkleeberg 2018; qp:3.94,None,27.96;ICF World ranking Solkan 2018; qp:4.58,None,None,None,None,None,None,None,None,None,None,None,None,None,None,None,None,None,None,None,None,None,None,None,None,None,None,None,None,None,None,None,None,None,None,None,None,None,None,None,None,None,None,None,None,None,None
e20733a333158c11856b74da6ff441df,1778584828607904,Hannes AIGNER,AIGNER,Hannes,2021-09-10,2021,MK1,GER,32,5,2.62,None,None,8.97;Olympic Games Tokyo 2021; qp:0,None,None,None,15.12;World Championships La Seu 2019; qp:0,None,5.01;World Cup Markkleeberg 2019; qp:0,None,None,None,None,None,None,None,10;World Cup Bratislava 2019; qp:0,2.81;World Cup Lee Valley 2019; qp:0,None,None,None,None,None,None,8.76;ICF World ranking Markkleeberg 2019; qp:5.04,None,None,22.13;Oceania Championships Penrith 2019; qp:2.13,11.55;ICF World ranking Penrith 2019; qp:2.1,None,None,"0;World Championships Deodoro, Rio 2018; qp:0",None,3.83;World Cup La Seu 2018; qp:0,25.19;World Cup Tacen 2018; qp:0,None,None,None,None,None,None,None,1.47;World Cup Augsburg 2018; qp:0,22.88;World Cup Krakow 2018; qp:0,19.98;World Cup Liptovsky Mikulas 2018; qp:0,None,None,None,None,None,11.66;ICF World ranking Markkleeberg 2018; qp:3.94,None,27.96;ICF World ranking Solkan 2018; qp:4.58,None,None,None,None,None,None,None,None,None,None,None,None,None,None,None,None,None,None,None,None,None,None,None,None,None,None,None,None,None,None,None,None,None,None,None,None,None,None,None,None,None,None,None,None,None,None,None
f9c43476a7121d1442b987acdd652f58,1778584828607904,Hannes AIGNER,AIGNER,Hannes,2020-02-01,2020,MK1,GER,31,3,2.62,None,None,None,15.12;World Championships La Seu 2019; qp:0,None,5.01;World Cup Markkleeberg 2019; qp:0,None,None,None,None,None,None,None,10;World Cup Bratislava 2019; qp:0,2.81;World Cup Lee Valley 2019; qp:0,None,None,None,None,None,None,8.76;ICF World ranking Markkleeberg 2019; qp:5.04,None,None,22.13;Oceania Championships Penrith 2019; qp:2.13,11.55;ICF World ranking Penrith 2019; qp:2.1,None,None,"0;World Championships Deodoro, Rio 2018; qp:0",None,3.83;World Cup La Seu 2018; qp:0,25.19;World Cup Tacen 2018; qp:0,None,None,None,None,None,None,None,1.47;World Cup Augsburg 2018; qp:0,22.88;World Cup Krakow 2018; qp:0,19.98;World Cup Liptovsky Mikulas 2018; qp:0,None,None,None,None,None,11.66;ICF World ranking Markkleeberg 2018; qp:3.94,None,27.96;ICF World ranking Solkan 2018; qp:4.58,None,11.8;ICF World ranking Penrith 2018; qp:1.54,None,None,None,None,None,None,None,None,None,None,None,None,None,None,None,None,None,None,None,None,None,None,None,None,None,None,None,None,None,None,None,None,None,None,None,None,None,None,None,None,None,None,None,None,None,None,None,None
f63681cf912f4da0d99464346e0ff8d2,1778584828607904,Hannes AIGNER,AIGNER,Hannes,2019-09-25,2019,MK1,GER,30,3,2.62,15.12;World Championships La Seu 2019; qp:0,None,5.01;World Cup Markkleeberg 2019; qp:0,None,None,None,None,None,None,None,10;World Cup Bratislava 2019; qp:0,2.81;World Cup Lee Valley 2019; qp:0,None,None,None,None,None,None,8.76;ICF World ranking Markkleeberg 2019; qp:5.04,None,None,22.13;Oceania Championships Penrith 2019; qp:2.13,11.55;ICF World ranking Penrith 2019; qp:2.1,None,None,"0;World Championships Deodoro, Rio 2018; qp:0",None,3.83;World Cup La Seu 2018; qp:0,25.19;World Cup Tacen 2018; qp:0,None,None,None,None,None,None,None,1.47;World Cup Augsburg 2018; qp:0,22.88;World Cup Krakow 2018; qp:0,19.98;World Cup Liptovsky Mikulas 2018; qp:0,None,None,None,None,None,11.66;ICF World ranking Markkleeberg 2018; qp:3.94,None,27.96;ICF World ranking Solkan 2018; qp:4.58,None,11.8;ICF World ranking Penrith 2018; qp:1.54,None,None,None,None,None,None,None,None,None,None,None,None,None,None,None,None,None,None,None,None,None,None,None,None,None,None,None,None,None,None,None,None,None,None,None,None,None,None,None,None,None,None,None,None,None,None,None,None,None,None,None
c3f930af29077cce69f5390bfb97a77e,1778584828607904,Hannes AIGNER,AIGNER,Hannes,2019-09-06,2019,MK1,GER,30,4,2.62,None,5.01;World Cup Markkleeberg 2019; qp:0,None,None,None,None,None,None,None,10;World Cup Bratislava 2019; qp:0,2.81;World Cup Lee Valley 2019; qp:0,None,None,None,None,None,None,8.76;ICF World ranking Markkleeberg 2019; qp:5.04,None,None,22.13;Oceania Championships Penrith 2019; qp:2.13,11.55;ICF World ranking Penrith 2019; qp:2.1,None,None,"0;World Championships Deodoro, Rio 2018; qp:0",None,3.83;World Cup La Seu 2018; qp:0,25.19;World Cup Tacen 2018; qp:0,None,None,None,None,None,None,None,1.47;World Cup Augsburg 2018; qp:0,22.88;World Cup Krakow 2018; qp:0,19.98;World Cup Liptovsky Mikulas 2018; qp:0,None,None,None,None,None,11.66;ICF World ranking Markkleeberg 2018; qp:3.94,None,27.96;ICF World ranking Solkan 2018; qp:4.58,None,11.8;ICF World ranking Penrith 2018; qp:1.54,None,None,None,None,None,None,None,None,None,None,None,None,None,None,None,None,None,None,None,None,None,None,None,None,None,None,None,None,None,None,None,None,None,None,None,None,None,None,None,None,None,None,None,None,None,None,None,None,None,None,None,None
ccf58664b987e93db26b45cdc4aa9a27,1778584828607904,Hannes AIGNER,AIGNER,Hannes,2019-06-28,2019,MK1,GER,30,7,3.37,None,10;World Cup Bratislava 2019; qp:0,2.81;World Cup Lee Valley 2019; qp:0,None,None,None,None,None,None,8.76;ICF World ranking Markkleeberg 2019; qp:5.04,None,None,22.13;Oceania Championships Penrith 2019; qp:2.13,11.55;ICF World ranking Penrith 2019; qp:2.1,None,None,"0;World Championships Deodoro, Rio 2018; qp:0",None,3.83;World Cup La Seu 2018; qp:0,25.19;World Cup Tacen 2018; qp:0,None,None,None,None,None,None,None,1.47;World Cup Augsburg 2018; qp:0,22.88;World Cup Krakow 2018; qp:0,19.98;World Cup Liptovsky Mikulas 2018; qp:0,None,None,None,None,None,11.66;ICF World ranking Markkleeberg 2018; qp:3.94,None,27.96;ICF World ranking Solkan 2018; qp:4.58,None,11.8;ICF World ranking Penrith 2018; qp:1.54,None,None,None,None,24.93;World Cup La Seu 2017; qp:0,22.48;World Cup Ivrea 2017; qp:0,None,None,None,None,None,None,None,None,None,None,None,None,None,None,None,None,None,None,None,None,None,None,None,None,None,None,None,None,None,None,None,None,None,None,None,None,None,None,None,None,None,None,None,None,None,None,None,None,None,None,None,None,None,None
8e930442f1f6eb27295919fea6374bc1,1778584828607904,Hannes AIGNER,AIGNER,Hannes,2019-05-11,2019,MK1,GER,30,6,2.89,None,None,None,None,8.76;ICF World ranking Markkleeberg 2019; qp:5.04,None,None,22.13;Oceania Championships Penrith 2019; qp:2.13,11.55;ICF World ranking Penrith 2019; qp:2.1,None,None,"0;World Championships Deodoro, Rio 2018; qp:0",None,3.83;World Cup La Seu 2018; qp:0,25.19;World Cup Tacen 2018; qp:0,None,None,None,None,None,None,None,1.47;World Cup Augsburg 2018; qp:0,22.88;World Cup Krakow 2018; qp:0,19.98;World Cup Liptovsky Mikulas 2018; qp:0,None,None,None,None,None,11.66;ICF World ranking Markkleeberg 2018; qp:3.94,None,27.96;ICF World ranking Solkan 2018; qp:4.58,None,11.8;ICF World ranking Penrith 2018; qp:1.54,None,None,None,None,None,24.93;World Cup La Seu 2017; qp:0,22.48;World Cup Ivrea 2017; qp:0,None,None,None,21.47;World Cup Markkleeberg 2017; qp:0,0.37;World Cup Augsburg 2017; qp:0,15.58;World Cup Prague 2017; qp:0,None,None,None,None,None,None,None,None,None,None,None,None,None,None,None,None,None,None,None,None,None,None,None,None,None,None,None,None,None,None,None,None,None,None,None,None,None,None,None,None,None,None,None,None,None,None,None,None,None,None,None,None
7056b8eab92708d621abe08db3997d5a,1778584828607904,Hannes AIGNER,AIGNER,Hannes,2018-09-25,2018,MK1,GER,29,4,2.27,"0;World Championships Deodoro, Rio 2018; qp:0",None,3.83;World Cup La Seu 2018; qp:0,25.19;World Cup Tacen 2018; qp:0,None,None,None,None,None,None,None,1.47;World Cup Augsburg 2018; qp:0,22.88;World Cup Krakow 2018; qp:0,19.98;World Cup Liptovsky Mikulas 2018; qp:0,None,None,None,None,None,11.66;ICF World ranking Markkleeberg 2018; qp:3.94,None,27.96;ICF World ranking Solkan 2018; qp:4.58,None,11.8;ICF World ranking Penrith 2018; qp:1.54,None,None,None,None,None,24.93;World Cup La Seu 2017; qp:0,22.48;World Cup Ivrea 2017; qp:0,None,None,None,21.47;World Cup Markkleeberg 2017; qp:0,0.37;World Cup Augsburg 2017; qp:0,15.58;World Cup Prague 2017; qp:0,None,None,None,None,6.14;ICF World ranking Markkleeberg 2017; qp:4,5.67;ICF World ranking Solkan 2017; qp:4.92,None,22.24;ICF World ranking Penrith 2017; qp:3.85,None,None,None,None,None,None,None,None,None,None,None,None,None,None,None,None,None,None,None,None,None,None,None,None,None,None,None,None,None,None,None,None,None,None,None,None,None,None,None,None,None,None,None,None,None,None,None,None,None,None,None,None,None,None,None
7bb1aa020c39e76a3154650d7e60edc6,1778584828607904,Hannes AIGNER,AIGNER,Hannes,2018-09-07,2018,MK1,GER,29,5,2.43,3.83;World Cup La Seu 2018; qp:0,25.19;World Cup Tacen 2018; qp:0,None,None,None,None,None,None,None,1.47;World Cup Augsburg 2018; qp:0,22.88;World Cup Krakow 2018; qp:0,19.98;World Cup Liptovsky Mikulas 2018; qp:0,None,None,None,None,None,11.66;ICF World ranking Markkleeberg 2018; qp:3.94,None,27.96;ICF World ranking Solkan 2018; qp:4.58,None,11.8;ICF World ranking Penrith 2018; qp:1.54,None,None,None,None,None,24.93;World Cup La Seu 2017; qp:0,22.48;World Cup Ivrea 2017; qp:0,None,None,None,21.47;World Cup Markkleeberg 2017; qp:0,0.37;World Cup Augsburg 2017; qp:0,15.58;World Cup Prague 2017; qp:0,None,None,None,None,6.14;ICF World ranking Markkleeberg 2017; qp:4,5.67;ICF World ranking Solkan 2017; qp:4.92,None,22.24;ICF World ranking Penrith 2017; qp:3.85,None,None,None,"0.83;Olympic Games Deodoro, Rio 2016; qp:0",None,None,None,None,None,None,None,None,None,None,None,None,None,None,None,None,None,None,None,None,None,None,None,None,None,None,None,None,None,None,None,None,None,None,None,None,None,None,None,None,None,None,None,None,None,None,None,None,None,None,None,None,None
0810cc57c5fefec75affd23434743fab,1778584828607904,Hannes AIGNER,AIGNER,Hannes,2018-07-06,2018,MK1,GER,29,6,2.9,1.47;World Cup Augsburg 2018; qp:0,22.88;World Cup Krakow 2018; qp:0,19.98;World Cup Liptovsky Mikulas 2018; qp:0,None,None,None,None,None,11.66;ICF World ranking Markkleeberg 2018; qp:3.94,None,27.96;ICF World ranking Solkan 2018; qp:4.58,None,11.8;ICF World ranking Penrith 2018; qp:1.54,None,None,None,None,None,24.93;World Cup La Seu 2017; qp:0,22.48;World Cup Ivrea 2017; qp:0,None,None,None,21.47;World Cup Markkleeberg 2017; qp:0,0.37;World Cup Augsburg 2017; qp:0,15.58;World Cup Prague 2017; qp:0,None,None,None,None,6.14;ICF World ranking Markkleeberg 2017; qp:4,5.67;ICF World ranking Solkan 2017; qp:4.92,None,22.24;ICF World ranking Penrith 2017; qp:3.85,None,None,None,None,7.94;World Cup Prague 2016; qp:0,"0.83;Olympic Games Deodoro, Rio 2016; qp:0",None,None,None,None,None,None,None,None,None,None,None,None,None,None,None,None,None,None,None,None,None,None,None,None,None,None,None,None,None,None,None,None,None,None,None,None,None,None,None,None,None,None,None,None,None,None,None,None,None,None,None,None,None,None,None,None,None,None,None,None
2fe444b82ff5f8e3c73177f9d7946881,1778584828607904,Hannes AIGNER,AIGNER,Hannes,2018-06-08,2018,MK1,GER,29,6,3.14,None,None,None,None,None,11.66;ICF World ranking Markkleeberg 2018; qp:3.94,None,27.96;ICF World ranking Solkan 2018; qp:4.58,None,11.8;ICF World ranking Penrith 2018; qp:1.54,None,None,None,None,None,24.93;World Cup La Seu 2017; qp:0,22.48;World Cup Ivrea 2017; qp:0,None,None,None,21.47;World Cup Markkleeberg 2017; qp:0,0.37;World Cup Augsburg 2017; qp:0,15.58;World Cup Prague 2017; qp:0,None,None,None,None,6.14;ICF World ranking Markkleeberg 2017; qp:4,5.67;ICF World ranking Solkan 2017; qp:4.92,None,22.24;ICF World ranking Penrith 2017; qp:3.85,None,None,None,None,7.94;World Cup Prague 2016; qp:0,"0.83;Olympic Games Deodoro, Rio 2016; qp:0",None,None,29.18;World Cup Pau 2016; qp:0,2.69;World Cup La Seu 2016; qp:0,None,None,None,None,None,None,None,None,None,None,None,None,None,None,None,None,None,None,None,None,None,None,None,None,None,None,None,None,None,None,None,None,None,None,None,None,None,None,None,None,None,None,None,None,None,None,None,None,None,None,None,None,None,None,None,None,None,None,None
0cfc747a33417aa133958e8b99089b5c,1778584828607904,Hannes AIGNER,AIGNER,Hannes,2017-09-27,2017,MK1,GER,28,5,3.14,None,None,24.93;World Cup La Seu 2017; qp:0,22.48;World Cup Ivrea 2017; qp:0,None,None,None,21.47;World Cup Markkleeberg 2017; qp:0,0.37;World Cup Augsburg 2017; qp:0,15.58;World Cup Prague 2017; qp:0,None,None,None,None,6.14;ICF World ranking Markkleeberg 2017; qp:4,5.67;ICF World ranking Solkan 2017; qp:4.92,None,22.24;ICF World ranking Penrith 2017; qp:3.85,None,None,None,None,7.94;World Cup Prague 2016; qp:0,"0.83;Olympic Games Deodoro, Rio 2016; qp:0",None,None,29.18;World Cup Pau 2016; qp:0,2.69;World Cup La Seu 2016; qp:0,None,None,None,None,None,None,None,27.61;ICF World ranking Markkleeberg 2016; qp:7.61,None,None,13.07;ICF World ranking Penrith 2016; qp:4.2,None,None,None,None,None,None,None,None,None,None,None,None,None,None,None,None,None,None,None,None,None,None,None,None,None,None,None,None,None,None,None,None,None,None,None,None,None,None,None,None,None,None,None,None,None,None,None,None,None,None,None,None,None,None,None,None,None,None,None,None,None
7443dd96dbc219bd295441cd17f67f25,1778584828607904,Hannes AIGNER,AIGNER,Hannes,2017-09-08,2017,MK1,GER,28,5,3.14,24.93;World Cup La Seu 2017; qp:0,22.48;World Cup Ivrea 2017; qp:0,None,None,None,21.47;World Cup Markkleeberg 2017; qp:0,0.37;World Cup Augsburg 2017; qp:0,15.58;World Cup Prague 2017; qp:0,None,None,None,None,6.14;ICF World ranking Markkleeberg 2017; qp:4,5.67;ICF World ranking Solkan 2017; qp:4.92,None,22.24;ICF World ranking Penrith 2017; qp:3.85,None,None,None,None,7.94;World Cup Prague 2016; qp:0,"0.83;Olympic Games Deodoro, Rio 2016; qp:0",None,None,29.18;World Cup Pau 2016; qp:0,2.69;World Cup La Seu 2016; qp:0,None,None,None,None,None,None,None,27.61;ICF World ranking Markkleeberg 2016; qp:7.61,None,None,13.07;ICF World ranking Penrith 2016; qp:4.2,None,21.93;World Championships Lee Valley 2015; qp:0,None,None,None,None,None,None,None,None,None,None,None,None,None,None,None,None,None,None,None,None,None,None,None,None,None,None,None,None,None,None,None,None,None,None,None,None,None,None,None,None,None,None,None,None,None,None,None,None,None,None,None,None,None,None,None,None,None,None,None,None,None
36cb7edf5c3c7143373773314a3a60e6,1778584828607904,Hannes AIGNER,AIGNER,Hannes,2017-06-30,2017,MK1,GER,28,4,3.14,21.47;World Cup Markkleeberg 2017; qp:0,0.37;World Cup Augsburg 2017; qp:0,15.58;World Cup Prague 2017; qp:0,None,None,None,None,6.14;ICF World ranking Markkleeberg 2017; qp:4,5.67;ICF World ranking Solkan 2017; qp:4.92,None,22.24;ICF World ranking Penrith 2017; qp:3.85,None,None,None,None,7.94;World Cup Prague 2016; qp:0,"0.83;Olympic Games Deodoro, Rio 2016; qp:0",None,None,29.18;World Cup Pau 2016; qp:0,2.69;World Cup La Seu 2016; qp:0,None,None,None,None,None,None,None,27.61;ICF World ranking Markkleeberg 2016; qp:7.61,None,None,13.07;ICF World ranking Penrith 2016; qp:4.2,None,21.93;World Championships Lee Valley 2015; qp:0,17.66;World Cup Pau 2015; qp:0,None,None,None,None,None,None,None,None,None,None,None,None,None,None,None,None,None,None,None,None,None,None,None,None,None,None,None,None,None,None,None,None,None,None,None,None,None,None,None,None,None,None,None,None,None,None,None,None,None,None,None,None,None,None,None,None,None,None,None,None,None,None,None,None,None
e6fe300a4f78fd72fdcf509bfdb68d16,1778584828607904,Hannes AIGNER,AIGNER,Hannes,2017-05-26,2017,MK1,GER,28,6,4.65,None,None,None,None,6.14;ICF World ranking Markkleeberg 2017; qp:4,5.67;ICF World ranking Solkan 2017; qp:4.92,None,22.24;ICF World ranking Penrith 2017; qp:3.85,None,None,None,None,7.94;World Cup Prague 2016; qp:0,"0.83;Olympic Games Deodoro, Rio 2016; qp:0",None,None,29.18;World Cup Pau 2016; qp:0,2.69;World Cup La Seu 2016; qp:0,None,None,None,None,None,None,None,27.61;ICF World ranking Markkleeberg 2016; qp:7.61,None,None,13.07;ICF World ranking Penrith 2016; qp:4.2,None,21.93;World Championships Lee Valley 2015; qp:0,17.66;World Cup Pau 2015; qp:0,None,11.72;World Cup Liptovsky Mikulas 2015; qp:0,None,21.63;World Cup Prague 2015; qp:0,None,None,None,None,None,None,None,None,None,None,None,None,None,None,None,None,None,None,None,None,None,None,None,None,None,None,None,None,None,None,None,None,None,None,None,None,None,None,None,None,None,None,None,None,None,None,None,None,None,None,None,None,None,None,None,None,None,None,None,None,None,None,None,None
305e775a51aedc786ceb7a2bf643f51a,1778584828607904,Hannes AIGNER,AIGNER,Hannes,2016-09-09,2016,MK1,GER,27,14,6.36,None,7.94;World Cup Prague 2016; qp:0,"0.83;Olympic Games Deodoro, Rio 2016; qp:0",None,None,29.18;World Cup Pau 2016; qp:0,2.69;World Cup La Seu 2016; qp:0,None,None,None,None,None,None,None,27.61;ICF World ranking Markkleeberg 2016; qp:7.61,None,None,13.07;ICF World ranking Penrith 2016; qp:4.2,None,21.93;World Championships Lee Valley 2015; qp:0,17.66;World Cup Pau 2015; qp:0,None,None,11.72;World Cup Liptovsky Mikulas 2015; qp:0,None,21.63;World Cup Prague 2015; qp:0,None,None,None,None,None,None,None,None,8.6;ICF World ranking Markleeberg 2015; qp:3.5,None,18.74;ICF World ranking Penrith 2015; qp:4.3,None,None,None,None,None,None,None,None,None,None,None,None,None,None,None,None,None,None,None,None,None,None,None,None,None,None,None,None,None,None,None,None,None,None,None,None,None,None,None,None,None,None,None,None,None,None,None,None,None,None,None,None,None,None,None,None,None,None,None,None,None,None,None
e3403c9f1c5789b2e12d58c82acae12f,1778584828607904,Hannes AIGNER,AIGNER,Hannes,2016-08-07,2016,MK1,GER,27,19,7.38,"0.83;Olympic Games Deodoro, Rio 2016; qp:0",None,None,29.18;World Cup Pau 2016; qp:0,2.69;World Cup La Seu 2016; qp:0,None,None,None,None,None,None,None,27.61;ICF World ranking Markkleeberg 2016; qp:7.61,None,None,13.07;ICF World ranking Penrith 2016; qp:4.2,None,21.93;World Championships Lee Valley 2015; qp:0,17.66;World Cup Pau 2015; qp:0,None,None,11.72;World Cup Liptovsky Mikulas 2015; qp:0,None,21.63;World Cup Prague 2015; qp:0,None,None,None,None,None,None,None,None,8.6;ICF World ranking Markleeberg 2015; qp:3.5,None,18.74;ICF World ranking Penrith 2015; qp:4.3,None,None,15.08;World Cup Augsburg 2014; qp:0,15.28;World Cup La Seu 2014; qp:0,None,None,None,None,None,None,None,None,None,None,None,None,None,None,None,None,None,None,None,None,None,None,None,None,None,None,None,None,None,None,None,None,None,None,None,None,None,None,None,None,None,None,None,None,None,None,None,None,None,None,None,None,None,None,None,None,None,None,None,None,None
be4334949841acb1ac6cbf81c34017a8,1778584828607904,Hannes AIGNER,AIGNER,Hannes,2016-06-17,2016,MK1,GER,27,22,10.23,29.18;World Cup Pau 2016; qp:0,2.69;World Cup La Seu 2016; qp:0,None,None,None,None,None,None,None,27.61;ICF World ranking Markkleeberg 2016; qp:7.61,None,None,13.07;ICF World ranking Penrith 2016; qp:4.2,None,21.93;World Championships Lee Valley 2015; qp:0,17.66;World Cup Pau 2015; qp:0,None,None,11.72;World Cup Liptovsky Mikulas 2015; qp:0,None,21.63;World Cup Prague 2015; qp:0,None,None,None,None,None,None,None,None,8.6;ICF World ranking Markleeberg 2015; qp:3.5,None,18.74;ICF World ranking Penrith 2015; qp:4.3,None,None,15.08;World Cup Augsburg 2014; qp:0,15.28;World Cup La Seu 2014; qp:0,None,None,None,None,None,None,None,None,None,None,None,None,None,None,None,None,None,None,None,None,None,None,None,None,None,None,None,None,None,None,None,None,None,None,None,None,None,None,None,None,None,None,None,None,None,None,None,None,None,None,None,None,None,None,None,None,None,None,None,None,None,None,None,None
78226539fe7378ebc46033add999769e,1778584828607904,Hannes AIGNER,AIGNER,Hannes,2016-04-30,2016,MK1,GER,27,11,7.52,None,None,None,None,None,27.61;ICF World ranking Markkleeberg 2016; qp:7.61,None,None,13.07;ICF World ranking Penrith 2016; qp:4.2,None,21.93;World Championships Lee Valley 2015; qp:0,17.66;World Cup Pau 2015; qp:0,None,None,11.72;World Cup Liptovsky Mikulas 2015; qp:0,None,21.63;World Cup Prague 2015; qp:0,None,None,None,None,None,None,None,None,8.6;ICF World ranking Markleeberg 2015; qp:3.5,None,18.74;ICF World ranking Penrith 2015; qp:4.3,None,None,None,15.08;World Cup Augsburg 2014; qp:0,15.28;World Cup La Seu 2014; qp:0,None,0;World Cup Prague 2014; qp:0,15.28;World Cup Tacen 2014; qp:0,4.22;World Cup Lee Valley 2014; qp:0,None,None,None,None,None,None,None,None,None,None,None,None,None,None,None,None,None,None,None,None,None,None,None,None,None,None,None,None,None,None,None,None,None,None,None,None,None,None,None,None,None,None,None,None,None,None,None,None,None,None,None,None,None,None,None,None,None,None,None,None,None,None,None
873d143c1e3499be679769f7d5279cb6,1778584828607904,Hannes AIGNER,AIGNER,Hannes,2015-09-16,2015,MK1,GER,26,9,5.71,21.93;World Championships Lee Valley 2015; qp:0,17.66;World Cup Pau 2015; qp:0,None,None,11.72;World Cup Liptovsky Mikulas 2015; qp:0,None,21.63;World Cup Prague 2015; qp:0,None,None,None,None,None,None,None,None,8.6;ICF World ranking Markleeberg 2015; qp:3.5,None,18.74;ICF World ranking Penrith 2015; qp:4.3,None,None,None,15.08;World Cup Augsburg 2014; qp:0,15.28;World Cup La Seu 2014; qp:0,None,None,0;World Cup Prague 2014; qp:0,15.28;World Cup Tacen 2014; qp:0,4.22;World Cup Lee Valley 2014; qp:0,None,None,None,None,None,None,None,4.03;ICF World ranking Markleeberg 2014; qp:4.03,None,None,None,None,None,None,None,None,None,None,None,None,None,None,None,None,None,None,None,None,None,None,None,None,None,None,None,None,None,None,None,None,None,None,None,None,None,None,None,None,None,None,None,None,None,None,None,None,None,None,None,None,None,None,None,None,None,None,None,None,None,None,None,None
d3fd2cf4e2f90e45ba80da45e7e2431a,1778584828607904,Hannes AIGNER,AIGNER,Hannes,2015-08-14,2015,MK1,GER,26,7,5.25,17.66;World Cup Pau 2015; qp:0,None,None,11.72;World Cup Liptovsky Mikulas 2015; qp:0,None,21.63;World Cup Prague 2015; qp:0,None,None,None,None,None,None,None,None,8.6;ICF World ranking Markleeberg 2015; qp:3.5,None,18.74;ICF World ranking Penrith 2015; qp:4.3,None,None,None,15.08;World Cup Augsburg 2014; qp:0,15.28;World Cup La Seu 2014; qp:0,None,None,0;World Cup Prague 2014; qp:0,15.28;World Cup Tacen 2014; qp:0,4.22;World Cup Lee Valley 2014; qp:0,None,None,None,None,None,None,None,4.03;ICF World ranking Markleeberg 2014; qp:4.03,None,None,None,None,9.41;World Championships Prague 2013; qp:0,None,None,None,None,None,None,None,None,None,None,None,None,None,None,None,None,None,None,None,None,None,None,None,None,None,None,None,None,None,None,None,None,None,None,None,None,None,None,None,None,None,None,None,None,None,None,None,None,None,None,None,None,None,None,None,None,None,None,None,None
78e57c2aadbe7d1c273328ea843a8ffc,1778584828607904,Hannes AIGNER,AIGNER,Hannes,2015-07-03,2015,MK1,GER,26,4,3.83,11.72;World Cup Liptovsky Mikulas 2015; qp:0,None,21.63;World Cup Prague 2015; qp:0,None,None,None,None,None,None,None,None,8.6;ICF World ranking Markleeberg 2015; qp:3.5,None,18.74;ICF World ranking Penrith 2015; qp:4.3,None,None,None,15.08;World Cup Augsburg 2014; qp:0,15.28;World Cup La Seu 2014; qp:0,None,None,0;World Cup Prague 2014; qp:0,15.28;World Cup Tacen 2014; qp:0,4.22;World Cup Lee Valley 2014; qp:0,None,None,None,None,None,None,None,4.03;ICF World ranking Markleeberg 2014; qp:4.03,None,None,None,None,9.41;World Championships Prague 2013; qp:0,2.51;World Cup Bratislava 2013; qp:0,8.4;World Cup Tacen 2013; qp:0,None,None,None,None,None,None,None,None,None,None,None,None,None,None,None,None,None,None,None,None,None,None,None,None,None,None,None,None,None,None,None,None,None,None,None,None,None,None,None,None,None,None,None,None,None,None,None,None,None,None,None,None,None,None,None,None,None,None,None,None,None
0302e5ec4dede28c7be09807bd93ccde,1778584828607904,Hannes AIGNER,AIGNER,Hannes,2015-06-06,2015,MK1,GER,26,2,3.02,None,None,None,None,None,None,None,None,8.6;ICF World ranking Markleeberg 2015; qp:3.5,None,18.74;ICF World ranking Penrith 2015; qp:4.3,None,None,None,15.08;World Cup Augsburg 2014; qp:0,15.28;World Cup La Seu 2014; qp:0,None,None,0;World Cup Prague 2014; qp:0,15.28;World Cup Tacen 2014; qp:0,4.22;World Cup Lee Valley 2014; qp:0,None,None,None,None,None,None,None,4.03;ICF World ranking Markleeberg 2014; qp:4.03,None,None,None,None,9.41;World Championships Prague 2013; qp:0,2.51;World Cup Bratislava 2013; qp:0,8.4;World Cup Tacen 2013; qp:0,None,None,8.68;World Cup La Seu 2013; qp:0,12.14;World Cup Augsburg 2013; qp:0,4.34;World Cup Cardiff 2013; qp:0,None,None,None,None,None,None,None,None,None,None,None,None,None,None,None,None,None,None,None,None,None,None,None,None,None,None,None,None,None,None,None,None,None,None,None,None,None,None,None,None,None,None,None,None,None,None,None,None,None,None,None,None,None,None,None,None,None,None,None
0d689e576dfa27566e40e087fc910f11,1778584828607904,Hannes AIGNER,AIGNER,Hannes,2014-09-17,2014,MK1,GER,25,2,3.02,None,None,15.08;World Cup Augsburg 2014; qp:0,15.28;World Cup La Seu 2014; qp:0,None,None,0;World Cup Prague 2014; qp:0,15.28;World Cup Tacen 2014; qp:0,4.22;World Cup Lee Valley 2014; qp:0,None,None,None,None,None,None,None,4.03;ICF World ranking Markleeberg 2014; qp:4.03,None,None,None,None,9.41;World Championships Prague 2013; qp:0,2.51;World Cup Bratislava 2013; qp:0,8.4;World Cup Tacen 2013; qp:0,None,None,8.68;World Cup La Seu 2013; qp:0,12.14;World Cup Augsburg 2013; qp:0,4.34;World Cup Cardiff 2013; qp:0,None,None,None,None,None,None,None,None,None,None,None,None,None,None,None,None,None,None,None,None,None,None,None,None,None,None,None,None,None,None,None,None,None,None,None,None,None,None,None,None,None,None,None,None,None,None,None,None,None,None,None,None,None,None,None,None,None,None,None,None,None,None,None,None,None,None,None,None,None,None,None
2232b6688c28b2ab29034d92b8022b84,1778584828607904,Hannes AIGNER,AIGNER,Hannes,2014-08-15,2014,MK1,GER,25,2,2.63,15.08;World Cup Augsburg 2014; qp:0,15.28;World Cup La Seu 2014; qp:0,None,None,0;World Cup Prague 2014; qp:0,15.28;World Cup Tacen 2014; qp:0,4.22;World Cup Lee Valley 2014; qp:0,None,None,None,None,None,None,None,4.03;ICF World ranking Markleeberg 2014; qp:4.03,None,None,None,None,9.41;World Championships Prague 2013; qp:0,2.51;World Cup Bratislava 2013; qp:0,8.4;World Cup Tacen 2013; qp:0,None,None,None,None,8.68;World Cup La Seu 2013; qp:0,12.14;World Cup Augsburg 2013; qp:0,4.34;World Cup Cardiff 2013; qp:0,None,None,None,None,None,None,None,None,None,4.34;ICF World ranking Markleeberg 2013; qp:2.01,None,None,22.89;ICF World ranking Penrith 2013; qp:1.69,None,2.39;Olympic Games Broxbourne 2012; qp:0,None,None,None,None,None,None,None,None,None,None,None,None,None,None,None,None,None,None,None,None,None,None,None,None,None,None,None,None,None,None,None,None,None,None,None,None,None,None,None,None,None,None,None,None,None,None,None,None,None,None,None,None,None,None,None,None
e48386624d1cf0bea062c4d2477cb835,1778584828607904,Hannes AIGNER,AIGNER,Hannes,2014-06-20,2014,MK1,GER,25,3,2.63,0;World Cup Prague 2014; qp:0,15.28;World Cup Tacen 2014; qp:0,4.22;World Cup Lee Valley 2014; qp:0,None,None,None,None,None,None,None,4.03;ICF World ranking Markleeberg 2014; qp:4.03,None,None,None,None,9.41;World Championships Prague 2013; qp:0,2.51;World Cup Bratislava 2013; qp:0,8.4;World Cup Tacen 2013; qp:0,None,None,None,None,8.68;World Cup La Seu 2013; qp:0,12.14;World Cup Augsburg 2013; qp:0,4.34;World Cup Cardiff 2013; qp:0,None,None,None,None,None,None,None,None,None,4.34;ICF World ranking Markleeberg 2013; qp:2.01,None,None,22.89;ICF World ranking Penrith 2013; qp:1.69,None,20.88;World Cup Bratislava 2012; qp:0,26.54;World Cup Prague 2012; qp:0,2.39;Olympic Games Broxbourne 2012; qp:0,None,None,None,None,None,None,None,None,None,None,None,None,None,None,None,None,None,None,None,None,None,None,None,None,None,None,None,None,None,None,None,None,None,None,None,None,None,None,None,None,None,None,None,None,None,None,None,None,None,None,None,None,None,None,None,None,None,None
1a61c8048cd6c3b6303f19b158d80677,1778584828607904,Hannes AIGNER,AIGNER,Hannes,2014-05-23,2014,MK1,GER,25,5,3,None,None,None,None,None,None,None,4.03;ICF World ranking Markleeberg 2014; qp:4.03,None,None,None,None,9.41;World Championships Prague 2013; qp:0,2.51;World Cup Bratislava 2013; qp:0,8.4;World Cup Tacen 2013; qp:0,None,None,None,None,8.68;World Cup La Seu 2013; qp:0,12.14;World Cup Augsburg 2013; qp:0,4.34;World Cup Cardiff 2013; qp:0,None,None,None,None,None,None,None,None,None,4.34;ICF World ranking Markleeberg 2013; qp:2.01,None,None,22.89;ICF World ranking Penrith 2013; qp:1.69,None,20.88;World Cup Bratislava 2012; qp:0,26.54;World Cup Prague 2012; qp:0,2.39;Olympic Games Broxbourne 2012; qp:0,None,17.93;World Cup La Seu 2012; qp:0,14.81;World Cup Pau 2012; qp:0,1.74;World Cup Cardiff 2012; qp:0,None,None,None,None,None,None,None,None,None,None,None,None,None,None,None,None,None,None,None,None,None,None,None,None,None,None,None,None,None,None,None,None,None,None,None,None,None,None,None,None,None,None,None,None,None,None,None,None,None,None,None,None,None,None,None,None,None
d122f77eedcdb562bedc61b5a24cd35b,1778584828607904,Hannes AIGNER,AIGNER,Hannes,2013-09-11,2013,MK1,GER,24,5,2.94,9.41;World Championships Prague 2013; qp:0,2.51;World Cup Bratislava 2013; qp:0,8.4;World Cup Tacen 2013; qp:0,None,None,None,None,8.68;World Cup La Seu 2013; qp:0,12.14;World Cup Augsburg 2013; qp:0,4.34;World Cup Cardiff 2013; qp:0,None,None,None,None,None,None,None,None,None,4.34;ICF World ranking Markleeberg 2013; qp:2.01,None,None,22.89;ICF World ranking Penrith 2013; qp:1.69,None,20.88;World Cup Bratislava 2012; qp:0,26.54;World Cup Prague 2012; qp:0,2.39;Olympic Games Broxbourne 2012; qp:0,None,None,None,17.93;World Cup La Seu 2012; qp:0,14.81;World Cup Pau 2012; qp:0,1.74;World Cup Cardiff 2012; qp:0,None,None,None,None,None,3.71;ICF World ranking Markleeberg 2012; qp:3.71,None,19.58;Oceania Championships Penrith 2012; qp:1.41,5.58;ICF World ranking Penrith 2012; qp:1.73,None,None,None,None,None,None,None,None,None,None,None,None,None,None,None,None,None,None,None,None,None,None,None,None,None,None,None,None,None,None,None,None,None,None,None,None,None,None,None,None,None,None,None,None,None,None,None,None,None,None,None,None,None,None,None,None,None,None
e2ad29f99befdc80e11dbaac50f22314,1778584828607904,Hannes AIGNER,AIGNER,Hannes,2013-08-23,2013,MK1,GER,24,6,2.94,2.51;World Cup Bratislava 2013; qp:0,8.4;World Cup Tacen 2013; qp:0,None,None,None,None,8.68;World Cup La Seu 2013; qp:0,12.14;World Cup Augsburg 2013; qp:0,4.34;World Cup Cardiff 2013; qp:0,None,None,None,None,None,None,None,None,None,4.34;ICF World ranking Markleeberg 2013; qp:2.01,None,None,22.89;ICF World ranking Penrith 2013; qp:1.69,None,20.88;World Cup Bratislava 2012; qp:0,26.54;World Cup Prague 2012; qp:0,2.39;Olympic Games Broxbourne 2012; qp:0,None,None,None,17.93;World Cup La Seu 2012; qp:0,14.81;World Cup Pau 2012; qp:0,1.74;World Cup Cardiff 2012; qp:0,None,None,None,None,None,3.71;ICF World ranking Markleeberg 2012; qp:3.71,None,19.58;Oceania Championships Penrith 2012; qp:1.41,5.58;ICF World ranking Penrith 2012; qp:1.73,None,None,16.56;ICF World ranking Bratislava 2011; qp:0,None,None,None,None,None,None,None,None,None,None,None,None,None,None,None,None,None,None,None,None,None,None,None,None,None,None,None,None,None,None,None,None,None,None,None,None,None,None,None,None,None,None,None,None,None,None,None,None,None,None,None,None,None,None,None,None
584b28fa102f94b4d1e7cd26cfa53cbe,1778584828607904,Hannes AIGNER,AIGNER,Hannes,2013-05-25,2013,MK1,GER,24,7,3.55,None,None,None,None,None,None,None,None,None,4.34;ICF World ranking Markleeberg 2013; qp:2.01,None,None,22.89;ICF World ranking Penrith 2013; qp:1.69,None,20.88;World Cup Bratislava 2012; qp:0,26.54;World Cup Prague 2012; qp:0,2.39;Olympic Games Broxbourne 2012; qp:0,None,None,None,17.93;World Cup La Seu 2012; qp:0,14.81;World Cup Pau 2012; qp:0,1.74;World Cup Cardiff 2012; qp:0,None,None,None,None,None,3.71;ICF World ranking Markleeberg 2012; qp:3.71,None,19.58;Oceania Championships Penrith 2012; qp:1.41,5.58;ICF World ranking Penrith 2012; qp:1.73,None,None,16.56;ICF World ranking Bratislava 2011; qp:0,8.11;World Cup Prague 2011; qp:0,7.62;ICF World ranking Broxbourne 2011; qp:1.56,14.41;World Cup Markkleeberg 2011; qp:0,None,25.42;World Cup Tacen 2011; qp:0,None,None,None,None,None,None,None,None,None,None,None,None,None,None,None,None,None,None,None,None,None,None,None,None,None,None,None,None,None,None,None,None,None,None,None,None,None,None,None,None,None,None,None,None,None,None,None,None,None,None,None,None,None,None,None,None,None,None,None,None
9dd2f3cadd88824b6ed6bfec998b0bb9,1778584828607904,Hannes AIGNER,AIGNER,Hannes,2013-04-13,2013,MK1,GER,24,7,3.55,None,4.34;ICF World ranking Markleeberg 2013; qp:2.01,None,None,22.89;ICF World ranking Penrith 2013; qp:1.69,None,20.88;World Cup Bratislava 2012; qp:0,26.54;World Cup Prague 2012; qp:0,2.39;Olympic Games Broxbourne 2012; qp:0,None,None,None,17.93;World Cup La Seu 2012; qp:0,14.81;World Cup Pau 2012; qp:0,1.74;World Cup Cardiff 2012; qp:0,None,None,None,None,None,3.71;ICF World ranking Markleeberg 2012; qp:3.71,None,19.58;Oceania Championships Penrith 2012; qp:1.41,5.58;ICF World ranking Penrith 2012; qp:1.73,None,None,16.56;ICF World ranking Bratislava 2011; qp:0,8.11;World Cup Prague 2011; qp:0,7.62;ICF World ranking Broxbourne 2011; qp:1.56,14.41;World Cup Markkleeberg 2011; qp:0,None,25.42;World Cup Tacen 2011; qp:0,None,None,None,None,None,None,None,None,None,None,None,None,None,None,None,None,None,None,None,None,None,None,None,None,None,None,None,None,None,None,None,None,None,None,None,None,None,None,None,None,None,None,None,None,None,None,None,None,None,None,None,None,None,None,None,None,None,None,None,None,None,None,None,None,None,None,None,None
f8e3db33744d66a71e3ec48c0fe87c0b,1778584828607904,Hannes AIGNER,AIGNER,Hannes,2012-08-31,2012,MK1,GER,23,10,2.61,20.88;World Cup Bratislava 2012; qp:0,26.54;World Cup Prague 2012; qp:0,2.39;Olympic Games Broxbourne 2012; qp:0,None,None,None,17.93;World Cup La Seu 2012; qp:0,14.81;World Cup Pau 2012; qp:0,1.74;World Cup Cardiff 2012; qp:0,None,None,None,None,None,3.71;ICF World ranking Markleeberg 2012; qp:3.71,None,19.58;Oceania Championships Penrith 2012; qp:1.41,5.58;ICF World ranking Penrith 2012; qp:1.73,None,None,16.56;ICF World ranking Bratislava 2011; qp:0,8.11;World Cup Prague 2011; qp:0,7.62;ICF World ranking Broxbourne 2011; qp:1.56,14.41;World Cup Markkleeberg 2011; qp:0,None,25.42;World Cup Tacen 2011; qp:0,None,None,None,None,None,None,None,None,None,None,None,None,None,None,None,None,None,None,None,None,None,None,None,None,None,None,None,None,None,None,None,None,None,None,None,None,None,None,None,None,None,None,None,None,None,None,None,None,None,None,None,None,None,None,None,None,None,None,None,None,None,None,None,None,None,None,None,None,None,None,None,None,None,None
ac9f25791f32dcdeb5fc81ae63b5b72a,1778584828607904,Hannes AIGNER,AIGNER,Hannes,2012-07-28,2012,MK1,GER,23,6,2.61,2.39;Olympic Games Broxbourne 2012; qp:0,None,None,None,17.93;World Cup La Seu 2012; qp:0,14.81;World Cup Pau 2012; qp:0,1.74;World Cup Cardiff 2012; qp:0,None,None,None,None,None,3.71;ICF World ranking Markleeberg 2012; qp:3.71,None,19.58;Oceania Championships Penrith 2012; qp:1.41,5.58;ICF World ranking Penrith 2012; qp:1.73,None,None,16.56;ICF World ranking Bratislava 2011; qp:0,8.11;World Cup Prague 2011; qp:0,7.62;ICF World ranking Broxbourne 2011; qp:1.56,14.41;World Cup Markkleeberg 2011; qp:0,None,25.42;World Cup Tacen 2011; qp:0,None,None,None,None,None,None,None,None,None,21.56;World Championships Tacen 2010; qp:0,5.37;ICF World ranking Bratislava 2010; qp:5.37,None,None,None,None,None,None,None,None,None,None,None,None,None,None,None,None,None,None,None,None,None,None,None,None,None,None,None,None,None,None,None,None,None,None,None,None,None,None,None,None,None,None,None,None,None,None,None,None,None,None,None,None,None,None,None,None,None,None,None,None,None,None,None,None,None
bff73802827073e3746030eeca689f50,1778584828607904,Hannes AIGNER,AIGNER,Hannes,2012-06-22,2012,MK1,GER,23,4,1.82,17.93;World Cup La Seu 2012; qp:0,14.81;World Cup Pau 2012; qp:0,1.74;World Cup Cardiff 2012; qp:0,None,None,None,None,None,3.71;ICF World ranking Markleeberg 2012; qp:3.71,None,19.58;Oceania Championships Penrith 2012; qp:1.41,5.58;ICF World ranking Penrith 2012; qp:1.73,None,None,16.56;ICF World ranking Bratislava 2011; qp:0,8.11;World Cup Prague 2011; qp:0,7.62;ICF World ranking Broxbourne 2011; qp:1.56,14.41;World Cup Markkleeberg 2011; qp:0,None,25.42;World Cup Tacen 2011; qp:0,None,None,None,None,None,None,None,None,None,21.56;World Championships Tacen 2010; qp:0,5.37;ICF World ranking Bratislava 2010; qp:5.37,24.35;ICF World ranking Cunovo 2010; qp:1.44,5.94;ICF World ranking Markkleeberg 2010; qp:5.79,None,0;World Cup Augsburg 2010; qp:0,None,None,None,None,None,None,None,None,None,None,None,None,None,None,None,None,None,None,None,None,None,None,None,None,None,None,None,None,None,None,None,None,None,None,None,None,None,None,None,None,None,None,None,None,None,None,None,None,None,None,None,None,None,None,None,None,None,None,None,None,None,None,None,None,None
208a8fc1a0b11de5e5c0444b5ffcef88,1778584828607904,Hannes AIGNER,AIGNER,Hannes,2012-05-05,2012,MK1,GER,23,6,2.38,None,None,None,None,None,3.71;ICF World ranking Markleeberg 2012; qp:3.71,None,19.58;Oceania Championships Penrith 2012; qp:1.41,5.58;ICF World ranking Penrith 2012; qp:1.73,None,None,16.56;ICF World ranking Bratislava 2011; qp:0,8.11;World Cup Prague 2011; qp:0,7.62;ICF World ranking Broxbourne 2011; qp:1.56,14.41;World Cup Markkleeberg 2011; qp:0,None,25.42;World Cup Tacen 2011; qp:0,None,None,None,None,None,None,None,None,None,21.56;World Championships Tacen 2010; qp:0,5.37;ICF World ranking Bratislava 2010; qp:5.37,24.35;ICF World ranking Cunovo 2010; qp:1.44,5.94;ICF World ranking Markkleeberg 2010; qp:5.79,None,0;World Cup Augsburg 2010; qp:0,3.42;World Cup La Seu 2010; qp:0,18.41;World Cup Prague 2010; qp:0,None,None,None,None,None,None,None,None,None,None,None,None,None,None,None,None,None,None,None,None,None,None,None,None,None,None,None,None,None,None,None,None,None,None,None,None,None,None,None,None,None,None,None,None,None,None,None,None,None,None,None,None,None,None,None,None,None,None,None,None,None,None,None,None,None,None
58715192264006488eb8ae5b1e988ff7,1778584828607904,Hannes AIGNER,AIGNER,Hannes,2011-09-07,2011,MK1,GER,22,6,2.93,16.56;ICF World ranking Bratislava 2011; qp:0,8.11;World Cup Prague 2011; qp:0,7.62;ICF World ranking Broxbourne 2011; qp:1.56,14.41;World Cup Markkleeberg 2011; qp:0,None,25.42;World Cup Tacen 2011; qp:0,None,None,None,None,None,None,None,None,None,21.56;World Championships Tacen 2010; qp:0,5.37;ICF World ranking Bratislava 2010; qp:5.37,24.35;ICF World ranking Cunovo 2010; qp:1.44,5.94;ICF World ranking Markkleeberg 2010; qp:5.79,None,0;World Cup Augsburg 2010; qp:0,3.42;World Cup La Seu 2010; qp:0,18.41;World Cup Prague 2010; qp:0,None,None,None,None,None,None,None,27.16;ICF World ranking Solkan 2010; qp:5.52,None,None,None,None,None,None,None,None,None,None,None,None,None,None,None,None,None,None,None,None,None,None,None,None,None,None,None,None,None,None,None,None,None,None,None,None,None,None,None,None,None,None,None,None,None,None,None,None,None,None,None,None,None,None,None,None,None,None,None,None,None,None,None,None,None,None,None,None,None
a9853ccd67b719caa74bad52be928c29,1778584828607904,Hannes AIGNER,AIGNER,Hannes,2011-08-12,2011,MK1,GER,22,7,2.93,8.11;World Cup Prague 2011; qp:0,7.62;ICF World ranking Broxbourne 2011; qp:1.56,14.41;World Cup Markkleeberg 2011; qp:0,None,25.42;World Cup Tacen 2011; qp:0,None,None,None,None,None,None,None,None,None,21.56;World Championships Tacen 2010; qp:0,5.37;ICF World ranking Bratislava 2010; qp:5.37,24.35;ICF World ranking Cunovo 2010; qp:1.44,5.94;ICF World ranking Markkleeberg 2010; qp:5.79,None,0;World Cup Augsburg 2010; qp:0,3.42;World Cup La Seu 2010; qp:0,18.41;World Cup Prague 2010; qp:0,None,None,None,None,None,None,None,27.16;ICF World ranking Solkan 2010; qp:5.52,None,None,None,None,None,None,None,None,None,None,None,None,None,None,None,None,None,None,None,None,None,None,None,None,None,None,None,None,None,None,None,None,None,None,None,None,None,None,None,None,None,None,None,None,None,None,None,None,None,None,None,None,None,None,None,None,None,None,None,None,None,None,None,None,None,None,None,None,None,None
4bb0bc3bba90e6f93e00cba5eaa0f713,1778584828607904,Hannes AIGNER,AIGNER,Hannes,2011-07-08,2011,MK1,GER,22,5,2.93,14.41;World Cup Markkleeberg 2011; qp:0,None,25.42;World Cup Tacen 2011; qp:0,None,None,None,None,None,None,None,None,None,21.56;World Championships Tacen 2010; qp:0,5.37;ICF World ranking Bratislava 2010; qp:5.37,24.35;ICF World ranking Cunovo 2010; qp:1.44,5.94;ICF World ranking Markkleeberg 2010; qp:5.79,None,0;World Cup Augsburg 2010; qp:0,3.42;World Cup La Seu 2010; qp:0,18.41;World Cup Prague 2010; qp:0,None,None,None,None,None,None,None,27.16;ICF World ranking Solkan 2010; qp:5.52,None,None,None,None,None,None,None,None,32.7;World Championships Tacen 2009; qp:3.46,37.11;Slovak Open Bratislava 2009; qp:2.82,None,None,None,None,None,None,None,None,None,None,None,None,None,None,None,None,None,None,None,None,None,None,None,None,None,None,None,None,None,None,None,None,None,None,None,None,None,None,None,None,None,None,None,None,None,None,None,None,None,None,None,None,None,None,None,None,None,None,None,None,None,None
a57f6275b69ac0e6e53730ab55b29f5c,1778584828607904,Hannes AIGNER,AIGNER,Hannes,2011-05-21,2011,MK1,GER,22,4,2.93,None,None,None,None,None,None,None,None,21.56;World Championships Tacen 2010; qp:0,5.37;ICF World ranking Bratislava 2010; qp:5.37,24.35;ICF World ranking Cunovo 2010; qp:1.44,5.94;ICF World ranking Markkleeberg 2010; qp:5.79,None,0;World Cup Augsburg 2010; qp:0,3.42;World Cup La Seu 2010; qp:0,18.41;World Cup Prague 2010; qp:0,None,None,None,None,None,None,None,27.16;ICF World ranking Solkan 2010; qp:5.52,None,None,None,None,None,None,None,None,32.7;World Championships Tacen 2009; qp:3.46,37.11;Slovak Open Bratislava 2009; qp:2.82,None,None,None,None,None,None,None,None,None,None,None,None,None,None,None,None,None,None,None,None,None,None,None,None,None,None,None,None,None,None,None,None,None,None,None,None,None,None,None,None,None,None,None,None,None,None,None,None,None,None,None,None,None,None,None,None,None,None,None,None,None,None,None,None,None,None
6c9db28e91c2aecb1eb28412a75dad0c,1778584828607904,Hannes AIGNER,AIGNER,Hannes,2010-09-09,2010,MK1,GER,21,4,2.93,21.56;World Championships Tacen 2010; qp:0,5.37;ICF World ranking Bratislava 2010; qp:5.37,24.35;ICF World ranking Cunovo 2010; qp:1.44,5.94;ICF World ranking Markkleeberg 2010; qp:5.79,None,0;World Cup Augsburg 2010; qp:0,3.42;World Cup La Seu 2010; qp:0,18.41;World Cup Prague 2010; qp:0,None,None,None,None,None,None,None,27.16;ICF World ranking Solkan 2010; qp:5.52,None,None,None,None,None,None,None,None,32.7;World Championships Tacen 2009; qp:3.46,37.11;Slovak Open Bratislava 2009; qp:2.82,None,None,None,None,None,23.95;ICF World ranking Prague 2009; qp:2.43,None,8.07;ICF World ranking Meran 2009; qp:8.07,None,None,15.43;ICF World ranking Solkan 2009; qp:1.43,None,None,None,None,None,None,None,None,None,None,None,None,None,None,None,None,None,None,None,None,None,None,None,None,None,None,None,None,None,None,None,None,None,None,None,None,None,None,None,None,None,None,None,None,None,None,None,None,None,None,None,None,None,None,None,None,None,None,None,None,None,None,None
e1e2b987755d2229ae679d847fcafcce,1778584828607904,Hannes AIGNER,AIGNER,Hannes,2010-08-21,2010,MK1,GER,21,4,2.93,5.37;ICF World ranking Bratislava 2010; qp:5.37,24.35;ICF World ranking Cunovo 2010; qp:1.44,5.94;ICF World ranking Markkleeberg 2010; qp:5.79,None,0;World Cup Augsburg 2010; qp:0,3.42;World Cup La Seu 2010; qp:0,18.41;World Cup Prague 2010; qp:0,None,None,None,None,None,None,None,27.16;ICF World ranking Solkan 2010; qp:5.52,None,None,None,None,None,None,None,None,32.7;World Championships Tacen 2009; qp:3.46,37.11;Slovak Open Bratislava 2009; qp:2.82,None,None,None,None,None,23.95;ICF World ranking Prague 2009; qp:2.43,None,8.07;ICF World ranking Meran 2009; qp:8.07,None,None,15.43;ICF World ranking Solkan 2009; qp:1.43,None,None,None,None,None,None,None,None,None,None,None,None,None,None,None,None,None,None,None,None,None,None,None,None,None,None,None,None,None,None,None,None,None,None,None,None,None,None,None,None,None,None,None,None,None,None,None,None,None,None,None,None,None,None,None,None,None,None,None,None,None,None,None,None
81178d1858454e5ce0be61ac5eaba93c,1778584828607904,Hannes AIGNER,AIGNER,Hannes,2010-07-02,2010,MK1,GER,21,8,3.83,0;World Cup Augsburg 2010; qp:0,3.42;World Cup La Seu 2010; qp:0,18.41;World Cup Prague 2010; qp:0,12.24;ICF World ranking Cunovo 2010; qp:-18.68,None,None,None,None,None,None,None,27.16;ICF World ranking Solkan 2010; qp:5.52,None,None,None,None,None,None,None,32.7;World Championships Tacen 2009; qp:3.46,37.11;Slovak Open Bratislava 2009; qp:2.82,None,None,None,None,None,23.95;ICF World ranking Prague 2009; qp:2.43,None,8.07;ICF World ranking Meran 2009; qp:8.07,None,None,15.43;ICF World ranking Solkan 2009; qp:1.43,None,None,None,None,None,None,None,None,None,None,None,None,None,None,None,None,None,None,None,None,None,None,None,None,None,None,None,None,None,None,None,None,None,None,None,None,None,None,None,None,None,None,None,None,None,None,None,None,None,None,None,None,None,None,None,None,None,None,None,None,None,None,None,None,None,None,None,None
acdde509f59c76bcab225da848f18f5a,1778584828607904,Hannes AIGNER,AIGNER,Hannes,2010-06-05,2010,MK1,GER,21,45,11.91,12.24;ICF World ranking Cunovo 2010; qp:-18.68,None,None,None,None,None,None,None,27.16;ICF World ranking Solkan 2010; qp:5.52,None,None,None,None,None,None,None,None,32.7;World Championships Tacen 2009; qp:3.46,37.11;Slovak Open Bratislava 2009; qp:2.82,None,None,None,None,None,23.95;ICF World ranking Prague 2009; qp:2.43,None,8.07;ICF World ranking Meran 2009; qp:8.07,None,None,15.43;ICF World ranking Solkan 2009; qp:1.43,None,None,None,None,None,None,None,None,None,None,None,None,None,None,None,None,None,None,None,None,None,None,None,None,None,None,None,None,None,None,None,None,None,None,None,None,None,None,None,None,None,None,None,None,None,None,None,None,None,None,None,None,None,None,None,None,None,None,None,None,None,None,None,None,None,None,None,None,None,None
de329500b1e9d418cc909519aed587d2,1778584828607904,Hannes AIGNER,AIGNER,Hannes,2009-10-24,2009,MK1,GER,20,50,15.82,None,None,None,None,None,32.7;World Championships Tacen 2009; qp:3.46,37.11;Slovak Open Bratislava 2009; qp:2.82,None,None,None,None,None,23.95;ICF World ranking Prague 2009; qp:2.43,None,8.07;ICF World ranking Meran 2009; qp:8.07,None,None,15.43;ICF World ranking Solkan 2009; qp:1.43,None,None,None,None,None,None,None,None,None,None,None,None,None,None,None,None,None,None,None,None,None,None,None,None,None,None,None,None,None,None,None,None,None,None,None,None,None,None,None,None,None,None,None,None,None,None,None,None,None,None,None,None,None,None,None,None,None,None,None,None,None,None,None,None,None,None,None,None,None,None,None,None,None,None,None,None,None,None,None,None,None,None
ee1ab9535869dc5f6c3a45f7c6bb06d1,1778584828607904,Hannes AIGNER,AIGNER,Hannes,2009-08-22,2009,MK1,GER,20,46,15.82,32.7;World Championships Tacen 2009; qp:3.46,37.11;Slovak Open Bratislava 2009; qp:2.82,None,None,None,None,None,23.95;ICF World ranking Prague 2009; qp:2.43,None,8.07;ICF World ranking Meran 2009; qp:8.07,None,None,15.43;ICF World ranking Solkan 2009; qp:1.43,None,None,None,None,None,None,None,None,None,None,None,None,None,None,None,None,None,None,None,None,None,None,None,None,None,None,None,None,None,None,None,None,None,None,None,None,None,None,None,None,None,None,None,None,None,None,None,None,None,None,None,None,None,None,None,None,None,None,None,None,None,None,None,None,None,None,None,None,None,None,None,None,None,None,None,None,None,None,None,None,None,None,None,None,None,None,None
66f0f2bbbeb1624664cf39de8ff66a5f,1778584828607904,Hannes AIGNER,AIGNER,Hannes,2009-07-11,2009,MK1,GER,20,42,15.82,None,None,None,23.95;ICF World ranking Prague 2009; qp:2.43,None,8.07;ICF World ranking Meran 2009; qp:8.07,None,None,15.43;ICF World ranking Solkan 2009; qp:1.43,None,None,None,None,None,None,None,None,None,None,None,None,None,None,None,None,None,None,None,None,None,None,None,None,None,None,None,None,None,None,None,None,None,None,None,None,None,None,None,None,None,None,None,None,None,None,None,None,None,None,None,None,None,None,None,None,None,None,None,None,None,None,None,None,None,None,None,None,None,None,None,None,None,None,None,None,None,None,None,None,None,None,None,None,None,None,None,None,None,None,None
62879e35afc1cc0e453b82d68951ee05,1778584828607904,Hannes AIGNER,AIGNER,Hannes,2009-06-20,2009,MK1,GER,20,43,15.82,23.95;ICF World ranking Prague 2009; qp:2.43,None,8.07;ICF World ranking Meran 2009; qp:8.07,None,None,15.43;ICF World ranking Solkan 2009; qp:1.43,None,None,None,None,None,None,None,None,None,None,None,None,None,None,None,None,None,None,None,None,None,None,None,None,None,None,None,None,None,None,None,None,None,None,None,None,None,None,None,None,None,None,None,None,None,None,None,None,None,None,None,None,None,None,None,None,None,None,None,None,None,None,None,None,None,None,None,None,None,None,None,None,None,None,None,None,None,None,None,None,None,None,None,None,None,None,None,None,None,None,None,None,None,None
fb946a76640a54c270619aadea195fce,1787573484683840,Jakub GRIGAR,GRIGAR,Jakub,2026-08-21,2026,MK1,SVK,29,50,17.07,None,None,None,None,None,None,None,None,None,None,None,None,None,None,37.5;ICF World ranking Liptovsky Mikulas 2026; qp:18.65,None,None,None,None,None,29.83;ICF World ranking Oklahoma 2026; qp:1.89,None,None,None,None,None,None,18.65;ICF World ranking Ile de la Reunion 2026; qp:11.25,None,None,None,None,None,None,None,16.21;World Championships Penrtih 2025; qp:0,44.46;World Cup Augsburg 2025; qp:0,127.57;World Cup Tacen 2025; qp:0,None,None,None,None,None,32.63;ICF World ranking Cunovo 2025; qp:17,None,None,116.61;World Cup Prague 2025; qp:0,29.3;World Cup Pau 2025; qp:0,16.31;World Cup La Seu 2025; qp:0,11.82;ICF World ranking Vaires sur Marne 2025; qp:1.55,None,None,None,None,None,None,None,None,22.35;ICF World ranking Markkleeberg 2025; qp:12.35,None,None,None,None,None,None,None,None,None,None,None,None,None,None,None,None,None,None,None,None,None,None,None,None,None,None,None,None,None,None,None,None,None,None,None,None,None,None,None,None,None
4d099b7c5183f382a019989b68102f91,1787573484683840,Jakub GRIGAR,GRIGAR,Jakub,2026-07-06,2026,MK1,SVK,29,35,13.27,None,None,None,None,None,None,None,None,37.5;Team trials Cunovo 2026; qp:18.65,None,None,None,None,None,29.83;Team trials Deep Creek 2026; qp:1.89,None,None,None,None,None,None,18.65;ICF World ranking Ile de la Reunion 2026; qp:11.25,None,None,None,None,None,None,None,16.21;World Championships Penrtih 2025; qp:0,44.46;Team trials Augsburg 2025; qp:0,127.57;Team trials Solkan 2025; qp:0,None,None,None,None,None,32.63;ICF World ranking Cunovo 2025; qp:17,None,None,116.61;Team trials Ceske Budejovice 2025; qp:0,29.3;Team trials Orthez 2025; qp:0,16.31;Team trials Mondariz 2025; qp:0,11.82;Team trials Solkan 2025; qp:1.55,None,None,None,None,None,None,None,None,22.35;Team trials Augsburg 2025; qp:12.35,None,None,None,None,None,None,None,None,None,None,None,None,None,None,None,None,None,None,None,None,None,None,None,None,3.38;Olympic Games Paris 2024; qp:0,None,None,None,None,None,None,None,None,None,None,None,None,None,None,None,None,None,None,None,None,None,None
df23751beec1fe21a1ebf2f39c5f22b6,1778586295805429,Jakub GRIGAR,GRIGAR,Jakub,2026-03-31,2026,MK1,SVK,29,34,13.27,29.83;ICF World ranking Oklahoma 2026; qp:1.89,None,None,None,None,None,None,18.65;ICF World ranking Ile de la Reunion 2026; qp:11.25,None,None,None,None,None,None,None,16.21;World Championships Penrtih 2025; qp:0,44.46;World Cup Augsburg 2025; qp:0,127.57;World Cup Tacen 2025; qp:0,None,None,None,None,None,32.63;ICF World ranking Cunovo 2025; qp:17,None,None,116.61;World Cup Prague 2025; qp:0,29.3;World Cup Pau 2025; qp:0,16.31;World Cup La Seu 2025; qp:0,11.82;ICF World ranking Vaires sur Marne 2025; qp:1.55,None,None,None,None,None,None,None,None,22.35;ICF World ranking Markkleeberg 2025; qp:12.35,None,None,None,None,None,None,None,None,None,None,None,None,None,None,None,None,None,None,None,None,None,None,None,None,3.38;Olympic Games Paris 2024; qp:0,None,None,19.61;World Cup Krakow 2024; qp:0,33.32;World Cup Prague 2024; qp:0,None,None,None,None,None,None,None,None,None,None,None,None,None,None,None,None,None,None,None,None,None,None,None,None,None,None,None,None,None,None,None,None
d33fb8f7b49f7fbe961a6f2919da676a,1778586295805429,Jakub GRIGAR,GRIGAR,Jakub,2025-10-15,2025,MK1,SVK,28,32,13.47,16.21;World Championships Penrtih 2025; qp:0,44.46;World Cup Augsburg 2025; qp:0,127.57;World Cup Tacen 2025; qp:0,None,None,None,None,None,32.63;ICF World ranking Cunovo 2025; qp:17,None,None,116.61;World Cup Prague 2025; qp:0,29.3;World Cup Pau 2025; qp:0,16.31;World Cup La Seu 2025; qp:0,11.82;ICF World ranking Vaires sur Marne 2025; qp:1.55,None,None,None,None,None,None,None,None,22.35;ICF World ranking Markkleeberg 2025; qp:12.35,None,None,None,None,None,None,None,None,None,None,None,None,None,None,None,None,None,None,None,None,None,None,None,None,3.38;Olympic Games Paris 2024; qp:0,None,None,19.61;World Cup Krakow 2024; qp:0,33.32;World Cup Prague 2024; qp:0,None,None,None,None,None,None,None,None,None,None,None,None,None,None,None,None,None,None,None,None,None,None,None,None,None,None,None,None,None,None,None,None,None,None,None,None,None,None,None,None,None,None,None,None,None,None,None
e38d3c068c5a237eea5d1874203e2858,1778586295805429,Jakub GRIGAR,GRIGAR,Jakub,2025-09-10,2025,MK1,SVK,28,33,14.45,44.46;World Cup Augsburg 2025; qp:0,127.57;World Cup Tacen 2025; qp:0,None,None,None,None,None,32.63;ICF World ranking Cunovo 2025; qp:17,None,None,116.61;World Cup Prague 2025; qp:0,29.3;World Cup Pau 2025; qp:0,16.31;World Cup La Seu 2025; qp:0,11.82;ICF World ranking Vaires sur Marne 2025; qp:1.55,None,None,None,None,None,None,None,None,22.35;ICF World ranking Markkleeberg 2025; qp:12.35,None,None,None,None,None,None,None,None,None,None,None,None,None,None,None,None,None,None,None,None,None,None,None,None,3.38;Olympic Games Paris 2024; qp:0,None,None,19.61;World Cup Krakow 2024; qp:0,33.32;World Cup Prague 2024; qp:0,None,None,None,None,None,None,None,None,None,None,None,None,None,None,None,None,None,21.15;World Championships Lee Valley 2023; qp:0,None,None,None,None,None,None,None,None,None,None,None,None,None,None,None,None,None,None,None,None,None,None,None,None,None,None,None,None,None,None
bce8e07c77db2b73c44104af284027d2,1778586295805429,Jakub GRIGAR,GRIGAR,Jakub,2025-07-01,2025,MK1,SVK,28,25,11.51,116.61;World Cup Prague 2025; qp:0,29.3;World Cup Pau 2025; qp:0,16.31;World Cup La Seu 2025; qp:0,11.82;Euros Vaires sur Marne 2025; qp:1.55,None,None,None,None,None,None,None,None,22.35;ICF World ranking Markkleeberg 2025; qp:12.35,None,None,None,None,None,None,None,None,None,None,None,None,None,None,None,None,None,None,None,None,None,None,None,None,3.38;Olympic Games Paris 2024; qp:0,None,None,19.61;World Cup Krakow 2024; qp:0,33.32;World Cup Prague 2024; qp:0,None,None,None,None,None,None,None,None,None,None,None,None,None,None,None,None,None,None,None,None,None,19.6;World Cup Vaires sur Marne 2023; qp:0,21.15;World Championships Lee Valley 2023; qp:0,16.19;World Cup La Seu 2023; qp:0,None,None,None,9.87;ICF World ranking Bratislava 2023; qp:7.31,None,None,None,None,None,None,None,None,None,None,None,None,None,None,None,None,None,None,None,None,None,None,None,None,None,None,None,None,None,None
450176bfd6a7a55baae039aab793e6e5,1778586295805429,Jakub GRIGAR,GRIGAR,Jakub,2025-05-30,2025,MK1,SVK,28,26,11.87,11.82;Euros Vaires sur Marne 2025; qp:1.55,None,None,None,None,None,None,None,None,22.35;ICF World ranking Markkleeberg 2025; qp:12.35,None,None,None,None,None,None,None,None,None,None,None,None,None,None,None,None,None,None,None,None,None,None,None,None,3.38;Olympic Games Paris 2024; qp:0,None,None,19.61;World Cup Krakow 2024; qp:0,33.32;World Cup Prague 2024; qp:0,None,None,None,None,None,None,None,None,None,None,None,None,None,None,None,None,None,None,None,None,None,19.6;World Cup Vaires sur Marne 2023; qp:0,21.15;World Championships Lee Valley 2023; qp:0,16.19;World Cup La Seu 2023; qp:0,None,None,None,9.87;ICF World ranking Bratislava 2023; qp:7.31,None,None,None,None,18.11;World Cup Augsburg 2023; qp:0,None,None,None,None,None,None,None,None,None,None,None,None,None,None,None,None,None,None,None,None,None,None,None,None,None,None,None,None
908f33230d86535270a4886c9173b79d,1778586295805429,Jakub GRIGAR,GRIGAR,Jakub,2025-04-03,2025,MK1,SVK,28,26,10.85,None,None,None,None,None,None,None,None,None,None,None,None,None,None,None,None,None,None,None,None,None,None,None,3.38;Olympic Games Paris 2024; qp:0,None,None,19.61;World Cup Krakow 2024; qp:0,33.32;World Cup Prague 2024; qp:0,None,None,None,None,None,None,None,None,None,None,None,None,None,None,None,None,None,None,None,None,None,19.6;World Cup Vaires sur Marne 2023; qp:0,21.15;World Championships Lee Valley 2023; qp:0,16.19;World Cup La Seu 2023; qp:0,None,None,None,9.87;ICF World ranking Bratislava 2023; qp:7.31,None,6.71;ICF World ranking Krakow 2023; qp:0.71,None,None,None,18.11;World Cup Augsburg 2023; qp:0,None,None,None,None,None,None,None,None,None,None,None,None,None,None,None,None,None,None,None,None,None,None,None,None,None,None,None,None,None,None,None,None,None,None,None,None,None,None
d095c030de48898ddf6125e22a5afcc0,1778586295805429,Jakub GRIGAR,GRIGAR,Jakub,2024-09-25,2024,MK1,SVK,27,22,10.73,None,None,None,3.38;Olympic Games Vaires sur Marne 2024; qp:0,None,None,19.61;World Cup Krakow 2024; qp:0,33.32;World Cup Prague 2024; qp:0,None,None,None,None,None,None,None,None,None,None,None,None,None,None,None,None,None,None,None,None,None,19.6;World Cup Vaires sur Marne 2023; qp:0,21.15;World Championships Lee Valley 2023; qp:0,16.19;World Cup La Seu 2023; qp:0,None,None,None,9.87;ICF World ranking Bratislava 2023; qp:7.31,None,6.71;ICF World ranking Krakow 2023; qp:0.71,None,None,None,18.11;World Cup Augsburg 2023; qp:0,None,None,None,17.52;ICF World ranking Liptovsky Mikulas 2023; qp:17.52,None,None,None,None,None,None,None,None,None,None,None,None,None,None,None,None,None,None,None,None,None,None,None,None,None,None,None,None,None,None,None,None,None,None,None,None,None,None,None,None,None,None,None,None,None,None,None,None,None,None,None,None,None,None
3c34635d2e4080c7210381883da6a1dc,1778586295805429,Jakub GRIGAR,GRIGAR,Jakub,2024-06-20,2024,MK1,SVK,27,21,10.56,19.61;World Cup Krakow 2024; qp:0,33.32;World Cup Prague 2024; qp:0,None,None,None,None,None,None,None,None,None,None,None,None,None,None,None,None,None,None,None,None,None,19.6;World Cup Vaires sur Marne 2023; qp:0,21.15;World Championships Lee Valley 2023; qp:0,16.19;World Cup La Seu 2023; qp:0,None,None,None,9.87;ICF World ranking Bratislava 2023; qp:7.31,None,6.71;Euros Krakow 2023; qp:0.71,None,None,None,18.11;World Cup Augsburg 2023; qp:0,None,None,None,17.52;ICF World ranking Liptovsky Mikulas 2023; qp:17.52,None,None,None,None,None,None,None,None,None,None,None,None,None,2.53;World Championships Augsburg 2022; qp:0,None,None,None,None,None,None,None,None,None,None,None,None,None,None,None,None,None,None,None,None,None,None,None,None,None,None,None,None,None,None,None,None,None,None,None,None,None,None,None,None,None,None,None,None,None,None
e0c7295fe385a2719b395dc4cfd94bd5,1778586295805429,Jakub GRIGAR,GRIGAR,Jakub,2024-05-22,2024,MK1,SVK,27,12,7.33,None,None,None,None,None,None,None,None,None,None,None,None,None,None,None,None,None,None,19.6;World Cup Vaires sur Marne 2023; qp:0,21.15;World Championships Lee Valley 2023; qp:0,16.19;World Cup La Seu 2023; qp:0,None,None,None,9.87;ICF World ranking Bratislava 2023; qp:7.31,None,6.71;Euros Krakow 2023; qp:0.71,None,None,None,18.11;World Cup Augsburg 2023; qp:0,None,None,None,17.52;ICF World ranking Liptovsky Mikulas 2023; qp:17.52,None,None,None,None,None,None,None,None,None,None,None,None,None,2.53;World Championships Augsburg 2022; qp:0,None,None,9.06;World Cup Tacen 2022; qp:0,17.7;World Cup Krakow 2022; qp:0,8.48;World Cup Prague 2022; qp:0,None,None,None,None,None,None,None,None,None,None,None,None,None,None,None,None,None,None,None,None,None,None,None,None,None,None,None,None,None,None,None,None,None,None,None,None,None,None,None,None,None,None,None,None,None,None
a445a8c598294719c3c983cc93cf19b0,1778586295805429,Jakub GRIGAR,GRIGAR,Jakub,2023-11-16,2023,MK1,SVK,26,12,7.33,None,None,None,None,19.6;World Cup Vaires sur Marne 2023; qp:0,21.15;World Championships Lee Valley 2023; qp:0,16.19;World Cup La Seu 2023; qp:0,None,None,None,9.87;ICF World ranking Bratislava 2023; qp:7.31,None,6.71;Euros Krakow 2023; qp:0.71,None,None,None,18.11;World Cup Augsburg 2023; qp:0,None,None,None,17.52;ICF World ranking Liptovsky Mikulas 2023; qp:17.52,None,None,None,None,None,None,None,None,None,None,None,None,None,2.53;World Championships Augsburg 2022; qp:0,None,None,9.06;World Cup Tacen 2022; qp:0,17.7;World Cup Krakow 2022; qp:0,8.48;World Cup Prague 2022; qp:0,None,None,10.67;ICF World ranking Liptovsky Mikulas 2022; qp:1.34,None,None,None,None,None,None,None,None,None,None,None,None,None,None,None,None,None,None,None,None,None,None,None,None,None,None,None,None,None,None,None,None,None,None,None,None,None,None,None,None,None,None,None,None,None,None,None,None,None,None,None,None,None,None,None,None,None
8f71a72a45db6bbe4d48524a6a704b5c,1778586295805429,Jakub GRIGAR,GRIGAR,Jakub,2023-09-04,2023,MK1,SVK,26,12,6.41,16.19;World Cup La Seu 2023; qp:0,None,None,None,9.87;ICF World ranking Bratislava 2023; qp:7.31,None,6.71;Euros Krakow 2023; qp:0.71,None,None,None,18.11;World Cup Augsburg 2023; qp:0,None,None,None,17.52;ICF World ranking Liptovsky Mikulas 2023; qp:17.52,None,None,None,None,None,None,None,None,None,None,None,None,None,2.53;World Championships Augsburg 2022; qp:0,None,None,9.06;World Cup Tacen 2022; qp:0,17.7;World Cup Krakow 2022; qp:0,8.48;World Cup Prague 2022; qp:0,None,None,10.67;ICF World ranking Liptovsky Mikulas 2022; qp:1.34,None,None,None,None,None,None,None,None,None,None,None,10;World Championships Bratislava 2021; qp:0,23.31;World Cup Pau 2021; qp:0,21.68;World Cup La Seu 2021; qp:0,5.27;Olympic Games Tokyo 2021; qp:0,None,None,None,13.68;World Championships La Seu 2019; qp:0,17.32;World Cup Prague 2019; qp:0,None,None,None,None,None,None,None,None,None,None,None,None,None,None,None,None,None,None,None,None,None,None,None,None,None,None,None,None,None,None,None,None,None,None,None,None,None,None,None,None,None,None,None
de0058c2b50d8d81766ab48fa3f50ba9,1778586295805429,Jakub GRIGAR,GRIGAR,Jakub,2023-07-03,2023,MK1,SVK,26,11,7.07,None,None,18.11;World Cup Augsburg 2023; qp:0,None,None,None,17.52;ICF World ranking Liptovsky Mikulas 2023; qp:17.52,None,None,None,None,None,None,None,None,None,None,None,None,None,2.53;World Championships Augsburg 2022; qp:0,None,None,9.06;World Cup Tacen 2022; qp:0,17.7;World Cup Krakow 2022; qp:0,8.48;World Cup Prague 2022; qp:0,None,None,10.67;ICF World ranking Liptovsky Mikulas 2022; qp:1.34,None,None,None,None,None,None,None,None,None,None,None,10;World Championships Bratislava 2021; qp:0,23.31;World Cup Pau 2021; qp:0,21.68;World Cup La Seu 2021; qp:0,5.27;Olympic Games Tokyo 2021; qp:0,None,None,None,13.68;World Championships La Seu 2019; qp:0,17.32;World Cup Prague 2019; qp:0,21.29;World Cup Markkleeberg 2019; qp:0,None,None,None,26.93;ICF World ranking Prague 2019; qp:5.29,None,None,None,None,None,None,None,None,None,None,None,None,None,None,None,None,None,None,None,None,None,None,None,None,None,None,None,None,None,None,None,None,None,None,None,None,None,None,None,None,None,None,None,None,None,None
e71bd3beb6341499823d8e20a0e69aa8,1778586295805429,Jakub GRIGAR,GRIGAR,Jakub,2023-05-29,2023,MK1,SVK,26,11,7.07,None,None,17.52;ICF World ranking Liptovsky Mikulas 2023; qp:17.52,None,None,None,None,None,None,None,None,None,None,None,None,None,2.53;World Championships Augsburg 2022; qp:0,None,None,9.06;World Cup Tacen 2022; qp:0,17.7;World Cup Krakow 2022; qp:0,8.48;World Cup Prague 2022; qp:0,None,None,10.67;ICF World ranking Liptovsky Mikulas 2022; qp:1.34,None,None,None,None,None,None,None,None,None,None,None,10;World Championships Bratislava 2021; qp:0,23.31;World Cup Pau 2021; qp:0,21.68;World Cup La Seu 2021; qp:0,5.27;Olympic Games Tokyo 2021; qp:0,None,None,None,13.68;World Championships La Seu 2019; qp:0,17.32;World Cup Prague 2019; qp:0,21.29;World Cup Markkleeberg 2019; qp:0,None,None,None,26.93;ICF World ranking Prague 2019; qp:5.29,None,None,10.93;World Cup Tacen 2019; qp:0,44.1;World Cup Bratislava 2019; qp:0,29.17;World Cup Lee Valley 2019; qp:0,None,None,None,None,None,None,None,None,None,None,None,None,None,None,None,None,None,None,None,None,None,None,None,None,None,None,None,None,None,None,None,None,None,None,None,None,None,None,None,None,None,None,None,None,None
7076a625f851baa40463dfa0bc598a2e,1778586295805429,Jakub GRIGAR,GRIGAR,Jakub,2022-09-23,2022,MK1,SVK,25,9,5.68,None,None,None,None,None,2.53;World Championships Augsburg 2022; qp:0,None,None,9.06;World Cup Tacen 2022; qp:0,17.7;World Cup Krakow 2022; qp:0,8.48;World Cup Prague 2022; qp:0,None,None,10.67;ICF World ranking Liptovsky Mikulas 2022; qp:1.34,None,None,None,None,None,None,None,None,None,None,None,10;World Championships Bratislava 2021; qp:0,23.31;World Cup Pau 2021; qp:0,21.68;World Cup La Seu 2021; qp:0,5.27;Olympic Games Tokyo 2021; qp:0,None,None,None,13.68;World Championships La Seu 2019; qp:0,17.32;World Cup Prague 2019; qp:0,21.29;World Cup Markkleeberg 2019; qp:0,None,None,None,26.93;ICF World ranking Prague 2019; qp:5.29,None,None,10.93;World Cup Tacen 2019; qp:0,44.1;World Cup Bratislava 2019; qp:0,29.17;World Cup Lee Valley 2019; qp:0,None,13.17;ICF World ranking Liptovsky Mikulas 2019; qp:11.47,None,None,22.72;Pyrenees Cup La Seu 2019; qp:5.77,30.36;Pyrenees Cup Pau 2019; qp:5.68,None,None,None,3.05;Oceania Championships Penrith 2019; qp:2.13,22.4;ICF World ranking Penrith 2019; qp:2.1,None,None,None,None,None,None,None,None,None,None,None,None,None,None,None,None,None,None,None,None,None,None,None,None,None,None,None,None,None,None,None,None,None,None,None,None,None,None,None,None,None,None,None,None,None
b8eb638e5130ab8aab9c510cb3dd6fe4,1778586295805429,Jakub GRIGAR,GRIGAR,Jakub,2022-08-01,2022,MK1,SVK,25,10,5.68,None,2.53;World Championships Augsburg 2022; qp:0,None,None,9.06;World Cup Tacen 2022; qp:0,17.7;World Cup Krakow 2022; qp:0,8.48;World Cup Prague 2022; qp:0,None,None,10.67;ICF World ranking Liptovsky Mikulas 2022; qp:1.34,None,None,None,None,None,None,None,None,None,None,None,10;World Championships Bratislava 2021; qp:0,23.31;World Cup Pau 2021; qp:0,21.68;World Cup La Seu 2021; qp:0,5.27;Olympic Games Tokyo 2021; qp:0,None,None,None,13.68;World Championships La Seu 2019; qp:0,17.32;World Cup Prague 2019; qp:0,21.29;World Cup Markkleeberg 2019; qp:0,None,None,None,26.93;ICF World ranking Prague 2019; qp:5.29,None,None,10.93;World Cup Tacen 2019; qp:0,44.1;World Cup Bratislava 2019; qp:0,29.17;World Cup Lee Valley 2019; qp:0,None,13.17;ICF World ranking Liptovsky Mikulas 2019; qp:11.47,None,None,22.72;Pyrenees Cup La Seu 2019; qp:5.77,30.36;Pyrenees Cup Pau 2019; qp:5.68,None,None,None,3.05;Oceania Championships Penrith 2019; qp:2.13,22.4;ICF World ranking Penrith 2019; qp:2.1,None,None,"16.26;World Championships Deodoro, Rio 2018; qp:0",None,14.74;World Cup La Seu 2018; qp:0,26.63;World Cup Tacen 2018; qp:0,None,None,None,None,None,None,None,None,None,None,None,None,None,None,None,None,None,None,None,None,None,None,None,None,None,None,None,None,None,None,None,None,None,None,None,None,None,None,None,None,None,None,None
0d4d1b1deebc6dd871b2ed50da77cadf,1778586295805429,Jakub GRIGAR,GRIGAR,Jakub,2022-05-01,2022,MK1,SVK,25,14,8.48,None,None,None,None,None,None,None,None,None,None,None,10;World Championships Bratislava 2021; qp:0,23.31;World Cup Pau 2021; qp:0,21.68;World Cup La Seu 2021; qp:0,5.27;Olympic Games Tokyo 2021; qp:0,None,None,None,13.68;World Championships La Seu 2019; qp:0,17.32;World Cup Prague 2019; qp:0,21.29;World Cup Markkleeberg 2019; qp:0,None,None,None,26.93;ICF World ranking Prague 2019; qp:5.29,None,None,10.93;World Cup Tacen 2019; qp:0,44.1;World Cup Bratislava 2019; qp:0,29.17;World Cup Lee Valley 2019; qp:0,None,13.17;ICF World ranking Liptovsky Mikulas 2019; qp:11.47,None,None,22.72;Pyrenees Cup La Seu 2019; qp:5.77,30.36;Pyrenees Cup Pau 2019; qp:5.68,None,None,None,3.05;Oceania Championships Penrith 2019; qp:2.13,22.4;ICF World ranking Penrith 2019; qp:2.1,None,None,"16.26;World Championships Deodoro, Rio 2018; qp:0",None,14.74;World Cup La Seu 2018; qp:0,26.63;World Cup Tacen 2018; qp:0,None,None,None,None,None,None,27.85;World Championships Ivrea 2018; qp:11.94,15.4;World Cup Augsburg 2018; qp:0,20.26;World Cup Krakow 2018; qp:0,17.26;World Cup Liptovsky Mikulas 2018; qp:0,None,None,None,None,None,None,None,None,None,None,None,None,None,None,None,None,None,None,None,None,None,None,None,None,None,None,None,None,None,None,None,None,None,None,None,None,None,None,None,None,None,None,None
0d290e5275391a78bc1163d26e315b2c,1778586295805429,Jakub GRIGAR,GRIGAR,Jakub,2021-11-01,2021,MK1,SVK,24,13,7.12,10;World Championships Bratislava 2021; qp:0,23.31;World Cup Pau 2021; qp:0,21.68;World Cup La Seu 2021; qp:0,5.27;Olympic Games Tokyo 2021; qp:0,None,None,None,13.68;World Championships La Seu 2019; qp:0,17.32;World Cup Prague 2019; qp:0,21.29;World Cup Markkleeberg 2019; qp:0,None,None,None,26.93;ICF World ranking Prague 2019; qp:5.29,None,None,10.93;World Cup Tacen 2019; qp:0,44.1;World Cup Bratislava 2019; qp:0,29.17;World Cup Lee Valley 2019; qp:0,None,13.17;ICF World ranking Liptovsky Mikulas 2019; qp:11.47,None,None,22.72;Pyrenees Cup La Seu 2019; qp:5.77,30.36;Pyrenees Cup Pau 2019; qp:5.68,None,None,None,3.05;Oceania Championships Penrith 2019; qp:2.13,22.4;ICF World ranking Penrith 2019; qp:2.1,None,None,"16.26;World Championships Deodoro, Rio 2018; qp:0",None,14.74;World Cup La Seu 2018; qp:0,26.63;World Cup Tacen 2018; qp:0,None,None,None,None,None,None,27.85;World Championships Ivrea 2018; qp:11.94,15.4;World Cup Augsburg 2018; qp:0,20.26;World Cup Krakow 2018; qp:0,17.26;World Cup Liptovsky Mikulas 2018; qp:0,None,None,15.48;ICF World ranking Liptovsky Mikulas 2018; qp:8.9,None,None,6.34;ICF World ranking Markkleeberg 2018; qp:3.94,None,None,None,None,None,None,None,None,None,None,None,None,None,None,None,None,None,None,None,None,None,None,None,None,None,None,None,None,None,None,None,None,None,None,None,None,None,None,None,None,None,None,None,None,None,None,None,None
255c340fb15ff7ad84f39964ee386f61,1778586295805429,Jakub GRIGAR,GRIGAR,Jakub,2021-09-10,2021,MK1,SVK,24,13,7.75,23.31;World Cup Pau 2021; qp:0,21.68;World Cup La Seu 2021; qp:0,5.27;Olympic Games Tokyo 2021; qp:0,None,None,None,13.68;World Championships La Seu 2019; qp:0,17.32;World Cup Prague 2019; qp:0,21.29;World Cup Markkleeberg 2019; qp:0,None,None,None,26.93;ICF World ranking Prague 2019; qp:5.29,None,None,10.93;World Cup Tacen 2019; qp:0,44.1;World Cup Bratislava 2019; qp:0,29.17;World Cup Lee Valley 2019; qp:0,None,13.17;ICF World ranking Liptovsky Mikulas 2019; qp:11.47,None,None,22.72;Pyrenees Cup La Seu 2019; qp:5.77,30.36;Pyrenees Cup Pau 2019; qp:5.68,None,None,None,3.05;Oceania Championships Penrith 2019; qp:2.13,22.4;ICF World ranking Penrith 2019; qp:2.1,None,None,"16.26;World Championships Deodoro, Rio 2018; qp:0",None,14.74;World Cup La Seu 2018; qp:0,26.63;World Cup Tacen 2018; qp:0,None,None,None,None,None,None,27.85;World Championships Ivrea 2018; qp:11.94,15.4;World Cup Augsburg 2018; qp:0,20.26;World Cup Krakow 2018; qp:0,17.26;World Cup Liptovsky Mikulas 2018; qp:0,None,None,15.48;ICF World ranking Liptovsky Mikulas 2018; qp:8.9,None,None,6.34;ICF World ranking Markkleeberg 2018; qp:3.94,None,None,None,None,None,None,None,None,None,None,None,None,None,None,None,None,None,None,None,None,None,None,None,None,None,None,None,None,None,None,None,None,None,None,None,None,None,None,None,None,None,None,None,None,None,None,None,None,None
c143f4f0f90877fff1b2208cffe9235e,1778586295805429,Jakub GRIGAR,GRIGAR,Jakub,2020-02-01,2020,MK1,SVK,23,14,9.01,None,None,None,13.68;World Championships La Seu 2019; qp:0,17.32;World Cup Prague 2019; qp:0,21.29;World Cup Markkleeberg 2019; qp:0,None,None,None,26.93;ICF World ranking Prague 2019; qp:5.29,None,None,10.93;World Cup Tacen 2019; qp:0,44.1;World Cup Bratislava 2019; qp:0,29.17;World Cup Lee Valley 2019; qp:0,None,13.17;ICF World ranking Liptovsky Mikulas 2019; qp:11.47,None,None,22.72;Pyrenees Cup La Seu 2019; qp:5.77,30.36;Pyrenees Cup Pau 2019; qp:5.68,None,None,None,3.05;Oceania Championships Penrith 2019; qp:2.13,22.4;ICF World ranking Penrith 2019; qp:2.1,None,None,"16.26;World Championships Deodoro, Rio 2018; qp:0",None,14.74;World Cup La Seu 2018; qp:0,26.63;World Cup Tacen 2018; qp:0,None,None,None,None,None,None,27.85;World Championships Ivrea 2018; qp:11.94,15.4;World Cup Augsburg 2018; qp:0,20.26;World Cup Krakow 2018; qp:0,17.26;World Cup Liptovsky Mikulas 2018; qp:0,None,None,15.48;ICF World ranking Liptovsky Mikulas 2018; qp:8.9,None,None,6.34;ICF World ranking Markkleeberg 2018; qp:3.94,None,None,None,11.54;ICF World ranking Penrith 2018; qp:1.54,None,None,None,None,None,None,None,None,None,None,None,None,None,None,None,None,None,None,None,None,None,None,None,None,None,None,None,None,None,None,None,None,None,None,None,None,None,None,None,None,None,None,None,None,None,None,None,None
8b82ca929ade2eb26c60649c60476921,1778586295805429,Jakub GRIGAR,GRIGAR,Jakub,2019-09-25,2019,MK1,SVK,22,15,9.01,13.68;World Championships La Seu 2019; qp:0,17.32;World Cup Prague 2019; qp:0,21.29;World Cup Markkleeberg 2019; qp:0,None,None,None,26.93;ICF World ranking Prague 2019; qp:5.29,None,None,10.93;World Cup Tacen 2019; qp:0,44.1;World Cup Bratislava 2019; qp:0,29.17;World Cup Lee Valley 2019; qp:0,None,13.17;ICF World ranking Liptovsky Mikulas 2019; qp:11.47,None,None,22.72;Pyrenees Cup La Seu 2019; qp:5.77,30.36;Pyrenees Cup Pau 2019; qp:5.68,None,None,None,3.05;Oceania Championships Penrith 2019; qp:2.13,22.4;ICF World ranking Penrith 2019; qp:2.1,None,None,"16.26;World Championships Deodoro, Rio 2018; qp:0",None,14.74;World Cup La Seu 2018; qp:0,26.63;World Cup Tacen 2018; qp:0,None,None,None,None,None,None,27.85;World Championships Ivrea 2018; qp:11.94,15.4;World Cup Augsburg 2018; qp:0,20.26;World Cup Krakow 2018; qp:0,17.26;World Cup Liptovsky Mikulas 2018; qp:0,None,None,15.48;ICF World ranking Liptovsky Mikulas 2018; qp:8.9,None,None,6.34;ICF World ranking Markkleeberg 2018; qp:3.94,None,None,None,11.54;ICF World ranking Penrith 2018; qp:1.54,None,None,None,None,None,None,None,None,None,None,None,None,None,None,None,None,None,None,None,None,None,None,None,None,None,None,None,None,None,None,None,None,None,None,None,None,None,None,None,None,None,None,None,None,None,None,None,None,None,None,None
1f0f695532da8f4da98f87e9082eb715,1778586295805429,Jakub GRIGAR,GRIGAR,Jakub,2019-09-06,2019,MK1,SVK,22,15,9.01,17.32;World Cup Prague 2019; qp:0,21.29;World Cup Markkleeberg 2019; qp:0,None,None,None,26.93;ICF World ranking Prague 2019; qp:5.29,None,None,10.93;World Cup Tacen 2019; qp:0,44.1;World Cup Bratislava 2019; qp:0,29.17;World Cup Lee Valley 2019; qp:0,None,13.17;ICF World ranking Liptovsky Mikulas 2019; qp:11.47,None,None,22.72;Pyrenees Cup La Seu 2019; qp:5.77,30.36;Pyrenees Cup Pau 2019; qp:5.68,None,None,None,3.05;Oceania Championships Penrith 2019; qp:2.13,22.4;ICF World ranking Penrith 2019; qp:2.1,None,None,"16.26;World Championships Deodoro, Rio 2018; qp:0",None,14.74;World Cup La Seu 2018; qp:0,26.63;World Cup Tacen 2018; qp:0,None,None,None,None,None,None,27.85;World Championships Ivrea 2018; qp:11.94,15.4;World Cup Augsburg 2018; qp:0,20.26;World Cup Krakow 2018; qp:0,17.26;World Cup Liptovsky Mikulas 2018; qp:0,None,None,15.48;ICF World ranking Liptovsky Mikulas 2018; qp:8.9,None,None,6.34;ICF World ranking Markkleeberg 2018; qp:3.94,None,None,None,11.54;ICF World ranking Penrith 2018; qp:1.54,None,None,21.78;World Championships Pau 2017; qp:0,None,None,None,None,None,None,None,None,None,None,None,None,None,None,None,None,None,None,None,None,None,None,None,None,None,None,None,None,None,None,None,None,None,None,None,None,None,None,None,None,None,None,None,None,None,None,None,None,None
214ff2471931c0b4b1ce044387619af1,1778586295805429,Jakub GRIGAR,GRIGAR,Jakub,2019-06-28,2019,MK1,SVK,22,14,7.64,10.93;World Cup Tacen 2019; qp:0,44.1;World Cup Bratislava 2019; qp:0,29.17;World Cup Lee Valley 2019; qp:0,None,13.17;ICF World ranking Liptovsky Mikulas 2019; qp:11.47,None,None,22.72;Pyrenees Cup La Seu 2019; qp:5.77,30.36;Pyrenees Cup Pau 2019; qp:5.68,None,None,None,3.05;Oceania Championships Penrith 2019; qp:2.13,22.4;ICF World ranking Penrith 2019; qp:2.1,None,None,"16.26;World Championships Deodoro, Rio 2018; qp:0",None,14.74;World Cup La Seu 2018; qp:0,26.63;World Cup Tacen 2018; qp:0,None,None,None,None,None,27.85;World Championships Ivrea 2018; qp:11.94,None,15.4;World Cup Augsburg 2018; qp:0,20.26;World Cup Krakow 2018; qp:0,17.26;World Cup Liptovsky Mikulas 2018; qp:0,None,None,15.48;ICF World ranking Liptovsky Mikulas 2018; qp:8.9,None,None,6.34;ICF World ranking Markkleeberg 2018; qp:3.94,None,None,None,11.54;ICF World ranking Penrith 2018; qp:1.54,None,None,21.78;World Championships Pau 2017; qp:0,None,20.54;World Cup La Seu 2017; qp:0,6.32;World Cup Ivrea 2017; qp:0,None,13.83;World Championships Bratislava 2017; qp:13.83,None,None,None,None,None,None,None,None,None,None,None,None,None,None,None,None,None,None,None,None,None,None,None,None,None,None,None,None,None,None,None,None,None,None,None,None,None,None,None,None,None,None,None,None,None,None,None,None,None,None,None,None
7c99ac4cda7d2f99b0f22f65fd5292b0,1778586295805429,Jakub GRIGAR,GRIGAR,Jakub,2019-05-11,2019,MK1,SVK,22,14,8.08,13.17;ICF World ranking Liptovsky Mikulas 2019; qp:11.47,None,22.72;Pyrenees Cup La Seu 2019; qp:5.77,30.36;Pyrenees Cup Pau 2019; qp:5.68,None,None,None,3.05;Oceania Championships Penrith 2019; qp:2.13,22.4;ICF World ranking Penrith 2019; qp:2.1,None,None,"16.26;World Championships Deodoro, Rio 2018; qp:0",None,14.74;World Cup La Seu 2018; qp:0,26.63;World Cup Tacen 2018; qp:0,None,None,None,None,None,None,27.85;World Championships Ivrea 2018; qp:11.94,15.4;World Cup Augsburg 2018; qp:0,20.26;World Cup Krakow 2018; qp:0,17.26;World Cup Liptovsky Mikulas 2018; qp:0,None,None,15.48;ICF World ranking Liptovsky Mikulas 2018; qp:8.9,None,None,6.34;ICF World ranking Markkleeberg 2018; qp:3.94,None,None,None,11.54;ICF World ranking Penrith 2018; qp:1.54,None,None,None,21.78;World Championships Pau 2017; qp:0,None,20.54;World Cup La Seu 2017; qp:0,6.32;World Cup Ivrea 2017; qp:0,None,13.83;World Championships Bratislava 2017; qp:13.83,None,22.2;World Cup Markkleeberg 2017; qp:0,13.43;World Cup Augsburg 2017; qp:0,13.86;World Cup Prague 2017; qp:0,None,None,None,None,None,None,None,None,None,None,None,None,None,None,None,None,None,None,None,None,None,None,None,None,None,None,None,None,None,None,None,None,None,None,None,None,None,None,None,None,None,None,None,None,None,None,None,None,None,None,None,None
92f594fb463c42b533e565f9d380bdc3,1778586295805429,Jakub GRIGAR,GRIGAR,Jakub,2018-09-25,2018,MK1,SVK,21,14,9.06,"16.26;World Championships Deodoro, Rio 2018; qp:0",None,14.74;World Cup La Seu 2018; qp:0,26.63;World Cup Tacen 2018; qp:0,None,None,None,None,None,27.85;World Championships Ivrea 2018; qp:11.94,None,15.4;World Cup Augsburg 2018; qp:0,20.26;World Cup Krakow 2018; qp:0,17.26;World Cup Liptovsky Mikulas 2018; qp:0,None,None,15.48;ICF World ranking Liptovsky Mikulas 2018; qp:8.9,None,None,6.34;ICF World ranking Markkleeberg 2018; qp:3.94,None,None,None,11.54;ICF World ranking Penrith 2018; qp:1.54,None,None,None,21.78;World Championships Pau 2017; qp:0,None,20.54;World Cup La Seu 2017; qp:0,6.32;World Cup Ivrea 2017; qp:0,13.83;World Championships Bratislava 2017; qp:13.83,None,None,22.2;World Cup Markkleeberg 2017; qp:0,13.43;World Cup Augsburg 2017; qp:0,13.86;World Cup Prague 2017; qp:0,None,None,19.81;ICF World ranking Liptovsky Mikulas 2017; qp:15.14,None,7.67;ICF World ranking Markkleeberg 2017; qp:4,None,None,14.57;ICF World ranking Penrith 2017; qp:3.85,None,None,None,None,None,None,None,None,None,None,None,None,None,None,None,None,None,None,None,None,None,None,None,None,None,None,None,None,None,None,None,None,None,None,None,None,None,None,None,None,None,None,None,None,None,None,None,None,None,None,None,None,None,None,None
1c08b38316b8e237259b24ef83f14eac,1778586295805429,Jakub GRIGAR,GRIGAR,Jakub,2018-09-07,2018,MK1,SVK,21,11,6.68,14.74;World Cup La Seu 2018; qp:0,26.63;World Cup Tacen 2018; qp:0,None,None,None,None,None,27.85;World Championships Ivrea 2018; qp:11.94,None,15.4;World Cup Augsburg 2018; qp:0,20.26;World Cup Krakow 2018; qp:0,17.26;World Cup Liptovsky Mikulas 2018; qp:0,None,None,15.48;ICF World ranking Liptovsky Mikulas 2018; qp:8.9,None,None,6.34;ICF World ranking Markkleeberg 2018; qp:3.94,None,None,None,11.54;ICF World ranking Penrith 2018; qp:1.54,None,None,None,21.78;World Championships Pau 2017; qp:0,None,20.54;World Cup La Seu 2017; qp:0,6.32;World Cup Ivrea 2017; qp:0,13.83;World Championships Bratislava 2017; qp:13.83,None,None,22.2;World Cup Markkleeberg 2017; qp:0,13.43;World Cup Augsburg 2017; qp:0,13.86;World Cup Prague 2017; qp:0,None,None,19.81;ICF World ranking Liptovsky Mikulas 2017; qp:15.14,None,7.67;ICF World ranking Markkleeberg 2017; qp:4,None,None,14.57;ICF World ranking Penrith 2017; qp:3.85,None,None,None,"1.52;Olympic Games Deodoro, Rio 2016; qp:0",None,None,None,None,None,None,None,None,None,None,None,None,None,None,None,None,None,None,None,None,None,None,None,None,None,None,None,None,None,None,None,None,None,None,None,None,None,None,None,None,None,None,None,None,None,None,None,None,None,None,None,None,None
4547d7610c1234e2903d7a0643299be7,1778586295805429,Jakub GRIGAR,GRIGAR,Jakub,2018-07-06,2018,MK1,SVK,21,7,4.77,15.4;World Cup Augsburg 2018; qp:0,20.26;World Cup Krakow 2018; qp:0,17.26;World Cup Liptovsky Mikulas 2018; qp:0,None,None,15.48;ICF World ranking Liptovsky Mikulas 2018; qp:8.9,None,None,6.34;ICF World ranking Markkleeberg 2018; qp:3.94,None,None,None,11.54;ICF World ranking Penrith 2018; qp:1.54,None,None,None,21.78;World Championships Pau 2017; qp:0,None,20.54;World Cup La Seu 2017; qp:0,6.32;World Cup Ivrea 2017; qp:0,13.83;World Championships Bratislava 2017; qp:13.83,None,None,22.2;World Cup Markkleeberg 2017; qp:0,13.43;World Cup Augsburg 2017; qp:0,13.86;World Cup Prague 2017; qp:0,None,None,19.81;ICF World ranking Liptovsky Mikulas 2017; qp:15.14,None,7.67;ICF World ranking Markkleeberg 2017; qp:4,None,None,14.57;ICF World ranking Penrith 2017; qp:3.85,None,None,None,37.57;World Cup Tacen 2016; qp:0,2.01;World Cup Prague 2016; qp:0,"1.52;Olympic Games Deodoro, Rio 2016; qp:0",9.28;World Championships Krakow 2016; qp:9.28,None,None,None,None,None,None,None,None,None,None,None,None,None,None,None,None,None,None,None,None,None,None,None,None,None,None,None,None,None,None,None,None,None,None,None,None,None,None,None,None,None,None,None,None,None,None,None,None,None,None,None,None,None,None,None,None,None,None,None
d67ba0b4e7b6e3c58f4c8e202b8f5721,1778586295805429,Jakub GRIGAR,GRIGAR,Jakub,2018-06-08,2018,MK1,SVK,21,4,3.07,None,None,15.48;ICF World ranking Liptovsky Mikulas 2018; qp:8.9,None,None,6.34;ICF World ranking Markkleeberg 2018; qp:3.94,None,None,None,11.54;ICF World ranking Penrith 2018; qp:1.54,None,None,None,21.78;World Championships Pau 2017; qp:0,None,20.54;World Cup La Seu 2017; qp:0,6.32;World Cup Ivrea 2017; qp:0,13.83;World Championships Bratislava 2017; qp:13.83,None,None,22.2;World Cup Markkleeberg 2017; qp:0,13.43;World Cup Augsburg 2017; qp:0,13.86;World Cup Prague 2017; qp:0,None,None,19.81;ICF World ranking Liptovsky Mikulas 2017; qp:15.14,None,7.67;ICF World ranking Markkleeberg 2017; qp:4,None,None,14.57;ICF World ranking Penrith 2017; qp:3.85,None,None,None,37.57;World Cup Tacen 2016; qp:0,2.01;World Cup Prague 2016; qp:0,"1.52;Olympic Games Deodoro, Rio 2016; qp:0",9.28;World Championships Krakow 2016; qp:9.28,None,5.23;World Cup Pau 2016; qp:0,0.29;World Cup La Seu 2016; qp:0,None,None,None,None,None,None,None,None,None,None,None,None,None,None,None,None,None,None,None,None,None,None,None,None,None,None,None,None,None,None,None,None,None,None,None,None,None,None,None,None,None,None,None,None,None,None,None,None,None,None,None,None,None,None,None,None,None,None,None
22dbbac355bdfc821c2c21304eda891f,1778586295805429,Jakub GRIGAR,GRIGAR,Jakub,2017-09-27,2017,MK1,SVK,20,4,3.07,21.78;World Championships Pau 2017; qp:0,None,20.54;World Cup La Seu 2017; qp:0,6.32;World Cup Ivrea 2017; qp:0,13.83;World Championships Bratislava 2017; qp:13.83,None,None,22.2;World Cup Markkleeberg 2017; qp:0,13.43;World Cup Augsburg 2017; qp:0,13.86;World Cup Prague 2017; qp:0,None,None,19.81;ICF World ranking Liptovsky Mikulas 2017; qp:15.14,None,7.67;ICF World ranking Markkleeberg 2017; qp:4,None,None,14.57;ICF World ranking Penrith 2017; qp:3.85,None,None,None,37.57;World Cup Tacen 2016; qp:0,2.01;World Cup Prague 2016; qp:0,"1.52;Olympic Games Deodoro, Rio 2016; qp:0",9.28;World Championships Krakow 2016; qp:9.28,None,5.23;World Cup Pau 2016; qp:0,0.29;World Cup La Seu 2016; qp:0,None,None,None,None,14.67;ICF World ranking Liptovsky Mikulas 2016; qp:7.56,None,None,29.27;ICF World ranking Markkleeberg 2016; qp:7.61,18.63;ICF World ranking Solkan 2016; qp:10.13,None,21.57;ICF World ranking Penrith 2016; qp:4.2,None,None,None,None,None,None,None,None,None,None,None,None,None,None,None,None,None,None,None,None,None,None,None,None,None,None,None,None,None,None,None,None,None,None,None,None,None,None,None,None,None,None,None,None,None,None,None,None,None,None,None,None,None,None,None,None,None,None,None,None,None
47b99c59936e3ba10fedbbe5cf082e0f,1778586295805429,Jakub GRIGAR,GRIGAR,Jakub,2017-09-08,2017,MK1,SVK,20,4,3.07,20.54;World Cup La Seu 2017; qp:0,6.32;World Cup Ivrea 2017; qp:0,13.83;World Championships Bratislava 2017; qp:13.83,None,None,22.2;World Cup Markkleeberg 2017; qp:0,13.43;World Cup Augsburg 2017; qp:0,13.86;World Cup Prague 2017; qp:0,None,None,19.81;ICF World ranking Liptovsky Mikulas 2017; qp:15.14,None,7.67;ICF World ranking Markkleeberg 2017; qp:4,None,None,14.57;ICF World ranking Penrith 2017; qp:3.85,None,None,None,37.57;World Cup Tacen 2016; qp:0,2.01;World Cup Prague 2016; qp:0,"1.52;Olympic Games Deodoro, Rio 2016; qp:0",9.28;World Championships Krakow 2016; qp:9.28,None,5.23;World Cup Pau 2016; qp:0,0.29;World Cup La Seu 2016; qp:0,None,None,None,None,14.67;ICF World ranking Liptovsky Mikulas 2016; qp:7.56,None,None,29.27;ICF World ranking Markkleeberg 2016; qp:7.61,18.63;ICF World ranking Solkan 2016; qp:10.13,None,21.57;ICF World ranking Penrith 2016; qp:4.2,None,26.31;World Championships Lee Valley 2015; qp:0,None,None,None,None,None,None,None,None,None,None,None,None,None,None,None,None,None,None,None,None,None,None,None,None,None,None,None,None,None,None,None,None,None,None,None,None,None,None,None,None,None,None,None,None,None,None,None,None,None,None,None,None,None,None,None,None,None,None,None,None,None
f0bb17364d27dcb11263807537792350,1778586295805429,Jakub GRIGAR,GRIGAR,Jakub,2017-06-30,2017,MK1,SVK,20,5,3.34,22.2;World Cup Markkleeberg 2017; qp:0,13.43;World Cup Augsburg 2017; qp:0,13.86;World Cup Prague 2017; qp:0,None,None,19.81;ICF World ranking Liptovsky Mikulas 2017; qp:15.14,None,7.67;ICF World ranking Markkleeberg 2017; qp:4,None,None,14.57;ICF World ranking Penrith 2017; qp:3.85,None,None,None,37.57;World Cup Tacen 2016; qp:0,2.01;World Cup Prague 2016; qp:0,"1.52;Olympic Games Deodoro, Rio 2016; qp:0",9.28;World Championships Krakow 2016; qp:9.28,None,5.23;World Cup Pau 2016; qp:0,0.29;World Cup La Seu 2016; qp:0,None,None,None,None,None,14.67;ICF World ranking Liptovsky Mikulas 2016; qp:7.56,None,29.27;ICF World ranking Markkleeberg 2016; qp:7.61,18.63;ICF World ranking Solkan 2016; qp:10.13,None,21.57;ICF World ranking Penrith 2016; qp:4.2,None,26.31;World Championships Lee Valley 2015; qp:0,22.6;World Cup Pau 2015; qp:0,14.98;World Cup La Seu 2015; qp:0,21.84;Slovak Open Bratislava 2015; qp:19,37.81;World Championships Foz do Iguassu 2015; qp:37.81,None,None,None,None,None,None,None,None,None,None,None,None,None,None,None,None,None,None,None,None,None,None,None,None,None,None,None,None,None,None,None,None,None,None,None,None,None,None,None,None,None,None,None,None,None,None,None,None,None,None,None,None,None,None,None,None,None,None,None,None,None,None
2e12792966fa6559eb4952686afb0f5f,1778586295805429,Jakub GRIGAR,GRIGAR,Jakub,2017-05-26,2017,MK1,SVK,20,4,3.34,None,None,19.81;ICF World ranking Liptovsky Mikulas 2017; qp:15.14,None,7.67;ICF World ranking Markkleeberg 2017; qp:4,None,None,14.57;ICF World ranking Penrith 2017; qp:3.85,None,None,None,37.57;World Cup Tacen 2016; qp:0,2.01;World Cup Prague 2016; qp:0,"1.52;Olympic Games Deodoro, Rio 2016; qp:0",9.28;World Championships Krakow 2016; qp:9.28,None,5.23;World Cup Pau 2016; qp:0,0.29;World Cup La Seu 2016; qp:0,None,None,None,None,14.67;ICF World ranking Liptovsky Mikulas 2016; qp:7.56,None,None,29.27;ICF World ranking Markkleeberg 2016; qp:7.61,18.63;ICF World ranking Solkan 2016; qp:10.13,None,21.57;ICF World ranking Penrith 2016; qp:4.2,None,26.31;World Championships Lee Valley 2015; qp:0,22.6;World Cup Pau 2015; qp:0,14.98;World Cup La Seu 2015; qp:0,31.82;World Cup Liptovsky Mikulas 2015; qp:0,None,None,21.84;Slovak Open Bratislava 2015; qp:19,37.81;World Championships Foz do Iguassu 2015; qp:37.81,None,None,None,None,None,None,None,None,None,None,None,None,None,None,None,None,None,None,None,None,None,None,None,None,None,None,None,None,None,None,None,None,None,None,None,None,None,None,None,None,None,None,None,None,None,None,None,None,None,None,None,None,None,None,None,None,None,None,None,None,None,None
4fbced7baedf606b6186abb42d6675de,1778586295805429,Jakub GRIGAR,GRIGAR,Jakub,2016-09-09,2016,MK1,SVK,19,4,3.67,37.57;World Cup Tacen 2016; qp:0,2.01;World Cup Prague 2016; qp:0,"1.52;Olympic Games Deodoro, Rio 2016; qp:0",9.28;World Championships Krakow 2016; qp:9.28,None,5.23;World Cup Pau 2016; qp:0,0.29;World Cup La Seu 2016; qp:0,None,None,None,None,14.67;ICF World ranking Liptovsky Mikulas 2016; qp:7.56,None,None,29.27;ICF World ranking Markkleeberg 2016; qp:7.61,18.63;ICF World ranking Solkan 2016; qp:10.13,None,21.57;ICF World ranking Penrith 2016; qp:4.2,None,26.31;World Championships Lee Valley 2015; qp:0,22.6;World Cup Pau 2015; qp:0,14.98;World Cup La Seu 2015; qp:0,None,31.82;World Cup Liptovsky Mikulas 2015; qp:0,None,None,None,21.84;Slovak Open Bratislava 2015; qp:19,None,None,None,37.81;World Championships Foz do Iguassu 2015; qp:37.81,None,None,12.2;ICF World ranking Markleeberg 2015; qp:3.5,None,None,None,None,None,None,None,None,None,None,None,None,None,None,None,None,None,None,None,None,None,None,None,None,None,None,None,None,None,None,None,None,None,None,None,None,None,None,None,None,None,None,None,None,None,None,None,None,None,None,None,None,None,None,None,None,None,None,None,None,None,None,None,None,None
c3eaec7da022bcdc1079c89e2e82370e,1778586295805429,Jakub GRIGAR,GRIGAR,Jakub,2016-08-07,2016,MK1,SVK,19,11,5.7,"1.52;Olympic Games Deodoro, Rio 2016; qp:0",9.28;World Championships Krakow 2016; qp:9.28,None,5.23;World Cup Pau 2016; qp:0,0.29;World Cup La Seu 2016; qp:0,None,None,None,None,None,14.67;ICF World ranking Liptovsky Mikulas 2016; qp:7.56,None,29.27;ICF World ranking Markkleeberg 2016; qp:7.61,18.63;ICF World ranking Solkan 2016; qp:10.13,None,21.57;ICF World ranking Penrith 2016; qp:4.2,None,26.31;World Championships Lee Valley 2015; qp:0,22.6;World Cup Pau 2015; qp:0,14.98;World Cup La Seu 2015; qp:0,None,31.82;World Cup Liptovsky Mikulas 2015; qp:0,None,None,None,21.84;Slovak Open Bratislava 2015; qp:19,None,None,None,37.81;World Championships Foz do Iguassu 2015; qp:37.81,None,None,12.2;ICF World ranking Markleeberg 2015; qp:3.5,None,None,None,None,None,None,None,None,None,None,None,None,None,None,None,None,None,None,None,None,None,None,None,None,None,None,None,None,None,None,None,None,None,None,None,None,None,None,None,None,None,None,None,None,None,None,None,None,None,None,None,None,None,None,None,None,None,None,None,None,None,None,None,None,None,None,None
9726279472e8604e9b88190929a9e1e9,1778586295805429,Jakub GRIGAR,GRIGAR,Jakub,2016-06-17,2016,MK1,SVK,19,19,9.47,5.23;World Cup Pau 2016; qp:0,0.29;World Cup La Seu 2016; qp:0,None,None,None,None,None,14.67;ICF World ranking Liptovsky Mikulas 2016; qp:7.56,None,29.27;ICF World ranking Markkleeberg 2016; qp:7.61,18.63;ICF World ranking Solkan 2016; qp:10.13,None,21.57;ICF World ranking Penrith 2016; qp:4.2,None,26.31;World Championships Lee Valley 2015; qp:0,22.6;World Cup Pau 2015; qp:0,14.98;World Cup La Seu 2015; qp:0,None,31.82;World Cup Liptovsky Mikulas 2015; qp:0,None,None,None,21.84;Slovak Open Bratislava 2015; qp:19,None,None,None,37.81;World Championships Foz do Iguassu 2015; qp:37.81,None,None,12.2;ICF World ranking Markleeberg 2015; qp:3.5,None,None,None,None,None,None,None,44.54;ICF World ranking Penrith 2014; qp:42.59,None,None,None,None,None,None,None,None,None,None,None,None,None,None,None,None,None,None,None,None,None,None,None,None,None,None,None,None,None,None,None,None,None,None,None,None,None,None,None,None,None,None,None,None,None,None,None,None,None,None,None,None,None,None,None,None,None,None,None,None,None,None
c3943654d8735a7de3be46a8af0acbf3,1778586295805429,Jakub GRIGAR,GRIGAR,Jakub,2016-04-30,2016,MK1,SVK,19,40,16.41,None,None,14.67;ICF World ranking Liptovsky Mikulas 2016; qp:7.56,None,None,29.27;ICF World ranking Markkleeberg 2016; qp:7.61,18.63;ICF World ranking Solkan 2016; qp:10.13,None,21.57;ICF World ranking Penrith 2016; qp:4.2,None,26.31;World Championships Lee Valley 2015; qp:0,22.6;World Cup Pau 2015; qp:0,14.98;World Cup La Seu 2015; qp:0,None,31.82;World Cup Liptovsky Mikulas 2015; qp:0,None,None,None,21.84;Slovak Open Bratislava 2015; qp:19,None,None,None,None,37.81;World Championships Foz do Iguassu 2015; qp:37.81,None,12.2;ICF World ranking Markleeberg 2015; qp:3.5,None,None,None,None,None,None,None,None,22.2;World Cup Prague 2014; qp:0,54.58;World Cup Tacen 2014; qp:0,None,44.54;ICF World ranking Penrith 2014; qp:42.59,None,None,None,None,None,None,None,None,None,None,None,None,None,None,None,None,None,None,None,None,None,None,None,None,None,None,None,None,None,None,None,None,None,None,None,None,None,None,None,None,None,None,None,None,None,None,None,None,None,None,None,None,None,None,None,None,None,None,None,None,None,None
bfea7c2b4d5b1f53835a49a8f7cd20ab,1778586295805429,Jakub GRIGAR,GRIGAR,Jakub,2015-09-16,2015,MK1,SVK,18,54,18.76,26.31;World Championships Lee Valley 2015; qp:0,22.6;World Cup Pau 2015; qp:0,14.98;World Cup La Seu 2015; qp:0,None,31.82;World Cup Liptovsky Mikulas 2015; qp:0,None,None,None,21.84;Slovak Open Bratislava 2015; qp:19,None,None,None,37.81;World Championships Foz do Iguassu 2015; qp:37.81,None,None,12.2;ICF World ranking Markleeberg 2015; qp:3.5,None,None,None,None,None,None,None,None,None,22.2;World Cup Prague 2014; qp:0,54.58;World Cup Tacen 2014; qp:0,None,None,None,36.51;ICF World ranking Liptovsky Mikulas 2014; qp:10.53,None,None,44.54;ICF World ranking Penrith 2014; qp:42.59,None,None,None,None,None,None,None,None,None,None,None,None,None,None,None,None,None,None,None,None,None,None,None,None,None,None,None,None,None,None,None,None,None,None,None,None,None,None,None,None,None,None,None,None,None,None,None,None,None,None,None,None,None,None,None,None,None,None,None,None,None,None,None,None,None,None
1dd342d639c5826b91415054df720628,1778586295805429,Jakub GRIGAR,GRIGAR,Jakub,2015-08-14,2015,MK1,SVK,18,55,18.76,22.6;World Cup Pau 2015; qp:0,14.98;World Cup La Seu 2015; qp:0,None,31.82;World Cup Liptovsky Mikulas 2015; qp:0,None,None,None,21.84;Slovak Open Bratislava 2015; qp:19,None,None,None,37.81;World Championships Foz do Iguassu 2015; qp:37.81,None,None,12.2;ICF World ranking Markleeberg 2015; qp:3.5,None,None,None,None,None,None,None,None,None,22.2;World Cup Prague 2014; qp:0,54.58;World Cup Tacen 2014; qp:0,None,None,None,36.51;ICF World ranking Liptovsky Mikulas 2014; qp:10.53,None,None,44.54;ICF World ranking Penrith 2014; qp:42.59,None,None,None,None,None,None,37.25;World Championships Prague 2013; qp:0,None,None,None,None,None,None,None,None,None,None,None,None,None,None,None,None,None,None,None,None,None,None,None,None,None,None,None,None,None,None,None,None,None,None,None,None,None,None,None,None,None,None,None,None,None,None,None,None,None,None,None,None,None,None,None,None,None,None,None,None
3ea2aa64f3e002721f7cf08b47d3ef5d,1778586295805429,Jakub GRIGAR,GRIGAR,Jakub,2015-07-03,2015,MK1,SVK,18,65,24.43,31.82;World Cup Liptovsky Mikulas 2015; qp:0,None,None,None,21.84;Slovak Open Bratislava 2015; qp:19,None,None,None,None,37.81;World Championships Foz do Iguassu 2015; qp:37.81,None,12.2;ICF World ranking Markleeberg 2015; qp:3.5,None,None,None,None,None,None,None,None,None,22.2;World Cup Prague 2014; qp:0,54.58;World Cup Tacen 2014; qp:0,None,None,None,36.51;ICF World ranking Liptovsky Mikulas 2014; qp:10.53,None,None,44.54;ICF World ranking Penrith 2014; qp:42.59,None,None,None,None,None,None,37.25;World Championships Prague 2013; qp:0,34.11;World Cup Bratislava 2013; qp:0,None,None,None,None,None,None,None,None,None,None,None,None,None,None,None,None,None,None,None,None,None,None,None,None,None,None,None,None,None,None,None,None,None,None,None,None,None,None,None,None,None,None,None,None,None,None,None,None,None,None,None,None,None,None,None,None,None,None,None,None,None,None
38ab9811a35995a6deb60ef14d29bd16,1778586295805429,Jakub GRIGAR,GRIGAR,Jakub,2015-06-06,2015,MK1,SVK,18,57,21.17,None,21.84;Slovak Open Bratislava 2015; qp:19,None,None,None,None,37.81;World Championships Foz do Iguassu 2015; qp:37.81,None,12.2;ICF World ranking Markleeberg 2015; qp:3.5,None,None,None,None,None,None,None,None,None,22.2;World Cup Prague 2014; qp:0,54.58;World Cup Tacen 2014; qp:0,None,None,None,36.51;ICF World ranking Liptovsky Mikulas 2014; qp:10.53,None,None,None,44.54;ICF World ranking Penrith 2014; qp:42.59,None,None,None,None,None,37.25;World Championships Prague 2013; qp:0,34.11;World Cup Bratislava 2013; qp:0,None,None,None,29.82;World Cup La Seu 2013; qp:0,33.62;World Cup Augsburg 2013; qp:0,19.77;World Cup Cardiff 2013; qp:0,None,None,None,None,None,None,None,None,None,None,None,None,None,None,None,None,None,None,None,None,None,None,None,None,None,None,None,None,None,None,None,None,None,None,None,None,None,None,None,None,None,None,None,None,None,None,None,None,None,None,None,None,None,None,None,None,None,None,None
c5ce6c4fc2c77d9c9fb173534ba76b4c,1778586295805429,Jakub GRIGAR,GRIGAR,Jakub,2014-09-17,2014,MK1,SVK,17,67,24.43,None,None,None,None,None,None,22.2;World Cup Prague 2014; qp:0,54.58;World Cup Tacen 2014; qp:0,None,None,None,36.51;ICF World ranking Liptovsky Mikulas 2014; qp:10.53,None,None,None,44.54;ICF World ranking Penrith 2014; qp:42.59,None,None,None,None,None,37.25;World Championships Prague 2013; qp:0,34.11;World Cup Bratislava 2013; qp:0,None,None,None,29.82;World Cup La Seu 2013; qp:0,33.62;World Cup Augsburg 2013; qp:0,19.77;World Cup Cardiff 2013; qp:0,None,None,None,None,None,None,None,None,None,None,None,None,None,None,None,None,None,None,None,None,None,None,None,None,None,None,None,None,None,None,None,None,None,None,None,None,None,None,None,None,None,None,None,None,None,None,None,None,None,None,None,None,None,None,None,None,None,None,None,None,None,None,None,None,None,None,None,None,None,None,None
2487ccf2e632cb7b8f1ad5885444821a,1778586295805429,Jakub GRIGAR,GRIGAR,Jakub,2014-08-15,2014,MK1,SVK,17,65,24.43,None,None,None,None,22.2;World Cup Prague 2014; qp:0,54.58;World Cup Tacen 2014; qp:0,None,None,None,36.51;ICF World ranking Liptovsky Mikulas 2014; qp:10.53,None,None,44.54;ICF World ranking Penrith 2014; qp:42.59,None,None,None,None,None,None,37.25;World Championships Prague 2013; qp:0,34.11;World Cup Bratislava 2013; qp:0,None,None,None,32.78;ICF World ranking Liptovsky Mikulas 2013; qp:32.78,None,29.82;World Cup La Seu 2013; qp:0,33.62;World Cup Augsburg 2013; qp:0,19.77;World Cup Cardiff 2013; qp:0,None,None,None,24.04;ICF World ranking Liptovsky Mikulas 2013; qp:6.38,None,None,None,26.3;ICF World ranking Liptovsky Mikulas 2013; qp:7.76,None,None,None,None,None,None,None,None,None,None,None,None,None,None,None,None,None,None,None,None,None,None,None,None,None,None,None,None,None,None,None,None,None,None,None,None,None,None,None,None,None,None,None,None,None,None,None,None,None,None,None,None,None,None,None,None,None,None,None,None,None,None,None
f60bf02772f3db486f2ba2adc6e92134,1778586295805429,Jakub GRIGAR,GRIGAR,Jakub,2014-06-20,2014,MK1,SVK,17,66,24.43,22.2;World Cup Prague 2014; qp:0,54.58;World Cup Tacen 2014; qp:0,None,None,None,36.51;ICF World ranking Liptovsky Mikulas 2014; qp:10.53,None,None,None,44.54;ICF World ranking Penrith 2014; qp:42.59,None,None,None,None,None,37.25;World Championships Prague 2013; qp:0,34.11;World Cup Bratislava 2013; qp:0,None,None,None,32.78;ICF World ranking Liptovsky Mikulas 2013; qp:32.78,None,29.82;World Cup La Seu 2013; qp:0,33.62;World Cup Augsburg 2013; qp:0,19.77;World Cup Cardiff 2013; qp:0,None,None,None,24.04;ICF World ranking Liptovsky Mikulas 2013; qp:6.38,None,None,None,26.3;ICF World ranking Liptovsky Mikulas 2013; qp:7.76,None,None,None,None,None,None,None,31.09;World Cup Prague 2012; qp:0,None,None,None,None,None,None,None,None,None,None,None,None,None,None,None,None,None,None,None,None,None,None,None,None,None,None,None,None,None,None,None,None,None,None,None,None,None,None,None,None,None,None,None,None,None,None,None,None,None,None,None,None,None,None,None,None,None,None,None
c14b1aec91427687e4b89dc1c08c689e,1778586295805429,Jakub GRIGAR,GRIGAR,Jakub,2014-05-23,2014,MK1,SVK,17,74,25.84,None,None,36.51;ICF World ranking Liptovsky Mikulas 2014; qp:10.53,None,None,None,44.54;ICF World ranking Penrith 2014; qp:42.59,None,None,None,None,None,37.25;World Championships Prague 2013; qp:0,34.11;World Cup Bratislava 2013; qp:0,None,None,None,32.78;ICF World ranking Liptovsky Mikulas 2013; qp:32.78,None,29.82;World Cup La Seu 2013; qp:0,33.62;World Cup Augsburg 2013; qp:0,19.77;World Cup Cardiff 2013; qp:0,None,None,None,24.04;ICF World ranking Liptovsky Mikulas 2013; qp:6.38,None,None,None,None,None,None,None,None,None,None,None,31.09;World Cup Prague 2012; qp:0,None,None,29.29;World Cup La Seu 2012; qp:0,None,None,None,None,None,None,None,None,None,None,None,None,None,None,None,None,None,None,None,None,None,None,None,None,None,None,None,None,None,None,None,None,None,None,None,None,None,None,None,None,None,None,None,None,None,None,None,None,None,None,None,None,None,None,None,None,None,None,None
8d5331cc1e9e19a0c53540c200530efe,1778586295805429,Jakub GRIGAR,GRIGAR,Jakub,2013-09-11,2013,MK1,SVK,16,75,25.26,37.25;World Championships Prague 2013; qp:0,34.11;World Cup Bratislava 2013; qp:0,None,None,None,32.78;ICF World ranking Liptovsky Mikulas 2013; qp:32.78,None,29.82;World Cup La Seu 2013; qp:0,33.62;World Cup Augsburg 2013; qp:0,19.77;World Cup Cardiff 2013; qp:0,None,None,None,24.04;ICF World ranking Liptovsky Mikulas 2013; qp:6.38,None,None,None,26.3;ICF World ranking Liptovsky Mikulas 2013; qp:7.76,None,None,None,None,None,None,None,31.09;World Cup Prague 2012; qp:0,None,None,41.62;ICF World ranking Wausau 2012; qp:36.37,None,29.29;World Cup La Seu 2012; qp:0,None,None,None,33.61;ICF World ranking Liptovsky Mikulas 2012; qp:7.18,None,None,26.89;ICF World ranking Solkan 2012; qp:4.72,None,None,None,None,None,None,None,None,None,None,None,None,None,None,None,None,None,None,None,None,None,None,None,None,None,None,None,None,None,None,None,None,None,None,None,None,None,None,None,None,None,None,None,None,None,None,None,None,None,None,None,None,None,None,None,None,None,None,None,None,None,None
2c0402c3c3539533d8782d4405c931c9,1778586295805429,Jakub GRIGAR,GRIGAR,Jakub,2013-08-23,2013,MK1,SVK,16,76,25.26,34.11;World Cup Bratislava 2013; qp:0,None,None,None,32.78;ICF World ranking Liptovsky Mikulas 2013; qp:32.78,None,29.82;World Cup La Seu 2013; qp:0,33.62;World Cup Augsburg 2013; qp:0,19.77;World Cup Cardiff 2013; qp:0,None,None,None,24.04;ICF World ranking Liptovsky Mikulas 2013; qp:6.38,None,None,None,26.3;ICF World ranking Liptovsky Mikulas 2013; qp:7.76,None,None,None,None,None,None,None,31.09;World Cup Prague 2012; qp:0,None,None,41.62;ICF World ranking Wausau 2012; qp:36.37,None,29.29;World Cup La Seu 2012; qp:0,None,None,None,33.61;ICF World ranking Liptovsky Mikulas 2012; qp:7.18,None,None,26.89;ICF World ranking Solkan 2012; qp:4.72,None,None,None,None,None,None,None,None,None,None,None,None,None,None,None,None,None,None,None,None,None,None,None,None,None,None,None,None,None,None,None,None,None,None,None,None,None,None,None,None,None,None,None,None,None,None,None,None,None,None,None,None,None,None,None,None,None,None,None,None,None,None,None
e14b08110fa5b80e82ad4b7b995156ff,1778586295805429,Jakub GRIGAR,GRIGAR,Jakub,2013-05-25,2013,MK1,SVK,16,81,27.52,None,None,None,24.04;ICF World ranking Liptovsky Mikulas 2013; qp:6.38,None,None,None,26.3;ICF World ranking Liptovsky Mikulas 2013; qp:7.76,None,None,None,None,None,None,None,31.09;World Cup Prague 2012; qp:0,None,None,41.62;ICF World ranking Wausau 2012; qp:36.37,None,29.29;World Cup La Seu 2012; qp:0,None,None,None,33.61;ICF World ranking Liptovsky Mikulas 2012; qp:7.18,None,None,26.89;ICF World ranking Solkan 2012; qp:4.72,None,None,None,None,None,None,None,None,None,None,None,None,None,None,None,None,None,None,None,None,None,None,None,None,None,None,None,None,None,None,None,None,None,None,None,None,None,None,None,None,None,None,None,None,None,None,None,None,None,None,None,None,None,None,None,None,None,None,None,None,None,None,None,None,None,None,None,None,None,None,None,None
d3e8869412755a408440eeece128f7d7,1778586295805429,Jakub GRIGAR,GRIGAR,Jakub,2013-04-13,2013,MK1,SVK,16,102,32.5,None,None,None,None,None,None,None,31.09;World Cup Prague 2012; qp:0,None,None,41.62;ICF World ranking Wausau 2012; qp:36.37,None,29.29;World Cup La Seu 2012; qp:0,None,None,None,33.61;ICF World ranking Liptovsky Mikulas 2012; qp:7.18,None,None,26.89;ICF World ranking Solkan 2012; qp:4.72,None,None,None,None,None,None,None,None,None,None,None,None,None,None,None,None,None,None,None,None,None,None,None,None,None,None,None,None,None,None,None,None,None,None,None,None,None,None,None,None,None,None,None,None,None,None,None,None,None,None,None,None,None,None,None,None,None,None,None,None,None,None,None,None,None,None,None,None,None,None,None,None,None,None,None,None,None,None,None,None
d92603ca9658b63173fd6642462615be,1778586295805429,Jakub GRIGAR,GRIGAR,Jakub,2012-08-31,2012,MK1,SVK,15,111,29.09,None,31.09;World Cup Prague 2012; qp:0,None,None,41.62;ICF World ranking Wausau 2012; qp:36.37,None,29.29;World Cup La Seu 2012; qp:0,None,None,None,33.61;ICF World ranking Liptovsky Mikulas 2012; qp:7.18,None,None,26.89;ICF World ranking Solkan 2012; qp:4.72,None,None,None,None,None,None,None,None,None,None,None,None,None,None,None,None,None,None,None,None,None,None,None,None,None,None,None,None,None,None,None,None,None,None,None,None,None,None,None,None,None,None,None,None,None,None,None,None,None,None,None,None,None,None,None,None,None,None,None,None,None,None,None,None,None,None,None,None,None,None,None,None,None,None,None,None,None,None,None,None,None,None,None,None,None,None
d773ffecfdda35a76d794e4f417f2d01,1778586295805429,Jakub GRIGAR,GRIGAR,Jakub,2012-07-28,2012,MK1,SVK,15,115,29.93,None,None,41.62;ICF World ranking Wausau 2012; qp:36.37,None,29.29;World Cup La Seu 2012; qp:0,None,None,None,33.61;ICF World ranking Liptovsky Mikulas 2012; qp:7.18,None,None,26.89;ICF World ranking Solkan 2012; qp:4.72,None,None,None,None,None,None,None,None,None,None,None,None,None,None,None,None,None,None,None,None,None,None,None,None,None,None,None,None,None,None,None,None,None,None,None,None,None,None,None,None,None,None,None,None,None,None,None,None,None,None,None,None,None,None,None,None,None,None,None,None,None,None,None,None,None,None,None,None,None,None,None,None,None,None,None,None,None,None,None,None,None,None,None,None,None,None,None,None
38c4c222a30689ce58a1f3291a2b3379,1778586295805429,Jakub GRIGAR,GRIGAR,Jakub,2012-06-22,2012,MK1,SVK,15,112,29.93,29.29;World Cup La Seu 2012; qp:0,None,None,None,33.61;ICF World ranking Liptovsky Mikulas 2012; qp:7.18,None,None,26.89;ICF World ranking Solkan 2012; qp:4.72,None,None,None,None,None,None,None,None,None,None,None,None,None,None,None,None,None,None,None,None,None,None,None,None,None,None,None,None,None,None,None,None,None,None,None,None,None,None,None,None,None,None,None,None,None,None,None,None,None,None,None,None,None,None,None,None,None,None,None,None,None,None,None,None,None,None,None,None,None,None,None,None,None,None,None,None,None,None,None,None,None,None,None,None,None,None,None,None,None,None,None,None
29d0974b4260ab7c8e9d530747b259a9,1778586295805429,Jakub GRIGAR,GRIGAR,Jakub,2012-05-05,2012,MK1,SVK,15,205,30.25,None,33.61;ICF World ranking Liptovsky Mikulas 2012; qp:7.18,None,None,26.89;ICF World ranking Solkan 2012; qp:4.72,None,None,None,None,None,None,None,None,None,None,None,None,None,None,None,None,None,None,None,None,None,None,None,None,None,None,None,None,None,None,None,None,None,None,None,None,None,None,None,None,None,None,None,None,None,None,None,None,None,None,None,None,None,None,None,None,None,None,None,None,None,None,None,None,None,None,None,None,None,None,None,None,None,None,None,None,None,None,None,None,None,None,None,None,None,None,None,None,None,None,None,None,None,None,None
2c9bdaaed1fece4e90413cb988396221,1778586295805429,Jakub GRIGAR,GRIGAR,Jakub,2009-10-24,2009,MK1,SVK,12,328,56.89,None,None,None,None,None,None,None,None,None,None,None,None,None,None,None,None,None,None,None,None,None,None,None,None,None,None,None,None,None,None,None,None,None,None,None,None,None,None,None,None,None,None,None,None,None,None,None,None,None,None,None,None,None,None,None,None,None,None,None,None,None,None,None,None,None,None,None,None,None,None,None,None,None,None,None,None,None,None,None,None,None,None,None,None,None,None,None,None,None,None,None,None,None,None,None,None,None,None,None,None
f861413451ea1c30542d1c5ab2c7ee37,1778586295805429,Jakub GRIGAR,GRIGAR,Jakub,2009-08-22,2009,MK1,SVK,12,327,56.89,None,None,None,None,None,None,None,None,None,None,None,None,None,None,None,None,None,None,None,None,None,None,None,None,None,None,None,None,None,None,None,None,None,None,None,None,None,None,None,None,None,None,None,None,None,None,None,None,None,None,None,None,None,None,None,None,None,None,None,None,None,None,None,None,None,None,None,None,None,None,None,None,None,None,None,None,None,None,None,None,None,None,None,None,None,None,None,None,None,None,None,None,None,None,None,None,None,None,None,None
7e269067352b2ba1fb9dd0318e070d51,1787573484683840,Jakub KREJCI,KREJCI,Jakub,2026-08-21,2026,MK1,CZE,24,3,1.35,None,None,None,0;World Championships Oklahoma 2026; qp:0,None,None,0;World Cup Augsburg 2026; qp:0,0;World Cup Prague 2026; qp:0,6;World Cup Tacen 2026; qp:0,None,None,None,None,None,None,None,None,None,None,None,9.13;ICF World ranking Oklahoma 2026; qp:1.89,None,None,None,None,4.35;Australian Open Penrith 2026; qp:4.35,None,None,None,None,None,None,None,None,None,2.41;World Championships Penrtih 2025; qp:0,10.6;World Cup Augsburg 2025; qp:0,9.82;World Cup Tacen 2025; qp:0,None,None,None,None,None,None,14.25;World Championships Foix 2025; qp:8.71,None,23.36;World Cup Prague 2025; qp:0,5.48;World Cup Pau 2025; qp:0,4.87;World Cup La Seu 2025; qp:0,117.28;ICF World ranking Vaires sur Marne 2025; qp:1.55,None,None,None,None,None,None,None,None,None,None,None,None,None,None,None,None,None,None,6.56;Pyrenees Cup Pau 2025; qp:5.54,None,None,None,None,None,"22.91;ICF World ranking Deodoro, Rio 2025; qp:21.6",None,None,None,None,None,17.75;World Cup La Seu 2024; qp:0,12.85;World Cup Ivrea 2024; qp:0,44.16;ICF World ranking Tacen 2024; qp:1.01,None,None,None,None,None,None,None,None,None,None,None,None,None,None,None,None,None
0b24b98d6e6ecb3c07d8c996dbea9dc6,1787573484683840,Jakub KREJCI,KREJCI,Jakub,2026-07-06,2026,MK1,CZE,24,4,2.33,0;Team trials Augsburg 2026; qp:0,0;Team trials Ceske Budejovice 2026; qp:0,6;Team trials Solkan 2026; qp:0,None,None,None,None,None,None,None,None,None,None,None,9.13;Team trials Deep Creek 2026; qp:1.89,None,None,None,None,4.35;Team trials Penrith 2026; qp:4.35,None,None,None,None,None,None,None,None,None,2.41;World Championships Penrtih 2025; qp:0,10.6;Team trials Augsburg 2025; qp:0,9.82;Team trials Solkan 2025; qp:0,None,None,None,None,None,None,14.25;World Championships Foix 2025; qp:8.71,None,23.36;Team trials Ceske Budejovice 2025; qp:0,5.48;Team trials Orthez 2025; qp:0,4.87;Team trials Mondariz 2025; qp:0,117.28;Team trials Solkan 2025; qp:1.55,None,None,None,None,None,None,None,None,None,None,None,None,None,None,None,None,None,None,6.56;Team trials Orthez 2025; qp:5.54,None,None,None,None,None,22.91;Team trials Foz do Iguassu 2025; qp:21.6,None,None,None,None,None,17.75;Team trials Mondariz 2024; qp:0,12.85;Team trials Ivrea 2024; qp:0,20.23;Team trials Ceske Budejovice 2024; qp:10.94,None,9.91;World Championships Liptovsky Mikulas 2024; qp:9.83,None,44.16;ICF World ranking Tacen 2024; qp:1.01,41.27;ICF World ranking Rio de Janeiro 2024; qp:21.27,None,None,None,None,None,None,None,None,None,None,None,None,None,None,None,None,None,None
1681fa629430addb02996ee1cf4bb90d,1778586295805429,Jakub KREJCI,KREJCI,Jakub,2026-03-31,2026,MK1,CZE,24,6,3.55,9.13;ICF World ranking Oklahoma 2026; qp:1.89,None,None,None,None,4.35;Australian Open Penrith 2026; qp:4.35,None,None,None,None,None,None,None,None,None,2.41;World Championships Penrtih 2025; qp:0,10.6;World Cup Augsburg 2025; qp:0,9.82;World Cup Tacen 2025; qp:0,None,None,None,None,None,None,14.25;World Championships Foix 2025; qp:8.71,None,23.36;World Cup Prague 2025; qp:0,5.48;World Cup Pau 2025; qp:0,4.87;World Cup La Seu 2025; qp:0,117.28;ICF World ranking Vaires sur Marne 2025; qp:1.55,None,None,None,None,None,None,None,None,None,None,None,None,None,None,None,None,None,None,6.56;Pyrenees Cup Pau 2025; qp:5.54,None,None,None,None,None,"22.91;ICF World ranking Deodoro, Rio 2025; qp:21.6",None,None,None,None,None,17.75;World Cup La Seu 2024; qp:0,12.85;World Cup Ivrea 2024; qp:0,20.23;ICF World ranking Prague 2024; qp:10.94,None,9.91;World Championships Liptovsky Mikulas 2024; qp:9.83,None,1.78;World Cup Krakow 2024; qp:0,4.33;World Cup Prague 2024; qp:0,22.3;World Cup Augsburg 2024; qp:0,None,None,44.16;ICF World ranking Tacen 2024; qp:1.01,None,None,None,None,41.27;ICF World ranking Rio de Janeiro 2024; qp:21.27,None,None,None,None,None,None,None,None,None,None,None,None,None,None,None,None,None,None,None,None,None,None,None
735a473d5e52845c36af53d7931bc93c,1778586295805429,Jakub KREJCI,KREJCI,Jakub,2025-10-15,2025,MK1,CZE,23,7,3.77,2.41;World Championships Penrtih 2025; qp:0,10.6;World Cup Augsburg 2025; qp:0,9.82;World Cup Tacen 2025; qp:0,None,None,None,None,None,None,None,14.25;World Championships Foix 2025; qp:8.71,23.36;World Cup Prague 2025; qp:0,5.48;World Cup Pau 2025; qp:0,4.87;World Cup La Seu 2025; qp:0,117.28;ICF World ranking Vaires sur Marne 2025; qp:1.55,None,None,None,None,None,None,None,None,None,None,None,None,None,None,None,None,None,None,6.56;Pyrenees Cup Pau 2025; qp:5.54,None,None,None,None,None,"22.91;ICF World ranking Deodoro, Rio 2025; qp:21.6",None,None,None,None,None,17.75;World Cup La Seu 2024; qp:0,12.85;World Cup Ivrea 2024; qp:0,20.23;ICF World ranking Prague 2024; qp:10.94,None,9.91;World Championships Liptovsky Mikulas 2024; qp:9.83,None,1.78;World Cup Krakow 2024; qp:0,4.33;World Cup Prague 2024; qp:0,22.3;World Cup Augsburg 2024; qp:0,None,None,44.16;ICF World ranking Tacen 2024; qp:1.01,None,None,None,None,None,41.27;ICF World ranking Rio de Janeiro 2024; qp:21.27,None,None,None,None,None,None,None,None,None,None,None,None,None,None,None,None,None,None,None,None,None,None,None,None,None,None,None,None,None,None,None,None,None,None,None,None,None
3cffd2b6c226cf8b40205162b6be0b65,1778586295805429,Jakub KREJCI,KREJCI,Jakub,2025-09-10,2025,MK1,CZE,23,8,4.6,10.6;World Cup Augsburg 2025; qp:0,9.82;World Cup Tacen 2025; qp:0,None,None,None,None,None,None,None,14.25;World Championships Foix 2025; qp:8.71,23.36;World Cup Prague 2025; qp:0,5.48;World Cup Pau 2025; qp:0,4.87;World Cup La Seu 2025; qp:0,117.28;ICF World ranking Vaires sur Marne 2025; qp:1.55,None,None,None,None,None,None,None,None,None,None,None,None,None,None,None,None,None,None,6.56;Pyrenees Cup Pau 2025; qp:5.54,None,None,None,None,None,"22.91;ICF World ranking Deodoro, Rio 2025; qp:21.6",None,None,None,None,None,17.75;World Cup La Seu 2024; qp:0,12.85;World Cup Ivrea 2024; qp:0,20.23;ICF World ranking Prague 2024; qp:10.94,None,9.91;World Championships Liptovsky Mikulas 2024; qp:9.83,None,1.78;World Cup Krakow 2024; qp:0,4.33;World Cup Prague 2024; qp:0,22.3;World Cup Augsburg 2024; qp:0,None,None,44.16;ICF World ranking Tacen 2024; qp:1.01,None,None,None,None,None,41.27;ICF World ranking Rio de Janeiro 2024; qp:21.27,None,None,None,None,None,None,None,20;World Championships Lee Valley 2023; qp:0,None,None,None,None,None,None,None,None,None,None,None,None,None,None,None,None,None,None,None,None,None,None,None,None,None,None,None,None,None,None
482c053f3834864a813a4bd96510d2f4,1778586295805429,Jakub KREJCI,KREJCI,Jakub,2025-07-01,2025,MK1,CZE,23,9,4.6,23.36;World Cup Prague 2025; qp:0,5.48;World Cup Pau 2025; qp:0,4.87;World Cup La Seu 2025; qp:0,117.28;Euros Vaires sur Marne 2025; qp:1.55,None,None,None,None,None,None,None,None,None,None,None,None,None,None,None,None,None,None,6.56;Pyrenees Cup Pau 2025; qp:5.54,None,None,None,None,None,"22.91;ICF World ranking Deodoro, Rio 2025; qp:21.6",None,None,None,None,None,17.75;World Cup La Seu 2024; qp:0,12.85;World Cup Ivrea 2024; qp:0,20.23;ICF World ranking Prague 2024; qp:10.94,None,9.91;World Championships Liptovsky Mikulas 2024; qp:9.83,None,1.78;World Cup Krakow 2024; qp:0,4.33;World Cup Prague 2024; qp:0,22.3;World Cup Augsburg 2024; qp:0,None,None,44.16;ICF World ranking Tacen 2024; qp:1.01,None,None,None,None,None,41.27;ICF World ranking Rio de Janeiro 2024; qp:21.27,None,None,None,None,None,None,None,None,None,None,None,22.79;World Cup Vaires sur Marne 2023; qp:0,20;World Championships Lee Valley 2023; qp:0,13.42;World Cup La Seu 2023; qp:0,None,None,23.98;World Championships Krakow 2023; qp:13.98,None,None,None,None,None,None,None,None,None,None,None,None,None,None,None,None,None,None,None,None,None,None,None,None,None,None,None,None,None,None,None
2b6be6ed94382293eed5644d5d0d63e1,1778586295805429,Jakub KREJCI,KREJCI,Jakub,2025-05-30,2025,MK1,CZE,23,9,5.73,117.28;Euros Vaires sur Marne 2025; qp:1.55,None,None,None,None,None,None,None,None,None,None,None,None,None,None,None,None,None,None,6.56;Pyrenees Cup Pau 2025; qp:5.54,None,None,None,None,None,"22.91;ICF World ranking Deodoro, Rio 2025; qp:21.6",None,None,None,None,None,17.75;World Cup La Seu 2024; qp:0,12.85;World Cup Ivrea 2024; qp:0,20.23;ICF World ranking Prague 2024; qp:10.94,None,9.91;World Championships Liptovsky Mikulas 2024; qp:9.83,None,1.78;World Cup Krakow 2024; qp:0,4.33;World Cup Prague 2024; qp:0,22.3;World Cup Augsburg 2024; qp:0,None,None,44.16;ICF World ranking Tacen 2024; qp:1.01,None,None,None,None,None,41.27;ICF World ranking Rio de Janeiro 2024; qp:21.27,None,None,None,None,None,None,None,None,None,None,None,22.79;World Cup Vaires sur Marne 2023; qp:0,20;World Championships Lee Valley 2023; qp:0,13.42;World Cup La Seu 2023; qp:0,None,None,23.98;World Championships Krakow 2023; qp:13.98,None,None,None,20.52;World Cup Tacen 2023; qp:0,8.08;World Cup Prague 2023; qp:0,7.92;World Cup Augsburg 2023; qp:0,None,None,None,None,None,None,None,None,None,None,None,None,None,None,None,None,None,None,None,None,None,None,None,None,None,None,None,None
6139049beeb8a448e8d07ba7e04e19e8,1778586295805429,Jakub KREJCI,KREJCI,Jakub,2025-04-03,2025,MK1,CZE,23,10,5.73,None,None,None,None,None,None,None,None,6.56;Pyrenees Cup Pau 2025; qp:5.54,None,None,None,None,None,"22.91;ICF World ranking Deodoro, Rio 2025; qp:21.6",None,None,None,None,None,17.75;World Cup La Seu 2024; qp:0,12.85;World Cup Ivrea 2024; qp:0,20.23;ICF World ranking Prague 2024; qp:10.94,None,9.91;World Championships Liptovsky Mikulas 2024; qp:9.83,None,1.78;World Cup Krakow 2024; qp:0,4.33;World Cup Prague 2024; qp:0,22.3;World Cup Augsburg 2024; qp:0,None,None,44.16;ICF World ranking Tacen 2024; qp:1.01,None,None,None,None,None,41.27;ICF World ranking Rio de Janeiro 2024; qp:21.27,None,None,None,None,None,None,None,None,None,None,None,22.79;World Cup Vaires sur Marne 2023; qp:0,20;World Championships Lee Valley 2023; qp:0,13.42;World Cup La Seu 2023; qp:0,None,None,23.98;World Championships Krakow 2023; qp:13.98,None,None,11.2;ICF World ranking Krakow 2023; qp:0.71,None,20.52;World Cup Tacen 2023; qp:0,8.08;World Cup Prague 2023; qp:0,7.92;World Cup Augsburg 2023; qp:0,None,None,None,None,None,None,None,None,None,None,None,None,None,None,None,None,None,None,None,None,None,None,None,None,None,None,None,None,None,None,None,None,None,None,None,None,None,None
7df52f1822c7dc7b7da146b922e69fff,1778586295805429,Jakub KREJCI,KREJCI,Jakub,2024-09-25,2024,MK1,CZE,22,10,6.4,17.75;World Cup La Seu 2024; qp:0,12.85;World Cup Ivrea 2024; qp:0,20.23;ICF World ranking Prague 2024; qp:10.94,None,9.91;World Championships Liptovsky Mikulas 2024; qp:9.83,None,1.78;World Cup Krakow 2024; qp:0,4.33;World Cup Prague 2024; qp:0,22.3;World Cup Augsburg 2024; qp:0,None,None,44.16;Euros Tacen 2024; qp:1.01,None,None,None,None,None,41.27;ICF World ranking Rio de Janeiro 2024; qp:21.27,None,None,None,None,None,None,None,None,None,None,None,22.79;World Cup Vaires sur Marne 2023; qp:0,20;World Championships Lee Valley 2023; qp:0,13.42;World Cup La Seu 2023; qp:0,None,23.98;World Championships Krakow 2023; qp:13.98,None,None,None,11.2;ICF World ranking Krakow 2023; qp:0.71,None,20.52;World Cup Tacen 2023; qp:0,8.08;World Cup Prague 2023; qp:0,7.92;World Cup Augsburg 2023; qp:0,None,None,None,None,None,None,15.18;Pyrenees Cup La Seu 2023; qp:10.62,None,None,None,None,None,None,None,None,None,None,None,None,None,None,None,None,None,None,None,None,None,None,None,None,None,None,None,None,None,None,None,None,None,None,None,None,None,None,None,None,None,None,None,None,None,None,None,None,None,None,None
63809ffc2231cc4a298f1f324fae69d0,1778586295805429,Jakub KREJCI,KREJCI,Jakub,2024-06-20,2024,MK1,CZE,22,10,6.66,1.78;World Cup Krakow 2024; qp:0,4.33;World Cup Prague 2024; qp:0,22.3;World Cup Augsburg 2024; qp:0,None,None,44.16;Euros Tacen 2024; qp:1.01,None,None,None,None,None,None,None,None,None,None,None,None,None,None,None,None,None,22.79;World Cup Vaires sur Marne 2023; qp:0,20;World Championships Lee Valley 2023; qp:0,13.42;World Cup La Seu 2023; qp:0,None,None,23.98;World Championships Krakow 2023; qp:13.98,None,None,11.2;Euros Krakow 2023; qp:0.71,None,20.52;World Cup Tacen 2023; qp:0,8.08;World Cup Prague 2023; qp:0,7.92;World Cup Augsburg 2023; qp:0,None,None,None,None,None,None,15.18;Pyrenees Cup La Seu 2023; qp:10.62,None,None,None,None,None,15.13;ICF World ranking Lee Valley 2022; qp:0.96,None,None,None,18.77;ICF World ranking Prague 2022; qp:18.77,None,None,31.36;World Championships Ivrea 2022; qp:19.07,None,None,None,None,None,None,None,None,None,None,None,None,None,None,None,None,None,None,None,None,None,None,None,None,None,None,None,None,None,None,None,None,None,None,None,None,None,None,None,None,None,None,None,None
9fc2d81720dc7a949fe533e03b05bf0d,1778586295805429,Jakub KREJCI,KREJCI,Jakub,2024-05-22,2024,MK1,CZE,22,24,11.15,44.16;Euros Tacen 2024; qp:1.01,None,None,None,None,None,None,None,None,None,None,None,None,None,None,None,None,None,22.79;World Cup Vaires sur Marne 2023; qp:0,20;World Championships Lee Valley 2023; qp:0,13.42;World Cup La Seu 2023; qp:0,None,None,23.98;World Championships Krakow 2023; qp:13.98,None,None,11.2;Euros Krakow 2023; qp:0.71,None,20.52;World Cup Tacen 2023; qp:0,8.08;World Cup Prague 2023; qp:0,7.92;World Cup Augsburg 2023; qp:0,None,None,None,None,None,None,15.18;Pyrenees Cup La Seu 2023; qp:10.62,None,None,None,None,None,15.13;ICF World ranking Lee Valley 2022; qp:0.96,None,None,None,18.77;ICF World ranking Prague 2022; qp:18.77,None,None,31.36;World Championships Ivrea 2022; qp:19.07,None,None,None,21.67;ICF World ranking Augsburg 2022; qp:2.54,None,None,None,None,None,None,None,None,None,None,None,None,None,None,None,None,None,None,None,None,None,None,None,None,None,None,None,None,None,None,None,None,None,None,None,None,None,None,None,None,None,None,None,None,None
92d1b529d687f016ea0a17406c61cb2d,1778586295805429,Jakub KREJCI,KREJCI,Jakub,2023-11-16,2023,MK1,CZE,21,21,11.15,None,None,None,None,22.79;World Cup Vaires sur Marne 2023; qp:0,20;World Championships Lee Valley 2023; qp:0,13.42;World Cup La Seu 2023; qp:0,None,23.98;World Championships Krakow 2023; qp:13.98,None,None,None,11.2;Euros Krakow 2023; qp:0.71,None,20.52;World Cup Tacen 2023; qp:0,8.08;World Cup Prague 2023; qp:0,7.92;World Cup Augsburg 2023; qp:0,None,None,None,None,None,None,15.18;Pyrenees Cup La Seu 2023; qp:10.62,None,None,None,None,None,15.13;ICF World ranking Lee Valley 2022; qp:0.96,None,None,None,18.77;ICF World ranking Prague 2022; qp:18.77,None,31.36;World Championships Ivrea 2022; qp:19.07,None,None,None,None,21.67;ICF World ranking Augsburg 2022; qp:2.54,None,None,None,None,None,None,None,None,None,None,None,30.49;ICF World ranking Ile de la Reunion 2022; qp:1.91,None,None,None,None,None,None,None,None,None,None,None,None,None,None,None,None,None,None,None,None,None,None,None,None,None,None,None,None,None,None,None,None,None,None,None,None,None,None,None,None,None,None,None,None,None,None,None
c1724861c5774bb6179e60e6fa2ebf3e,1778586295805429,Jakub KREJCI,KREJCI,Jakub,2023-09-04,2023,MK1,CZE,21,23,11.15,13.42;World Cup La Seu 2023; qp:0,None,23.98;World Championships Krakow 2023; qp:13.98,None,None,None,11.2;Euros Krakow 2023; qp:0.71,None,20.52;World Cup Tacen 2023; qp:0,8.08;World Cup Prague 2023; qp:0,7.92;World Cup Augsburg 2023; qp:0,None,None,None,None,None,None,15.18;Pyrenees Cup La Seu 2023; qp:10.62,None,None,None,None,None,15.13;ICF World ranking Lee Valley 2022; qp:0.96,None,None,None,18.77;ICF World ranking Prague 2022; qp:18.77,None,None,31.36;World Championships Ivrea 2022; qp:19.07,None,None,None,21.67;ICF World ranking Augsburg 2022; qp:2.54,None,None,None,None,None,None,None,None,None,None,None,30.49;ICF World ranking Ile de la Reunion 2022; qp:1.91,None,None,28.74;World Cup Pau 2021; qp:0,28.79;World Cup La Seu 2021; qp:0,None,None,None,None,None,None,None,None,None,None,None,None,None,None,None,None,None,None,None,None,None,None,None,None,None,None,None,None,None,None,None,None,None,None,None,None,None,None,None,None,None,None,None,None,None,None,None,None,None
535b8e76ca6ebd14a706f4351806a8e7,1778586295805429,Jakub KREJCI,KREJCI,Jakub,2023-07-03,2023,MK1,CZE,21,23,11.52,20.52;World Cup Tacen 2023; qp:0,8.08;World Cup Prague 2023; qp:0,7.92;World Cup Augsburg 2023; qp:0,None,None,None,None,None,None,15.18;Pyrenees Cup La Seu 2023; qp:10.62,None,None,None,None,None,15.13;ICF World ranking Lee Valley 2022; qp:0.96,None,None,None,18.77;ICF World ranking Prague 2022; qp:18.77,None,31.36;World Championships Ivrea 2022; qp:19.07,None,None,None,None,21.67;ICF World ranking Augsburg 2022; qp:2.54,None,None,None,None,None,None,None,None,None,None,None,30.49;ICF World ranking Ile de la Reunion 2022; qp:1.91,None,None,28.74;World Cup Pau 2021; qp:0,28.79;World Cup La Seu 2021; qp:0,None,None,None,None,None,None,None,None,None,11.31;ICF World ranking Bratislava 2019; qp:10.77,29.21;ICF World ranking Prague 2019; qp:5.29,33.25;World Championships Krakow 2019; qp:32.77,None,None,None,None,None,None,None,None,None,None,None,None,None,None,None,None,None,None,None,None,None,None,None,None,None,None,None,None,None,None,None,None,None,None,None,None,None,None,None,None,None,None,None,None,None
7b29d73073d85a547c18507a8467baf0,1778586295805429,Jakub KREJCI,KREJCI,Jakub,2023-05-29,2023,MK1,CZE,21,42,16.41,None,None,None,None,None,15.18;Pyrenees Cup La Seu 2023; qp:10.62,None,None,None,None,None,15.13;ICF World ranking Lee Valley 2022; qp:0.96,None,None,None,18.77;ICF World ranking Prague 2022; qp:18.77,None,31.36;World Championships Ivrea 2022; qp:19.07,None,None,None,None,21.67;ICF World ranking Augsburg 2022; qp:2.54,None,None,None,None,None,None,None,None,None,None,None,30.49;ICF World ranking Ile de la Reunion 2022; qp:1.91,None,None,28.74;World Cup Pau 2021; qp:0,28.79;World Cup La Seu 2021; qp:0,None,None,None,None,None,None,None,None,None,11.31;ICF World ranking Bratislava 2019; qp:10.77,29.21;ICF World ranking Prague 2019; qp:5.29,33.25;World Championships Krakow 2019; qp:32.77,None,None,None,None,None,None,None,None,None,None,None,None,None,None,None,None,None,None,None,None,None,None,None,None,None,None,None,None,None,None,None,None,None,None,None,None,None,None,None,None,None,None,None,None,None,None,None,None,None
77e52eabe20f9d3e316c7ffbbbd7f706,1778586295805429,Jakub KREJCI,KREJCI,Jakub,2022-09-23,2022,MK1,CZE,20,51,19.12,15.13;ICF World ranking Lee Valley 2022; qp:0.96,None,None,None,18.77;ICF World ranking Prague 2022; qp:18.77,None,31.36;World Championships Ivrea 2022; qp:19.07,None,None,None,None,21.67;ICF World ranking Augsburg 2022; qp:2.54,None,None,None,None,None,None,None,None,None,None,None,30.49;ICF World ranking Ile de la Reunion 2022; qp:1.91,None,None,28.74;World Cup Pau 2021; qp:0,28.79;World Cup La Seu 2021; qp:0,None,None,None,None,None,None,None,None,None,11.31;ICF World ranking Bratislava 2019; qp:10.77,29.21;ICF World ranking Prague 2019; qp:5.29,33.25;World Championships Krakow 2019; qp:32.77,None,None,None,None,None,None,None,None,None,None,None,29.87;ICF World ranking Solkan 2019; qp:13.89,None,None,31.39;ICF World ranking Penrith 2019; qp:2.1,None,None,None,None,None,None,None,None,None,None,None,None,None,None,None,None,None,None,None,None,None,None,None,None,None,None,None,None,None,None,None,None,None,None,None,None,None,None,None,None,None,None,None,None,None
7fa873b496f8cd134c0090151234b67d,1778586295805429,Jakub KREJCI,KREJCI,Jakub,2022-08-01,2022,MK1,CZE,20,66,21.86,18.77;ICF World ranking Prague 2022; qp:18.77,None,31.36;World Championships Ivrea 2022; qp:19.07,None,None,None,None,21.67;ICF World ranking Augsburg 2022; qp:2.54,None,None,None,None,None,None,None,None,None,None,None,30.49;ICF World ranking Ile de la Reunion 2022; qp:1.91,None,None,28.74;World Cup Pau 2021; qp:0,28.79;World Cup La Seu 2021; qp:0,None,None,None,None,None,None,None,None,None,11.31;ICF World ranking Bratislava 2019; qp:10.77,29.21;ICF World ranking Prague 2019; qp:5.29,None,33.25;World Championships Krakow 2019; qp:32.77,None,None,None,None,None,None,None,None,None,None,29.87;ICF World ranking Solkan 2019; qp:13.89,None,None,31.39;ICF World ranking Penrith 2019; qp:2.1,None,None,None,None,None,None,None,None,None,None,None,None,None,None,None,None,None,None,None,None,None,None,None,None,None,None,None,None,None,None,None,None,None,None,None,None,None,None,None,None,None,None,None,None,None,None,None,None,None
9e11412d4ffe449bcd494606306decb2,1778586295805429,Jakub KREJCI,KREJCI,Jakub,2022-05-01,2022,MK1,CZE,20,73,25.58,None,None,None,None,None,None,None,None,None,30.49;ICF World ranking Ile de la Reunion 2022; qp:1.91,None,None,28.74;World Cup Pau 2021; qp:0,28.79;World Cup La Seu 2021; qp:0,None,None,None,None,None,None,None,None,None,11.31;ICF World ranking Bratislava 2019; qp:10.77,29.21;ICF World ranking Prague 2019; qp:5.29,33.25;World Championships Krakow 2019; qp:32.77,None,None,None,None,None,None,None,None,None,None,None,29.87;ICF World ranking Solkan 2019; qp:13.89,None,None,31.39;ICF World ranking Penrith 2019; qp:2.1,None,None,None,None,None,None,None,None,None,None,40.08;Danube Cup Bratislava 2018; qp:20.24,47.94;World Championships Ivrea 2018; qp:29.38,None,None,None,None,None,None,None,None,None,None,None,None,None,None,None,None,None,None,None,None,None,None,None,None,None,None,None,None,None,None,None,None,None,None,None,None,None,None,None,None,None,None,None,None,None,None,None
2fbcb63cac4b977cd52555d157c884aa,1778586295805429,Jakub KREJCI,KREJCI,Jakub,2021-11-01,2021,MK1,CZE,19,75,25.58,None,28.74;World Cup Pau 2021; qp:0,28.79;World Cup La Seu 2021; qp:0,None,None,None,None,None,None,None,None,None,11.31;ICF World ranking Bratislava 2019; qp:10.77,29.21;ICF World ranking Prague 2019; qp:5.29,None,33.25;World Championships Krakow 2019; qp:32.77,None,None,None,None,None,None,None,None,None,None,29.87;ICF World ranking Solkan 2019; qp:13.89,None,None,31.39;ICF World ranking Penrith 2019; qp:2.1,None,None,None,None,None,None,None,None,None,None,40.08;Danube Cup Bratislava 2018; qp:20.24,47.94;World Championships Ivrea 2018; qp:29.38,None,None,None,None,None,None,None,None,None,None,None,35.79;ICF World ranking Solkan 2018; qp:4.58,None,None,None,None,None,None,None,None,None,None,None,None,None,None,None,None,None,None,None,None,None,None,None,None,None,None,None,None,None,None,None,None,None,None,None,None,None,None,None,None,None,None,None,None,None,None
9744cac20f1e2e7da9d9c29f282a209d,1778586295805429,Jakub KREJCI,KREJCI,Jakub,2021-09-10,2021,MK1,CZE,19,75,25.58,28.74;World Cup Pau 2021; qp:0,28.79;World Cup La Seu 2021; qp:0,None,None,None,None,None,None,None,None,None,11.31;ICF World ranking Bratislava 2019; qp:10.77,29.21;ICF World ranking Prague 2019; qp:5.29,None,33.25;World Championships Krakow 2019; qp:32.77,None,None,None,None,None,None,None,None,None,None,29.87;ICF World ranking Solkan 2019; qp:13.89,None,None,31.39;ICF World ranking Penrith 2019; qp:2.1,None,None,None,None,None,None,None,None,None,None,40.08;Danube Cup Bratislava 2018; qp:20.24,47.94;World Championships Ivrea 2018; qp:29.38,None,None,None,None,None,None,None,None,None,None,None,35.79;ICF World ranking Solkan 2018; qp:4.58,None,None,None,None,None,None,None,None,None,None,None,None,None,None,None,None,None,None,None,None,None,None,None,None,None,None,None,None,None,None,None,None,None,None,None,None,None,None,None,None,None,None,None,None,None,None,None
5ddfcfe36a1ce8e23c1d6ffdf379b8da,1778586295805429,Jakub KREJCI,KREJCI,Jakub,2020-02-01,2020,MK1,CZE,18,77,26.45,None,None,None,None,None,None,None,None,11.31;ICF World ranking Bratislava 2019; qp:10.77,29.21;ICF World ranking Prague 2019; qp:5.29,None,33.25;World Championships Krakow 2019; qp:32.77,None,None,None,None,None,None,None,None,None,None,29.87;ICF World ranking Solkan 2019; qp:13.89,None,None,31.39;ICF World ranking Penrith 2019; qp:2.1,None,None,None,None,None,None,None,None,None,None,40.08;Danube Cup Bratislava 2018; qp:20.24,47.94;World Championships Ivrea 2018; qp:29.38,None,None,None,None,None,None,None,None,None,None,None,35.79;ICF World ranking Solkan 2018; qp:4.58,None,30.48;ICF World ranking Penrith 2018; qp:1.54,None,None,None,None,None,None,None,None,None,None,None,None,None,None,None,None,None,None,None,None,None,None,None,None,None,None,None,None,None,None,None,None,None,None,None,None,None,None,None,None,None,None,None,None,None,None,None,None
f141a3eb1a9e1bf018b84c9c07cde244,1778586295805429,Jakub KREJCI,KREJCI,Jakub,2019-09-25,2019,MK1,CZE,17,79,26.45,None,None,None,None,None,11.31;ICF World ranking Bratislava 2019; qp:10.77,29.21;ICF World ranking Prague 2019; qp:5.29,None,33.25;World Championships Krakow 2019; qp:32.77,None,None,None,None,None,None,None,None,None,None,29.87;ICF World ranking Solkan 2019; qp:13.89,None,None,31.39;ICF World ranking Penrith 2019; qp:2.1,None,None,None,None,None,None,None,None,None,None,40.08;Danube Cup Bratislava 2018; qp:20.24,47.94;World Championships Ivrea 2018; qp:29.38,None,None,None,None,None,None,None,None,None,None,None,35.79;ICF World ranking Solkan 2018; qp:4.58,None,30.48;ICF World ranking Penrith 2018; qp:1.54,None,None,None,None,None,None,None,None,None,None,None,None,None,None,None,None,None,None,None,None,None,None,None,None,None,None,None,None,None,None,None,None,None,None,None,None,None,None,None,None,None,None,None,None,None,None,None,None,None,None,None
c81ec88c0ca7167bcdfee1f8466ae108,1778586295805429,Jakub KREJCI,KREJCI,Jakub,2019-09-06,2019,MK1,CZE,17,79,26.45,None,None,None,None,11.31;ICF World ranking Bratislava 2019; qp:10.77,29.21;ICF World ranking Prague 2019; qp:5.29,None,33.25;World Championships Krakow 2019; qp:32.77,None,None,None,None,None,None,None,None,None,None,29.87;ICF World ranking Solkan 2019; qp:13.89,None,None,31.39;ICF World ranking Penrith 2019; qp:2.1,None,None,None,None,None,None,None,None,None,None,40.08;Danube Cup Bratislava 2018; qp:20.24,47.94;World Championships Ivrea 2018; qp:29.38,None,None,None,None,None,None,None,None,None,None,None,35.79;ICF World ranking Solkan 2018; qp:4.58,None,30.48;ICF World ranking Penrith 2018; qp:1.54,None,None,None,None,None,None,None,None,None,None,None,None,None,None,None,None,None,None,None,None,None,None,None,None,None,None,None,None,None,None,None,None,None,None,None,None,None,None,None,None,None,None,None,None,None,None,None,None,None,None,None,None
64b3d8ec42ea436a915091efbea81d94,1778586295805429,Jakub KREJCI,KREJCI,Jakub,2019-06-28,2019,MK1,CZE,17,114,33.52,None,None,None,None,None,None,None,None,None,None,29.87;ICF World ranking Solkan 2019; qp:13.89,None,None,31.39;ICF World ranking Penrith 2019; qp:2.1,None,None,None,None,None,None,None,None,None,None,40.08;Danube Cup Bratislava 2018; qp:20.24,None,47.94;World Championships Ivrea 2018; qp:29.38,None,None,None,None,None,None,None,None,None,None,35.79;ICF World ranking Solkan 2018; qp:4.58,None,30.48;ICF World ranking Penrith 2018; qp:1.54,None,None,None,None,None,None,None,None,None,None,None,None,None,None,None,None,None,None,None,None,None,None,None,None,None,None,None,None,None,None,None,None,None,None,None,None,None,None,None,None,None,None,None,None,None,None,None,None,None,None,None,None,None,None,None,None,None,None,None,None
6da494587e6fdcea9ff8ab03158a3a2c,1778586295805429,Jakub KREJCI,KREJCI,Jakub,2019-05-11,2019,MK1,CZE,17,116,33.52,None,None,None,None,None,29.87;ICF World ranking Solkan 2019; qp:13.89,None,None,31.39;ICF World ranking Penrith 2019; qp:2.1,None,None,None,None,None,None,None,None,None,None,40.08;Danube Cup Bratislava 2018; qp:20.24,47.94;World Championships Ivrea 2018; qp:29.38,None,None,None,None,None,None,None,None,None,None,None,35.79;ICF World ranking Solkan 2018; qp:4.58,None,30.48;ICF World ranking Penrith 2018; qp:1.54,None,None,None,None,None,None,None,None,None,None,None,None,None,None,None,None,None,None,None,None,None,None,None,None,None,None,None,None,None,None,None,None,None,None,None,None,None,None,None,None,None,None,None,None,None,None,None,None,None,None,None,None,None,None,None,None,None,None,None,None,None,None,None,None,None
b2e039adcc35c2b78ca667ef7731a535,1778586295805429,Jakub KREJCI,KREJCI,Jakub,2018-09-25,2018,MK1,CZE,16,179,38.57,None,None,None,None,None,None,None,None,40.08;Danube Cup Bratislava 2018; qp:20.24,None,47.94;World Championships Ivrea 2018; qp:29.38,None,None,None,None,None,None,None,None,None,None,35.79;ICF World ranking Solkan 2018; qp:4.58,None,30.48;ICF World ranking Penrith 2018; qp:1.54,None,None,None,None,None,None,None,None,None,None,None,None,None,None,None,None,None,None,None,None,None,None,None,None,None,None,None,None,None,None,None,None,None,None,None,None,None,None,None,None,None,None,None,None,None,None,None,None,None,None,None,None,None,None,None,None,None,None,None,None,None,None,None,None,None,None,None,None,None,None,None,None,None,None,None,None
344bfa6cf84e36a73f8a0176fe8e6987,1778586295805429,Jakub KREJCI,KREJCI,Jakub,2018-09-07,2018,MK1,CZE,16,177,38.57,None,None,None,None,None,None,40.08;Danube Cup Bratislava 2018; qp:20.24,None,47.94;World Championships Ivrea 2018; qp:29.38,None,None,None,None,None,None,None,None,None,None,35.79;ICF World ranking Solkan 2018; qp:4.58,None,30.48;ICF World ranking Penrith 2018; qp:1.54,None,None,None,None,None,None,None,None,None,None,None,None,None,None,None,None,None,None,None,None,None,None,None,None,None,None,None,None,None,None,None,None,None,None,None,None,None,None,None,None,None,None,None,None,None,None,None,None,None,None,None,None,None,None,None,None,None,None,None,None,None,None,None,None,None,None,None,None,None,None,None,None,None,None,None,None,None,None
0c353bd651930342bdfc7417030d2c52,1778586295805429,Jakub KREJCI,KREJCI,Jakub,2018-07-06,2018,MK1,CZE,16,254,33.14,None,None,None,None,None,None,None,None,None,None,35.79;ICF World ranking Solkan 2018; qp:4.58,None,30.48;ICF World ranking Penrith 2018; qp:1.54,None,None,None,None,None,None,None,None,None,None,None,None,None,None,None,None,None,None,None,None,None,None,None,None,None,None,None,None,None,None,None,None,None,None,None,None,None,None,None,None,None,None,None,None,None,None,None,None,None,None,None,None,None,None,None,None,None,None,None,None,None,None,None,None,None,None,None,None,None,None,None,None,None,None,None,None,None,None,None,None,None,None,None,None,None,None,None
5d8c93b54b71a5aa53fd1e18fd0e05a0,1778586295805429,Jakub KREJCI,KREJCI,Jakub,2018-06-08,2018,MK1,CZE,16,256,33.14,None,None,None,None,None,None,None,35.79;ICF World ranking Solkan 2018; qp:4.58,None,30.48;ICF World ranking Penrith 2018; qp:1.54,None,None,None,None,None,None,None,None,None,None,None,None,None,None,None,None,None,None,None,None,None,None,None,None,None,None,None,None,None,None,None,None,None,None,None,None,None,None,None,None,None,None,None,None,None,None,None,None,None,None,None,None,None,None,None,None,None,None,None,None,None,None,None,None,None,None,None,None,None,None,None,None,None,None,None,None,None,None,None,None,None,None,None,None,None,None,None,None,None,None
83ae0d38feb88a8b79cd6d0f998211aa,1787573484683840,Jiri PRSKAVEC,PRSKAVEC,Jiri,2026-08-21,2026,MK1,CZE,33,5,3.17,None,None,None,13.26;World Championships Oklahoma 2026; qp:0,None,None,None,15.97;World Cup Prague 2026; qp:0,None,None,None,None,None,None,None,None,None,None,None,None,3.83;ICF World ranking Oklahoma 2026; qp:1.89,None,None,None,None,11.13;Australian Open Penrith 2026; qp:4.35,10.55;Penrith Open Penrith 2026; qp:4.99,None,None,None,None,None,None,None,None,2.53;World Championships Penrtih 2025; qp:0,None,15.73;World Cup Tacen 2025; qp:0,None,None,None,None,None,None,None,None,7.96;World Cup Prague 2025; qp:0,20.68;World Cup Pau 2025; qp:0,21.13;World Cup La Seu 2025; qp:0,1.55;ICF World ranking Vaires sur Marne 2025; qp:1.55,None,None,None,None,None,None,None,None,None,None,None,None,None,None,None,None,None,None,None,19.3;Australian Open Penrith 2025; qp:2.69,None,None,None,None,None,None,None,None,None,None,0;World Cup La Seu 2024; qp:0,19.11;World Cup Ivrea 2024; qp:0,23.59;ICF World ranking Tacen 2024; qp:1.01,None,None,None,None,None,None,None,None,None,None,None,None,None,None,None,None,None
d9435b545740406b1a458eb39e9db4ae,1787573484683840,Jiri PRSKAVEC,PRSKAVEC,Jiri,2026-07-06,2026,MK1,CZE,33,5,2.78,None,15.97;Team trials Ceske Budejovice 2026; qp:0,None,None,None,None,None,None,None,None,None,None,None,None,3.83;Team trials Deep Creek 2026; qp:1.89,None,None,None,None,11.13;Team trials Penrith 2026; qp:4.35,10.55;Team trials Penrith 2026; qp:4.99,None,None,None,None,None,None,None,None,2.53;World Championships Penrtih 2025; qp:0,None,15.73;Team trials Solkan 2025; qp:0,None,None,None,None,None,None,None,None,7.96;Team trials Ceske Budejovice 2025; qp:0,20.68;Team trials Orthez 2025; qp:0,21.13;Team trials Mondariz 2025; qp:0,1.55;Team trials Solkan 2025; qp:1.55,None,None,None,None,None,None,None,None,None,None,None,None,None,None,None,None,None,None,None,19.3;Team trials Penrith 2025; qp:2.69,None,None,None,None,None,None,None,None,None,None,0;Team trials Mondariz 2024; qp:0,19.11;Team trials Ivrea 2024; qp:0,None,5.99;Olympic Games Paris 2024; qp:0,None,None,23.59;ICF World ranking Tacen 2024; qp:1.01,None,None,None,None,None,None,None,None,None,None,None,None,None,None,None,None,None,None,None
dc5998328a0ade89d00df000042850ee,1778586295805429,Jiri PRSKAVEC,PRSKAVEC,Jiri,2026-03-31,2026,MK1,CZE,33,4,2.78,3.83;ICF World ranking Oklahoma 2026; qp:1.89,None,None,None,None,11.13;Australian Open Penrith 2026; qp:4.35,10.55;Penrith Open Penrith 2026; qp:4.99,None,None,None,None,None,None,None,None,2.53;World Championships Penrtih 2025; qp:0,None,15.73;World Cup Tacen 2025; qp:0,None,None,None,None,None,None,None,None,7.96;World Cup Prague 2025; qp:0,20.68;World Cup Pau 2025; qp:0,21.13;World Cup La Seu 2025; qp:0,1.55;ICF World ranking Vaires sur Marne 2025; qp:1.55,None,None,None,None,None,None,None,None,None,None,None,None,None,None,None,None,None,None,None,19.3;Australian Open Penrith 2025; qp:2.69,None,None,None,None,None,None,None,None,None,None,0;World Cup La Seu 2024; qp:0,19.11;World Cup Ivrea 2024; qp:0,None,5.99;Olympic Games Paris 2024; qp:0,None,None,None,112.41;World Cup Prague 2024; qp:0,None,None,None,23.59;ICF World ranking Tacen 2024; qp:1.01,None,None,None,None,None,None,None,None,None,None,None,None,None,None,None,None,None,None,None,None,None,None,None,None,None,None,None,None
9b5297df2dc801fc7b71931ca0b2e835,1778586295805429,Jiri PRSKAVEC,PRSKAVEC,Jiri,2025-10-15,2025,MK1,CZE,32,4,2.95,2.53;World Championships Penrtih 2025; qp:0,None,15.73;World Cup Tacen 2025; qp:0,None,None,None,None,None,None,None,None,7.96;World Cup Prague 2025; qp:0,20.68;World Cup Pau 2025; qp:0,21.13;World Cup La Seu 2025; qp:0,1.55;ICF World ranking Vaires sur Marne 2025; qp:1.55,None,None,None,None,None,None,None,None,None,None,None,None,None,None,None,None,None,None,None,19.3;Australian Open Penrith 2025; qp:2.69,None,None,None,None,None,None,None,None,None,None,0;World Cup La Seu 2024; qp:0,19.11;World Cup Ivrea 2024; qp:0,None,5.99;Olympic Games Paris 2024; qp:0,None,None,None,112.41;World Cup Prague 2024; qp:0,None,None,None,23.59;ICF World ranking Tacen 2024; qp:1.01,None,None,None,None,None,None,None,None,None,None,None,22.94;Australian Open Penrith 2024; qp:1.97,4.68;Oceania Championships Penrith 2024; qp:4.68,None,None,None,None,None,None,None,None,None,None,None,None,None,None,None,None,None,None,None,None,None,None,None,None,None,None,None,None,None,None
61f83b09f6cc5159c92f68b0f9e6047f,1778586295805429,Jiri PRSKAVEC,PRSKAVEC,Jiri,2025-09-10,2025,MK1,CZE,32,4,3.08,None,15.73;World Cup Tacen 2025; qp:0,None,None,None,None,None,None,None,None,7.96;World Cup Prague 2025; qp:0,20.68;World Cup Pau 2025; qp:0,21.13;World Cup La Seu 2025; qp:0,1.55;ICF World ranking Vaires sur Marne 2025; qp:1.55,None,None,None,None,None,None,None,None,None,None,None,None,None,None,None,None,None,None,None,19.3;Australian Open Penrith 2025; qp:2.69,None,None,None,None,None,None,None,None,None,None,0;World Cup La Seu 2024; qp:0,19.11;World Cup Ivrea 2024; qp:0,None,5.99;Olympic Games Paris 2024; qp:0,None,None,None,112.41;World Cup Prague 2024; qp:0,None,None,None,23.59;ICF World ranking Tacen 2024; qp:1.01,None,None,None,None,None,None,None,None,None,None,None,22.94;Australian Open Penrith 2024; qp:1.97,4.68;Oceania Championships Penrith 2024; qp:4.68,3.19;World Championships Lee Valley 2023; qp:0,None,None,None,None,None,None,None,None,None,None,None,None,None,None,None,None,None,None,None,None,None,None,None,None,None,None,None,None,None,None
8897f556f4938c779577d6505a6ecef9,1778586295805429,Jiri PRSKAVEC,PRSKAVEC,Jiri,2025-07-01,2025,MK1,CZE,32,6,3.08,7.96;World Cup Prague 2025; qp:0,20.68;World Cup Pau 2025; qp:0,21.13;World Cup La Seu 2025; qp:0,1.55;Euros Vaires sur Marne 2025; qp:1.55,None,None,None,None,None,None,None,None,None,None,None,None,None,None,None,None,None,None,None,19.3;Australian Open Penrith 2025; qp:2.69,None,None,None,None,None,None,None,None,None,None,0;World Cup La Seu 2024; qp:0,19.11;World Cup Ivrea 2024; qp:0,None,5.99;Olympic Games Paris 2024; qp:0,None,None,None,112.41;World Cup Prague 2024; qp:0,None,None,None,23.59;ICF World ranking Tacen 2024; qp:1.01,None,None,None,None,None,None,None,None,None,None,None,22.94;Australian Open Penrith 2024; qp:1.97,4.68;Oceania Championships Penrith 2024; qp:4.68,None,None,None,None,10;World Cup Vaires sur Marne 2023; qp:0,3.19;World Championships Lee Valley 2023; qp:0,31.44;World Cup La Seu 2023; qp:0,None,None,None,None,None,None,None,None,None,None,None,None,None,None,None,None,None,None,None,None,None,None,None,None,None,None,None,None,None,None,None,None,None,None
d9dfc34fd38f534ef6b805bd5eef1ec5,1778586295805429,Jiri PRSKAVEC,PRSKAVEC,Jiri,2025-05-30,2025,MK1,CZE,32,2,0.95,1.55;Euros Vaires sur Marne 2025; qp:1.55,None,None,None,None,None,None,None,None,None,None,None,None,None,None,None,None,None,None,None,19.3;Australian Open Penrith 2025; qp:2.69,None,None,None,None,None,None,None,None,None,None,0;World Cup La Seu 2024; qp:0,19.11;World Cup Ivrea 2024; qp:0,None,5.99;Olympic Games Paris 2024; qp:0,None,None,None,112.41;World Cup Prague 2024; qp:0,None,None,None,23.59;ICF World ranking Tacen 2024; qp:1.01,None,None,None,None,None,None,None,None,None,None,None,22.94;Australian Open Penrith 2024; qp:1.97,4.68;Oceania Championships Penrith 2024; qp:4.68,None,None,None,None,10;World Cup Vaires sur Marne 2023; qp:0,3.19;World Championships Lee Valley 2023; qp:0,31.44;World Cup La Seu 2023; qp:0,None,None,None,None,None,None,0;World Cup Tacen 2023; qp:0,0;World Cup Prague 2023; qp:0,7.14;World Cup Augsburg 2023; qp:0,None,None,None,None,None,None,None,None,None,None,None,None,None,None,None,None,None,None,None,None,None,None,None,None,None,None,None,None
cc6da3e6440154b1c904072f63e95d4f,1778586295805429,Jiri PRSKAVEC,PRSKAVEC,Jiri,2025-04-03,2025,MK1,CZE,32,2,0.78,None,None,None,None,None,None,None,None,None,19.3;Australian Open Penrith 2025; qp:2.69,None,None,None,None,None,None,None,None,None,None,0;World Cup La Seu 2024; qp:0,19.11;World Cup Ivrea 2024; qp:0,None,5.99;Olympic Games Paris 2024; qp:0,None,None,None,112.41;World Cup Prague 2024; qp:0,None,None,None,23.59;ICF World ranking Tacen 2024; qp:1.01,None,None,None,None,None,None,None,None,None,None,None,22.94;Australian Open Penrith 2024; qp:1.97,4.68;Oceania Championships Penrith 2024; qp:4.68,None,None,None,None,10;World Cup Vaires sur Marne 2023; qp:0,3.19;World Championships Lee Valley 2023; qp:0,31.44;World Cup La Seu 2023; qp:0,None,None,None,None,None,0.71;ICF World ranking Krakow 2023; qp:0.71,None,0;World Cup Tacen 2023; qp:0,0;World Cup Prague 2023; qp:0,7.14;World Cup Augsburg 2023; qp:0,None,None,None,None,None,None,None,None,None,None,None,None,None,None,None,None,None,None,None,None,None,None,None,None,None,None,None,None,None,None,None,None,None,None,None,None,None,None
5edb1aab419df17d6f81c0d101ae8f91,1778586295805429,Jiri PRSKAVEC,PRSKAVEC,Jiri,2024-09-25,2024,MK1,CZE,31,2,0.66,0;World Cup La Seu 2024; qp:0,19.11;World Cup Ivrea 2024; qp:0,None,5.99;Olympic Games Vaires sur Marne 2024; qp:0,None,None,None,112.41;World Cup Prague 2024; qp:0,None,None,None,23.59;Euros Tacen 2024; qp:1.01,None,None,None,None,None,None,None,None,None,None,None,22.94;Australian Open Penrith 2024; qp:1.97,4.68;Oceania Championships Penrith 2024; qp:4.68,None,None,None,None,10;World Cup Vaires sur Marne 2023; qp:0,3.19;World Championships Lee Valley 2023; qp:0,31.44;World Cup La Seu 2023; qp:0,None,None,None,None,None,0.71;ICF World ranking Krakow 2023; qp:0.71,None,0;World Cup Tacen 2023; qp:0,0;World Cup Prague 2023; qp:0,7.14;World Cup Augsburg 2023; qp:0,None,None,None,None,None,None,None,None,None,None,2.6;ICF World ranking Ile de la Reunion 2023; qp:2.6,None,None,None,None,None,None,None,None,None,None,None,None,None,None,None,None,None,None,None,None,None,None,None,None,None,None,None,None,None,None,None,None,None,None,None,None,None,None,None,None,None,None,None,None,None,None,None
309a1e0619bf7b0ac91df9a4145f705b,1778586295805429,Jiri PRSKAVEC,PRSKAVEC,Jiri,2024-06-20,2024,MK1,CZE,31,1,0.66,None,112.41;World Cup Prague 2024; qp:0,None,None,None,23.59;Euros Tacen 2024; qp:1.01,None,None,None,None,None,None,None,None,None,None,None,22.94;Australian Open Penrith 2024; qp:1.97,4.68;Oceania Championships Penrith 2024; qp:4.68,None,None,None,None,10;World Cup Vaires sur Marne 2023; qp:0,3.19;World Championships Lee Valley 2023; qp:0,31.44;World Cup La Seu 2023; qp:0,None,None,None,None,None,0.71;Euros Krakow 2023; qp:0.71,None,0;World Cup Tacen 2023; qp:0,0;World Cup Prague 2023; qp:0,7.14;World Cup Augsburg 2023; qp:0,None,None,None,None,None,None,None,None,None,None,2.6;ICF World ranking Ile de la Reunion 2023; qp:2.6,None,4.9;ICF World ranking Lee Valley 2022; qp:0.96,None,0;World Cup La Seu 2022; qp:0,3.03;World Cup Pau 2022; qp:0,None,5.46;World Championships Augsburg 2022; qp:0,None,None,None,None,None,None,None,None,None,None,None,None,None,None,None,None,None,None,None,None,None,None,None,None,None,None,None,None,None,None,None,None,None,None,None,None,None,None,None,None,None,None,None,None,None,None
8103694008bc7d1c4f68b93125362b9d,1778586295805429,Jiri PRSKAVEC,PRSKAVEC,Jiri,2024-05-22,2024,MK1,CZE,31,1,0.14,23.59;Euros Tacen 2024; qp:1.01,None,None,None,None,None,None,None,None,None,None,None,22.94;Australian Open Penrith 2024; qp:1.97,4.68;Oceania Championships Penrith 2024; qp:4.68,None,None,None,None,10;World Cup Vaires sur Marne 2023; qp:0,3.19;World Championships Lee Valley 2023; qp:0,31.44;World Cup La Seu 2023; qp:0,None,None,None,None,None,0.71;Euros Krakow 2023; qp:0.71,None,0;World Cup Tacen 2023; qp:0,0;World Cup Prague 2023; qp:0,7.14;World Cup Augsburg 2023; qp:0,None,None,None,None,None,None,None,None,None,None,2.6;ICF World ranking Ile de la Reunion 2023; qp:2.6,None,4.9;ICF World ranking Lee Valley 2022; qp:0.96,None,0;World Cup La Seu 2022; qp:0,3.03;World Cup Pau 2022; qp:0,None,5.46;World Championships Augsburg 2022; qp:0,None,None,0;World Cup Tacen 2022; qp:0,0.92;World Cup Krakow 2022; qp:0,3.19;World Cup Prague 2022; qp:0,None,None,None,None,None,None,None,None,None,None,None,None,None,None,None,None,None,None,None,None,None,None,None,None,None,None,None,None,None,None,None,None,None,None,None,None,None,None,None,None,None,None,None,None,None,None
059b6ea95766184536ed2f3a61abcc3d,1778586295805429,Jiri PRSKAVEC,PRSKAVEC,Jiri,2023-11-16,2023,MK1,CZE,30,1,0.14,None,None,None,None,10;World Cup Vaires sur Marne 2023; qp:0,3.19;World Championships Lee Valley 2023; qp:0,31.44;World Cup La Seu 2023; qp:0,None,None,None,None,None,0.71;Euros Krakow 2023; qp:0.71,None,0;World Cup Tacen 2023; qp:0,0;World Cup Prague 2023; qp:0,7.14;World Cup Augsburg 2023; qp:0,None,None,None,None,None,None,None,None,None,None,2.6;ICF World ranking Ile de la Reunion 2023; qp:2.6,None,4.9;ICF World ranking Lee Valley 2022; qp:0.96,None,0;World Cup La Seu 2022; qp:0,3.03;World Cup Pau 2022; qp:0,None,5.46;World Championships Augsburg 2022; qp:0,None,None,0;World Cup Tacen 2022; qp:0,0.92;World Cup Krakow 2022; qp:0,3.19;World Cup Prague 2022; qp:0,None,None,1.34;ICF World ranking Liptovsky Mikulas 2022; qp:1.34,None,None,None,None,None,None,None,None,None,6.62;ICF World ranking Ile de la Reunion 2022; qp:1.91,None,None,None,None,None,None,None,None,None,None,None,None,None,None,None,None,None,None,None,None,None,None,None,None,None,None,None,None,None,None,None,None,None,None,None,None,None,None,None,None,None,None,None,None,None,None,None
4bf905acce0e9cd8a236997cb01900db,1778586295805429,Jiri PRSKAVEC,PRSKAVEC,Jiri,2023-09-04,2023,MK1,CZE,30,1,0,31.44;World Cup La Seu 2023; qp:0,None,None,None,None,None,0.71;Euros Krakow 2023; qp:0.71,None,0;World Cup Tacen 2023; qp:0,0;World Cup Prague 2023; qp:0,7.14;World Cup Augsburg 2023; qp:0,None,None,None,None,None,None,None,None,None,None,2.6;ICF World ranking Ile de la Reunion 2023; qp:2.6,None,4.9;ICF World ranking Lee Valley 2022; qp:0.96,None,0;World Cup La Seu 2022; qp:0,3.03;World Cup Pau 2022; qp:0,None,5.46;World Championships Augsburg 2022; qp:0,None,None,0;World Cup Tacen 2022; qp:0,0.92;World Cup Krakow 2022; qp:0,3.19;World Cup Prague 2022; qp:0,None,None,1.34;ICF World ranking Liptovsky Mikulas 2022; qp:1.34,None,None,None,None,None,None,None,None,None,6.62;ICF World ranking Ile de la Reunion 2022; qp:1.91,None,16.25;World Championships Bratislava 2021; qp:0,None,None,0;Olympic Games Tokyo 2021; qp:0,None,None,None,0;World Championships La Seu 2019; qp:0,0;World Cup Prague 2019; qp:0,None,None,None,None,None,None,None,None,None,None,None,None,None,None,None,None,None,None,None,None,None,None,None,None,None,None,None,None,None,None,None,None,None,None,None,None,None,None,None,None,None,None,None
080533f394570a4780775d6518ba6686,1778586295805429,Jiri PRSKAVEC,PRSKAVEC,Jiri,2023-07-03,2023,MK1,CZE,30,1,0,0;World Cup Tacen 2023; qp:0,0;World Cup Prague 2023; qp:0,7.14;World Cup Augsburg 2023; qp:0,None,None,None,None,None,None,None,None,None,None,2.6;ICF World ranking Ile de la Reunion 2023; qp:2.6,None,4.9;ICF World ranking Lee Valley 2022; qp:0.96,None,0;World Cup La Seu 2022; qp:0,3.03;World Cup Pau 2022; qp:0,None,5.46;World Championships Augsburg 2022; qp:0,None,None,0;World Cup Tacen 2022; qp:0,0.92;World Cup Krakow 2022; qp:0,3.19;World Cup Prague 2022; qp:0,None,None,1.34;ICF World ranking Liptovsky Mikulas 2022; qp:1.34,None,None,None,None,None,None,None,None,None,6.62;ICF World ranking Ile de la Reunion 2022; qp:1.91,None,16.25;World Championships Bratislava 2021; qp:0,None,None,0;Olympic Games Tokyo 2021; qp:0,None,None,None,0;World Championships La Seu 2019; qp:0,0;World Cup Prague 2019; qp:0,4.34;World Cup Markkleeberg 2019; qp:0,None,None,None,5.29;ICF World ranking Prague 2019; qp:5.29,None,None,None,None,None,None,None,None,None,None,None,None,None,None,None,None,None,None,None,None,None,None,None,None,None,None,None,None,None,None,None,None,None,None,None,None,None,None,None,None,None,None,None,None,None,None
3d2948313a0d216612e27f825791001b,1778586295805429,Jiri PRSKAVEC,PRSKAVEC,Jiri,2023-05-29,2023,MK1,CZE,30,2,0,None,None,None,None,None,None,None,None,None,2.6;ICF World ranking Ile de la Reunion 2023; qp:2.6,None,4.9;ICF World ranking Lee Valley 2022; qp:0.96,None,0;World Cup La Seu 2022; qp:0,3.03;World Cup Pau 2022; qp:0,None,5.46;World Championships Augsburg 2022; qp:0,None,None,0;World Cup Tacen 2022; qp:0,0.92;World Cup Krakow 2022; qp:0,3.19;World Cup Prague 2022; qp:0,None,None,1.34;ICF World ranking Liptovsky Mikulas 2022; qp:1.34,None,None,None,None,None,None,None,None,None,6.62;ICF World ranking Ile de la Reunion 2022; qp:1.91,None,16.25;World Championships Bratislava 2021; qp:0,None,None,0;Olympic Games Tokyo 2021; qp:0,None,None,None,0;World Championships La Seu 2019; qp:0,0;World Cup Prague 2019; qp:0,4.34;World Cup Markkleeberg 2019; qp:0,None,None,None,5.29;ICF World ranking Prague 2019; qp:5.29,None,None,3.38;World Cup Tacen 2019; qp:0,5.01;World Cup Bratislava 2019; qp:0,1.43;World Cup Lee Valley 2019; qp:0,None,None,None,None,None,None,None,None,None,None,None,None,None,None,None,None,None,None,None,None,None,None,None,None,None,None,None,None,None,None,None,None,None,None,None,None,None,None,None,None,None,None,None,None,None
3a9a956fcfd2e440770bce1690d2fd8e,1778586295805429,Jiri PRSKAVEC,PRSKAVEC,Jiri,2022-09-23,2022,MK1,CZE,29,2,0,4.9;ICF World ranking Lee Valley 2022; qp:0.96,None,0;World Cup La Seu 2022; qp:0,3.03;World Cup Pau 2022; qp:0,None,5.46;World Championships Augsburg 2022; qp:0,None,None,0;World Cup Tacen 2022; qp:0,0.92;World Cup Krakow 2022; qp:0,3.19;World Cup Prague 2022; qp:0,None,None,1.34;ICF World ranking Liptovsky Mikulas 2022; qp:1.34,None,None,None,None,None,None,None,None,None,6.62;ICF World ranking Ile de la Reunion 2022; qp:1.91,None,16.25;World Championships Bratislava 2021; qp:0,None,None,0;Olympic Games Tokyo 2021; qp:0,None,None,None,0;World Championships La Seu 2019; qp:0,0;World Cup Prague 2019; qp:0,4.34;World Cup Markkleeberg 2019; qp:0,None,None,None,5.29;ICF World ranking Prague 2019; qp:5.29,None,None,3.38;World Cup Tacen 2019; qp:0,5.01;World Cup Bratislava 2019; qp:0,1.43;World Cup Lee Valley 2019; qp:0,None,None,None,None,5.77;Pyrenees Cup La Seu 2019; qp:5.77,7.79;Pyrenees Cup Pau 2019; qp:5.68,None,None,None,16.59;Oceania Championships Penrith 2019; qp:2.13,22.67;ICF World ranking Penrith 2019; qp:2.1,None,None,None,None,None,None,None,None,None,None,None,None,None,None,None,None,None,None,None,None,None,None,None,None,None,None,None,None,None,None,None,None,None,None,None,None,None,None,None,None,None,None,None,None,None
805220116a5d14057e3dddb20f9672bb,1778586295805429,Jiri PRSKAVEC,PRSKAVEC,Jiri,2022-08-01,2022,MK1,CZE,29,2,0.18,None,5.46;World Championships Augsburg 2022; qp:0,None,None,0;World Cup Tacen 2022; qp:0,0.92;World Cup Krakow 2022; qp:0,3.19;World Cup Prague 2022; qp:0,None,None,1.34;ICF World ranking Liptovsky Mikulas 2022; qp:1.34,None,None,None,None,None,None,None,None,None,6.62;ICF World ranking Ile de la Reunion 2022; qp:1.91,None,16.25;World Championships Bratislava 2021; qp:0,None,None,0;Olympic Games Tokyo 2021; qp:0,None,None,None,0;World Championships La Seu 2019; qp:0,0;World Cup Prague 2019; qp:0,4.34;World Cup Markkleeberg 2019; qp:0,None,None,None,5.29;ICF World ranking Prague 2019; qp:5.29,None,None,3.38;World Cup Tacen 2019; qp:0,5.01;World Cup Bratislava 2019; qp:0,1.43;World Cup Lee Valley 2019; qp:0,None,None,None,None,5.77;Pyrenees Cup La Seu 2019; qp:5.77,7.79;Pyrenees Cup Pau 2019; qp:5.68,None,None,None,16.59;Oceania Championships Penrith 2019; qp:2.13,22.67;ICF World ranking Penrith 2019; qp:2.1,None,None,"1.61;World Championships Deodoro, Rio 2018; qp:0",None,3.76;World Cup La Seu 2018; qp:0,20.2;World Cup Tacen 2018; qp:0,None,7.09;ICF World ranking Prague 2018; qp:6.66,None,None,None,None,None,None,None,None,None,None,None,None,None,None,None,None,None,None,None,None,None,None,None,None,None,None,None,None,None,None,None,None,None,None,None,None,None,None,None,None,None
60201c167315c74316f5327b859968e4,1778586295805429,Jiri PRSKAVEC,PRSKAVEC,Jiri,2022-05-01,2022,MK1,CZE,29,1,0.36,None,None,None,None,None,None,None,None,None,6.62;ICF World ranking Ile de la Reunion 2022; qp:1.91,None,16.25;World Championships Bratislava 2021; qp:0,None,None,0;Olympic Games Tokyo 2021; qp:0,None,None,None,0;World Championships La Seu 2019; qp:0,0;World Cup Prague 2019; qp:0,4.34;World Cup Markkleeberg 2019; qp:0,None,None,None,5.29;ICF World ranking Prague 2019; qp:5.29,None,None,3.38;World Cup Tacen 2019; qp:0,5.01;World Cup Bratislava 2019; qp:0,1.43;World Cup Lee Valley 2019; qp:0,None,None,None,None,5.77;Pyrenees Cup La Seu 2019; qp:5.77,7.79;Pyrenees Cup Pau 2019; qp:5.68,None,None,None,16.59;Oceania Championships Penrith 2019; qp:2.13,22.67;ICF World ranking Penrith 2019; qp:2.1,None,None,"1.61;World Championships Deodoro, Rio 2018; qp:0",None,3.76;World Cup La Seu 2018; qp:0,20.2;World Cup Tacen 2018; qp:0,None,7.09;ICF World ranking Prague 2018; qp:6.66,None,None,None,None,None,0.38;World Cup Augsburg 2018; qp:0,3.45;World Cup Krakow 2018; qp:0,3.76;World Cup Liptovsky Mikulas 2018; qp:0,None,None,None,None,None,None,None,None,None,None,None,None,None,None,None,None,None,None,None,None,None,None,None,None,None,None,None,None,None,None,None,None,None,None,None,None,None,None,None,None,None,None,None
14676a1f3089b14d665587ef8f717265,1778586295805429,Jiri PRSKAVEC,PRSKAVEC,Jiri,2021-11-01,2021,MK1,CZE,28,1,0.36,16.25;World Championships Bratislava 2021; qp:0,None,None,0;Olympic Games Tokyo 2021; qp:0,None,None,None,0;World Championships La Seu 2019; qp:0,0;World Cup Prague 2019; qp:0,4.34;World Cup Markkleeberg 2019; qp:0,None,None,None,5.29;ICF World ranking Prague 2019; qp:5.29,None,None,3.38;World Cup Tacen 2019; qp:0,5.01;World Cup Bratislava 2019; qp:0,1.43;World Cup Lee Valley 2019; qp:0,None,None,None,None,5.77;Pyrenees Cup La Seu 2019; qp:5.77,7.79;Pyrenees Cup Pau 2019; qp:5.68,None,None,None,16.59;Oceania Championships Penrith 2019; qp:2.13,22.67;ICF World ranking Penrith 2019; qp:2.1,None,None,"1.61;World Championships Deodoro, Rio 2018; qp:0",None,3.76;World Cup La Seu 2018; qp:0,20.2;World Cup Tacen 2018; qp:0,None,7.09;ICF World ranking Prague 2018; qp:6.66,None,None,None,None,None,0.38;World Cup Augsburg 2018; qp:0,3.45;World Cup Krakow 2018; qp:0,3.76;World Cup Liptovsky Mikulas 2018; qp:0,None,None,None,None,None,13.94;ICF World ranking Markkleeberg 2018; qp:3.94,None,None,None,None,None,None,None,None,None,None,None,None,None,None,None,None,None,None,None,None,None,None,None,None,None,None,None,None,None,None,None,None,None,None,None,None,None,None,None,None,None,None,None,None,None,None,None,None
65894d6df2d83edb1473952bd3cf849c,1778586295805429,Jiri PRSKAVEC,PRSKAVEC,Jiri,2021-09-10,2021,MK1,CZE,28,1,0.36,None,None,0;Olympic Games Tokyo 2021; qp:0,None,None,None,0;World Championships La Seu 2019; qp:0,0;World Cup Prague 2019; qp:0,4.34;World Cup Markkleeberg 2019; qp:0,None,None,None,5.29;ICF World ranking Prague 2019; qp:5.29,None,None,3.38;World Cup Tacen 2019; qp:0,5.01;World Cup Bratislava 2019; qp:0,1.43;World Cup Lee Valley 2019; qp:0,None,None,None,None,5.77;Pyrenees Cup La Seu 2019; qp:5.77,7.79;Pyrenees Cup Pau 2019; qp:5.68,None,None,None,16.59;Oceania Championships Penrith 2019; qp:2.13,22.67;ICF World ranking Penrith 2019; qp:2.1,None,None,"1.61;World Championships Deodoro, Rio 2018; qp:0",None,3.76;World Cup La Seu 2018; qp:0,20.2;World Cup Tacen 2018; qp:0,None,7.09;ICF World ranking Prague 2018; qp:6.66,None,None,None,None,None,0.38;World Cup Augsburg 2018; qp:0,3.45;World Cup Krakow 2018; qp:0,3.76;World Cup Liptovsky Mikulas 2018; qp:0,None,None,None,None,None,13.94;ICF World ranking Markkleeberg 2018; qp:3.94,None,None,None,None,None,None,None,None,None,None,None,None,None,None,None,None,None,None,None,None,None,None,None,None,None,None,None,None,None,None,None,None,None,None,None,None,None,None,None,None,None,None,None,None,None,None,None,None,None
b053522ce21bcc062ba89b5cdb18372e,1778586295805429,Jiri PRSKAVEC,PRSKAVEC,Jiri,2020-02-01,2020,MK1,CZE,27,1,0.68,None,None,None,0;World Championships La Seu 2019; qp:0,0;World Cup Prague 2019; qp:0,4.34;World Cup Markkleeberg 2019; qp:0,None,None,None,5.29;ICF World ranking Prague 2019; qp:5.29,None,None,3.38;World Cup Tacen 2019; qp:0,5.01;World Cup Bratislava 2019; qp:0,1.43;World Cup Lee Valley 2019; qp:0,None,None,None,None,5.77;Pyrenees Cup La Seu 2019; qp:5.77,7.79;Pyrenees Cup Pau 2019; qp:5.68,None,None,None,16.59;Oceania Championships Penrith 2019; qp:2.13,22.67;ICF World ranking Penrith 2019; qp:2.1,None,None,"1.61;World Championships Deodoro, Rio 2018; qp:0",None,3.76;World Cup La Seu 2018; qp:0,20.2;World Cup Tacen 2018; qp:0,None,7.09;ICF World ranking Prague 2018; qp:6.66,None,None,None,None,None,0.38;World Cup Augsburg 2018; qp:0,3.45;World Cup Krakow 2018; qp:0,3.76;World Cup Liptovsky Mikulas 2018; qp:0,None,None,None,None,None,13.94;ICF World ranking Markkleeberg 2018; qp:3.94,None,None,None,10.91;ICF World ranking Penrith 2018; qp:1.54,None,None,None,None,None,None,None,None,None,None,None,None,None,None,None,None,None,None,None,None,None,None,None,None,None,None,None,None,None,None,None,None,None,None,None,None,None,None,None,None,None,None,None,None,None,None,None,None
e24eb7434a92a570f6d5bfcebe93775b,1778586295805429,Jiri PRSKAVEC,PRSKAVEC,Jiri,2019-09-25,2019,MK1,CZE,26,1,0.68,0;World Championships La Seu 2019; qp:0,0;World Cup Prague 2019; qp:0,4.34;World Cup Markkleeberg 2019; qp:0,None,None,None,5.29;ICF World ranking Prague 2019; qp:5.29,None,None,3.38;World Cup Tacen 2019; qp:0,5.01;World Cup Bratislava 2019; qp:0,1.43;World Cup Lee Valley 2019; qp:0,None,None,None,None,5.77;Pyrenees Cup La Seu 2019; qp:5.77,7.79;Pyrenees Cup Pau 2019; qp:5.68,None,None,None,16.59;Oceania Championships Penrith 2019; qp:2.13,22.67;ICF World ranking Penrith 2019; qp:2.1,None,None,"1.61;World Championships Deodoro, Rio 2018; qp:0",None,3.76;World Cup La Seu 2018; qp:0,20.2;World Cup Tacen 2018; qp:0,None,7.09;ICF World ranking Prague 2018; qp:6.66,None,None,None,None,None,0.38;World Cup Augsburg 2018; qp:0,3.45;World Cup Krakow 2018; qp:0,3.76;World Cup Liptovsky Mikulas 2018; qp:0,None,None,None,None,None,13.94;ICF World ranking Markkleeberg 2018; qp:3.94,None,None,None,10.91;ICF World ranking Penrith 2018; qp:1.54,None,None,None,None,None,None,None,None,None,None,None,None,None,None,None,None,None,None,None,None,None,None,None,None,None,None,None,None,None,None,None,None,None,None,None,None,None,None,None,None,None,None,None,None,None,None,None,None,None,None,None
e9857f41feaf1498e05204effef0d509,1778586295805429,Jiri PRSKAVEC,PRSKAVEC,Jiri,2019-09-06,2019,MK1,CZE,26,2,1.36,0;World Cup Prague 2019; qp:0,4.34;World Cup Markkleeberg 2019; qp:0,None,None,None,5.29;ICF World ranking Prague 2019; qp:5.29,None,None,3.38;World Cup Tacen 2019; qp:0,5.01;World Cup Bratislava 2019; qp:0,1.43;World Cup Lee Valley 2019; qp:0,None,None,None,None,5.77;Pyrenees Cup La Seu 2019; qp:5.77,7.79;Pyrenees Cup Pau 2019; qp:5.68,None,None,None,16.59;Oceania Championships Penrith 2019; qp:2.13,22.67;ICF World ranking Penrith 2019; qp:2.1,None,None,"1.61;World Championships Deodoro, Rio 2018; qp:0",None,3.76;World Cup La Seu 2018; qp:0,20.2;World Cup Tacen 2018; qp:0,None,7.09;ICF World ranking Prague 2018; qp:6.66,None,None,None,None,None,0.38;World Cup Augsburg 2018; qp:0,3.45;World Cup Krakow 2018; qp:0,3.76;World Cup Liptovsky Mikulas 2018; qp:0,None,None,None,None,None,13.94;ICF World ranking Markkleeberg 2018; qp:3.94,None,None,None,10.91;ICF World ranking Penrith 2018; qp:1.54,None,None,22.26;World Championships Pau 2017; qp:0,None,None,None,None,None,None,None,None,None,None,None,None,None,None,None,None,None,None,None,None,None,None,None,None,None,None,None,None,None,None,None,None,None,None,None,None,None,None,None,None,None,None,None,None,None,None,None,None,None
39bca4573fb40baedfae8f46d9d5d83b,1778586295805429,Jiri PRSKAVEC,PRSKAVEC,Jiri,2019-06-28,2019,MK1,CZE,26,3,1.96,3.38;World Cup Tacen 2019; qp:0,5.01;World Cup Bratislava 2019; qp:0,1.43;World Cup Lee Valley 2019; qp:0,None,None,None,None,5.77;Pyrenees Cup La Seu 2019; qp:5.77,7.79;Pyrenees Cup Pau 2019; qp:5.68,None,None,None,16.59;Oceania Championships Penrith 2019; qp:2.13,22.67;ICF World ranking Penrith 2019; qp:2.1,None,None,"1.61;World Championships Deodoro, Rio 2018; qp:0",None,3.76;World Cup La Seu 2018; qp:0,20.2;World Cup Tacen 2018; qp:0,None,7.09;ICF World ranking Prague 2018; qp:6.66,None,None,None,None,None,0.38;World Cup Augsburg 2018; qp:0,3.45;World Cup Krakow 2018; qp:0,3.76;World Cup Liptovsky Mikulas 2018; qp:0,None,None,None,None,None,13.94;ICF World ranking Markkleeberg 2018; qp:3.94,None,None,None,10.91;ICF World ranking Penrith 2018; qp:1.54,None,None,22.26;World Championships Pau 2017; qp:0,None,2.98;World Cup La Seu 2017; qp:0,None,None,None,None,None,None,None,None,None,None,None,None,None,None,None,None,None,None,None,None,None,None,None,None,None,None,None,None,None,None,None,None,None,None,None,None,None,None,None,None,None,None,None,None,None,None,None,None,None,None,None,None,None,None,None
066cf38abe81a754b04227d1f8dce286,1778586295805429,Jiri PRSKAVEC,PRSKAVEC,Jiri,2019-05-11,2019,MK1,CZE,26,3,1.44,None,None,5.77;Pyrenees Cup La Seu 2019; qp:5.77,7.79;Pyrenees Cup Pau 2019; qp:5.68,None,None,None,16.59;Oceania Championships Penrith 2019; qp:2.13,22.67;ICF World ranking Penrith 2019; qp:2.1,None,None,"1.61;World Championships Deodoro, Rio 2018; qp:0",None,3.76;World Cup La Seu 2018; qp:0,20.2;World Cup Tacen 2018; qp:0,None,7.09;ICF World ranking Prague 2018; qp:6.66,None,None,None,None,None,0.38;World Cup Augsburg 2018; qp:0,3.45;World Cup Krakow 2018; qp:0,3.76;World Cup Liptovsky Mikulas 2018; qp:0,None,None,None,None,None,13.94;ICF World ranking Markkleeberg 2018; qp:3.94,None,None,None,10.91;ICF World ranking Penrith 2018; qp:1.54,None,None,None,22.26;World Championships Pau 2017; qp:0,None,2.98;World Cup La Seu 2017; qp:0,None,None,None,None,11.46;World Cup Markkleeberg 2017; qp:0,0.82;World Cup Augsburg 2017; qp:0,1.41;World Cup Prague 2017; qp:0,None,None,None,None,None,None,None,None,None,None,None,None,None,None,None,None,None,None,None,None,None,None,None,None,None,None,None,None,None,None,None,None,None,None,None,None,None,None,None,None,None,None,None,None,None,None,None,None,None,None,None,None
1ed10c6797c097b12eb2d1af4ef89728,1778586295805429,Jiri PRSKAVEC,PRSKAVEC,Jiri,2018-09-25,2018,MK1,CZE,25,3,1.44,"1.61;World Championships Deodoro, Rio 2018; qp:0",None,3.76;World Cup La Seu 2018; qp:0,20.2;World Cup Tacen 2018; qp:0,None,7.09;ICF World ranking Prague 2018; qp:6.66,None,None,None,None,None,0.38;World Cup Augsburg 2018; qp:0,3.45;World Cup Krakow 2018; qp:0,3.76;World Cup Liptovsky Mikulas 2018; qp:0,None,None,None,None,None,13.94;ICF World ranking Markkleeberg 2018; qp:3.94,None,None,None,10.91;ICF World ranking Penrith 2018; qp:1.54,None,None,None,22.26;World Championships Pau 2017; qp:0,None,2.98;World Cup La Seu 2017; qp:0,None,None,None,None,11.46;World Cup Markkleeberg 2017; qp:0,0.82;World Cup Augsburg 2017; qp:0,1.41;World Cup Prague 2017; qp:0,None,None,None,None,4;ICF World ranking Markkleeberg 2017; qp:4,None,None,3.85;ICF World ranking Penrith 2017; qp:3.85,None,None,None,None,None,None,None,None,None,None,None,None,None,None,None,None,None,None,None,None,None,None,None,None,None,None,None,None,None,None,None,None,None,None,None,None,None,None,None,None,None,None,None,None,None,None,None,None,None,None,None,None,None,None,None
7aca7fe9a3375374a7f2e479286ced62,1778586295805429,Jiri PRSKAVEC,PRSKAVEC,Jiri,2018-09-07,2018,MK1,CZE,25,3,1.27,3.76;World Cup La Seu 2018; qp:0,20.2;World Cup Tacen 2018; qp:0,None,7.09;ICF World ranking Prague 2018; qp:6.66,None,None,None,None,None,0.38;World Cup Augsburg 2018; qp:0,3.45;World Cup Krakow 2018; qp:0,3.76;World Cup Liptovsky Mikulas 2018; qp:0,None,None,None,None,None,13.94;ICF World ranking Markkleeberg 2018; qp:3.94,None,None,None,10.91;ICF World ranking Penrith 2018; qp:1.54,None,None,None,22.26;World Championships Pau 2017; qp:0,None,2.98;World Cup La Seu 2017; qp:0,None,None,None,None,11.46;World Cup Markkleeberg 2017; qp:0,0.82;World Cup Augsburg 2017; qp:0,1.41;World Cup Prague 2017; qp:0,None,None,None,None,4;ICF World ranking Markkleeberg 2017; qp:4,None,None,3.85;ICF World ranking Penrith 2017; qp:3.85,None,None,None,"0.78;Olympic Games Deodoro, Rio 2016; qp:0",None,None,None,None,None,None,None,None,None,None,None,None,None,None,None,None,None,None,None,None,None,None,None,None,None,None,None,None,None,None,None,None,None,None,None,None,None,None,None,None,None,None,None,None,None,None,None,None,None,None,None,None,None
d1b73af03128fd1d0c689db3e5bc6423,1778586295805429,Jiri PRSKAVEC,PRSKAVEC,Jiri,2018-07-06,2018,MK1,CZE,25,3,0.68,0.38;World Cup Augsburg 2018; qp:0,3.45;World Cup Krakow 2018; qp:0,3.76;World Cup Liptovsky Mikulas 2018; qp:0,None,None,None,None,None,13.94;ICF World ranking Markkleeberg 2018; qp:3.94,None,None,None,10.91;ICF World ranking Penrith 2018; qp:1.54,None,None,None,22.26;World Championships Pau 2017; qp:0,None,2.98;World Cup La Seu 2017; qp:0,None,None,None,None,11.46;World Cup Markkleeberg 2017; qp:0,0.82;World Cup Augsburg 2017; qp:0,1.41;World Cup Prague 2017; qp:0,None,None,None,None,4;ICF World ranking Markkleeberg 2017; qp:4,None,None,3.85;ICF World ranking Penrith 2017; qp:3.85,None,None,None,None,0;World Cup Prague 2016; qp:0,"0.78;Olympic Games Deodoro, Rio 2016; qp:0",29.28;World Championships Krakow 2016; qp:9.28,None,None,None,None,None,None,None,None,None,None,None,None,None,None,None,None,None,None,None,None,None,None,None,None,None,None,None,None,None,None,None,None,None,None,None,None,None,None,None,None,None,None,None,None,None,None,None,None,None,None,None,None,None,None,None,None,None,None,None
118dc40466167886cf3ebd0d3c272c47,1778586295805429,Jiri PRSKAVEC,PRSKAVEC,Jiri,2018-06-08,2018,MK1,CZE,25,3,1.2,None,None,None,None,None,13.94;ICF World ranking Markkleeberg 2018; qp:3.94,None,None,None,10.91;ICF World ranking Penrith 2018; qp:1.54,None,None,None,22.26;World Championships Pau 2017; qp:0,None,2.98;World Cup La Seu 2017; qp:0,None,None,None,None,11.46;World Cup Markkleeberg 2017; qp:0,0.82;World Cup Augsburg 2017; qp:0,1.41;World Cup Prague 2017; qp:0,None,None,None,None,4;ICF World ranking Markkleeberg 2017; qp:4,None,None,3.85;ICF World ranking Penrith 2017; qp:3.85,None,None,None,None,0;World Cup Prague 2016; qp:0,"0.78;Olympic Games Deodoro, Rio 2016; qp:0",29.28;World Championships Krakow 2016; qp:9.28,None,None,None,None,None,None,None,None,None,None,None,None,None,None,None,None,None,None,None,None,None,None,None,None,None,None,None,None,None,None,None,None,None,None,None,None,None,None,None,None,None,None,None,None,None,None,None,None,None,None,None,None,None,None,None,None,None,None,None,None,None,None
71e7712e18a730559286dfab43ccaf32,1778586295805429,Jiri PRSKAVEC,PRSKAVEC,Jiri,2017-09-27,2017,MK1,CZE,24,3,1.2,22.26;World Championships Pau 2017; qp:0,None,2.98;World Cup La Seu 2017; qp:0,None,None,None,None,11.46;World Cup Markkleeberg 2017; qp:0,0.82;World Cup Augsburg 2017; qp:0,1.41;World Cup Prague 2017; qp:0,None,None,None,None,4;ICF World ranking Markkleeberg 2017; qp:4,None,None,3.85;ICF World ranking Penrith 2017; qp:3.85,None,None,None,None,0;World Cup Prague 2016; qp:0,"0.78;Olympic Games Deodoro, Rio 2016; qp:0",29.28;World Championships Krakow 2016; qp:9.28,None,None,None,None,None,None,None,None,None,None,None,None,None,23.22;ICF World ranking Penrith 2016; qp:4.2,None,None,None,None,None,None,None,None,None,None,None,None,None,None,None,None,None,None,None,None,None,None,None,None,None,None,None,None,None,None,None,None,None,None,None,None,None,None,None,None,None,None,None,None,None,None,None,None,None,None,None,None,None,None,None,None,None,None,None,None,None
789c6f22166b298bd8b1a21232579fba,1778586295805429,Jiri PRSKAVEC,PRSKAVEC,Jiri,2017-09-08,2017,MK1,CZE,24,2,0.6,2.98;World Cup La Seu 2017; qp:0,None,None,None,None,11.46;World Cup Markkleeberg 2017; qp:0,0.82;World Cup Augsburg 2017; qp:0,1.41;World Cup Prague 2017; qp:0,None,None,None,None,4;ICF World ranking Markkleeberg 2017; qp:4,None,None,3.85;ICF World ranking Penrith 2017; qp:3.85,None,None,None,None,0;World Cup Prague 2016; qp:0,"0.78;Olympic Games Deodoro, Rio 2016; qp:0",29.28;World Championships Krakow 2016; qp:9.28,None,None,None,None,None,None,None,None,None,None,None,None,None,23.22;ICF World ranking Penrith 2016; qp:4.2,None,0;World Championships Lee Valley 2015; qp:0,None,None,None,None,None,None,None,None,None,None,None,None,None,None,None,None,None,None,None,None,None,None,None,None,None,None,None,None,None,None,None,None,None,None,None,None,None,None,None,None,None,None,None,None,None,None,None,None,None,None,None,None,None,None,None,None,None,None,None,None,None
69332bdcc199412f045645b824610623,1778586295805429,Jiri PRSKAVEC,PRSKAVEC,Jiri,2017-06-30,2017,MK1,CZE,24,1,0.6,11.46;World Cup Markkleeberg 2017; qp:0,0.82;World Cup Augsburg 2017; qp:0,1.41;World Cup Prague 2017; qp:0,None,None,None,None,4;ICF World ranking Markkleeberg 2017; qp:4,None,None,3.85;ICF World ranking Penrith 2017; qp:3.85,None,None,None,None,0;World Cup Prague 2016; qp:0,"0.78;Olympic Games Deodoro, Rio 2016; qp:0",29.28;World Championships Krakow 2016; qp:9.28,None,None,None,None,None,None,None,None,None,None,None,None,None,23.22;ICF World ranking Penrith 2016; qp:4.2,None,0;World Championships Lee Valley 2015; qp:0,None,None,None,None,15.87;World Championships Foz do Iguassu 2015; qp:15.87,None,None,None,None,None,None,None,None,None,None,None,None,None,None,None,None,None,None,None,None,None,None,None,None,None,None,None,None,None,None,None,None,None,None,None,None,None,None,None,None,None,None,None,None,None,None,None,None,None,None,None,None,None,None,None,None,None,None,None,None,None
0f3e05b46532650e3c55e39ae23b9cc0,1778586295805429,Jiri PRSKAVEC,PRSKAVEC,Jiri,2017-05-26,2017,MK1,CZE,24,1,0.93,None,None,None,None,4;ICF World ranking Markkleeberg 2017; qp:4,None,None,3.85;ICF World ranking Penrith 2017; qp:3.85,None,None,None,None,0;World Cup Prague 2016; qp:0,"0.78;Olympic Games Deodoro, Rio 2016; qp:0",29.28;World Championships Krakow 2016; qp:9.28,None,None,None,None,None,None,None,None,None,None,None,None,None,23.22;ICF World ranking Penrith 2016; qp:4.2,None,0;World Championships Lee Valley 2015; qp:0,None,None,17.44;World Cup Liptovsky Mikulas 2015; qp:0,15.38;World Cup Krakow 2015; qp:0,0;World Cup Prague 2015; qp:0,None,None,15.87;World Championships Foz do Iguassu 2015; qp:15.87,None,None,None,None,None,None,None,None,None,None,None,None,None,None,None,None,None,None,None,None,None,None,None,None,None,None,None,None,None,None,None,None,None,None,None,None,None,None,None,None,None,None,None,None,None,None,None,None,None,None,None,None,None,None,None,None,None,None,None,None,None
33ff5a9fe1da033587cb722fc3ea4ec6,1778586295805429,Jiri PRSKAVEC,PRSKAVEC,Jiri,2016-09-09,2016,MK1,CZE,23,1,0.86,None,0;World Cup Prague 2016; qp:0,"0.78;Olympic Games Deodoro, Rio 2016; qp:0",29.28;World Championships Krakow 2016; qp:9.28,None,None,None,None,None,None,None,None,None,None,None,None,None,23.22;ICF World ranking Penrith 2016; qp:4.2,None,0;World Championships Lee Valley 2015; qp:0,None,None,None,17.44;World Cup Liptovsky Mikulas 2015; qp:0,15.38;World Cup Krakow 2015; qp:0,0;World Cup Prague 2015; qp:0,None,None,None,None,None,None,15.87;World Championships Foz do Iguassu 2015; qp:15.87,None,3.5;ICF World ranking Markleeberg 2015; qp:3.5,None,20.94;ICF World ranking Penrith 2015; qp:4.3,None,None,None,None,None,None,None,None,None,None,None,None,None,None,None,None,None,None,None,None,None,None,None,None,None,None,None,None,None,None,None,None,None,None,None,None,None,None,None,None,None,None,None,None,None,None,None,None,None,None,None,None,None,None,None,None,None,None,None,None,None,None,None
fccced7f13c5d0b014c51cba1928388f,1778586295805429,Jiri PRSKAVEC,PRSKAVEC,Jiri,2016-08-07,2016,MK1,CZE,23,7,3.76,"0.78;Olympic Games Deodoro, Rio 2016; qp:0",29.28;World Championships Krakow 2016; qp:9.28,None,None,None,None,None,None,None,None,None,None,None,None,None,23.22;ICF World ranking Penrith 2016; qp:4.2,None,0;World Championships Lee Valley 2015; qp:0,None,None,None,17.44;World Cup Liptovsky Mikulas 2015; qp:0,15.38;World Cup Krakow 2015; qp:0,0;World Cup Prague 2015; qp:0,None,None,None,None,None,None,15.87;World Championships Foz do Iguassu 2015; qp:15.87,None,3.5;ICF World ranking Markleeberg 2015; qp:3.5,None,20.94;ICF World ranking Penrith 2015; qp:4.3,None,19.12;World Championships Deep Creek 2014; qp:0,16.39;World Cup Augsburg 2014; qp:0,14.52;World Cup La Seu 2014; qp:0,None,None,None,None,None,None,None,None,None,None,None,None,None,None,None,None,None,None,None,None,None,None,None,None,None,None,None,None,None,None,None,None,None,None,None,None,None,None,None,None,None,None,None,None,None,None,None,None,None,None,None,None,None,None,None,None,None,None,None,None,None
3be45a0668ac316bc76f1199aaea61b7,1778586295805429,Jiri PRSKAVEC,PRSKAVEC,Jiri,2016-06-17,2016,MK1,CZE,23,11,6.31,None,None,None,None,None,None,None,None,None,None,None,None,23.22;ICF World ranking Penrith 2016; qp:4.2,None,0;World Championships Lee Valley 2015; qp:0,None,None,None,17.44;World Cup Liptovsky Mikulas 2015; qp:0,15.38;World Cup Krakow 2015; qp:0,0;World Cup Prague 2015; qp:0,None,None,None,None,None,None,15.87;World Championships Foz do Iguassu 2015; qp:15.87,None,3.5;ICF World ranking Markleeberg 2015; qp:3.5,None,20.94;ICF World ranking Penrith 2015; qp:4.3,None,19.12;World Championships Deep Creek 2014; qp:0,16.39;World Cup Augsburg 2014; qp:0,14.52;World Cup La Seu 2014; qp:0,None,None,13.55;ICF World ranking Penrith 2014; qp:11.02,None,None,None,None,None,None,None,None,None,None,None,None,None,None,None,None,None,None,None,None,None,None,None,None,None,None,None,None,None,None,None,None,None,None,None,None,None,None,None,None,None,None,None,None,None,None,None,None,None,None,None,None,None,None,None,None,None,None,None,None,None
35c13081625b9ef7d7c16046a4a3d938,1778586295805429,Jiri PRSKAVEC,PRSKAVEC,Jiri,2016-04-30,2016,MK1,CZE,23,4,4.51,None,None,None,None,None,None,None,None,23.22;ICF World ranking Penrith 2016; qp:4.2,None,0;World Championships Lee Valley 2015; qp:0,None,None,None,17.44;World Cup Liptovsky Mikulas 2015; qp:0,15.38;World Cup Krakow 2015; qp:0,0;World Cup Prague 2015; qp:0,None,None,None,None,None,15.87;World Championships Foz do Iguassu 2015; qp:15.87,None,None,3.5;ICF World ranking Markleeberg 2015; qp:3.5,None,20.94;ICF World ranking Penrith 2015; qp:4.3,None,19.12;World Championships Deep Creek 2014; qp:0,None,16.39;World Cup Augsburg 2014; qp:0,14.52;World Cup La Seu 2014; qp:0,None,5.49;World Cup Prague 2014; qp:0,31.42;World Cup Tacen 2014; qp:0,14.24;World Cup Lee Valley 2014; qp:0,None,13.55;ICF World ranking Penrith 2014; qp:11.02,None,None,None,None,None,None,None,None,None,None,None,None,None,None,None,None,None,None,None,None,None,None,None,None,None,None,None,None,None,None,None,None,None,None,None,None,None,None,None,None,None,None,None,None,None,None,None,None,None,None,None,None,None,None,None,None,None,None,None,None,None
77aee944b6d0bf6edef04c1c12a112b6,1778586295805429,Jiri PRSKAVEC,PRSKAVEC,Jiri,2015-09-16,2015,MK1,CZE,22,5,4.51,0;World Championships Lee Valley 2015; qp:0,None,None,None,17.44;World Cup Liptovsky Mikulas 2015; qp:0,15.38;World Cup Krakow 2015; qp:0,0;World Cup Prague 2015; qp:0,None,None,None,None,None,None,15.87;World Championships Foz do Iguassu 2015; qp:15.87,None,3.5;ICF World ranking Markleeberg 2015; qp:3.5,None,20.94;ICF World ranking Penrith 2015; qp:4.3,None,19.12;World Championships Deep Creek 2014; qp:0,None,16.39;World Cup Augsburg 2014; qp:0,14.52;World Cup La Seu 2014; qp:0,None,None,5.49;World Cup Prague 2014; qp:0,31.42;World Cup Tacen 2014; qp:0,14.24;World Cup Lee Valley 2014; qp:0,None,None,None,None,None,None,13.55;ICF World ranking Penrith 2014; qp:11.02,None,None,None,None,None,None,None,None,None,None,None,None,None,None,None,None,None,None,None,None,None,None,None,None,None,None,None,None,None,None,None,None,None,None,None,None,None,None,None,None,None,None,None,None,None,None,None,None,None,None,None,None,None,None,None,None,None,None,None,None,None,None,None,None,None
ad0baf9b2cb481656d40d320e6b86f1c,1778586295805429,Jiri PRSKAVEC,PRSKAVEC,Jiri,2015-08-14,2015,MK1,CZE,22,5,4.95,None,None,None,17.44;World Cup Liptovsky Mikulas 2015; qp:0,15.38;World Cup Krakow 2015; qp:0,0;World Cup Prague 2015; qp:0,None,None,None,None,None,None,15.87;World Championships Foz do Iguassu 2015; qp:15.87,None,3.5;ICF World ranking Markleeberg 2015; qp:3.5,None,20.94;ICF World ranking Penrith 2015; qp:4.3,None,19.12;World Championships Deep Creek 2014; qp:0,None,16.39;World Cup Augsburg 2014; qp:0,14.52;World Cup La Seu 2014; qp:0,None,None,5.49;World Cup Prague 2014; qp:0,31.42;World Cup Tacen 2014; qp:0,14.24;World Cup Lee Valley 2014; qp:0,None,None,None,None,None,None,13.55;ICF World ranking Penrith 2014; qp:11.02,None,None,None,None,None,2.19;World Championships Prague 2013; qp:0,None,None,None,None,None,None,None,None,None,None,None,None,None,None,None,None,None,None,None,None,None,None,None,None,None,None,None,None,None,None,None,None,None,None,None,None,None,None,None,None,None,None,None,None,None,None,None,None,None,None,None,None,None,None,None,None,None,None,None,None
1349b3f5609e4980801eb9f73a39b77c,1778586295805429,Jiri PRSKAVEC,PRSKAVEC,Jiri,2015-07-03,2015,MK1,CZE,22,6,4.95,17.44;World Cup Liptovsky Mikulas 2015; qp:0,15.38;World Cup Krakow 2015; qp:0,0;World Cup Prague 2015; qp:0,None,None,None,None,None,15.87;World Championships Foz do Iguassu 2015; qp:15.87,None,None,3.5;ICF World ranking Markleeberg 2015; qp:3.5,None,20.94;ICF World ranking Penrith 2015; qp:4.3,None,19.12;World Championships Deep Creek 2014; qp:0,None,16.39;World Cup Augsburg 2014; qp:0,14.52;World Cup La Seu 2014; qp:0,None,None,5.49;World Cup Prague 2014; qp:0,31.42;World Cup Tacen 2014; qp:0,14.24;World Cup Lee Valley 2014; qp:0,None,None,None,None,None,None,13.55;ICF World ranking Penrith 2014; qp:11.02,None,None,None,None,None,2.19;World Championships Prague 2013; qp:0,None,None,None,None,None,None,None,None,None,None,None,None,None,None,None,None,None,None,None,None,None,None,None,None,None,None,None,None,None,None,None,None,None,None,None,None,None,None,None,None,None,None,None,None,None,None,None,None,None,None,None,None,None,None,None,None,None,None,None,None,None,None,None
1ad3fa6e69537a926651f410a036b77a,1778586295805429,Jiri PRSKAVEC,PRSKAVEC,Jiri,2015-06-06,2015,MK1,CZE,22,4,4.91,None,None,None,None,None,15.87;World Championships Foz do Iguassu 2015; qp:15.87,None,None,3.5;ICF World ranking Markleeberg 2015; qp:3.5,None,20.94;ICF World ranking Penrith 2015; qp:4.3,None,19.12;World Championships Deep Creek 2014; qp:0,None,16.39;World Cup Augsburg 2014; qp:0,14.52;World Cup La Seu 2014; qp:0,None,None,5.49;World Cup Prague 2014; qp:0,31.42;World Cup Tacen 2014; qp:0,14.24;World Cup Lee Valley 2014; qp:0,None,None,None,None,None,13.55;ICF World ranking Penrith 2014; qp:11.02,None,None,None,None,None,None,2.19;World Championships Prague 2013; qp:0,None,None,None,None,31.07;World Cup La Seu 2013; qp:0,9.33;World Cup Augsburg 2013; qp:0,5.82;World Cup Cardiff 2013; qp:0,None,None,None,None,None,None,None,None,None,None,None,None,None,None,None,None,None,None,None,None,None,None,None,None,None,None,None,None,None,None,None,None,None,None,None,None,None,None,None,None,None,None,None,None,None,None,None,None,None,None,None,None,None,None,None,None,None,None,None
50e7c0071adbf7adc6a221ed4232abaa,1778586295805429,Jiri PRSKAVEC,PRSKAVEC,Jiri,2014-09-17,2014,MK1,CZE,21,4,4.84,19.12;World Championships Deep Creek 2014; qp:0,None,16.39;World Cup Augsburg 2014; qp:0,14.52;World Cup La Seu 2014; qp:0,None,None,5.49;World Cup Prague 2014; qp:0,31.42;World Cup Tacen 2014; qp:0,14.24;World Cup Lee Valley 2014; qp:0,None,None,None,None,None,13.55;ICF World ranking Penrith 2014; qp:11.02,None,None,None,None,None,None,2.19;World Championships Prague 2013; qp:0,None,None,None,None,31.07;World Cup La Seu 2013; qp:0,9.33;World Cup Augsburg 2013; qp:0,5.82;World Cup Cardiff 2013; qp:0,None,None,None,None,None,None,None,None,None,None,None,None,None,None,None,None,None,None,None,None,None,None,None,None,None,None,None,None,None,None,None,None,None,None,None,None,None,None,None,None,None,None,None,None,None,None,None,None,None,None,None,None,None,None,None,None,None,None,None,None,None,None,None,None,None,None,None,None,None,None,None
3de723d3bea8489bfb096935292a30a3,1778586295805429,Jiri PRSKAVEC,PRSKAVEC,Jiri,2014-08-15,2014,MK1,CZE,21,5,4.84,16.39;World Cup Augsburg 2014; qp:0,14.52;World Cup La Seu 2014; qp:0,None,None,5.49;World Cup Prague 2014; qp:0,31.42;World Cup Tacen 2014; qp:0,14.24;World Cup Lee Valley 2014; qp:0,None,None,None,None,None,None,13.55;ICF World ranking Penrith 2014; qp:11.02,None,None,None,None,None,2.19;World Championships Prague 2013; qp:0,None,None,None,12.28;ICF World ranking Liptovsky Mikulas 2013; qp:10.24,None,None,31.07;World Cup La Seu 2013; qp:0,9.33;World Cup Augsburg 2013; qp:0,5.82;World Cup Cardiff 2013; qp:0,None,None,None,None,None,None,None,9.01;ICF World ranking Liptovsky Mikulas 2013; qp:7.76,None,15.52;ICF World ranking Markleeberg 2013; qp:2.01,None,None,1.69;ICF World ranking Penrith 2013; qp:1.69,None,None,None,None,None,None,None,None,None,None,None,None,None,None,None,None,None,None,None,None,None,None,None,None,None,None,None,None,None,None,None,None,None,None,None,None,None,None,None,None,None,None,None,None,None,None,None,None,None,None,None,None,None,None,None,None,None,None
92dea43afaeee2733652e144ea60bc87,1778586295805429,Jiri PRSKAVEC,PRSKAVEC,Jiri,2014-06-20,2014,MK1,CZE,21,7,4.84,5.49;World Cup Prague 2014; qp:0,31.42;World Cup Tacen 2014; qp:0,14.24;World Cup Lee Valley 2014; qp:0,None,None,None,None,None,13.55;ICF World ranking Penrith 2014; qp:11.02,None,None,None,None,None,None,2.19;World Championships Prague 2013; qp:0,None,None,None,12.28;ICF World ranking Liptovsky Mikulas 2013; qp:10.24,None,None,31.07;World Cup La Seu 2013; qp:0,9.33;World Cup Augsburg 2013; qp:0,5.82;World Cup Cardiff 2013; qp:0,None,None,None,None,None,None,None,9.01;ICF World ranking Liptovsky Mikulas 2013; qp:7.76,None,15.52;ICF World ranking Markleeberg 2013; qp:2.01,None,None,1.69;ICF World ranking Penrith 2013; qp:1.69,None,92.86;World Cup Bratislava 2012; qp:0,None,None,None,None,None,None,None,None,None,None,None,None,None,None,None,None,None,None,None,None,None,None,None,None,None,None,None,None,None,None,None,None,None,None,None,None,None,None,None,None,None,None,None,None,None,None,None,None,None,None,None,None,None,None,None,None,None,None,None,None
bd7c0396b99c60b069211d6706699c63,1778586295805429,Jiri PRSKAVEC,PRSKAVEC,Jiri,2014-05-23,2014,MK1,CZE,21,9,5.61,None,None,None,None,None,13.55;ICF World ranking Penrith 2014; qp:11.02,None,None,None,None,None,None,2.19;World Championships Prague 2013; qp:0,None,None,None,12.28;ICF World ranking Liptovsky Mikulas 2013; qp:10.24,None,None,31.07;World Cup La Seu 2013; qp:0,9.33;World Cup Augsburg 2013; qp:0,5.82;World Cup Cardiff 2013; qp:0,None,None,None,None,None,None,None,None,None,15.52;ICF World ranking Markleeberg 2013; qp:2.01,None,None,1.69;ICF World ranking Penrith 2013; qp:1.69,None,92.86;World Cup Bratislava 2012; qp:0,None,None,None,None,None,None,None,None,None,None,None,None,None,None,None,None,None,None,None,None,None,None,None,None,None,None,None,None,None,None,None,None,None,None,None,None,None,None,None,None,None,None,None,None,None,None,None,None,None,None,None,None,None,None,None,None,None,None,None,None,None,None,None
06b1d9b0e8047dd126c21e7d5d24c8a5,1778586295805429,Jiri PRSKAVEC,PRSKAVEC,Jiri,2013-09-11,2013,MK1,CZE,20,11,5.4,2.19;World Championships Prague 2013; qp:0,None,None,None,12.28;ICF World ranking Liptovsky Mikulas 2013; qp:10.24,None,None,31.07;World Cup La Seu 2013; qp:0,9.33;World Cup Augsburg 2013; qp:0,5.82;World Cup Cardiff 2013; qp:0,None,None,None,None,None,None,None,9.01;ICF World ranking Liptovsky Mikulas 2013; qp:7.76,None,15.52;ICF World ranking Markleeberg 2013; qp:2.01,None,None,1.69;ICF World ranking Penrith 2013; qp:1.69,None,92.86;World Cup Bratislava 2012; qp:0,None,None,8.28;ICF World ranking Wausau 2012; qp:8.28,None,None,None,None,None,None,9.98;ICF World ranking Liptovsky Mikulas 2012; qp:7.18,None,None,None,None,None,29.27;Oceania Championships Penrith 2012; qp:1.41,18.81;ICF World ranking Penrith 2012; qp:1.73,None,None,None,None,None,None,None,None,None,None,None,None,None,None,None,None,None,None,None,None,None,None,None,None,None,None,None,None,None,None,None,None,None,None,None,None,None,None,None,None,None,None,None,None,None,None,None,None,None,None,None,None,None,None,None,None,None,None
88a57f6bee4da56c69067f3a718f71fb,1778586295805429,Jiri PRSKAVEC,PRSKAVEC,Jiri,2013-08-23,2013,MK1,CZE,20,12,6.83,None,None,None,12.28;ICF World ranking Liptovsky Mikulas 2013; qp:10.24,None,None,31.07;World Cup La Seu 2013; qp:0,9.33;World Cup Augsburg 2013; qp:0,5.82;World Cup Cardiff 2013; qp:0,None,None,None,None,None,None,None,9.01;ICF World ranking Liptovsky Mikulas 2013; qp:7.76,None,15.52;ICF World ranking Markleeberg 2013; qp:2.01,None,None,1.69;ICF World ranking Penrith 2013; qp:1.69,None,92.86;World Cup Bratislava 2012; qp:0,None,None,8.28;ICF World ranking Wausau 2012; qp:8.28,None,None,None,None,None,None,9.98;ICF World ranking Liptovsky Mikulas 2012; qp:7.18,None,None,None,None,None,29.27;Oceania Championships Penrith 2012; qp:1.41,18.81;ICF World ranking Penrith 2012; qp:1.73,None,None,12.25;ICF World ranking Bratislava 2011; qp:0,None,None,None,None,None,None,None,None,None,None,None,None,None,None,None,None,None,None,None,None,None,None,None,None,None,None,None,None,None,None,None,None,None,None,None,None,None,None,None,None,None,None,None,None,None,None,None,None,None,None,None,None,None,None,None,None
d28790ae6467db959ee18d81f3d8002c,1778586295805429,Jiri PRSKAVEC,PRSKAVEC,Jiri,2013-05-25,2013,MK1,CZE,20,11,5.77,None,None,None,None,None,None,None,9.01;ICF World ranking Liptovsky Mikulas 2013; qp:7.76,None,15.52;ICF World ranking Markleeberg 2013; qp:2.01,None,None,1.69;ICF World ranking Penrith 2013; qp:1.69,None,92.86;World Cup Bratislava 2012; qp:0,None,None,8.28;ICF World ranking Wausau 2012; qp:8.28,None,None,None,None,None,None,9.98;ICF World ranking Liptovsky Mikulas 2012; qp:7.18,None,None,None,None,None,29.27;Oceania Championships Penrith 2012; qp:1.41,18.81;ICF World ranking Penrith 2012; qp:1.73,None,None,12.25;ICF World ranking Bratislava 2011; qp:0,5.6;World Cup Prague 2011; qp:0,None,None,None,14.7;World Cup Tacen 2011; qp:0,None,None,None,None,None,None,None,None,None,None,None,None,None,None,None,None,None,None,None,None,None,None,None,None,None,None,None,None,None,None,None,None,None,None,None,None,None,None,None,None,None,None,None,None,None,None,None,None,None,None,None,None,None,None,None,None,None,None,None,None
98791fa90a738ad7465dcfbebef4d3be,1778586295805429,Jiri PRSKAVEC,PRSKAVEC,Jiri,2013-04-13,2013,MK1,CZE,20,13,5.97,None,15.52;ICF World ranking Markleeberg 2013; qp:2.01,None,None,1.69;ICF World ranking Penrith 2013; qp:1.69,None,92.86;World Cup Bratislava 2012; qp:0,None,None,8.28;ICF World ranking Wausau 2012; qp:8.28,None,None,None,None,None,None,9.98;ICF World ranking Liptovsky Mikulas 2012; qp:7.18,None,None,None,None,None,29.27;Oceania Championships Penrith 2012; qp:1.41,18.81;ICF World ranking Penrith 2012; qp:1.73,None,None,12.25;ICF World ranking Bratislava 2011; qp:0,5.6;World Cup Prague 2011; qp:0,None,None,None,14.7;World Cup Tacen 2011; qp:0,None,10.44;ICF World ranking Tacen 2011; qp:3.34,None,None,None,None,None,None,None,None,None,None,None,None,None,None,None,None,None,None,None,None,None,None,None,None,None,None,None,None,None,None,None,None,None,None,None,None,None,None,None,None,None,None,None,None,None,None,None,None,None,None,None,None,None,None,None,None,None,None,None,None,None,None,None,None,None,None
a319269dfc691489ae5fc86d68b1f947,1778586295805429,Jiri PRSKAVEC,PRSKAVEC,Jiri,2012-08-31,2012,MK1,CZE,19,19,6.06,92.86;World Cup Bratislava 2012; qp:0,None,None,8.28;ICF World ranking Wausau 2012; qp:8.28,None,None,None,None,None,None,9.98;ICF World ranking Liptovsky Mikulas 2012; qp:7.18,None,None,None,None,None,29.27;Oceania Championships Penrith 2012; qp:1.41,18.81;ICF World ranking Penrith 2012; qp:1.73,None,None,12.25;ICF World ranking Bratislava 2011; qp:0,5.6;World Cup Prague 2011; qp:0,None,None,4.29;World Cup Argentiere la Bessee 2011; qp:0,14.7;World Cup Tacen 2011; qp:0,None,10.44;ICF World ranking Tacen 2011; qp:3.34,None,None,None,11.88;ICF World ranking Solkan 2011; qp:4.33,23.88;ICF World ranking Penrith 2011; qp:2.17,11.12;Oceania Championships Mangahao 2011; qp:7.13,None,None,None,None,None,None,None,None,None,None,None,None,None,None,None,None,None,None,None,None,None,None,None,None,None,None,None,None,None,None,None,None,None,None,None,None,None,None,None,None,None,None,None,None,None,None,None,None,None,None,None,None,None,None,None,None,None,None,None,None,None,None,None,None,None,None
bf03b1c4edb97cea3d7a606d64ab1be4,1778586295805429,Jiri PRSKAVEC,PRSKAVEC,Jiri,2012-07-28,2012,MK1,CZE,19,18,6.06,None,8.28;ICF World ranking Wausau 2012; qp:8.28,None,None,None,None,None,None,9.98;ICF World ranking Liptovsky Mikulas 2012; qp:7.18,None,None,None,None,None,29.27;Oceania Championships Penrith 2012; qp:1.41,18.81;ICF World ranking Penrith 2012; qp:1.73,None,None,12.25;ICF World ranking Bratislava 2011; qp:0,5.6;World Cup Prague 2011; qp:0,None,None,4.29;World Cup Argentiere la Bessee 2011; qp:0,14.7;World Cup Tacen 2011; qp:0,None,10.44;ICF World ranking Tacen 2011; qp:3.34,None,None,None,11.88;ICF World ranking Solkan 2011; qp:4.33,23.88;ICF World ranking Penrith 2011; qp:2.17,11.12;Oceania Championships Mangahao 2011; qp:7.13,None,None,None,None,None,None,None,None,None,None,None,None,None,None,None,None,None,None,None,None,None,None,None,None,None,None,None,None,None,None,None,None,None,None,None,None,None,None,None,None,None,None,None,None,None,None,None,None,None,None,None,None,None,None,None,None,None,None,None,None,None,None,None,None,None,None,None,None
9ebcfafdd612cd3569c0243d41e1c6bc,1778586295805429,Jiri PRSKAVEC,PRSKAVEC,Jiri,2012-06-22,2012,MK1,CZE,19,22,6.62,None,None,None,None,9.98;ICF World ranking Liptovsky Mikulas 2012; qp:7.18,None,None,None,None,None,29.27;Oceania Championships Penrith 2012; qp:1.41,18.81;ICF World ranking Penrith 2012; qp:1.73,None,None,12.25;ICF World ranking Bratislava 2011; qp:0,5.6;World Cup Prague 2011; qp:0,None,None,4.29;World Cup Argentiere la Bessee 2011; qp:0,14.7;World Cup Tacen 2011; qp:0,None,10.44;ICF World ranking Tacen 2011; qp:3.34,None,None,None,11.88;ICF World ranking Solkan 2011; qp:4.33,23.88;ICF World ranking Penrith 2011; qp:2.17,11.12;Oceania Championships Mangahao 2011; qp:7.13,None,None,None,None,None,47.68;World Championships Foix 2010; qp:28.54,None,None,None,None,None,None,None,None,None,None,None,None,None,None,None,None,None,None,None,None,None,None,None,None,None,None,None,None,None,None,None,None,None,None,None,None,None,None,None,None,None,None,None,None,None,None,None,None,None,None,None,None,None,None,None,None,None,None,None,None,None,None,None,None,None,None
142011e6108567b8822ddbc7f76b1611,1778586295805429,Jiri PRSKAVEC,PRSKAVEC,Jiri,2012-05-05,2012,MK1,CZE,19,17,6.62,None,9.98;ICF World ranking Liptovsky Mikulas 2012; qp:7.18,None,None,None,None,None,29.27;Oceania Championships Penrith 2012; qp:1.41,18.81;ICF World ranking Penrith 2012; qp:1.73,None,None,12.25;ICF World ranking Bratislava 2011; qp:0,5.6;World Cup Prague 2011; qp:0,None,None,None,14.7;World Cup Tacen 2011; qp:0,None,10.44;ICF World ranking Tacen 2011; qp:3.34,None,None,None,11.88;ICF World ranking Solkan 2011; qp:4.33,23.88;ICF World ranking Penrith 2011; qp:2.17,11.12;Oceania Championships Mangahao 2011; qp:7.13,None,None,None,None,None,47.68;World Championships Foix 2010; qp:28.54,None,None,None,None,None,None,None,None,None,None,None,None,None,None,None,None,None,None,None,None,None,None,None,None,None,None,None,None,None,None,None,None,None,None,None,None,None,None,None,None,None,None,None,None,None,None,None,None,None,None,None,None,None,None,None,None,None,None,None,None,None,None,None,None,None,None,None,None,None
6443341336b903c66fddd3b3679a6738,1778586295805429,Jiri PRSKAVEC,PRSKAVEC,Jiri,2011-09-07,2011,MK1,CZE,18,18,6.78,12.25;ICF World ranking Bratislava 2011; qp:0,5.6;World Cup Prague 2011; qp:0,None,None,4.29;World Cup Argentiere la Bessee 2011; qp:0,14.7;World Cup Tacen 2011; qp:0,None,10.44;ICF World ranking Tacen 2011; qp:3.34,None,None,None,11.88;ICF World ranking Solkan 2011; qp:4.33,23.88;ICF World ranking Penrith 2011; qp:2.17,11.12;Oceania Championships Mangahao 2011; qp:7.13,None,None,None,None,None,47.68;World Championships Foix 2010; qp:28.54,None,None,None,None,33.78;ICF World ranking Bourg St. Maurice 2010; qp:8.94,None,None,None,None,None,27.5;ICF World ranking Solkan 2010; qp:5.52,None,22.93;ICF World ranking Penrith 2010; qp:2.43,None,None,None,None,None,None,None,None,None,None,None,None,None,None,None,None,None,None,None,None,None,None,None,None,None,None,None,None,None,None,None,None,None,None,None,None,None,None,None,None,None,None,None,None,None,None,None,None,None,None,None,None,None,None,None,None,None,None,None,None,None,None,None,None,None,None,None
205cb54b603978a7b3cc21d4fda2dcd7,1778586295805429,Jiri PRSKAVEC,PRSKAVEC,Jiri,2011-08-12,2011,MK1,CZE,18,17,6.78,5.6;World Cup Prague 2011; qp:0,None,None,4.29;World Cup Argentiere la Bessee 2011; qp:0,14.7;World Cup Tacen 2011; qp:0,None,10.44;ICF World ranking Tacen 2011; qp:3.34,None,None,None,11.88;ICF World ranking Solkan 2011; qp:4.33,23.88;ICF World ranking Penrith 2011; qp:2.17,11.12;Oceania Championships Mangahao 2011; qp:7.13,None,None,None,None,None,47.68;World Championships Foix 2010; qp:28.54,None,None,None,None,33.78;ICF World ranking Bourg St. Maurice 2010; qp:8.94,None,None,None,None,None,27.5;ICF World ranking Solkan 2010; qp:5.52,None,22.93;ICF World ranking Penrith 2010; qp:2.43,None,None,None,None,None,None,None,None,None,None,None,None,None,None,None,None,None,None,None,None,None,None,None,None,None,None,None,None,None,None,None,None,None,None,None,None,None,None,None,None,None,None,None,None,None,None,None,None,None,None,None,None,None,None,None,None,None,None,None,None,None,None,None,None,None,None,None,None
dd990f335100a13655fb003a47d7ed95,1778586295805429,Jiri PRSKAVEC,PRSKAVEC,Jiri,2011-07-08,2011,MK1,CZE,18,26,8.62,None,4.29;World Cup Argentiere la Bessee 2011; qp:0,14.7;World Cup Tacen 2011; qp:0,None,10.44;ICF World ranking Tacen 2011; qp:3.34,None,None,None,11.88;ICF World ranking Solkan 2011; qp:4.33,23.88;ICF World ranking Penrith 2011; qp:2.17,11.12;Oceania Championships Mangahao 2011; qp:7.13,None,None,None,None,None,47.68;World Championships Foix 2010; qp:28.54,None,None,None,None,33.78;ICF World ranking Bourg St. Maurice 2010; qp:8.94,None,None,None,None,None,27.5;ICF World ranking Solkan 2010; qp:5.52,None,22.93;ICF World ranking Penrith 2010; qp:2.43,None,None,None,None,None,None,39.83;World Championships Tacen 2009; qp:3.46,39.55;Slovak Open Bratislava 2009; qp:2.82,44.81;ICF World ranking Markkleeberg 2009; qp:2.86,None,None,None,None,None,None,None,None,None,None,None,None,None,None,None,None,None,None,None,None,None,None,None,None,None,None,None,None,None,None,None,None,None,None,None,None,None,None,None,None,None,None,None,None,None,None,None,None,None,None,None,None,None,None,None,None,None,None,None,None,None
e4cfe9579a511bf9b5c810120bfc44b4,1778586295805429,Jiri PRSKAVEC,PRSKAVEC,Jiri,2011-05-21,2011,MK1,CZE,18,38,11.15,10.44;ICF World ranking Tacen 2011; qp:3.34,None,None,None,11.88;ICF World ranking Solkan 2011; qp:4.33,23.88;ICF World ranking Penrith 2011; qp:2.17,11.12;Oceania Championships Mangahao 2011; qp:7.13,None,None,None,None,None,47.68;World Championships Foix 2010; qp:28.54,None,None,None,None,33.78;ICF World ranking Bourg St. Maurice 2010; qp:8.94,None,None,None,None,None,27.5;ICF World ranking Solkan 2010; qp:5.52,None,22.93;ICF World ranking Penrith 2010; qp:2.43,None,None,None,None,None,None,39.83;World Championships Tacen 2009; qp:3.46,39.55;Slovak Open Bratislava 2009; qp:2.82,44.81;ICF World ranking Markkleeberg 2009; qp:2.86,None,None,None,None,None,None,None,None,None,None,None,None,None,None,None,None,None,None,None,None,None,None,None,None,None,None,None,None,None,None,None,None,None,None,None,None,None,None,None,None,None,None,None,None,None,None,None,None,None,None,None,None,None,None,None,None,None,None,None,None,None,None,None,None,None
9f1ef4756e1958daab0477063a80e634,1778586295805429,Jiri PRSKAVEC,PRSKAVEC,Jiri,2010-09-09,2010,MK1,CZE,17,120,30.9,None,None,None,None,47.68;World Championships Foix 2010; qp:28.54,None,None,None,None,33.78;ICF World ranking Bourg St. Maurice 2010; qp:8.94,None,None,None,None,None,27.5;ICF World ranking Solkan 2010; qp:5.52,None,22.93;ICF World ranking Penrith 2010; qp:2.43,None,None,None,None,None,None,39.83;World Championships Tacen 2009; qp:3.46,39.55;Slovak Open Bratislava 2009; qp:2.82,44.81;ICF World ranking Markkleeberg 2009; qp:2.86,None,None,None,None,None,35.43;ICF World ranking Foix 2009; qp:8.77,45.3;ICF World ranking Meran 2009; qp:8.07,None,39.36;Tatra slalom Liptovsky Mikulas 2009; qp:2.36,None,None,None,None,None,None,None,None,None,None,None,None,None,None,None,None,None,None,None,None,None,None,None,None,None,None,None,None,None,None,None,None,None,None,None,None,None,None,None,None,None,None,None,None,None,None,None,None,None,None,None,None,None,None,None,None,None,None,None,None,None,None,None,None
7eab133463ca77d8705b214748b6c3b1,1778586295805429,Jiri PRSKAVEC,PRSKAVEC,Jiri,2010-08-21,2010,MK1,CZE,17,117,30.9,None,None,None,47.68;World Championships Foix 2010; qp:28.54,None,None,None,None,33.78;ICF World ranking Bourg St. Maurice 2010; qp:8.94,None,None,None,None,None,27.5;ICF World ranking Solkan 2010; qp:5.52,None,22.93;ICF World ranking Penrith 2010; qp:2.43,None,None,None,None,None,None,39.83;World Championships Tacen 2009; qp:3.46,39.55;Slovak Open Bratislava 2009; qp:2.82,44.81;ICF World ranking Markkleeberg 2009; qp:2.86,None,None,None,None,None,35.43;ICF World ranking Foix 2009; qp:8.77,45.3;ICF World ranking Meran 2009; qp:8.07,None,39.36;Tatra slalom Liptovsky Mikulas 2009; qp:2.36,None,None,None,None,None,None,None,None,None,None,None,None,None,None,None,None,None,None,None,None,None,None,None,None,None,None,None,None,None,None,None,None,None,None,None,None,None,None,None,None,None,None,None,None,None,None,None,None,None,None,None,None,None,None,None,None,None,None,None,None,None,None,None,None,None
aa661802217b3f950947aea52497f113,1778586295805429,Jiri PRSKAVEC,PRSKAVEC,Jiri,2010-07-02,2010,MK1,CZE,17,124,30.9,None,None,None,None,None,33.78;ICF World ranking Bourg St. Maurice 2010; qp:8.94,None,None,None,None,None,27.5;ICF World ranking Solkan 2010; qp:5.52,None,22.93;ICF World ranking Penrith 2010; qp:2.43,None,None,None,None,None,39.83;World Championships Tacen 2009; qp:3.46,39.55;Slovak Open Bratislava 2009; qp:2.82,44.81;ICF World ranking Markkleeberg 2009; qp:2.86,None,None,None,None,None,35.43;ICF World ranking Foix 2009; qp:8.77,45.3;ICF World ranking Meran 2009; qp:8.07,None,39.36;Tatra slalom Liptovsky Mikulas 2009; qp:2.36,None,None,None,None,None,None,None,None,None,None,None,None,None,None,None,None,None,None,None,None,None,None,None,None,None,None,None,None,None,None,None,None,None,None,None,None,None,None,None,None,None,None,None,None,None,None,None,None,None,None,None,None,None,None,None,None,None,None,None,None,None,None,None,None,None,None,None,None,None
120361ee8fc5d40f0d9478067024555c,1778586295805429,Jiri PRSKAVEC,PRSKAVEC,Jiri,2010-06-05,2010,MK1,CZE,17,117,30.9,None,None,33.78;ICF World ranking Bourg St. Maurice 2010; qp:8.94,None,None,None,None,None,27.5;ICF World ranking Solkan 2010; qp:5.52,None,22.93;ICF World ranking Penrith 2010; qp:2.43,None,None,None,None,None,None,39.83;World Championships Tacen 2009; qp:3.46,39.55;Slovak Open Bratislava 2009; qp:2.82,44.81;ICF World ranking Markkleeberg 2009; qp:2.86,None,None,None,None,None,35.43;ICF World ranking Foix 2009; qp:8.77,45.3;ICF World ranking Meran 2009; qp:8.07,None,39.36;Tatra slalom Liptovsky Mikulas 2009; qp:2.36,None,None,None,None,None,None,None,None,None,None,None,None,None,None,None,None,None,None,None,None,None,None,None,None,None,None,None,None,None,None,None,None,None,None,None,None,None,None,None,None,None,None,None,None,None,None,None,None,None,None,None,None,None,None,None,None,None,None,None,None,None,None,None,None,None,None,None,None,None,None,None
d60496b7ad2b5ad8214e03a84f762448,1778586295805429,Jiri PRSKAVEC,PRSKAVEC,Jiri,2009-10-24,2009,MK1,CZE,16,127,38.11,None,None,None,None,None,39.83;World Championships Tacen 2009; qp:3.46,39.55;Slovak Open Bratislava 2009; qp:2.82,44.81;ICF World ranking Markkleeberg 2009; qp:2.86,None,None,None,None,None,35.43;ICF World ranking Foix 2009; qp:8.77,45.3;ICF World ranking Meran 2009; qp:8.07,None,39.36;Tatra slalom Liptovsky Mikulas 2009; qp:2.36,None,None,None,None,None,None,None,None,None,None,40.58;International race Charlotte 2008; qp:7.28,None,None,None,None,None,None,None,None,None,None,None,None,None,None,None,None,None,None,None,None,None,None,None,None,None,None,None,None,None,None,None,None,None,None,None,None,None,None,None,None,None,None,None,None,None,None,None,None,None,None,None,None,None,None,None,None,None,None,None,None,None,None,None,None,None,None,None,None,None,None,None,None
eac83efc18f06b27e24e411f28ad594d,1778586295805429,Jiri PRSKAVEC,PRSKAVEC,Jiri,2009-08-22,2009,MK1,CZE,16,123,38.11,39.83;World Championships Tacen 2009; qp:3.46,39.55;Slovak Open Bratislava 2009; qp:2.82,44.81;ICF World ranking Markkleeberg 2009; qp:2.86,None,None,None,None,None,35.43;ICF World ranking Foix 2009; qp:8.77,45.3;ICF World ranking Meran 2009; qp:8.07,None,39.36;Tatra slalom Liptovsky Mikulas 2009; qp:2.36,None,None,None,None,None,None,None,None,None,None,40.58;International race Charlotte 2008; qp:7.28,None,None,None,None,None,None,None,None,None,None,None,None,None,None,None,None,None,None,None,None,None,None,None,None,None,None,None,None,None,None,None,None,None,None,None,None,None,None,None,None,None,None,None,None,None,None,None,None,None,None,None,None,None,None,None,None,None,None,None,None,None,None,None,None,None,None,None,None,None,None,None,None,None,None,None,None,None
cfde47e4c50fd75b21fc9e9bcb8f1662,1778586295805429,Jiri PRSKAVEC,PRSKAVEC,Jiri,2009-07-11,2009,MK1,CZE,16,115,38.46,None,None,None,None,35.43;ICF World ranking Foix 2009; qp:8.77,45.3;ICF World ranking Meran 2009; qp:8.07,None,39.36;Tatra slalom Liptovsky Mikulas 2009; qp:2.36,None,None,None,None,None,None,None,None,None,None,40.58;International race Charlotte 2008; qp:7.28,None,None,None,None,None,None,None,None,None,None,None,None,None,None,None,None,None,None,None,None,None,None,None,None,None,None,None,None,None,None,None,None,None,None,None,None,None,None,None,None,None,None,None,None,None,None,None,None,None,None,None,None,None,None,None,None,None,None,None,None,None,None,None,None,None,None,None,None,None,None,None,None,None,None,None,None,None,None,None,None,None
1e14df367cdd8089553e05f7e5c89893,1778586295805429,Jiri PRSKAVEC,PRSKAVEC,Jiri,2009-06-20,2009,MK1,CZE,16,122,38.46,None,35.43;ICF World ranking Foix 2009; qp:8.77,45.3;ICF World ranking Meran 2009; qp:8.07,None,39.36;Tatra slalom Liptovsky Mikulas 2009; qp:2.36,None,None,None,None,None,None,None,None,None,None,40.58;International race Charlotte 2008; qp:7.28,None,None,None,None,None,None,None,None,None,None,None,None,None,None,None,None,None,None,None,None,None,None,None,None,None,None,None,None,None,None,None,None,None,None,None,None,None,None,None,None,None,None,None,None,None,None,None,None,None,None,None,None,None,None,None,None,None,None,None,None,None,None,None,None,None,None,None,None,None,None,None,None,None,None,None,None,None,None,None,None,None,None,None,None
a153910a77ceebdb8bd4ff9c6bdf5481,1778586295805429,Jiri PRSKAVEC,PRSKAVEC,Jiri,2008-08-08,2008,MK1,CZE,15,194,40.58,None,None,None,None,None,None,None,40.58;International race Charlotte 2008; qp:7.28,None,None,None,None,None,None,None,None,None,None,None,None,None,None,None,None,None,None,None,None,None,None,None,None,None,None,None,None,None,None,None,None,None,None,None,None,None,None,None,None,None,None,None,None,None,None,None,None,None,None,None,None,None,None,None,None,None,None,None,None,None,None,None,None,None,None,None,None,None,None,None,None,None,None,None,None,None,None,None,None,None,None,None,None,None,None,None,None,None,None,None,None
a3324e3c738516c9279a7d278ee4d7b0,1778586295805429,Jiri PRSKAVEC,PRSKAVEC,Jiri,2008-07-11,2008,MK1,CZE,15,194,40.58,None,None,None,None,None,None,40.58;International race Charlotte 2008; qp:7.28,None,None,None,None,None,None,None,None,None,None,None,None,None,None,None,None,None,None,None,None,None,None,None,None,None,None,None,None,None,None,None,None,None,None,None,None,None,None,None,None,None,None,None,None,None,None,None,None,None,None,None,None,None,None,None,None,None,None,None,None,None,None,None,None,None,None,None,None,None,None,None,None,None,None,None,None,None,None,None,None,None,None,None,None,None,None,None,None,None,None,None,None,None
4a2e438665dcd5cc626f08a716b16e93,1778586295805429,Jiri PRSKAVEC,PRSKAVEC,Jiri,2008-05-17,2008,MK1,CZE,15,180,40.58,None,None,40.58;International race Charlotte 2008; qp:7.28,None,None,None,None,None,None,None,None,None,None,None,None,None,None,None,None,None,None,None,None,None,None,None,None,None,None,None,None,None,None,None,None,None,None,None,None,None,None,None,None,None,None,None,None,None,None,None,None,None,None,None,None,None,None,None,None,None,None,None,None,None,None,None,None,None,None,None,None,None,None,None,None,None,None,None,None,None,None,None,None,None,None,None,None,None,None,None,None,None,None,None,None,None,None,None,None,None
fa49aeea477a5cee19a5e203315d3edb,1778584150125365,Joan CRESPO,CRESPO,Joan,2024-06-20,2024,MK1,ESP,36,276,21.82,None,None,None,None,None,None,None,None,None,None,None,None,None,None,None,None,None,None,None,None,None,None,None,None,None,None,None,None,None,None,None,None,None,None,None,None,None,None,None,None,None,None,None,None,None,None,None,None,None,None,20.24;World Cup La Seu 2022; qp:0,17.01;World Cup Pau 2022; qp:0,None,28.22;World Championships Augsburg 2022; qp:0,None,None,None,None,None,None,None,None,None,None,None,None,None,None,None,None,None,None,None,None,None,None,None,None,None,None,None,None,None,None,None,None,None,None,None,None,None,None,None,None,None,None,None,None,None,None
f4e061b49ab26ed50e7f5f7f51fdb9c3,1778584150125365,Joan CRESPO,CRESPO,Joan,2024-05-22,2024,MK1,ESP,36,62,24.21,None,None,None,None,None,None,None,None,None,None,None,None,None,None,None,None,None,None,None,None,None,None,None,None,None,None,None,None,None,None,None,None,None,None,None,None,None,None,None,None,None,None,None,None,None,20.24;World Cup La Seu 2022; qp:0,17.01;World Cup Pau 2022; qp:0,None,28.22;World Championships Augsburg 2022; qp:0,None,None,31.79;World Cup Tacen 2022; qp:0,110.67;World Cup Krakow 2022; qp:0,None,23.77;ICF World ranking Augsburg 2022; qp:2.54,None,None,None,None,None,None,None,None,None,None,None,None,None,None,None,None,None,None,None,None,None,None,None,None,None,None,None,None,None,None,None,None,None,None,None,None,None,None,None,None,None,None,None,None,None
22177a8340d5d18ac21628bd363c0bc7,1778584150125365,Joan CRESPO,CRESPO,Joan,2023-11-16,2023,MK1,ESP,35,61,23.53,None,None,None,None,None,None,None,None,None,None,None,None,None,None,None,None,None,None,None,None,None,None,None,None,None,None,None,None,None,None,None,20.24;World Cup La Seu 2022; qp:0,17.01;World Cup Pau 2022; qp:0,None,28.22;World Championships Augsburg 2022; qp:0,None,None,31.79;World Cup Tacen 2022; qp:0,110.67;World Cup Krakow 2022; qp:0,None,23.77;ICF World ranking Augsburg 2022; qp:2.54,None,28.91;ICF World ranking Liptovsky Mikulas 2022; qp:1.34,None,None,None,28.41;Pyrenees Cup La Seu 2022; qp:17.83,None,None,None,None,None,30.43;ICF World ranking Ile de la Reunion 2022; qp:1.91,None,None,None,None,None,None,None,None,None,None,None,None,None,None,None,None,None,None,None,None,None,None,None,None,None,None,None,None,None,None,None,None,None,None,None,None,None,None,None,None,None,None,None,None,None,None,None
c268dd3f086ca4a0374ba145050b1c43,1778584150125365,Joan CRESPO,CRESPO,Joan,2023-09-04,2023,MK1,ESP,35,22,11.12,None,None,None,None,None,None,None,None,None,None,None,None,None,None,None,None,None,None,None,None,None,None,None,None,None,20.24;World Cup La Seu 2022; qp:0,17.01;World Cup Pau 2022; qp:0,None,28.22;World Championships Augsburg 2022; qp:0,None,None,31.79;World Cup Tacen 2022; qp:0,110.67;World Cup Krakow 2022; qp:0,None,23.77;ICF World ranking Augsburg 2022; qp:2.54,None,28.91;ICF World ranking Liptovsky Mikulas 2022; qp:1.34,None,None,None,28.41;Pyrenees Cup La Seu 2022; qp:17.83,None,None,None,None,None,30.43;ICF World ranking Ile de la Reunion 2022; qp:1.91,None,7.11;World Championships Bratislava 2021; qp:0,22.98;World Cup Pau 2021; qp:0,5.98;World Cup La Seu 2021; qp:0,None,None,None,None,5.27;World Championships La Seu 2019; qp:0,None,None,None,None,None,None,None,None,None,None,None,None,None,None,None,None,None,None,None,None,None,None,None,None,None,None,None,None,None,None,None,None,None,None,None,None,None,None,None,None,None,None,None,None
51f33185dced3acd01f2ce90bc1c3e9c,1778584150125365,Joan CRESPO,CRESPO,Joan,2023-07-03,2023,MK1,ESP,35,20,11.12,None,None,None,None,None,None,None,None,None,None,None,None,None,None,None,None,None,20.24;World Cup La Seu 2022; qp:0,17.01;World Cup Pau 2022; qp:0,None,28.22;World Championships Augsburg 2022; qp:0,None,None,31.79;World Cup Tacen 2022; qp:0,110.67;World Cup Krakow 2022; qp:0,None,23.77;ICF World ranking Augsburg 2022; qp:2.54,None,28.91;ICF World ranking Liptovsky Mikulas 2022; qp:1.34,None,None,None,28.41;Pyrenees Cup La Seu 2022; qp:17.83,None,None,None,None,None,30.43;ICF World ranking Ile de la Reunion 2022; qp:1.91,None,7.11;World Championships Bratislava 2021; qp:0,22.98;World Cup Pau 2021; qp:0,5.98;World Cup La Seu 2021; qp:0,None,None,None,None,5.27;World Championships La Seu 2019; qp:0,None,27.2;World Cup Markkleeberg 2019; qp:0,None,None,None,None,None,None,None,None,None,None,None,None,None,None,None,None,None,None,None,None,None,None,None,None,None,None,None,None,None,None,None,None,None,None,None,None,None,None,None,None,None,None,None,None,None,None,None,None,None,None
437d87828e07266af737ac756c4e2af4,1778584150125365,Joan CRESPO,CRESPO,Joan,2023-05-29,2023,MK1,ESP,35,18,11.12,None,None,None,None,None,None,None,None,None,None,None,None,None,20.24;World Cup La Seu 2022; qp:0,17.01;World Cup Pau 2022; qp:0,None,28.22;World Championships Augsburg 2022; qp:0,None,None,31.79;World Cup Tacen 2022; qp:0,110.67;World Cup Krakow 2022; qp:0,None,23.77;ICF World ranking Augsburg 2022; qp:2.54,None,28.91;ICF World ranking Liptovsky Mikulas 2022; qp:1.34,None,None,None,28.41;Pyrenees Cup La Seu 2022; qp:17.83,None,None,None,None,None,30.43;ICF World ranking Ile de la Reunion 2022; qp:1.91,None,7.11;World Championships Bratislava 2021; qp:0,22.98;World Cup Pau 2021; qp:0,5.98;World Cup La Seu 2021; qp:0,None,None,None,None,5.27;World Championships La Seu 2019; qp:0,None,27.2;World Cup Markkleeberg 2019; qp:0,None,None,None,None,None,None,None,23.06;World Cup Bratislava 2019; qp:0,22.76;World Cup Lee Valley 2019; qp:0,None,None,None,None,None,None,None,None,None,None,None,None,None,None,None,None,None,None,None,None,None,None,None,None,None,None,None,None,None,None,None,None,None,None,None,None,None,None,None,None,None,None,None,None,None
0b07c567a50604ec33546745feb2371f,1778584150125365,Joan CRESPO,CRESPO,Joan,2022-09-23,2022,MK1,ESP,34,14,9.1,None,None,20.24;World Cup La Seu 2022; qp:0,17.01;World Cup Pau 2022; qp:0,None,28.22;World Championships Augsburg 2022; qp:0,None,None,31.79;World Cup Tacen 2022; qp:0,110.67;World Cup Krakow 2022; qp:0,None,23.77;ICF World ranking Augsburg 2022; qp:2.54,None,28.91;ICF World ranking Liptovsky Mikulas 2022; qp:1.34,None,None,None,28.41;Pyrenees Cup La Seu 2022; qp:17.83,None,None,None,None,None,30.43;ICF World ranking Ile de la Reunion 2022; qp:1.91,None,7.11;World Championships Bratislava 2021; qp:0,22.98;World Cup Pau 2021; qp:0,5.98;World Cup La Seu 2021; qp:0,None,None,None,None,5.27;World Championships La Seu 2019; qp:0,None,27.2;World Cup Markkleeberg 2019; qp:0,None,None,None,None,None,None,None,23.06;World Cup Bratislava 2019; qp:0,22.76;World Cup Lee Valley 2019; qp:0,None,None,None,None,10.14;Pyrenees Cup La Seu 2019; qp:5.77,31.01;Pyrenees Cup Pau 2019; qp:5.68,None,None,None,None,None,None,None,None,None,None,None,None,None,None,None,None,None,None,None,None,None,None,None,None,None,None,None,None,None,None,None,None,None,None,None,None,None,None,None,None,None,None,None,None,None,None,None,None,None,None
408191b160217880db231539c7a15c22,1778584150125365,Joan CRESPO,CRESPO,Joan,2022-08-01,2022,MK1,ESP,34,11,6.55,None,28.22;World Championships Augsburg 2022; qp:0,None,None,31.79;World Cup Tacen 2022; qp:0,110.67;World Cup Krakow 2022; qp:0,None,23.77;ICF World ranking Augsburg 2022; qp:2.54,None,28.91;ICF World ranking Liptovsky Mikulas 2022; qp:1.34,None,None,None,28.41;Pyrenees Cup La Seu 2022; qp:17.83,None,None,None,None,None,30.43;ICF World ranking Ile de la Reunion 2022; qp:1.91,None,7.11;World Championships Bratislava 2021; qp:0,22.98;World Cup Pau 2021; qp:0,5.98;World Cup La Seu 2021; qp:0,None,None,None,None,5.27;World Championships La Seu 2019; qp:0,None,27.2;World Cup Markkleeberg 2019; qp:0,None,None,None,None,None,None,None,23.06;World Cup Bratislava 2019; qp:0,22.76;World Cup Lee Valley 2019; qp:0,None,None,None,None,10.14;Pyrenees Cup La Seu 2019; qp:5.77,31.01;Pyrenees Cup Pau 2019; qp:5.68,None,None,None,None,None,None,None,"25.36;World Championships Deodoro, Rio 2018; qp:0",None,4.26;World Cup La Seu 2018; qp:0,None,None,None,None,None,None,None,None,None,None,None,None,None,None,None,None,None,None,None,None,None,None,None,None,None,None,None,None,None,None,None,None,None,None,None,None,None,None,None,None,None,None,None,None
2a3a3ded05a5a89cd16cd2074e306f82,1778584150125365,Joan CRESPO,CRESPO,Joan,2022-05-01,2022,MK1,ESP,34,9,6.55,None,28.01;Pyrenees Cup Pau 2022; qp:13.82,None,28.41;Pyrenees Cup La Seu 2022; qp:17.83,None,None,None,None,None,30.43;ICF World ranking Ile de la Reunion 2022; qp:1.91,None,7.11;World Championships Bratislava 2021; qp:0,22.98;World Cup Pau 2021; qp:0,5.98;World Cup La Seu 2021; qp:0,None,None,None,None,5.27;World Championships La Seu 2019; qp:0,None,27.2;World Cup Markkleeberg 2019; qp:0,None,None,None,None,None,None,None,23.06;World Cup Bratislava 2019; qp:0,22.76;World Cup Lee Valley 2019; qp:0,None,None,None,None,10.14;Pyrenees Cup La Seu 2019; qp:5.77,31.01;Pyrenees Cup Pau 2019; qp:5.68,None,None,None,None,None,None,None,"25.36;World Championships Deodoro, Rio 2018; qp:0",None,4.26;World Cup La Seu 2018; qp:0,None,None,None,None,None,None,None,None,None,24.5;World Cup Krakow 2018; qp:0,26.03;World Cup Liptovsky Mikulas 2018; qp:0,None,None,None,None,None,None,None,None,None,None,None,None,None,None,None,None,None,None,None,None,None,None,None,None,None,None,None,None,None,None,None,None,None,None,None,None,None,None,None,None,None,None,None
82fa7d3b257bec47961c4ef400a09007,1778584150125365,Joan CRESPO,CRESPO,Joan,2021-11-01,2021,MK1,ESP,33,10,6.04,7.11;World Championships Bratislava 2021; qp:0,22.98;World Cup Pau 2021; qp:0,5.98;World Cup La Seu 2021; qp:0,None,None,None,None,5.27;World Championships La Seu 2019; qp:0,None,27.2;World Cup Markkleeberg 2019; qp:0,None,None,None,None,None,None,None,23.06;World Cup Bratislava 2019; qp:0,22.76;World Cup Lee Valley 2019; qp:0,None,None,None,None,10.14;Pyrenees Cup La Seu 2019; qp:5.77,31.01;Pyrenees Cup Pau 2019; qp:5.68,None,None,None,None,None,None,None,"25.36;World Championships Deodoro, Rio 2018; qp:0",None,4.26;World Cup La Seu 2018; qp:0,None,None,None,None,None,None,None,None,None,24.5;World Cup Krakow 2018; qp:0,26.03;World Cup Liptovsky Mikulas 2018; qp:0,None,None,None,None,7.58;Pyrenees Cup La Seu 2018; qp:7.58,None,None,None,None,None,None,None,None,None,None,None,None,None,None,None,None,None,None,None,None,None,None,None,None,None,None,None,None,None,None,None,None,None,None,None,None,None,None,None,None,None,None,None,None,None,None,None,None,None
46f5c63007685beccb1eca0fd0b3a931,1778584150125365,Joan CRESPO,CRESPO,Joan,2021-09-10,2021,MK1,ESP,33,11,6.65,22.98;World Cup Pau 2021; qp:0,5.98;World Cup La Seu 2021; qp:0,None,None,None,None,5.27;World Championships La Seu 2019; qp:0,None,27.2;World Cup Markkleeberg 2019; qp:0,None,None,None,None,None,None,None,23.06;World Cup Bratislava 2019; qp:0,22.76;World Cup Lee Valley 2019; qp:0,None,None,None,None,10.14;Pyrenees Cup La Seu 2019; qp:5.77,31.01;Pyrenees Cup Pau 2019; qp:5.68,None,None,None,None,None,None,None,"25.36;World Championships Deodoro, Rio 2018; qp:0",None,4.26;World Cup La Seu 2018; qp:0,None,None,None,None,None,None,None,None,None,24.5;World Cup Krakow 2018; qp:0,26.03;World Cup Liptovsky Mikulas 2018; qp:0,None,None,None,None,7.58;Pyrenees Cup La Seu 2018; qp:7.58,None,None,None,None,None,None,None,None,None,None,None,None,None,None,None,None,None,None,None,None,None,None,None,None,None,None,None,None,None,None,None,None,None,None,None,None,None,None,None,None,None,None,None,None,None,None,None,None,None,None
c8354681fcccdcd8587302b344912f29,1778584150125365,Joan CRESPO,CRESPO,Joan,2020-02-01,2020,MK1,ESP,32,18,10,None,None,None,5.27;World Championships La Seu 2019; qp:0,None,27.2;World Cup Markkleeberg 2019; qp:0,None,None,None,None,None,None,None,23.06;World Cup Bratislava 2019; qp:0,22.76;World Cup Lee Valley 2019; qp:0,None,None,None,None,10.14;Pyrenees Cup La Seu 2019; qp:5.77,31.01;Pyrenees Cup Pau 2019; qp:5.68,None,None,None,None,None,None,None,"25.36;World Championships Deodoro, Rio 2018; qp:0",None,4.26;World Cup La Seu 2018; qp:0,None,None,None,None,None,None,None,None,None,24.5;World Cup Krakow 2018; qp:0,26.03;World Cup Liptovsky Mikulas 2018; qp:0,None,None,None,None,7.58;Pyrenees Cup La Seu 2018; qp:7.58,None,None,None,None,None,None,None,None,None,None,None,None,None,None,None,None,None,None,None,None,None,None,None,None,None,None,None,None,None,None,None,None,None,None,None,None,None,None,None,None,None,None,None,None,None,None,None,None,None,None,None,None,None
66a602750a3a13148bed3aed051a6ae9,1778584150125365,Joan CRESPO,CRESPO,Joan,2019-09-25,2019,MK1,ESP,31,18,10,5.27;World Championships La Seu 2019; qp:0,None,27.2;World Cup Markkleeberg 2019; qp:0,None,None,None,None,None,None,None,23.06;World Cup Bratislava 2019; qp:0,22.76;World Cup Lee Valley 2019; qp:0,None,None,None,None,10.14;Pyrenees Cup La Seu 2019; qp:5.77,31.01;Pyrenees Cup Pau 2019; qp:5.68,None,None,None,None,None,None,None,"25.36;World Championships Deodoro, Rio 2018; qp:0",None,4.26;World Cup La Seu 2018; qp:0,None,None,None,None,None,None,None,None,None,24.5;World Cup Krakow 2018; qp:0,26.03;World Cup Liptovsky Mikulas 2018; qp:0,None,None,None,None,7.58;Pyrenees Cup La Seu 2018; qp:7.58,None,None,None,None,None,None,None,None,None,None,None,None,None,None,None,None,None,None,None,None,None,None,None,None,None,None,None,None,None,None,None,None,None,None,None,None,None,None,None,None,None,None,None,None,None,None,None,None,None,None,None,None,None,None,None,None
a77ec08c7716dc6ec91e92e86700a5b6,1778584150125365,Joan CRESPO,CRESPO,Joan,2019-09-06,2019,MK1,ESP,31,26,13.43,None,27.2;World Cup Markkleeberg 2019; qp:0,None,None,None,None,None,None,None,23.06;World Cup Bratislava 2019; qp:0,22.76;World Cup Lee Valley 2019; qp:0,None,None,None,None,10.14;Pyrenees Cup La Seu 2019; qp:5.77,31.01;Pyrenees Cup Pau 2019; qp:5.68,None,None,None,None,None,None,None,"25.36;World Championships Deodoro, Rio 2018; qp:0",None,4.26;World Cup La Seu 2018; qp:0,None,None,None,None,None,None,None,None,None,24.5;World Cup Krakow 2018; qp:0,26.03;World Cup Liptovsky Mikulas 2018; qp:0,None,None,None,None,7.58;Pyrenees Cup La Seu 2018; qp:7.58,None,None,None,None,None,None,None,22.41;World Championships Pau 2017; qp:0,None,None,None,None,None,None,None,None,None,None,None,None,None,None,None,None,None,None,None,None,None,None,None,None,None,None,None,None,None,None,None,None,None,None,None,None,None,None,None,None,None,None,None,None,None,None,None,None,None
3a438cee6cac5a3063c2766cfa548480,1778584150125365,Joan CRESPO,CRESPO,Joan,2019-06-28,2019,MK1,ESP,31,17,8.88,None,23.06;World Cup Bratislava 2019; qp:0,22.76;World Cup Lee Valley 2019; qp:0,None,None,None,None,10.14;Pyrenees Cup La Seu 2019; qp:5.77,31.01;Pyrenees Cup Pau 2019; qp:5.68,None,None,None,None,None,None,None,"25.36;World Championships Deodoro, Rio 2018; qp:0",None,4.26;World Cup La Seu 2018; qp:0,None,None,None,None,None,None,None,None,None,24.5;World Cup Krakow 2018; qp:0,26.03;World Cup Liptovsky Mikulas 2018; qp:0,None,None,None,None,7.58;Pyrenees Cup La Seu 2018; qp:7.58,None,None,None,None,None,None,None,22.41;World Championships Pau 2017; qp:0,None,4.59;World Cup La Seu 2017; qp:0,17.81;World Cup Ivrea 2017; qp:0,None,None,None,None,None,None,None,None,None,None,None,None,None,None,None,None,None,None,None,None,None,None,None,None,None,None,None,None,None,None,None,None,None,None,None,None,None,None,None,None,None,None,None,None,None,None,None,None,None,None,None,None,None,None
d50fa80b6812c997edfe87289fe100c7,1778584150125365,Joan CRESPO,CRESPO,Joan,2019-05-11,2019,MK1,ESP,31,16,8.73,None,None,10.14;Pyrenees Cup La Seu 2019; qp:5.77,31.01;Pyrenees Cup Pau 2019; qp:5.68,None,None,None,None,None,None,None,"25.36;World Championships Deodoro, Rio 2018; qp:0",None,4.26;World Cup La Seu 2018; qp:0,None,None,None,None,None,None,None,None,None,24.5;World Cup Krakow 2018; qp:0,26.03;World Cup Liptovsky Mikulas 2018; qp:0,None,None,None,None,7.58;Pyrenees Cup La Seu 2018; qp:7.58,None,None,None,None,None,None,None,None,22.41;World Championships Pau 2017; qp:0,None,4.59;World Cup La Seu 2017; qp:0,17.81;World Cup Ivrea 2017; qp:0,None,None,None,28.86;World Cup Markkleeberg 2017; qp:0,17.06;World Cup Augsburg 2017; qp:0,26.04;World Cup Prague 2017; qp:0,None,None,None,None,None,None,None,None,None,None,None,None,None,None,None,None,None,None,None,None,None,None,None,None,None,None,None,None,None,None,None,None,None,None,None,None,None,None,None,None,None,None,None,None,None,None,None,None,None,None,None,None
cb7090249a79fe4c35eae58ed791be3e,1778584150125365,Joan CRESPO,CRESPO,Joan,2018-09-25,2018,MK1,ESP,30,15,10.26,"25.36;World Championships Deodoro, Rio 2018; qp:0",None,4.26;World Cup La Seu 2018; qp:0,None,None,None,None,None,None,None,None,None,24.5;World Cup Krakow 2018; qp:0,26.03;World Cup Liptovsky Mikulas 2018; qp:0,None,None,None,None,7.58;Pyrenees Cup La Seu 2018; qp:7.58,None,None,None,None,None,None,None,None,22.41;World Championships Pau 2017; qp:0,None,4.59;World Cup La Seu 2017; qp:0,17.81;World Cup Ivrea 2017; qp:0,None,None,None,28.86;World Cup Markkleeberg 2017; qp:0,17.06;World Cup Augsburg 2017; qp:0,26.04;World Cup Prague 2017; qp:0,None,None,None,None,None,None,None,None,None,None,None,None,None,None,None,None,None,None,None,None,None,None,None,None,None,None,None,None,None,None,None,None,None,None,None,None,None,None,None,None,None,None,None,None,None,None,None,None,None,None,None,None,None,None,None,None,None,None,None,None,None,None,None
624517662cf9d64ae82b2e4fe73243b0,1778584150125365,Joan CRESPO,CRESPO,Joan,2018-09-07,2018,MK1,ESP,30,15,10.26,4.26;World Cup La Seu 2018; qp:0,None,None,None,None,None,None,None,None,None,24.5;World Cup Krakow 2018; qp:0,26.03;World Cup Liptovsky Mikulas 2018; qp:0,None,None,None,None,7.58;Pyrenees Cup La Seu 2018; qp:7.58,None,None,None,None,None,None,None,None,22.41;World Championships Pau 2017; qp:0,None,4.59;World Cup La Seu 2017; qp:0,17.81;World Cup Ivrea 2017; qp:0,None,None,None,28.86;World Cup Markkleeberg 2017; qp:0,17.06;World Cup Augsburg 2017; qp:0,26.04;World Cup Prague 2017; qp:0,None,None,None,None,None,None,None,None,None,None,None,None,None,None,None,None,None,None,None,None,None,None,None,None,None,None,None,None,None,None,None,None,None,None,None,None,None,None,None,None,None,None,None,None,None,None,None,None,None,None,None,None,None,None,None,None,None,None,None,None,None,None,None,None,None
1988509a80f9c4202c9d5aa4bed726c5,1778584150125365,Joan CRESPO,CRESPO,Joan,2018-07-06,2018,MK1,ESP,30,25,13.89,None,24.5;World Cup Krakow 2018; qp:0,26.03;World Cup Liptovsky Mikulas 2018; qp:0,None,None,None,None,7.58;Pyrenees Cup La Seu 2018; qp:7.58,None,None,None,None,None,None,None,None,22.41;World Championships Pau 2017; qp:0,None,4.59;World Cup La Seu 2017; qp:0,17.81;World Cup Ivrea 2017; qp:0,None,None,None,28.86;World Cup Markkleeberg 2017; qp:0,17.06;World Cup Augsburg 2017; qp:0,26.04;World Cup Prague 2017; qp:0,None,None,None,None,None,None,None,None,None,None,None,None,None,None,None,None,None,None,None,None,None,None,None,None,None,None,None,None,None,None,None,None,None,None,None,None,None,None,None,None,None,None,None,None,None,None,None,None,None,None,None,None,None,None,None,None,None,None,None,None,None,None,None,None,None,None,None,None,None,None,None,None,None,None
7719a1609f64d07611902ab19b5547ce,1778584150125365,Joan CRESPO,CRESPO,Joan,2018-06-08,2018,MK1,ESP,30,20,11.48,None,None,None,None,7.58;Pyrenees Cup La Seu 2018; qp:7.58,None,None,None,None,None,None,None,None,22.41;World Championships Pau 2017; qp:0,None,4.59;World Cup La Seu 2017; qp:0,17.81;World Cup Ivrea 2017; qp:0,None,None,None,28.86;World Cup Markkleeberg 2017; qp:0,17.06;World Cup Augsburg 2017; qp:0,26.04;World Cup Prague 2017; qp:0,None,None,None,None,None,None,None,None,None,None,None,None,None,None,None,None,12.44;World Cup Pau 2016; qp:0,15.71;World Cup La Seu 2016; qp:0,22.91;World Cup Ivrea 2016; qp:0,None,None,None,None,None,None,None,None,None,None,None,None,None,None,None,None,None,None,None,None,None,None,None,None,None,None,None,None,None,None,None,None,None,None,None,None,None,None,None,None,None,None,None,None,None,None,None,None,None,None,None,None,None,None,None,None,None,None
3eabda3a00ec3e2a25c3eb3412592adb,1778584150125365,Joan CRESPO,CRESPO,Joan,2017-09-27,2017,MK1,ESP,29,26,13.52,22.41;World Championships Pau 2017; qp:0,None,4.59;World Cup La Seu 2017; qp:0,17.81;World Cup Ivrea 2017; qp:0,None,None,None,28.86;World Cup Markkleeberg 2017; qp:0,17.06;World Cup Augsburg 2017; qp:0,26.04;World Cup Prague 2017; qp:0,None,None,None,None,None,None,None,None,None,None,None,None,None,None,None,None,12.44;World Cup Pau 2016; qp:0,15.71;World Cup La Seu 2016; qp:0,22.91;World Cup Ivrea 2016; qp:0,None,28.52;Pyrenees Cup Pau 2016; qp:7.3,None,19.25;ICF World ranking Liptovsky Mikulas 2016; qp:7.56,None,None,None,None,None,None,None,None,None,None,None,None,None,None,None,None,None,None,None,None,None,None,None,None,None,None,None,None,None,None,None,None,None,None,None,None,None,None,None,None,None,None,None,None,None,None,None,None,None,None,None,None,None,None,None,None,None,None,None,None,None,None,None,None,None,None,None
044d5660b306264da3597bffeafc9521,1778584150125365,Joan CRESPO,CRESPO,Joan,2017-09-08,2017,MK1,ESP,29,27,13.52,4.59;World Cup La Seu 2017; qp:0,17.81;World Cup Ivrea 2017; qp:0,None,None,None,28.86;World Cup Markkleeberg 2017; qp:0,17.06;World Cup Augsburg 2017; qp:0,26.04;World Cup Prague 2017; qp:0,None,None,None,None,None,None,None,None,None,None,None,None,None,None,None,None,12.44;World Cup Pau 2016; qp:0,15.71;World Cup La Seu 2016; qp:0,22.91;World Cup Ivrea 2016; qp:0,None,28.52;Pyrenees Cup Pau 2016; qp:7.3,None,19.25;ICF World ranking Liptovsky Mikulas 2016; qp:7.56,None,None,None,None,None,None,None,24.67;World Championships Lee Valley 2015; qp:0,None,None,None,None,None,None,None,None,None,None,None,None,None,None,None,None,None,None,None,None,None,None,None,None,None,None,None,None,None,None,None,None,None,None,None,None,None,None,None,None,None,None,None,None,None,None,None,None,None,None,None,None,None,None,None,None,None,None,None,None,None
44b02018af26ce2de52e6ead5d18ef18,1778584150125365,Joan CRESPO,CRESPO,Joan,2017-06-30,2017,MK1,ESP,29,28,13.51,28.86;World Cup Markkleeberg 2017; qp:0,17.06;World Cup Augsburg 2017; qp:0,26.04;World Cup Prague 2017; qp:0,None,None,None,None,None,None,None,None,None,None,None,None,None,None,None,None,12.44;World Cup Pau 2016; qp:0,15.71;World Cup La Seu 2016; qp:0,22.91;World Cup Ivrea 2016; qp:0,None,28.52;Pyrenees Cup Pau 2016; qp:7.3,None,None,19.25;ICF World ranking Liptovsky Mikulas 2016; qp:7.56,None,None,None,None,None,None,24.67;World Championships Lee Valley 2015; qp:0,19.62;World Cup Pau 2015; qp:0,3.07;World Cup La Seu 2015; qp:0,None,None,None,None,None,None,None,None,None,None,None,None,None,None,None,None,None,None,None,None,None,None,None,None,None,None,None,None,None,None,None,None,None,None,None,None,None,None,None,None,None,None,None,None,None,None,None,None,None,None,None,None,None,None,None,None,None,None,None,None,None,None,None,None
ba7805d3dc81cac3e817f6b938c94a96,1778584150125365,Joan CRESPO,CRESPO,Joan,2017-05-26,2017,MK1,ESP,29,25,11.62,None,None,None,None,None,None,None,None,None,None,None,None,None,None,None,None,12.44;World Cup Pau 2016; qp:0,15.71;World Cup La Seu 2016; qp:0,22.91;World Cup Ivrea 2016; qp:0,None,28.52;Pyrenees Cup Pau 2016; qp:7.3,None,19.25;ICF World ranking Liptovsky Mikulas 2016; qp:7.56,None,None,None,None,None,None,None,24.67;World Championships Lee Valley 2015; qp:0,19.62;World Cup Pau 2015; qp:0,3.07;World Cup La Seu 2015; qp:0,11.75;World Cup Liptovsky Mikulas 2015; qp:0,15.12;World Cup Krakow 2015; qp:0,None,None,None,None,None,None,None,None,None,None,None,None,None,None,None,None,None,None,None,None,None,None,None,None,None,None,None,None,None,None,None,None,None,None,None,None,None,None,None,None,None,None,None,None,None,None,None,None,None,None,None,None,None,None,None,None,None,None,None,None,None,None,None,None,None
2fc4e2a82bfc31b5b7310eedd1a58187,1778584150125365,Joan CRESPO,CRESPO,Joan,2016-09-09,2016,MK1,ESP,28,23,11.02,None,None,None,None,None,12.44;World Cup Pau 2016; qp:0,15.71;World Cup La Seu 2016; qp:0,22.91;World Cup Ivrea 2016; qp:0,None,28.52;Pyrenees Cup Pau 2016; qp:7.3,None,19.25;ICF World ranking Liptovsky Mikulas 2016; qp:7.56,None,None,None,None,None,None,None,24.67;World Championships Lee Valley 2015; qp:0,19.62;World Cup Pau 2015; qp:0,3.07;World Cup La Seu 2015; qp:0,None,11.75;World Cup Liptovsky Mikulas 2015; qp:0,15.12;World Cup Krakow 2015; qp:0,None,None,None,None,12.74;Pyrenees Cup La Seu 2015; qp:9.01,15.14;Pyrenees Cup Pau 2015; qp:7.56,None,None,None,31.46;ICF World ranking Markleeberg 2015; qp:3.5,None,None,None,None,None,None,None,None,None,None,None,None,None,None,None,None,None,None,None,None,None,None,None,None,None,None,None,None,None,None,None,None,None,None,None,None,None,None,None,None,None,None,None,None,None,None,None,None,None,None,None,None,None,None,None,None,None,None,None,None,None,None,None,None,None
ca7aeafe50a01077320b9a2bedb81cec,1778584150125365,Joan CRESPO,CRESPO,Joan,2016-08-07,2016,MK1,ESP,28,23,10.48,None,None,None,12.44;World Cup Pau 2016; qp:0,15.71;World Cup La Seu 2016; qp:0,22.91;World Cup Ivrea 2016; qp:0,None,28.52;Pyrenees Cup Pau 2016; qp:7.3,None,None,19.25;ICF World ranking Liptovsky Mikulas 2016; qp:7.56,None,None,None,None,None,None,24.67;World Championships Lee Valley 2015; qp:0,19.62;World Cup Pau 2015; qp:0,3.07;World Cup La Seu 2015; qp:0,None,11.75;World Cup Liptovsky Mikulas 2015; qp:0,15.12;World Cup Krakow 2015; qp:0,None,None,None,None,12.74;Pyrenees Cup La Seu 2015; qp:9.01,15.14;Pyrenees Cup Pau 2015; qp:7.56,None,None,None,31.46;ICF World ranking Markleeberg 2015; qp:3.5,None,None,None,111.35;World Championships Deep Creek 2014; qp:0,25.53;World Cup Augsburg 2014; qp:0,12.4;World Cup La Seu 2014; qp:0,None,None,None,None,None,None,None,None,None,None,None,None,None,None,None,None,None,None,None,None,None,None,None,None,None,None,None,None,None,None,None,None,None,None,None,None,None,None,None,None,None,None,None,None,None,None,None,None,None,None,None,None,None,None,None,None,None,None,None,None,None
1c1e0937784eb187204fbcbbd1254e9f,1778584150125365,Joan CRESPO,CRESPO,Joan,2016-06-17,2016,MK1,ESP,28,23,10.48,12.44;World Cup Pau 2016; qp:0,15.71;World Cup La Seu 2016; qp:0,22.91;World Cup Ivrea 2016; qp:0,None,28.52;Pyrenees Cup Pau 2016; qp:7.3,None,None,19.25;ICF World ranking Liptovsky Mikulas 2016; qp:7.56,None,None,None,None,None,None,24.67;World Championships Lee Valley 2015; qp:0,19.62;World Cup Pau 2015; qp:0,3.07;World Cup La Seu 2015; qp:0,None,11.75;World Cup Liptovsky Mikulas 2015; qp:0,15.12;World Cup Krakow 2015; qp:0,None,None,None,None,12.74;Pyrenees Cup La Seu 2015; qp:9.01,15.14;Pyrenees Cup Pau 2015; qp:7.56,None,None,None,31.46;ICF World ranking Markleeberg 2015; qp:3.5,None,None,None,111.35;World Championships Deep Creek 2014; qp:0,25.53;World Cup Augsburg 2014; qp:0,12.4;World Cup La Seu 2014; qp:0,None,None,None,None,None,None,None,None,None,None,None,None,None,None,None,None,None,None,None,None,None,None,None,None,None,None,None,None,None,None,None,None,None,None,None,None,None,None,None,None,None,None,None,None,None,None,None,None,None,None,None,None,None,None,None,None,None,None,None,None,None,None,None,None
86e7d150f55050224dcdf0d713b5d702,1778584150125365,Joan CRESPO,CRESPO,Joan,2016-04-30,2016,MK1,ESP,28,23,11.02,28.52;Pyrenees Cup Pau 2016; qp:7.3,None,19.25;ICF World ranking Liptovsky Mikulas 2016; qp:7.56,None,None,None,None,None,None,None,24.67;World Championships Lee Valley 2015; qp:0,19.62;World Cup Pau 2015; qp:0,3.07;World Cup La Seu 2015; qp:0,None,11.75;World Cup Liptovsky Mikulas 2015; qp:0,15.12;World Cup Krakow 2015; qp:0,None,None,None,None,12.74;Pyrenees Cup La Seu 2015; qp:9.01,15.14;Pyrenees Cup Pau 2015; qp:7.56,None,None,None,31.46;ICF World ranking Markleeberg 2015; qp:3.5,None,None,None,111.35;World Championships Deep Creek 2014; qp:0,None,25.53;World Cup Augsburg 2014; qp:0,12.4;World Cup La Seu 2014; qp:0,None,None,None,19.72;World Cup Lee Valley 2014; qp:0,None,None,None,None,None,None,None,None,None,None,None,None,None,None,None,None,None,None,None,None,None,None,None,None,None,None,None,None,None,None,None,None,None,None,None,None,None,None,None,None,None,None,None,None,None,None,None,None,None,None,None,None,None,None,None,None,None,None,None,None,None,None,None
0dab3f1573400218cb0af6ddf54c5067,1778584150125365,Joan CRESPO,CRESPO,Joan,2015-09-16,2015,MK1,ESP,27,19,10.06,24.67;World Championships Lee Valley 2015; qp:0,19.62;World Cup Pau 2015; qp:0,3.07;World Cup La Seu 2015; qp:0,None,11.75;World Cup Liptovsky Mikulas 2015; qp:0,15.12;World Cup Krakow 2015; qp:0,None,None,None,None,12.74;Pyrenees Cup La Seu 2015; qp:9.01,15.14;Pyrenees Cup Pau 2015; qp:7.56,None,None,None,31.46;ICF World ranking Markleeberg 2015; qp:3.5,None,None,None,111.35;World Championships Deep Creek 2014; qp:0,None,25.53;World Cup Augsburg 2014; qp:0,12.4;World Cup La Seu 2014; qp:0,None,None,None,None,19.72;World Cup Lee Valley 2014; qp:0,None,None,None,10.33;Pyrenees Cup Pau 2014; qp:8.87,15.58;Pyrenees Cup La Seu 2014; qp:13.25,None,None,None,None,None,None,None,None,None,None,None,None,None,None,None,None,None,None,None,None,None,None,None,None,None,None,None,None,None,None,None,None,None,None,None,None,None,None,None,None,None,None,None,None,None,None,None,None,None,None,None,None,None,None,None,None,None,None,None,None,None,None,None,None,None,None,None
e59be4427369890831ee01b05c513ce3,1778584150125365,Joan CRESPO,CRESPO,Joan,2015-08-14,2015,MK1,ESP,27,19,10.06,19.62;World Cup Pau 2015; qp:0,3.07;World Cup La Seu 2015; qp:0,None,11.75;World Cup Liptovsky Mikulas 2015; qp:0,15.12;World Cup Krakow 2015; qp:0,None,None,None,None,12.74;Pyrenees Cup La Seu 2015; qp:9.01,15.14;Pyrenees Cup Pau 2015; qp:7.56,None,None,None,31.46;ICF World ranking Markleeberg 2015; qp:3.5,None,None,None,111.35;World Championships Deep Creek 2014; qp:0,None,25.53;World Cup Augsburg 2014; qp:0,12.4;World Cup La Seu 2014; qp:0,None,None,None,None,19.72;World Cup Lee Valley 2014; qp:0,None,None,None,10.33;Pyrenees Cup Pau 2014; qp:8.87,15.58;Pyrenees Cup La Seu 2014; qp:13.25,None,None,None,None,None,None,None,24.2;World Championships Prague 2013; qp:0,None,None,None,None,None,None,None,None,None,None,None,None,None,None,None,None,None,None,None,None,None,None,None,None,None,None,None,None,None,None,None,None,None,None,None,None,None,None,None,None,None,None,None,None,None,None,None,None,None,None,None,None,None,None,None,None,None,None,None,None
66e1b50a048680d02af331d0cf6ae299,1778584150125365,Joan CRESPO,CRESPO,Joan,2015-07-03,2015,MK1,ESP,27,28,12.47,11.75;World Cup Liptovsky Mikulas 2015; qp:0,15.12;World Cup Krakow 2015; qp:0,None,None,None,None,12.74;Pyrenees Cup La Seu 2015; qp:9.01,15.14;Pyrenees Cup Pau 2015; qp:7.56,None,None,None,31.46;ICF World ranking Markleeberg 2015; qp:3.5,None,None,None,111.35;World Championships Deep Creek 2014; qp:0,None,25.53;World Cup Augsburg 2014; qp:0,12.4;World Cup La Seu 2014; qp:0,None,None,None,None,19.72;World Cup Lee Valley 2014; qp:0,None,None,None,10.33;Pyrenees Cup Pau 2014; qp:8.87,15.58;Pyrenees Cup La Seu 2014; qp:13.25,None,None,None,None,None,None,None,24.2;World Championships Prague 2013; qp:0,19.13;World Cup Bratislava 2013; qp:0,None,None,None,None,None,None,None,None,None,None,None,None,None,None,None,None,None,None,None,None,None,None,None,None,None,None,None,None,None,None,None,None,None,None,None,None,None,None,None,None,None,None,None,None,None,None,None,None,None,None,None,None,None,None,None,None,None,None,None,None,None,None
21ca0ae2f5409eb4931cfb4a1710ed5e,1778584150125365,Joan CRESPO,CRESPO,Joan,2015-06-06,2015,MK1,ESP,27,32,13.24,None,None,None,12.74;Pyrenees Cup La Seu 2015; qp:9.01,15.14;Pyrenees Cup Pau 2015; qp:7.56,None,None,None,31.46;ICF World ranking Markleeberg 2015; qp:3.5,None,None,None,111.35;World Championships Deep Creek 2014; qp:0,None,25.53;World Cup Augsburg 2014; qp:0,12.4;World Cup La Seu 2014; qp:0,None,None,None,None,19.72;World Cup Lee Valley 2014; qp:0,None,None,None,10.33;Pyrenees Cup Pau 2014; qp:8.87,15.58;Pyrenees Cup La Seu 2014; qp:13.25,None,None,None,None,None,None,None,24.2;World Championships Prague 2013; qp:0,19.13;World Cup Bratislava 2013; qp:0,None,None,None,15.73;World Cup La Seu 2013; qp:0,19.27;World Cup Augsburg 2013; qp:0,None,None,None,None,None,None,None,None,None,None,None,None,None,None,None,None,None,None,None,None,None,None,None,None,None,None,None,None,None,None,None,None,None,None,None,None,None,None,None,None,None,None,None,None,None,None,None,None,None,None,None,None,None,None,None,None,None,None,None,None
16d1c2316c9da939e4dfba970a48912d,1778584150125365,Joan CRESPO,CRESPO,Joan,2014-09-17,2014,MK1,ESP,26,25,12.9,111.35;World Championships Deep Creek 2014; qp:0,None,25.53;World Cup Augsburg 2014; qp:0,12.4;World Cup La Seu 2014; qp:0,None,None,None,None,19.72;World Cup Lee Valley 2014; qp:0,None,None,None,10.33;Pyrenees Cup Pau 2014; qp:8.87,15.58;Pyrenees Cup La Seu 2014; qp:13.25,None,None,None,None,None,None,None,24.2;World Championships Prague 2013; qp:0,19.13;World Cup Bratislava 2013; qp:0,None,None,None,15.73;World Cup La Seu 2013; qp:0,19.27;World Cup Augsburg 2013; qp:0,None,None,None,None,None,None,None,None,None,None,None,None,None,None,None,None,None,None,None,None,None,None,None,None,None,None,None,None,None,None,None,None,None,None,None,None,None,None,None,None,None,None,None,None,None,None,None,None,None,None,None,None,None,None,None,None,None,None,None,None,None,None,None,None,None,None,None,None,None,None,None,None
c851b401408571a84b52b7dfb6fd6cb4,1778584150125365,Joan CRESPO,CRESPO,Joan,2014-08-15,2014,MK1,ESP,26,24,12.9,25.53;World Cup Augsburg 2014; qp:0,12.4;World Cup La Seu 2014; qp:0,None,None,None,None,19.72;World Cup Lee Valley 2014; qp:0,None,None,None,10.33;Pyrenees Cup Pau 2014; qp:8.87,15.58;Pyrenees Cup La Seu 2014; qp:13.25,None,None,None,None,None,None,None,24.2;World Championships Prague 2013; qp:0,19.13;World Cup Bratislava 2013; qp:0,None,None,None,None,None,15.73;World Cup La Seu 2013; qp:0,19.27;World Cup Augsburg 2013; qp:0,None,None,None,None,None,14.02;Pyrenees Cup Pau 2013; qp:11.25,None,12.16;Pyrenees Cup La Seu 2013; qp:12.16,None,None,None,21.09;ICF World ranking Lannion 2013; qp:11.09,None,None,None,None,None,None,None,None,None,None,None,None,None,None,None,None,None,None,None,None,None,None,None,None,None,None,None,None,None,None,None,None,None,None,None,None,None,None,None,None,None,None,None,None,None,None,None,None,None,None,None,None,None,None,None,None,None,None,None,None
3c6b3e0459f2cb9922db0086a87ad98d,1778584150125365,Joan CRESPO,CRESPO,Joan,2014-06-20,2014,MK1,ESP,26,28,13.56,None,None,19.72;World Cup Lee Valley 2014; qp:0,None,None,None,10.33;Pyrenees Cup Pau 2014; qp:8.87,15.58;Pyrenees Cup La Seu 2014; qp:13.25,None,None,None,None,None,None,None,24.2;World Championships Prague 2013; qp:0,19.13;World Cup Bratislava 2013; qp:0,None,None,None,None,None,15.73;World Cup La Seu 2013; qp:0,19.27;World Cup Augsburg 2013; qp:0,None,None,None,None,None,14.02;Pyrenees Cup Pau 2013; qp:11.25,None,12.16;Pyrenees Cup La Seu 2013; qp:12.16,None,None,None,21.09;ICF World ranking Lannion 2013; qp:11.09,None,None,None,20;World Cup Bratislava 2012; qp:0,22.58;World Cup Prague 2012; qp:0,None,None,None,None,None,None,None,None,None,None,None,None,None,None,None,None,None,None,None,None,None,None,None,None,None,None,None,None,None,None,None,None,None,None,None,None,None,None,None,None,None,None,None,None,None,None,None,None,None,None,None,None,None,None,None,None,None,None,None
b4f207090a5d1d9badd95b1bbeb50382,1778584150125365,Joan CRESPO,CRESPO,Joan,2014-05-23,2014,MK1,ESP,26,19,11.49,None,None,None,10.33;Pyrenees Cup Pau 2014; qp:8.87,15.58;Pyrenees Cup La Seu 2014; qp:13.25,None,None,None,None,None,None,None,24.2;World Championships Prague 2013; qp:0,19.13;World Cup Bratislava 2013; qp:0,None,None,None,None,None,15.73;World Cup La Seu 2013; qp:0,19.27;World Cup Augsburg 2013; qp:0,None,None,None,None,None,14.02;Pyrenees Cup Pau 2013; qp:11.25,None,12.16;Pyrenees Cup La Seu 2013; qp:12.16,None,None,None,21.09;ICF World ranking Lannion 2013; qp:11.09,None,None,None,20;World Cup Bratislava 2012; qp:0,22.58;World Cup Prague 2012; qp:0,None,None,5.37;World Cup La Seu 2012; qp:0,27.34;World Cup Pau 2012; qp:0,None,None,None,None,None,None,None,None,None,None,None,None,None,None,None,None,None,None,None,None,None,None,None,None,None,None,None,None,None,None,None,None,None,None,None,None,None,None,None,None,None,None,None,None,None,None,None,None,None,None,None,None,None,None,None,None,None,None
0cfef7caccda31544c80382cf09d0d9e,1778584150125365,Joan CRESPO,CRESPO,Joan,2013-09-11,2013,MK1,ESP,25,24,13.28,24.2;World Championships Prague 2013; qp:0,19.13;World Cup Bratislava 2013; qp:0,None,None,None,None,None,15.73;World Cup La Seu 2013; qp:0,19.27;World Cup Augsburg 2013; qp:0,None,None,None,None,None,14.02;Pyrenees Cup Pau 2013; qp:11.25,None,12.16;Pyrenees Cup La Seu 2013; qp:12.16,None,None,None,None,21.09;ICF World ranking Lannion 2013; qp:11.09,None,None,20;World Cup Bratislava 2012; qp:0,22.58;World Cup Prague 2012; qp:0,None,None,None,None,5.37;World Cup La Seu 2012; qp:0,27.34;World Cup Pau 2012; qp:0,None,None,None,24.4;Pyrenees Cup Pau 2012; qp:14.11,None,None,None,None,None,None,None,None,None,None,None,None,None,None,None,None,None,None,None,None,None,None,None,None,None,None,None,None,None,None,None,None,None,None,None,None,None,None,None,None,None,None,None,None,None,None,None,None,None,None,None,None,None,None,None,None,None,None,None,None,None,None,None,None
2a34341a91bcc9901dccaa1397cf43d6,1778584150125365,Joan CRESPO,CRESPO,Joan,2013-08-23,2013,MK1,ESP,25,25,13.28,19.13;World Cup Bratislava 2013; qp:0,None,None,None,None,None,15.73;World Cup La Seu 2013; qp:0,19.27;World Cup Augsburg 2013; qp:0,None,None,None,None,None,14.02;Pyrenees Cup Pau 2013; qp:11.25,None,12.16;Pyrenees Cup La Seu 2013; qp:12.16,None,None,None,21.09;ICF World ranking Lannion 2013; qp:11.09,None,None,None,20;World Cup Bratislava 2012; qp:0,22.58;World Cup Prague 2012; qp:0,None,None,None,None,5.37;World Cup La Seu 2012; qp:0,27.34;World Cup Pau 2012; qp:0,None,None,None,24.4;Pyrenees Cup Pau 2012; qp:14.11,None,None,None,None,None,None,None,None,22.95;ICF World ranking Bratislava 2011; qp:0,None,None,None,None,None,None,None,None,None,None,None,None,None,None,None,None,None,None,None,None,None,None,None,None,None,None,None,None,None,None,None,None,None,None,None,None,None,None,None,None,None,None,None,None,None,None,None,None,None,None,None,None,None,None,None,None
9530059df1bedb9b6b7edeadc0303ad6,1778584150125365,Joan CRESPO,CRESPO,Joan,2013-05-25,2013,MK1,ESP,25,22,10.82,None,None,None,None,14.02;Pyrenees Cup Pau 2013; qp:11.25,None,12.16;Pyrenees Cup La Seu 2013; qp:12.16,None,None,None,21.09;ICF World ranking Lannion 2013; qp:11.09,None,None,None,20;World Cup Bratislava 2012; qp:0,22.58;World Cup Prague 2012; qp:0,None,None,None,None,5.37;World Cup La Seu 2012; qp:0,27.34;World Cup Pau 2012; qp:0,None,None,None,24.4;Pyrenees Cup Pau 2012; qp:14.11,None,None,None,None,None,None,None,None,22.95;ICF World ranking Bratislava 2011; qp:0,None,18.38;ICF World ranking Broxbourne 2011; qp:1.56,38.89;World Cup Markkleeberg 2011; qp:0,None,None,None,None,None,None,None,None,None,None,None,None,None,None,None,None,None,None,None,None,None,None,None,None,None,None,None,None,None,None,None,None,None,None,None,None,None,None,None,None,None,None,None,None,None,None,None,None,None,None,None,None,None,None,None,None,None,None,None,None,None,None
33ae381f66073ef58f7111b69162288d,1778584150125365,Joan CRESPO,CRESPO,Joan,2013-04-13,2013,MK1,ESP,25,21,9.53,None,None,21.09;ICF World ranking Lannion 2013; qp:11.09,None,None,None,20;World Cup Bratislava 2012; qp:0,22.58;World Cup Prague 2012; qp:0,None,None,None,None,5.37;World Cup La Seu 2012; qp:0,27.34;World Cup Pau 2012; qp:0,None,None,None,24.4;Pyrenees Cup Pau 2012; qp:14.11,None,None,None,None,None,None,None,None,22.95;ICF World ranking Bratislava 2011; qp:0,None,18.38;ICF World ranking Broxbourne 2011; qp:1.56,38.89;World Cup Markkleeberg 2011; qp:0,None,None,None,None,None,8.63;Pyrenees Cup Pau 2011; qp:5.1,11.09;Pyrenees Cup La Seu 2011; qp:5.35,None,None,None,None,None,None,None,None,None,None,None,None,None,None,None,None,None,None,None,None,None,None,None,None,None,None,None,None,None,None,None,None,None,None,None,None,None,None,None,None,None,None,None,None,None,None,None,None,None,None,None,None,None,None,None,None,None,None,None,None,None,None,None
239c758efb612d40d97c8a7380410c11,1778584150125365,Joan CRESPO,CRESPO,Joan,2012-08-31,2012,MK1,ESP,24,18,6.06,20;World Cup Bratislava 2012; qp:0,22.58;World Cup Prague 2012; qp:0,None,None,None,None,5.37;World Cup La Seu 2012; qp:0,27.34;World Cup Pau 2012; qp:0,None,None,None,24.4;Pyrenees Cup Pau 2012; qp:14.11,None,None,None,None,None,None,None,None,22.95;ICF World ranking Bratislava 2011; qp:0,None,18.38;ICF World ranking Broxbourne 2011; qp:1.56,38.89;World Cup Markkleeberg 2011; qp:0,4.18;World Cup Argentiere la Bessee 2011; qp:0,None,None,None,None,8.63;Pyrenees Cup Pau 2011; qp:5.1,11.09;Pyrenees Cup La Seu 2011; qp:5.35,None,None,None,None,None,None,None,None,None,None,None,None,None,None,None,None,None,None,None,None,None,None,None,None,None,None,None,None,None,None,None,None,None,None,None,None,None,None,None,None,None,None,None,None,None,None,None,None,None,None,None,None,None,None,None,None,None,None,None,None,None,None,None,None,None,None,None,None,None
7267ca335d2671f0cb95e90db6af3e23,1778584150125365,Joan CRESPO,CRESPO,Joan,2012-07-28,2012,MK1,ESP,24,17,6.06,None,None,None,None,5.37;World Cup La Seu 2012; qp:0,27.34;World Cup Pau 2012; qp:0,None,None,None,24.4;Pyrenees Cup Pau 2012; qp:14.11,None,None,None,None,None,None,None,None,22.95;ICF World ranking Bratislava 2011; qp:0,None,18.38;ICF World ranking Broxbourne 2011; qp:1.56,38.89;World Cup Markkleeberg 2011; qp:0,4.18;World Cup Argentiere la Bessee 2011; qp:0,None,None,None,None,8.63;Pyrenees Cup Pau 2011; qp:5.1,11.09;Pyrenees Cup La Seu 2011; qp:5.35,None,None,None,None,9.3;World Championships Tacen 2010; qp:0,None,None,None,None,None,None,None,None,None,None,None,None,None,None,None,None,None,None,None,None,None,None,None,None,None,None,None,None,None,None,None,None,None,None,None,None,None,None,None,None,None,None,None,None,None,None,None,None,None,None,None,None,None,None,None,None,None,None,None,None,None,None,None,None,None,None
fbab5bdf1eccf9ff9f4d840b83af09fa,1778584150125365,Joan CRESPO,CRESPO,Joan,2012-06-22,2012,MK1,ESP,24,20,6.06,5.37;World Cup La Seu 2012; qp:0,27.34;World Cup Pau 2012; qp:0,None,None,None,24.4;Pyrenees Cup Pau 2012; qp:14.11,None,None,None,None,None,None,None,None,22.95;ICF World ranking Bratislava 2011; qp:0,None,18.38;ICF World ranking Broxbourne 2011; qp:1.56,38.89;World Cup Markkleeberg 2011; qp:0,4.18;World Cup Argentiere la Bessee 2011; qp:0,None,None,None,None,8.63;Pyrenees Cup Pau 2011; qp:5.1,11.09;Pyrenees Cup La Seu 2011; qp:5.35,None,None,None,None,9.3;World Championships Tacen 2010; qp:0,None,None,None,None,None,None,None,None,None,None,None,None,None,None,None,None,None,None,None,None,None,None,None,None,None,None,None,None,None,None,None,None,None,None,None,None,None,None,None,None,None,None,None,None,None,None,None,None,None,None,None,None,None,None,None,None,None,None,None,None,None,None,None,None,None,None,None,None,None,None
e5614bd7633641f37b3914554d5e9c9e,1778584150125365,Joan CRESPO,CRESPO,Joan,2012-05-05,2012,MK1,ESP,24,19,7.37,None,None,24.4;Pyrenees Cup Pau 2012; qp:14.11,None,None,None,None,None,None,None,None,22.95;ICF World ranking Bratislava 2011; qp:0,None,18.38;ICF World ranking Broxbourne 2011; qp:1.56,38.89;World Cup Markkleeberg 2011; qp:0,None,None,None,None,None,8.63;Pyrenees Cup Pau 2011; qp:5.1,11.09;Pyrenees Cup La Seu 2011; qp:5.35,None,None,None,None,9.3;World Championships Tacen 2010; qp:0,None,None,None,None,None,None,28.88;World Cup Prague 2010; qp:0,None,None,None,None,None,None,None,None,None,None,None,None,None,None,None,None,None,None,None,None,None,None,None,None,None,None,None,None,None,None,None,None,None,None,None,None,None,None,None,None,None,None,None,None,None,None,None,None,None,None,None,None,None,None,None,None,None,None,None,None,None,None,None,None,None,None
759227048afe217656cb9006b83d4199,1778584150125365,Joan CRESPO,CRESPO,Joan,2011-09-07,2011,MK1,ESP,23,20,7.37,22.95;ICF World ranking Bratislava 2011; qp:0,None,18.38;ICF World ranking Broxbourne 2011; qp:1.56,38.89;World Cup Markkleeberg 2011; qp:0,4.18;World Cup Argentiere la Bessee 2011; qp:0,None,None,None,None,8.63;Pyrenees Cup Pau 2011; qp:5.1,11.09;Pyrenees Cup La Seu 2011; qp:5.35,None,None,None,None,9.3;World Championships Tacen 2010; qp:0,None,None,None,None,None,None,28.88;World Cup Prague 2010; qp:0,None,None,None,None,None,None,None,None,None,None,None,None,None,None,None,None,None,None,None,None,None,None,None,None,None,None,None,None,None,None,None,None,None,None,None,None,None,None,None,None,None,None,None,None,None,None,None,None,None,None,None,None,None,None,None,None,None,None,None,None,None,None,None,None,None,None,None,None,None,None,None,None,None,None,None,None,None
ba8f6c80454149f3fabdd19ad60ee599,1778584150125365,Joan CRESPO,CRESPO,Joan,2011-08-12,2011,MK1,ESP,23,19,7.37,None,18.38;ICF World ranking Broxbourne 2011; qp:1.56,38.89;World Cup Markkleeberg 2011; qp:0,4.18;World Cup Argentiere la Bessee 2011; qp:0,None,None,None,None,8.63;Pyrenees Cup Pau 2011; qp:5.1,11.09;Pyrenees Cup La Seu 2011; qp:5.35,None,None,None,None,9.3;World Championships Tacen 2010; qp:0,None,None,None,None,None,None,28.88;World Cup Prague 2010; qp:0,None,None,None,None,None,None,None,None,None,None,None,None,None,None,None,10;World Championships La Seu 2009; qp:0,None,None,None,None,None,None,None,None,None,None,None,None,None,None,None,None,None,None,None,None,None,None,None,None,None,None,None,None,None,None,None,None,None,None,None,None,None,None,None,None,None,None,None,None,None,None,None,None,None,None,None,None,None,None,None,None,None,None,None,None,None,None
8df114090305146f222ec94535d66707,1778584150125365,Joan CRESPO,CRESPO,Joan,2011-07-08,2011,MK1,ESP,23,18,7.37,38.89;World Cup Markkleeberg 2011; qp:0,4.18;World Cup Argentiere la Bessee 2011; qp:0,None,None,None,None,8.63;Pyrenees Cup Pau 2011; qp:5.1,11.09;Pyrenees Cup La Seu 2011; qp:5.35,None,None,None,None,9.3;World Championships Tacen 2010; qp:0,None,None,None,None,None,None,28.88;World Cup Prague 2010; qp:0,None,None,None,None,None,None,None,None,None,None,None,None,None,None,None,10;World Championships La Seu 2009; qp:0,None,117.42;Slovak Open Bratislava 2009; qp:2.82,None,None,None,None,None,None,None,None,None,None,None,None,None,None,None,None,None,None,None,None,None,None,None,None,None,None,None,None,None,None,None,None,None,None,None,None,None,None,None,None,None,None,None,None,None,None,None,None,None,None,None,None,None,None,None,None,None,None,None,None,None,None
65882eeed534c42c349b6cc77dc692e3,1778584150125365,Joan CRESPO,CRESPO,Joan,2011-05-21,2011,MK1,ESP,23,29,9.31,None,None,8.63;Pyrenees Cup Pau 2011; qp:5.1,11.09;Pyrenees Cup La Seu 2011; qp:5.35,None,None,None,None,9.3;World Championships Tacen 2010; qp:0,None,None,None,None,None,None,28.88;World Cup Prague 2010; qp:0,None,None,None,None,None,None,None,None,None,None,None,None,None,None,None,10;World Championships La Seu 2009; qp:0,None,117.42;Slovak Open Bratislava 2009; qp:2.82,None,27.37;World Cup Augsburg 2009; qp:0,25.15;World Cup Bratislava 2009; qp:0,24.91;World Cup Pau 2009; qp:0,None,None,None,None,None,None,None,None,None,None,None,None,None,None,None,None,None,None,None,None,None,None,None,None,None,None,None,None,None,None,None,None,None,None,None,None,None,None,None,None,None,None,None,None,None,None,None,None,None,None,None,None,None,None,None,None,None,None,None,None,None,None
7436b8374029dc63d313f6c5491afc73,1778584150125365,Joan CRESPO,CRESPO,Joan,2010-09-09,2010,MK1,ESP,22,51,14.74,9.3;World Championships Tacen 2010; qp:0,None,None,None,None,None,None,28.88;World Cup Prague 2010; qp:0,None,None,None,None,None,None,None,None,None,None,None,None,None,None,None,10;World Championships La Seu 2009; qp:0,None,117.42;Slovak Open Bratislava 2009; qp:2.82,None,None,27.37;World Cup Augsburg 2009; qp:0,25.15;World Cup Bratislava 2009; qp:0,24.91;World Cup Pau 2009; qp:0,None,None,None,28.7;ICF World ranking Nottingham 2009; qp:0.91,None,None,None,None,None,None,None,None,None,None,None,None,None,None,None,None,None,None,None,None,None,None,None,None,None,None,None,None,None,None,None,None,None,None,None,None,None,None,None,None,None,None,None,None,None,None,None,None,None,None,None,None,None,None,None,None,None,None,None,None,None,None,None,None,None
d8eaffddc72be8758c090a27bfe14af0,1778584150125365,Joan CRESPO,CRESPO,Joan,2010-08-21,2010,MK1,ESP,22,67,20.02,None,None,None,None,None,None,28.88;World Cup Prague 2010; qp:0,None,None,None,None,None,None,None,None,None,None,None,None,None,None,None,10;World Championships La Seu 2009; qp:0,None,117.42;Slovak Open Bratislava 2009; qp:2.82,None,None,27.37;World Cup Augsburg 2009; qp:0,25.15;World Cup Bratislava 2009; qp:0,24.91;World Cup Pau 2009; qp:0,None,None,None,28.7;ICF World ranking Nottingham 2009; qp:0.91,None,None,None,None,None,None,None,None,None,None,None,None,None,None,None,None,None,None,None,None,None,None,None,None,None,None,None,None,None,None,None,None,None,None,None,None,None,None,None,None,None,None,None,None,None,None,None,None,None,None,None,None,None,None,None,None,None,None,None,None,None,None,None,None,None,None
f9e2d6fc4a7612422b52a8efe82b1bdc,1778584150125365,Joan CRESPO,CRESPO,Joan,2010-07-02,2010,MK1,ESP,22,70,20.02,None,None,28.88;World Cup Prague 2010; qp:0,None,None,None,None,None,None,None,None,None,None,None,None,None,None,None,10;World Championships La Seu 2009; qp:0,None,117.42;Slovak Open Bratislava 2009; qp:2.82,None,None,27.37;World Cup Augsburg 2009; qp:0,25.15;World Cup Bratislava 2009; qp:0,24.91;World Cup Pau 2009; qp:0,None,None,None,28.7;ICF World ranking Nottingham 2009; qp:0.91,None,None,None,None,None,None,None,None,None,None,None,None,None,None,None,None,None,None,None,None,None,None,None,None,None,None,None,None,None,None,None,None,None,None,None,None,None,None,None,None,None,None,None,None,None,None,None,None,None,None,None,None,None,None,None,None,None,None,None,None,None,None,None,None,None,None,None,None,None,None
d1a42db28ce687cc0286a50b5a0c7369,1778584150125365,Joan CRESPO,CRESPO,Joan,2010-06-05,2010,MK1,ESP,22,67,20.02,None,None,None,None,None,None,None,None,None,None,None,None,None,None,None,None,10;World Championships La Seu 2009; qp:0,None,117.42;Slovak Open Bratislava 2009; qp:2.82,None,None,27.37;World Cup Augsburg 2009; qp:0,25.15;World Cup Bratislava 2009; qp:0,24.91;World Cup Pau 2009; qp:0,None,None,None,28.7;ICF World ranking Nottingham 2009; qp:0.91,None,None,None,None,None,None,27.73;World Cup Augsburg 2008; qp:0,None,None,None,None,None,None,None,None,None,None,None,None,None,None,None,None,None,None,None,None,None,None,None,None,None,None,None,None,None,None,None,None,None,None,None,None,None,None,None,None,None,None,None,None,None,None,None,None,None,None,None,None,None,None,None,None,None,None,None,None,None,None,None,None,None
1f91a4cfede7128c4fc78e2f1e708b30,1778584150125365,Joan CRESPO,CRESPO,Joan,2009-10-24,2009,MK1,ESP,21,64,20.02,None,None,None,None,10;World Championships La Seu 2009; qp:0,None,117.42;Slovak Open Bratislava 2009; qp:2.82,None,None,27.37;World Cup Augsburg 2009; qp:0,25.15;World Cup Bratislava 2009; qp:0,24.91;World Cup Pau 2009; qp:0,None,None,None,28.7;ICF World ranking Nottingham 2009; qp:0.91,None,None,None,None,None,None,27.73;World Cup Augsburg 2008; qp:0,None,None,None,32.84;ICF World ranking Cracow 2008; qp:1.23,None,None,None,None,None,None,None,None,None,None,None,None,None,None,None,None,None,None,None,None,None,None,None,None,None,None,None,None,None,None,None,None,None,None,None,None,None,None,None,None,None,None,None,None,None,None,None,None,None,None,None,None,None,None,None,None,None,None,None,None,None,None,None,None,None,None,None,None,None,None,None,None,None
d52d87a833acb65fa0fa6de5c1921377,1778584150125365,Joan CRESPO,CRESPO,Joan,2009-08-22,2009,MK1,ESP,21,78,25.81,None,117.42;Slovak Open Bratislava 2009; qp:2.82,None,None,27.37;World Cup Augsburg 2009; qp:0,25.15;World Cup Bratislava 2009; qp:0,24.91;World Cup Pau 2009; qp:0,None,None,None,28.7;ICF World ranking Nottingham 2009; qp:0.91,None,None,None,None,None,None,27.73;World Cup Augsburg 2008; qp:0,None,None,None,32.84;ICF World ranking Cracow 2008; qp:1.23,None,None,None,31.41;World Championships Foz do Iguassu 2007; qp:0,None,None,None,None,None,None,None,None,None,None,None,None,None,None,None,None,None,None,None,None,None,None,None,None,None,None,None,None,None,None,None,None,None,None,None,None,None,None,None,None,None,None,None,None,None,None,None,None,None,None,None,None,None,None,None,None,None,None,None,None,None,None,None,None,None,None,None,None,None,None,None,None,None,None
55aa45b7b3caa0877d714c2bda416eb4,1778584150125365,Joan CRESPO,CRESPO,Joan,2009-07-11,2009,MK1,ESP,21,72,25.81,27.37;World Cup Augsburg 2009; qp:0,25.15;World Cup Bratislava 2009; qp:0,24.91;World Cup Pau 2009; qp:0,None,None,None,28.7;ICF World ranking Nottingham 2009; qp:0.91,None,None,None,None,None,None,27.73;World Cup Augsburg 2008; qp:0,None,None,None,32.84;ICF World ranking Cracow 2008; qp:1.23,None,None,None,31.41;World Championships Foz do Iguassu 2007; qp:0,None,None,None,None,None,None,None,None,None,None,None,None,None,None,None,None,None,None,None,None,None,None,None,None,None,None,None,None,None,None,None,None,None,None,None,None,None,None,None,None,None,None,None,None,None,None,None,None,None,None,None,None,None,None,None,None,None,None,None,None,None,None,None,None,None,None,None,None,None,None,None,None,None,None,None,None,None,None
06b325215cd3303c5aa6a730fe5bfb36,1778584150125365,Joan CRESPO,CRESPO,Joan,2009-06-20,2009,MK1,ESP,21,89,27.76,None,None,None,28.7;ICF World ranking Nottingham 2009; qp:0.91,None,None,None,None,None,None,27.73;World Cup Augsburg 2008; qp:0,None,None,None,32.84;ICF World ranking Cracow 2008; qp:1.23,None,None,None,31.41;World Championships Foz do Iguassu 2007; qp:0,None,26.85;World Cup Augsburg 2007; qp:0,None,None,33.06;ICF World ranking Liptovsky Mikulas 2007; qp:0.99,None,None,None,None,None,None,None,None,None,None,None,None,None,None,None,None,None,None,None,None,None,None,None,None,None,None,None,None,None,None,None,None,None,None,None,None,None,None,None,None,None,None,None,None,None,None,None,None,None,None,None,None,None,None,None,None,None,None,None,None,None,None,None,None,None,None,None,None,None,None,None,None,None,None,None,None
1a64bf4327c86eddf9ed55f394bac5f6,1778584150125365,Joan CRESPO,CRESPO,Joan,2008-08-08,2008,MK1,ESP,20,87,28.66,None,None,27.73;World Cup Augsburg 2008; qp:0,None,None,None,32.84;ICF World ranking Cracow 2008; qp:1.23,None,None,None,31.41;World Championships Foz do Iguassu 2007; qp:0,None,26.85;World Cup Augsburg 2007; qp:0,None,None,33.06;ICF World ranking Liptovsky Mikulas 2007; qp:0.99,None,None,None,None,None,None,None,None,None,None,None,None,None,None,None,None,None,None,None,None,None,None,None,None,None,None,None,None,None,None,None,None,None,None,None,None,None,None,None,None,None,None,None,None,None,None,None,None,None,None,None,None,None,None,None,None,None,None,None,None,None,None,None,None,None,None,None,None,None,None,None,None,None,None,None,None,None,None,None,None,None,None,None,None
b6300d9c3976a9ca6432b3d68549033f,1778584150125365,Joan CRESPO,CRESPO,Joan,2008-07-11,2008,MK1,ESP,20,87,28.66,None,27.73;World Cup Augsburg 2008; qp:0,None,None,None,32.84;ICF World ranking Cracow 2008; qp:1.23,None,None,None,31.41;World Championships Foz do Iguassu 2007; qp:0,None,26.85;World Cup Augsburg 2007; qp:0,None,None,33.06;ICF World ranking Liptovsky Mikulas 2007; qp:0.99,None,None,None,None,None,None,None,None,None,None,None,None,None,None,None,None,None,None,None,None,None,None,None,None,None,None,None,None,None,None,None,None,None,None,None,None,None,None,None,None,None,None,None,None,None,None,None,None,None,None,None,None,None,None,None,None,None,None,None,None,None,None,None,None,None,None,None,None,None,None,None,None,None,None,None,None,None,None,None,None,None,None,None,None,None
5ba9d9ae00b3815c36471c988768e123,1778584150125365,Joan CRESPO,CRESPO,Joan,2008-05-17,2008,MK1,ESP,20,82,30.37,None,32.84;ICF World ranking Cracow 2008; qp:1.23,None,None,None,31.41;World Championships Foz do Iguassu 2007; qp:0,None,26.85;World Cup Augsburg 2007; qp:0,None,None,33.06;ICF World ranking Liptovsky Mikulas 2007; qp:0.99,None,None,None,None,None,None,None,None,None,None,None,None,None,None,None,None,None,None,None,None,None,None,None,None,None,None,None,None,None,None,None,None,None,None,None,None,None,None,None,None,None,None,None,None,None,None,None,None,None,None,None,None,None,None,None,None,None,None,None,None,None,None,None,None,None,None,None,None,None,None,None,None,None,None,None,None,None,None,None,None,None,None,None,None,None,None,None,None,None
d99ce771a2d4cdfff071685ae379d2ff,1778584150125365,Joan CRESPO,CRESPO,Joan,2007-09-19,2007,MK1,ESP,19,80,30.44,31.41;World Championships Foz do Iguassu 2007; qp:0,None,26.85;World Cup Augsburg 2007; qp:0,None,None,33.06;ICF World ranking Liptovsky Mikulas 2007; qp:0.99,None,None,None,None,None,None,None,None,None,None,None,None,None,None,None,None,None,None,None,None,None,None,None,None,None,None,None,None,None,None,None,None,None,None,None,None,None,None,None,None,None,None,None,None,None,None,None,None,None,None,None,None,None,None,None,None,None,None,None,None,None,None,None,None,None,None,None,None,None,None,None,None,None,None,None,None,None,None,None,None,None,None,None,None,None,None,None,None,None,None,None,None,None,None
de27e0f7a88ec5646be62c2aecb15838,1778584150125365,Joan CRESPO,CRESPO,Joan,2007-08-16,2007,MK1,ESP,19,113,29.96,None,26.85;World Cup Augsburg 2007; qp:0,None,None,33.06;ICF World ranking Liptovsky Mikulas 2007; qp:0.99,None,None,None,None,None,None,None,None,None,None,None,None,None,None,None,None,None,None,None,None,None,None,None,None,None,None,None,None,None,None,None,None,None,None,None,None,None,None,None,None,None,None,None,None,None,None,None,None,None,None,None,None,None,None,None,None,None,None,None,None,None,None,None,None,None,None,None,None,None,None,None,None,None,None,None,None,None,None,None,None,None,None,None,None,None,None,None,None,None,None,None,None,None,None,None
c299585e78002ae83c81545b03e7a9ca,1778584150125365,Joan CRESPO,CRESPO,Joan,2007-07-14,2007,MK1,ESP,19,112,29.96,26.85;World Cup Augsburg 2007; qp:0,None,None,33.06;ICF World ranking Liptovsky Mikulas 2007; qp:0.99,None,None,None,None,None,None,None,None,None,None,None,None,None,None,None,None,None,None,None,None,None,None,None,None,None,None,None,None,None,None,None,None,None,None,None,None,None,None,None,None,None,None,None,None,None,None,None,None,None,None,None,None,None,None,None,None,None,None,None,None,None,None,None,None,None,None,None,None,None,None,None,None,None,None,None,None,None,None,None,None,None,None,None,None,None,None,None,None,None,None,None,None,None,None,None,None
3e1b16bbb73192a6e4dd6d095efef30b,1778584150125365,Joan CRESPO,CRESPO,Joan,2007-06-14,2007,MK1,ESP,19,122,33.05,33.06;ICF World ranking Liptovsky Mikulas 2007; qp:0.99,None,None,None,None,None,None,None,None,None,None,None,None,None,None,None,None,None,None,None,None,None,None,None,None,None,None,None,None,None,None,None,None,None,None,None,None,None,None,None,None,None,None,None,None,None,None,None,None,None,None,None,None,None,None,None,None,None,None,None,None,None,None,None,None,None,None,None,None,None,None,None,None,None,None,None,None,None,None,None,None,None,None,None,None,None,None,None,None,None,None,None,None,None,None,None,None,None,None,None
fc989f177a6c6afbc164112b3d4c781c,1787573484683840,Joe CLARKE,CLARKE,Joe,2026-08-21,2026,MK1,GBR,34,12,6.57,None,None,None,5;World Championships Oklahoma 2026; qp:0,None,None,10;World Cup Augsburg 2026; qp:0,2.71;World Cup Prague 2026; qp:0,6.52;World Cup Tacen 2026; qp:0,None,None,None,None,None,None,None,None,None,None,None,None,None,None,None,None,None,None,None,None,None,None,None,None,None,None,18.54;World Championships Penrtih 2025; qp:0,18.24;World Cup Augsburg 2025; qp:0,117;World Cup Tacen 2025; qp:0,None,None,None,None,None,None,None,None,None,None,None,17.45;ICF World ranking Vaires sur Marne 2025; qp:1.55,None,None,None,None,None,None,None,None,None,None,None,None,None,None,None,None,None,None,None,None,None,None,None,8.62;Oceania Championships Penrith 2025; qp:3.55,None,None,None,None,None,None,None,None,21.01;ICF World ranking Tacen 2024; qp:1.01,None,None,None,None,None,None,None,None,None,None,None,None,None,None,None,None,None
40bdb68887d2206f98e25df44e326a7d,1778584541902156,Joe CLARKE,CLARKE,Joe,2026-03-31,2026,MK1,GBR,34,16,8.46,None,None,None,None,None,None,None,None,None,None,None,None,None,None,None,18.54;World Championships Penrtih 2025; qp:0,18.24;World Cup Augsburg 2025; qp:0,117;World Cup Tacen 2025; qp:0,None,None,None,None,None,None,None,None,None,None,None,17.45;ICF World ranking Vaires sur Marne 2025; qp:1.55,None,None,None,None,None,None,None,None,None,None,None,None,None,None,None,None,None,None,None,None,None,None,None,8.62;Oceania Championships Penrith 2025; qp:3.55,None,None,None,None,None,None,None,None,None,2.72;Olympic Games Paris 2024; qp:0,None,None,0;World Cup Krakow 2024; qp:0,120.66;World Cup Prague 2024; qp:0,13.51;World Cup Augsburg 2024; qp:0,None,None,21.01;ICF World ranking Tacen 2024; qp:1.01,None,None,None,None,None,None,None,None,None,None,None,None,None,None,None,None,None,None,None,None,None,None,None,None,None,None,None,None
8f064ffa92e75079f536be3ae2b3c56d,1778584541902156,Joe CLARKE,CLARKE,Joe,2025-10-15,2025,MK1,GBR,33,16,8.46,18.54;World Championships Penrtih 2025; qp:0,18.24;World Cup Augsburg 2025; qp:0,117;World Cup Tacen 2025; qp:0,None,None,None,None,None,None,None,None,None,None,None,17.45;ICF World ranking Vaires sur Marne 2025; qp:1.55,None,None,None,None,None,None,None,None,None,None,None,None,None,None,None,None,None,None,None,None,None,None,None,8.62;Oceania Championships Penrith 2025; qp:3.55,None,None,None,None,None,None,None,None,None,2.72;Olympic Games Paris 2024; qp:0,None,None,0;World Cup Krakow 2024; qp:0,120.66;World Cup Prague 2024; qp:0,13.51;World Cup Augsburg 2024; qp:0,None,None,21.01;ICF World ranking Tacen 2024; qp:1.01,None,None,None,None,None,None,None,None,None,None,None,26.4;Australian Open Penrith 2024; qp:1.97,None,None,None,None,None,None,None,None,None,None,None,None,None,None,None,None,None,None,None,None,None,None,None,None,None,None,None,None,None,None,None
1f4b8ebb54b4425de0f7c2284db26a97,1778584541902156,Joe CLARKE,CLARKE,Joe,2025-09-10,2025,MK1,GBR,33,9,4.97,18.24;World Cup Augsburg 2025; qp:0,117;World Cup Tacen 2025; qp:0,None,None,None,None,None,None,None,None,None,None,None,17.45;ICF World ranking Vaires sur Marne 2025; qp:1.55,None,None,None,None,None,None,None,None,None,None,None,None,None,None,None,None,None,None,None,None,None,None,None,8.62;Oceania Championships Penrith 2025; qp:3.55,None,None,None,None,None,None,None,None,None,2.72;Olympic Games Paris 2024; qp:0,None,None,0;World Cup Krakow 2024; qp:0,120.66;World Cup Prague 2024; qp:0,13.51;World Cup Augsburg 2024; qp:0,None,None,21.01;ICF World ranking Tacen 2024; qp:1.01,None,None,None,None,None,None,None,None,None,None,None,26.4;Australian Open Penrith 2024; qp:1.97,None,0;World Championships Lee Valley 2023; qp:0,None,None,None,None,None,None,None,None,None,None,None,None,None,None,None,None,None,None,None,None,None,None,None,None,None,None,None,None,None,None
9b7747ebda407a75704836c43f195610,1778584541902156,Joe CLARKE,CLARKE,Joe,2025-07-01,2025,MK1,GBR,33,4,2.63,None,None,None,17.45;Euros Vaires sur Marne 2025; qp:1.55,None,None,None,None,None,None,None,None,None,None,None,None,None,None,None,None,None,None,None,None,None,None,None,8.62;Oceania Championships Penrith 2025; qp:3.55,None,None,None,None,None,None,None,None,None,2.72;Olympic Games Paris 2024; qp:0,None,None,0;World Cup Krakow 2024; qp:0,120.66;World Cup Prague 2024; qp:0,13.51;World Cup Augsburg 2024; qp:0,None,None,21.01;ICF World ranking Tacen 2024; qp:1.01,None,None,None,None,None,None,None,None,None,None,None,26.4;Australian Open Penrith 2024; qp:1.97,None,None,None,None,None,22.45;World Cup Vaires sur Marne 2023; qp:0,0;World Championships Lee Valley 2023; qp:0,1.81;World Cup La Seu 2023; qp:0,None,None,None,None,None,None,None,None,None,None,None,None,None,None,None,None,None,None,None,None,None,None,None,None,None,None,None,None,None,None,None,None,None,None
57b9e91f1b1aae5029f0040038ee6ff2,1778584541902156,Joe CLARKE,CLARKE,Joe,2025-05-30,2025,MK1,GBR,33,3,1.89,17.45;Euros Vaires sur Marne 2025; qp:1.55,None,None,None,None,None,None,None,None,None,None,None,None,None,None,None,None,None,None,None,None,None,None,None,8.62;Oceania Championships Penrith 2025; qp:3.55,None,None,None,None,None,None,None,None,None,2.72;Olympic Games Paris 2024; qp:0,None,None,0;World Cup Krakow 2024; qp:0,120.66;World Cup Prague 2024; qp:0,13.51;World Cup Augsburg 2024; qp:0,None,None,21.01;ICF World ranking Tacen 2024; qp:1.01,None,None,None,None,None,None,None,None,None,None,None,26.4;Australian Open Penrith 2024; qp:1.97,None,None,None,None,None,22.45;World Cup Vaires sur Marne 2023; qp:0,0;World Championships Lee Valley 2023; qp:0,1.81;World Cup La Seu 2023; qp:0,None,None,None,None,None,None,13.53;World Cup Tacen 2023; qp:0,20.31;World Cup Prague 2023; qp:0,4.93;World Cup Augsburg 2023; qp:0,None,None,None,None,None,None,None,None,None,None,None,None,None,None,None,None,None,None,None,None,None,None,None,None,None,None,None,None
5a2557b488f8699eaf66d7602b7f3abb,1778584541902156,Joe CLARKE,CLARKE,Joe,2025-04-03,2025,MK1,GBR,33,3,1.59,None,None,None,None,None,None,None,None,None,None,None,None,None,8.62;Oceania Championships Penrith 2025; qp:3.55,None,None,None,None,None,None,None,None,None,2.72;Olympic Games Paris 2024; qp:0,None,None,0;World Cup Krakow 2024; qp:0,120.66;World Cup Prague 2024; qp:0,13.51;World Cup Augsburg 2024; qp:0,None,None,21.01;ICF World ranking Tacen 2024; qp:1.01,None,None,None,None,None,None,None,None,None,None,None,26.4;Australian Open Penrith 2024; qp:1.97,None,None,None,None,None,22.45;World Cup Vaires sur Marne 2023; qp:0,0;World Championships Lee Valley 2023; qp:0,1.81;World Cup La Seu 2023; qp:0,None,None,None,None,None,3.41;ICF World ranking Krakow 2023; qp:0.71,None,13.53;World Cup Tacen 2023; qp:0,20.31;World Cup Prague 2023; qp:0,4.93;World Cup Augsburg 2023; qp:0,None,None,None,None,None,None,None,None,None,None,None,None,None,None,None,None,None,None,None,None,None,None,None,None,None,None,None,None,None,None,None,None,None,None,None,None,None,None
c79ee09e8b2304f78490cf329cff05ef,1778584541902156,Joe CLARKE,CLARKE,Joe,2024-09-25,2024,MK1,GBR,32,3,1.59,None,None,None,2.72;Olympic Games Vaires sur Marne 2024; qp:0,None,None,0;World Cup Krakow 2024; qp:0,120.66;World Cup Prague 2024; qp:0,13.51;World Cup Augsburg 2024; qp:0,None,None,21.01;Euros Tacen 2024; qp:1.01,None,None,None,None,None,None,None,None,None,None,None,26.4;Australian Open Penrith 2024; qp:1.97,None,None,None,None,None,22.45;World Cup Vaires sur Marne 2023; qp:0,0;World Championships Lee Valley 2023; qp:0,1.81;World Cup La Seu 2023; qp:0,None,None,None,None,None,3.41;ICF World ranking Krakow 2023; qp:0.71,None,13.53;World Cup Tacen 2023; qp:0,20.31;World Cup Prague 2023; qp:0,4.93;World Cup Augsburg 2023; qp:0,None,None,None,None,None,None,None,None,None,None,None,None,None,None,None,None,None,None,None,None,None,None,None,None,None,None,None,None,None,None,None,None,None,None,None,None,None,None,None,None,None,None,None,None,None,None,None,None,None,None,None,None,None,None,None,None,None,None
ba91a756ec857d7f82dbc819d6304cab,1778584541902156,Joe CLARKE,CLARKE,Joe,2024-06-20,2024,MK1,GBR,32,4,1.7,0;World Cup Krakow 2024; qp:0,120.66;World Cup Prague 2024; qp:0,13.51;World Cup Augsburg 2024; qp:0,None,None,21.01;Euros Tacen 2024; qp:1.01,None,None,None,None,None,None,None,None,None,None,None,26.4;Australian Open Penrith 2024; qp:1.97,None,None,None,None,None,22.45;World Cup Vaires sur Marne 2023; qp:0,0;World Championships Lee Valley 2023; qp:0,1.81;World Cup La Seu 2023; qp:0,None,None,None,None,None,3.41;Euros Krakow 2023; qp:0.71,None,13.53;World Cup Tacen 2023; qp:0,20.31;World Cup Prague 2023; qp:0,4.93;World Cup Augsburg 2023; qp:0,None,None,None,None,None,None,None,None,None,None,None,None,3.28;ICF World ranking Lee Valley 2022; qp:0.96,None,13.82;World Cup La Seu 2022; qp:0,23.02;World Cup Pau 2022; qp:0,None,16.03;World Championships Augsburg 2022; qp:0,None,None,None,None,None,None,None,None,None,None,None,None,None,None,None,None,None,None,None,None,None,None,None,None,None,None,None,None,None,None,None,None,None,None,None,None,None,None,None,None,None,None,None,None,None,None
7075b13098fa22eae2db3c0c806d0ee5,1778584541902156,Joe CLARKE,CLARKE,Joe,2024-05-22,2024,MK1,GBR,32,4,1.76,21.01;Euros Tacen 2024; qp:1.01,None,None,None,None,None,None,None,None,None,None,None,26.4;Australian Open Penrith 2024; qp:1.97,None,None,None,None,None,22.45;World Cup Vaires sur Marne 2023; qp:0,0;World Championships Lee Valley 2023; qp:0,1.81;World Cup La Seu 2023; qp:0,None,None,None,None,None,3.41;Euros Krakow 2023; qp:0.71,None,13.53;World Cup Tacen 2023; qp:0,20.31;World Cup Prague 2023; qp:0,4.93;World Cup Augsburg 2023; qp:0,None,None,None,None,None,None,None,None,None,None,None,None,3.28;ICF World ranking Lee Valley 2022; qp:0.96,None,13.82;World Cup La Seu 2022; qp:0,23.02;World Cup Pau 2022; qp:0,None,16.03;World Championships Augsburg 2022; qp:0,None,None,19.64;World Cup Tacen 2022; qp:0,0.28;World Cup Krakow 2022; qp:0,27.94;World Cup Prague 2022; qp:0,20.19;ICF World ranking Augsburg 2022; qp:2.54,None,None,None,None,None,None,None,None,None,None,None,None,None,None,None,None,None,None,None,None,None,None,None,None,None,None,None,None,None,None,None,None,None,None,None,None,None,None,None,None,None,None,None,None,None
3fd8b3cef7030f91558fc4f507d25c2b,1778584541902156,Joe CLARKE,CLARKE,Joe,2023-11-16,2023,MK1,GBR,31,5,1.76,None,None,None,None,22.45;World Cup Vaires sur Marne 2023; qp:0,0;World Championships Lee Valley 2023; qp:0,1.81;World Cup La Seu 2023; qp:0,None,None,None,None,None,3.41;Euros Krakow 2023; qp:0.71,None,13.53;World Cup Tacen 2023; qp:0,20.31;World Cup Prague 2023; qp:0,4.93;World Cup Augsburg 2023; qp:0,None,None,None,None,None,None,None,None,None,None,None,None,3.28;ICF World ranking Lee Valley 2022; qp:0.96,None,13.82;World Cup La Seu 2022; qp:0,23.02;World Cup Pau 2022; qp:0,None,16.03;World Championships Augsburg 2022; qp:0,None,None,19.64;World Cup Tacen 2022; qp:0,0.28;World Cup Krakow 2022; qp:0,27.94;World Cup Prague 2022; qp:0,20.19;ICF World ranking Augsburg 2022; qp:2.54,None,6.42;ICF World ranking Liptovsky Mikulas 2022; qp:1.34,None,None,None,None,None,None,None,None,None,None,None,None,None,None,None,None,None,None,None,None,None,None,None,None,None,None,None,None,None,None,None,None,None,None,None,None,None,None,None,None,None,None,None,None,None,None,None,None,None,None,None,None,None,None,None,None,None
e34f5e098dea607c1da9b200cacbf03d,1778584541902156,Joe CLARKE,CLARKE,Joe,2023-09-04,2023,MK1,GBR,31,6,2.15,1.81;World Cup La Seu 2023; qp:0,None,None,None,None,None,3.41;Euros Krakow 2023; qp:0.71,None,13.53;World Cup Tacen 2023; qp:0,20.31;World Cup Prague 2023; qp:0,4.93;World Cup Augsburg 2023; qp:0,None,None,None,None,None,None,None,None,None,None,None,None,3.28;ICF World ranking Lee Valley 2022; qp:0.96,None,13.82;World Cup La Seu 2022; qp:0,23.02;World Cup Pau 2022; qp:0,None,16.03;World Championships Augsburg 2022; qp:0,None,None,19.64;World Cup Tacen 2022; qp:0,0.28;World Cup Krakow 2022; qp:0,27.94;World Cup Prague 2022; qp:0,20.19;ICF World ranking Augsburg 2022; qp:2.54,None,6.42;ICF World ranking Liptovsky Mikulas 2022; qp:1.34,None,None,None,None,None,None,None,None,None,None,None,28.35;World Championships Bratislava 2021; qp:0,1.97;World Cup Pau 2021; qp:0,18.3;World Cup La Seu 2021; qp:0,None,None,None,None,7.9;World Championships La Seu 2019; qp:0,12.1;World Cup Prague 2019; qp:0,None,None,None,None,None,None,None,None,None,None,None,None,None,None,None,None,None,None,None,None,None,None,None,None,None,None,None,None,None,None,None,None,None,None,None,None,None,None,None,None,None,None,None
5f44155f491a07ae1355defef4088e5e,1778584541902156,Joe CLARKE,CLARKE,Joe,2023-07-03,2023,MK1,GBR,31,6,3.38,13.53;World Cup Tacen 2023; qp:0,20.31;World Cup Prague 2023; qp:0,4.93;World Cup Augsburg 2023; qp:0,None,None,None,None,None,None,None,None,None,None,None,None,3.28;ICF World ranking Lee Valley 2022; qp:0.96,None,13.82;World Cup La Seu 2022; qp:0,23.02;World Cup Pau 2022; qp:0,None,16.03;World Championships Augsburg 2022; qp:0,None,None,19.64;World Cup Tacen 2022; qp:0,0.28;World Cup Krakow 2022; qp:0,27.94;World Cup Prague 2022; qp:0,20.19;ICF World ranking Augsburg 2022; qp:2.54,None,6.42;ICF World ranking Liptovsky Mikulas 2022; qp:1.34,None,None,None,None,None,None,None,None,None,None,None,28.35;World Championships Bratislava 2021; qp:0,1.97;World Cup Pau 2021; qp:0,18.3;World Cup La Seu 2021; qp:0,None,None,None,None,7.9;World Championships La Seu 2019; qp:0,12.1;World Cup Prague 2019; qp:0,None,None,None,None,None,None,None,None,None,None,None,None,None,None,None,None,None,None,None,None,None,None,None,None,None,None,None,None,None,None,None,None,None,None,None,None,None,None,None,None,None,None,None,None,None,None,None,None,None,None,None
cfa269ec40eec220fb79e5e44ffcf16b,1778584541902156,Joe CLARKE,CLARKE,Joe,2023-05-29,2023,MK1,GBR,31,6,2.39,None,None,None,None,None,None,None,None,None,None,None,3.28;ICF World ranking Lee Valley 2022; qp:0.96,None,13.82;World Cup La Seu 2022; qp:0,23.02;World Cup Pau 2022; qp:0,None,16.03;World Championships Augsburg 2022; qp:0,None,None,19.64;World Cup Tacen 2022; qp:0,0.28;World Cup Krakow 2022; qp:0,27.94;World Cup Prague 2022; qp:0,20.19;ICF World ranking Augsburg 2022; qp:2.54,None,6.42;ICF World ranking Liptovsky Mikulas 2022; qp:1.34,None,None,None,None,None,None,None,None,None,None,None,28.35;World Championships Bratislava 2021; qp:0,1.97;World Cup Pau 2021; qp:0,18.3;World Cup La Seu 2021; qp:0,None,None,None,None,7.9;World Championships La Seu 2019; qp:0,12.1;World Cup Prague 2019; qp:0,None,None,None,None,None,None,None,10.84;World Cup Tacen 2019; qp:0,None,0;World Cup Lee Valley 2019; qp:0,None,None,None,None,None,None,None,None,None,None,None,None,None,None,None,None,None,None,None,None,None,None,None,None,None,None,None,None,None,None,None,None,None,None,None,None,None,None,None,None,None,None,None,None,None
53776d6d6c2800a22ea365254f481951,1778584541902156,Joe CLARKE,CLARKE,Joe,2022-09-23,2022,MK1,GBR,30,6,1.53,3.28;ICF World ranking Lee Valley 2022; qp:0.96,None,13.82;World Cup La Seu 2022; qp:0,23.02;World Cup Pau 2022; qp:0,None,16.03;World Championships Augsburg 2022; qp:0,None,None,19.64;World Cup Tacen 2022; qp:0,0.28;World Cup Krakow 2022; qp:0,27.94;World Cup Prague 2022; qp:0,20.19;ICF World ranking Augsburg 2022; qp:2.54,None,6.42;ICF World ranking Liptovsky Mikulas 2022; qp:1.34,None,None,None,None,None,None,None,None,None,None,None,28.35;World Championships Bratislava 2021; qp:0,1.97;World Cup Pau 2021; qp:0,18.3;World Cup La Seu 2021; qp:0,None,None,None,None,7.9;World Championships La Seu 2019; qp:0,12.1;World Cup Prague 2019; qp:0,None,None,None,None,None,None,None,10.84;World Cup Tacen 2019; qp:0,None,0;World Cup Lee Valley 2019; qp:0,None,None,None,None,None,None,None,None,None,None,2.1;ICF World ranking Penrith 2019; qp:2.1,None,None,None,None,None,None,None,None,None,None,None,None,None,None,None,None,None,None,None,None,None,None,None,None,None,None,None,None,None,None,None,None,None,None,None,None,None,None,None,None,None,None,None,None,None
7886d38672d17e85a0a22dfb75ebd0a4,1778584541902156,Joe CLARKE,CLARKE,Joe,2022-08-01,2022,MK1,GBR,30,6,2.1,None,16.03;World Championships Augsburg 2022; qp:0,None,None,19.64;World Cup Tacen 2022; qp:0,0.28;World Cup Krakow 2022; qp:0,27.94;World Cup Prague 2022; qp:0,20.19;ICF World ranking Augsburg 2022; qp:2.54,None,6.42;ICF World ranking Liptovsky Mikulas 2022; qp:1.34,None,None,None,None,None,None,None,None,None,None,None,28.35;World Championships Bratislava 2021; qp:0,1.97;World Cup Pau 2021; qp:0,18.3;World Cup La Seu 2021; qp:0,None,None,None,None,7.9;World Championships La Seu 2019; qp:0,12.1;World Cup Prague 2019; qp:0,None,None,None,None,None,None,None,10.84;World Cup Tacen 2019; qp:0,None,0;World Cup Lee Valley 2019; qp:0,None,None,None,None,None,None,None,None,None,None,2.1;ICF World ranking Penrith 2019; qp:2.1,None,None,"6.15;World Championships Deodoro, Rio 2018; qp:0",None,13.79;World Cup La Seu 2018; qp:0,None,None,None,None,None,None,None,None,None,None,None,None,None,None,None,None,None,None,None,None,None,None,None,None,None,None,None,None,None,None,None,None,None,None,None,None,None,None,None,None,None,None,None,None
abb94e4103c92ec0641a21007a3b927b,1778584541902156,Joe CLARKE,CLARKE,Joe,2022-05-01,2022,MK1,GBR,30,3,1.12,None,None,None,None,None,None,None,None,None,None,None,28.35;World Championships Bratislava 2021; qp:0,1.97;World Cup Pau 2021; qp:0,18.3;World Cup La Seu 2021; qp:0,None,None,None,None,7.9;World Championships La Seu 2019; qp:0,12.1;World Cup Prague 2019; qp:0,None,None,None,None,None,None,None,10.84;World Cup Tacen 2019; qp:0,None,0;World Cup Lee Valley 2019; qp:0,None,None,None,None,None,None,None,None,None,None,2.1;ICF World ranking Penrith 2019; qp:2.1,None,None,"6.15;World Championships Deodoro, Rio 2018; qp:0",None,13.79;World Cup La Seu 2018; qp:0,None,None,None,None,None,None,None,None,3.51;World Cup Augsburg 2018; qp:0,0;World Cup Krakow 2018; qp:0,1.55;World Cup Liptovsky Mikulas 2018; qp:0,None,None,None,None,None,None,None,None,None,None,None,None,None,None,None,None,None,None,None,None,None,None,None,None,None,None,None,None,None,None,None,None,None,None,None,None,None,None,None,None,None,None,None
0f45e2db5eb292a54b0b8977ac51225a,1778584541902156,Joe CLARKE,CLARKE,Joe,2021-11-01,2021,MK1,GBR,29,3,1.12,28.35;World Championships Bratislava 2021; qp:0,1.97;World Cup Pau 2021; qp:0,18.3;World Cup La Seu 2021; qp:0,None,None,None,None,7.9;World Championships La Seu 2019; qp:0,12.1;World Cup Prague 2019; qp:0,None,None,None,None,None,None,None,10.84;World Cup Tacen 2019; qp:0,None,0;World Cup Lee Valley 2019; qp:0,None,None,None,None,None,None,None,None,None,None,2.1;ICF World ranking Penrith 2019; qp:2.1,None,None,"6.15;World Championships Deodoro, Rio 2018; qp:0",None,13.79;World Cup La Seu 2018; qp:0,None,None,None,None,None,None,None,None,3.51;World Cup Augsburg 2018; qp:0,0;World Cup Krakow 2018; qp:0,1.55;World Cup Liptovsky Mikulas 2018; qp:0,None,None,None,None,None,None,None,None,None,None,None,None,None,None,None,None,None,None,None,None,None,None,None,None,None,None,None,None,None,None,None,None,None,None,None,None,None,None,None,None,None,None,None,None,None,None,None,None,None,None,None,None,None,None
1cf88000c4150c54d01f046fb1cbe845,1778584541902156,Joe CLARKE,CLARKE,Joe,2021-09-10,2021,MK1,GBR,29,3,1.12,1.97;World Cup Pau 2021; qp:0,18.3;World Cup La Seu 2021; qp:0,None,None,None,None,7.9;World Championships La Seu 2019; qp:0,12.1;World Cup Prague 2019; qp:0,None,None,None,None,None,None,None,10.84;World Cup Tacen 2019; qp:0,None,0;World Cup Lee Valley 2019; qp:0,None,None,None,None,None,None,None,None,None,None,2.1;ICF World ranking Penrith 2019; qp:2.1,None,None,"6.15;World Championships Deodoro, Rio 2018; qp:0",None,13.79;World Cup La Seu 2018; qp:0,None,None,None,None,None,None,None,None,3.51;World Cup Augsburg 2018; qp:0,0;World Cup Krakow 2018; qp:0,1.55;World Cup Liptovsky Mikulas 2018; qp:0,None,None,None,None,None,None,None,None,None,None,None,None,None,None,None,None,None,None,None,None,None,None,None,None,None,None,None,None,None,None,None,None,None,None,None,None,None,None,None,None,None,None,None,None,None,None,None,None,None,None,None,None,None,None,None
96e7728dea94a08c1fd5e57d23a2ddff,1778584541902156,Joe CLARKE,CLARKE,Joe,2020-02-01,2020,MK1,GBR,28,2,1.43,None,None,None,7.9;World Championships La Seu 2019; qp:0,12.1;World Cup Prague 2019; qp:0,None,None,None,None,None,None,None,10.84;World Cup Tacen 2019; qp:0,None,0;World Cup Lee Valley 2019; qp:0,None,None,None,None,None,None,None,None,None,None,2.1;ICF World ranking Penrith 2019; qp:2.1,None,None,"6.15;World Championships Deodoro, Rio 2018; qp:0",None,13.79;World Cup La Seu 2018; qp:0,None,None,None,None,None,None,None,None,3.51;World Cup Augsburg 2018; qp:0,0;World Cup Krakow 2018; qp:0,1.55;World Cup Liptovsky Mikulas 2018; qp:0,None,None,None,None,None,None,None,None,None,12.35;ICF World ranking Penrith 2018; qp:1.54,None,None,None,None,None,None,None,None,None,None,None,None,None,None,None,None,None,None,None,None,None,None,None,None,None,None,None,None,None,None,None,None,None,None,None,None,None,None,None,None,None,None,None,None,None,None,None,None
8b83ecd1249b0ddf5cfc43310e556ca2,1778584541902156,Joe CLARKE,CLARKE,Joe,2019-09-25,2019,MK1,GBR,27,2,1.43,7.9;World Championships La Seu 2019; qp:0,12.1;World Cup Prague 2019; qp:0,None,None,None,None,None,None,None,10.84;World Cup Tacen 2019; qp:0,None,0;World Cup Lee Valley 2019; qp:0,None,None,None,None,None,None,None,None,None,None,2.1;ICF World ranking Penrith 2019; qp:2.1,None,None,"6.15;World Championships Deodoro, Rio 2018; qp:0",None,13.79;World Cup La Seu 2018; qp:0,None,None,None,None,None,None,None,None,3.51;World Cup Augsburg 2018; qp:0,0;World Cup Krakow 2018; qp:0,1.55;World Cup Liptovsky Mikulas 2018; qp:0,None,None,None,None,None,None,None,None,None,12.35;ICF World ranking Penrith 2018; qp:1.54,None,None,None,None,None,None,None,None,None,None,None,None,None,None,None,None,None,None,None,None,None,None,None,None,None,None,None,None,None,None,None,None,None,None,None,None,None,None,None,None,None,None,None,None,None,None,None,None,None,None,None
f6177431c6514cb1050593371ae36894,1778584541902156,Joe CLARKE,CLARKE,Joe,2019-09-06,2019,MK1,GBR,27,1,1.22,12.1;World Cup Prague 2019; qp:0,None,None,None,None,None,None,None,10.84;World Cup Tacen 2019; qp:0,None,0;World Cup Lee Valley 2019; qp:0,None,None,None,None,None,None,None,None,None,None,2.1;ICF World ranking Penrith 2019; qp:2.1,None,None,"6.15;World Championships Deodoro, Rio 2018; qp:0",None,13.79;World Cup La Seu 2018; qp:0,None,None,None,None,None,None,None,None,3.51;World Cup Augsburg 2018; qp:0,0;World Cup Krakow 2018; qp:0,1.55;World Cup Liptovsky Mikulas 2018; qp:0,None,None,None,None,None,None,None,None,None,12.35;ICF World ranking Penrith 2018; qp:1.54,None,None,2.45;World Championships Pau 2017; qp:0,19.97;British Open Lee Valley 2017; qp:19.97,None,None,None,None,None,None,None,None,None,None,None,None,None,None,None,None,None,None,None,None,None,None,None,None,None,None,None,None,None,None,None,None,None,None,None,None,None,None,None,None,None,None,None,None,None,None,None,None
ecb9667be7355018562fbd2e7c31af54,1778584541902156,Joe CLARKE,CLARKE,Joe,2019-06-28,2019,MK1,GBR,27,2,1.22,10.84;World Cup Tacen 2019; qp:0,None,0;World Cup Lee Valley 2019; qp:0,None,None,None,None,None,None,None,None,None,None,2.1;ICF World ranking Penrith 2019; qp:2.1,None,None,"6.15;World Championships Deodoro, Rio 2018; qp:0",None,13.79;World Cup La Seu 2018; qp:0,None,None,None,None,None,None,None,None,3.51;World Cup Augsburg 2018; qp:0,0;World Cup Krakow 2018; qp:0,1.55;World Cup Liptovsky Mikulas 2018; qp:0,None,None,None,None,None,None,None,None,None,12.35;ICF World ranking Penrith 2018; qp:1.54,None,None,2.45;World Championships Pau 2017; qp:0,19.97;British Open Lee Valley 2017; qp:19.97,16.99;World Cup La Seu 2017; qp:0,None,None,None,None,None,None,None,None,None,None,None,None,None,None,None,None,None,None,None,None,None,None,None,None,None,None,None,None,None,None,None,None,None,None,None,None,None,None,None,None,None,None,None,None,None,None,None,None,None,None,None,None,None,None,None
bbe35f3d531e84dde738df707800c346,1778584541902156,Joe CLARKE,CLARKE,Joe,2019-05-11,2019,MK1,GBR,27,4,1.92,None,None,None,None,None,None,None,None,2.1;ICF World ranking Penrith 2019; qp:2.1,None,None,"6.15;World Championships Deodoro, Rio 2018; qp:0",None,13.79;World Cup La Seu 2018; qp:0,None,None,None,None,None,None,None,None,3.51;World Cup Augsburg 2018; qp:0,0;World Cup Krakow 2018; qp:0,1.55;World Cup Liptovsky Mikulas 2018; qp:0,None,None,None,None,None,None,None,None,None,12.35;ICF World ranking Penrith 2018; qp:1.54,None,None,None,2.45;World Championships Pau 2017; qp:0,19.97;British Open Lee Valley 2017; qp:19.97,16.99;World Cup La Seu 2017; qp:0,None,None,None,None,18.28;World Cup Markkleeberg 2017; qp:0,22.19;World Cup Augsburg 2017; qp:0,13.78;World Cup Prague 2017; qp:0,None,None,None,None,None,None,None,None,None,None,None,None,None,None,None,None,None,None,None,None,None,None,None,None,None,None,None,None,None,None,None,None,None,None,None,None,None,None,None,None,None,None,None,None,None,None,None,None,None,None,None,None
860c338796dffc012bd2d0f387dc4460,1778584541902156,Joe CLARKE,CLARKE,Joe,2018-09-25,2018,MK1,GBR,26,6,2.73,"6.15;World Championships Deodoro, Rio 2018; qp:0",None,13.79;World Cup La Seu 2018; qp:0,None,None,None,None,None,None,None,None,3.51;World Cup Augsburg 2018; qp:0,0;World Cup Krakow 2018; qp:0,1.55;World Cup Liptovsky Mikulas 2018; qp:0,None,None,None,None,None,None,None,None,None,12.35;ICF World ranking Penrith 2018; qp:1.54,None,None,None,2.45;World Championships Pau 2017; qp:0,19.97;British Open Lee Valley 2017; qp:19.97,16.99;World Cup La Seu 2017; qp:0,None,None,None,None,18.28;World Cup Markkleeberg 2017; qp:0,22.19;World Cup Augsburg 2017; qp:0,13.78;World Cup Prague 2017; qp:0,None,None,None,None,None,None,None,10.38;ICF World ranking Penrith 2017; qp:3.85,11.5;Oceania Championships Auckland 2017; qp:8.31,None,None,None,None,None,None,None,None,None,None,None,None,None,None,None,None,None,None,None,None,None,None,None,None,None,None,None,None,None,None,None,None,None,None,None,None,None,None,None,None,None,None,None,None,None,None,None,None,None,None,None,None,None,None
82a7e42dbbf72f145217b441c46fa64f,1778584541902156,Joe CLARKE,CLARKE,Joe,2018-09-07,2018,MK1,GBR,26,4,1.5,13.79;World Cup La Seu 2018; qp:0,None,None,None,None,None,None,None,None,3.51;World Cup Augsburg 2018; qp:0,0;World Cup Krakow 2018; qp:0,1.55;World Cup Liptovsky Mikulas 2018; qp:0,None,None,None,None,None,None,None,None,None,12.35;ICF World ranking Penrith 2018; qp:1.54,None,None,None,2.45;World Championships Pau 2017; qp:0,19.97;British Open Lee Valley 2017; qp:19.97,16.99;World Cup La Seu 2017; qp:0,None,None,None,None,18.28;World Cup Markkleeberg 2017; qp:0,22.19;World Cup Augsburg 2017; qp:0,13.78;World Cup Prague 2017; qp:0,None,None,None,None,None,None,None,10.38;ICF World ranking Penrith 2017; qp:3.85,11.5;Oceania Championships Auckland 2017; qp:8.31,None,None,"0;Olympic Games Deodoro, Rio 2016; qp:0",None,None,None,None,None,None,None,None,None,None,None,None,None,None,None,None,None,None,None,None,None,None,None,None,None,None,None,None,None,None,None,None,None,None,None,None,None,None,None,None,None,None,None,None,None,None,None,None,None,None,None,None,None
00cb43256f1897ea95cedfd93ecd7ca4,1778584541902156,Joe CLARKE,CLARKE,Joe,2018-07-06,2018,MK1,GBR,26,4,1.5,3.51;World Cup Augsburg 2018; qp:0,0;World Cup Krakow 2018; qp:0,1.55;World Cup Liptovsky Mikulas 2018; qp:0,None,None,None,None,None,None,None,None,None,12.35;ICF World ranking Penrith 2018; qp:1.54,None,None,None,2.45;World Championships Pau 2017; qp:0,19.97;British Open Lee Valley 2017; qp:19.97,16.99;World Cup La Seu 2017; qp:0,None,None,None,None,18.28;World Cup Markkleeberg 2017; qp:0,22.19;World Cup Augsburg 2017; qp:0,13.78;World Cup Prague 2017; qp:0,None,None,None,None,None,None,None,10.38;ICF World ranking Penrith 2017; qp:3.85,11.5;Oceania Championships Auckland 2017; qp:8.31,None,None,None,None,"0;Olympic Games Deodoro, Rio 2016; qp:0",None,None,None,None,None,None,None,None,None,None,None,None,None,None,None,None,None,None,None,None,None,None,None,None,None,None,None,None,None,None,None,None,None,None,None,None,None,None,None,None,None,None,None,None,None,None,None,None,None,None,None,None,None,None,None,None,None,None,None,None
1875bbf046b04321d5242a31cd3a6601,1778584541902156,Joe CLARKE,CLARKE,Joe,2018-06-08,2018,MK1,GBR,26,15,7.34,None,None,None,None,None,None,None,None,None,12.35;ICF World ranking Penrith 2018; qp:1.54,None,None,None,2.45;World Championships Pau 2017; qp:0,19.97;British Open Lee Valley 2017; qp:19.97,16.99;World Cup La Seu 2017; qp:0,None,None,None,None,18.28;World Cup Markkleeberg 2017; qp:0,22.19;World Cup Augsburg 2017; qp:0,13.78;World Cup Prague 2017; qp:0,None,None,None,None,None,None,None,10.38;ICF World ranking Penrith 2017; qp:3.85,11.5;Oceania Championships Auckland 2017; qp:8.31,None,None,None,None,"0;Olympic Games Deodoro, Rio 2016; qp:0",None,None,None,17.38;World Cup La Seu 2016; qp:0,None,None,None,None,None,None,None,None,None,None,None,None,None,None,None,None,None,None,None,None,None,None,None,None,None,None,None,None,None,None,None,None,None,None,None,None,None,None,None,None,None,None,None,None,None,None,None,None,None,None,None,None,None,None,None,None,None,None,None
e4fc7ea8cb411271b2511acca26e7032,1778584541902156,Joe CLARKE,CLARKE,Joe,2017-09-27,2017,MK1,GBR,25,13,7.62,2.45;World Championships Pau 2017; qp:0,19.97;British Open Lee Valley 2017; qp:19.97,16.99;World Cup La Seu 2017; qp:0,None,None,None,None,18.28;World Cup Markkleeberg 2017; qp:0,22.19;World Cup Augsburg 2017; qp:0,13.78;World Cup Prague 2017; qp:0,None,None,None,None,None,None,None,10.38;ICF World ranking Penrith 2017; qp:3.85,11.5;Oceania Championships Auckland 2017; qp:8.31,None,None,None,None,"0;Olympic Games Deodoro, Rio 2016; qp:0",None,None,None,17.38;World Cup La Seu 2016; qp:0,None,None,None,None,None,None,None,None,None,None,None,None,None,None,None,None,None,None,None,None,None,None,None,None,None,None,None,None,None,None,None,None,None,None,None,None,None,None,None,None,None,None,None,None,None,None,None,None,None,None,None,None,None,None,None,None,None,None,None,None,None,None,None,None,None,None,None,None,None,None,None,None
c5d2b0f7916a53f039c67b103d744ec4,1778584541902156,Joe CLARKE,CLARKE,Joe,2017-09-08,2017,MK1,GBR,25,18,10.53,16.99;World Cup La Seu 2017; qp:0,None,None,None,None,18.28;World Cup Markkleeberg 2017; qp:0,22.19;World Cup Augsburg 2017; qp:0,13.78;World Cup Prague 2017; qp:0,None,None,None,None,None,None,None,10.38;ICF World ranking Penrith 2017; qp:3.85,11.5;Oceania Championships Auckland 2017; qp:8.31,None,None,None,None,"0;Olympic Games Deodoro, Rio 2016; qp:0",None,None,None,17.38;World Cup La Seu 2016; qp:0,None,None,None,None,None,None,None,None,None,None,None,None,20.35;World Championships Lee Valley 2015; qp:0,None,None,None,None,None,None,None,None,None,None,None,None,None,None,None,None,None,None,None,None,None,None,None,None,None,None,None,None,None,None,None,None,None,None,None,None,None,None,None,None,None,None,None,None,None,None,None,None,None,None,None,None,None,None,None,None,None,None,None,None,None
8c032aee7dacafcded7db7b6e7771f38,1778584541902156,Joe CLARKE,CLARKE,Joe,2017-06-30,2017,MK1,GBR,25,19,9.49,18.28;World Cup Markkleeberg 2017; qp:0,22.19;World Cup Augsburg 2017; qp:0,13.78;World Cup Prague 2017; qp:0,None,None,None,None,None,None,None,10.38;ICF World ranking Penrith 2017; qp:3.85,11.5;Oceania Championships Auckland 2017; qp:8.31,None,None,None,None,"0;Olympic Games Deodoro, Rio 2016; qp:0",None,None,None,17.38;World Cup La Seu 2016; qp:0,None,None,None,None,None,None,None,None,None,None,None,None,20.35;World Championships Lee Valley 2015; qp:0,17.03;World Cup Pau 2015; qp:0,11.77;World Cup La Seu 2015; qp:0,None,None,None,None,None,None,None,None,None,None,None,None,None,None,None,None,None,None,None,None,None,None,None,None,None,None,None,None,None,None,None,None,None,None,None,None,None,None,None,None,None,None,None,None,None,None,None,None,None,None,None,None,None,None,None,None,None,None,None,None,None,None,None,None
7b46b8b5598b57630d025acc066d3bae,1778584541902156,Joe CLARKE,CLARKE,Joe,2017-05-26,2017,MK1,GBR,25,17,7.13,None,None,None,None,None,None,None,10.38;ICF World ranking Penrith 2017; qp:3.85,11.5;Oceania Championships Auckland 2017; qp:8.31,None,None,None,None,"0;Olympic Games Deodoro, Rio 2016; qp:0",None,None,None,17.38;World Cup La Seu 2016; qp:0,None,None,None,None,None,None,None,None,None,None,None,None,20.35;World Championships Lee Valley 2015; qp:0,17.03;World Cup Pau 2015; qp:0,11.77;World Cup La Seu 2015; qp:0,23.24;World Cup Liptovsky Mikulas 2015; qp:0,2.01;World Cup Krakow 2015; qp:0,14.14;World Cup Prague 2015; qp:0,None,None,None,None,None,None,None,None,None,None,None,None,None,None,None,None,None,None,None,None,None,None,None,None,None,None,None,None,None,None,None,None,None,None,None,None,None,None,None,None,None,None,None,None,None,None,None,None,None,None,None,None,None,None,None,None,None,None,None,None,None,None,None,None
12ce681444d563224b827012cc75e4bf,1778584541902156,Joe CLARKE,CLARKE,Joe,2016-09-09,2016,MK1,GBR,24,21,8.99,None,None,"0;Olympic Games Deodoro, Rio 2016; qp:0",None,None,None,17.38;World Cup La Seu 2016; qp:0,None,None,None,None,None,None,None,None,None,None,None,None,20.35;World Championships Lee Valley 2015; qp:0,17.03;World Cup Pau 2015; qp:0,11.77;World Cup La Seu 2015; qp:0,None,23.24;World Cup Liptovsky Mikulas 2015; qp:0,2.01;World Cup Krakow 2015; qp:0,14.14;World Cup Prague 2015; qp:0,None,None,None,None,None,None,None,None,None,None,None,None,None,None,None,None,None,None,None,None,None,None,None,None,None,None,None,None,None,None,None,None,None,None,None,None,None,None,None,None,None,None,None,None,None,None,None,None,None,None,None,None,None,None,None,None,None,None,None,None,None,None,None,None,None,None,None,None,None,None,None,None,None,None
8941fde01daa0a4ebe7d2b73e8741f1d,1778584541902156,Joe CLARKE,CLARKE,Joe,2016-08-07,2016,MK1,GBR,24,15,6.6,"0;Olympic Games Deodoro, Rio 2016; qp:0",None,None,None,17.38;World Cup La Seu 2016; qp:0,None,None,None,None,None,None,None,None,None,None,None,None,20.35;World Championships Lee Valley 2015; qp:0,17.03;World Cup Pau 2015; qp:0,11.77;World Cup La Seu 2015; qp:0,None,23.24;World Cup Liptovsky Mikulas 2015; qp:0,2.01;World Cup Krakow 2015; qp:0,14.14;World Cup Prague 2015; qp:0,None,None,None,None,None,None,None,None,None,None,None,None,26.96;World Championships Deep Creek 2014; qp:0,5.1;World Cup Augsburg 2014; qp:0,18.13;World Cup La Seu 2014; qp:0,None,None,None,None,None,None,None,None,None,None,None,None,None,None,None,None,None,None,None,None,None,None,None,None,None,None,None,None,None,None,None,None,None,None,None,None,None,None,None,None,None,None,None,None,None,None,None,None,None,None,None,None,None,None,None,None,None,None,None,None,None
6b2faaa365fc2023e75f898c32467209,1778584541902156,Joe CLARKE,CLARKE,Joe,2016-06-17,2016,MK1,GBR,24,21,10.01,None,17.38;World Cup La Seu 2016; qp:0,None,None,None,None,None,None,None,None,None,None,None,None,20.35;World Championships Lee Valley 2015; qp:0,17.03;World Cup Pau 2015; qp:0,11.77;World Cup La Seu 2015; qp:0,None,23.24;World Cup Liptovsky Mikulas 2015; qp:0,2.01;World Cup Krakow 2015; qp:0,14.14;World Cup Prague 2015; qp:0,None,None,None,None,None,None,None,None,None,None,None,None,26.96;World Championships Deep Creek 2014; qp:0,5.1;World Cup Augsburg 2014; qp:0,18.13;World Cup La Seu 2014; qp:0,None,None,32.66;ICF World ranking Penrith 2014; qp:11.02,None,None,None,None,None,None,None,None,None,None,None,None,None,None,None,None,None,None,None,None,None,None,None,None,None,None,None,None,None,None,None,None,None,None,None,None,None,None,None,None,None,None,None,None,None,None,None,None,None,None,None,None,None,None,None,None,None,None,None,None,None
a00130cff0c922c7c7668061b32470d2,1778584541902156,Joe CLARKE,CLARKE,Joe,2016-04-30,2016,MK1,GBR,24,19,9.35,None,None,None,None,None,None,None,None,None,None,20.35;World Championships Lee Valley 2015; qp:0,17.03;World Cup Pau 2015; qp:0,11.77;World Cup La Seu 2015; qp:0,None,23.24;World Cup Liptovsky Mikulas 2015; qp:0,2.01;World Cup Krakow 2015; qp:0,14.14;World Cup Prague 2015; qp:0,None,None,None,None,None,None,None,None,None,None,None,None,26.96;World Championships Deep Creek 2014; qp:0,None,5.1;World Cup Augsburg 2014; qp:0,18.13;World Cup La Seu 2014; qp:0,None,14.71;World Cup Prague 2014; qp:0,29.97;World Cup Tacen 2014; qp:0,13.75;World Cup Lee Valley 2014; qp:0,None,32.66;ICF World ranking Penrith 2014; qp:11.02,None,None,None,None,None,None,None,None,None,None,None,None,None,None,None,None,None,None,None,None,None,None,None,None,None,None,None,None,None,None,None,None,None,None,None,None,None,None,None,None,None,None,None,None,None,None,None,None,None,None,None,None,None,None,None,None,None,None,None,None,None
60fdec70da1382ea768b51c9088a16ba,1778584541902156,Joe CLARKE,CLARKE,Joe,2015-09-16,2015,MK1,GBR,23,17,9.35,20.35;World Championships Lee Valley 2015; qp:0,17.03;World Cup Pau 2015; qp:0,11.77;World Cup La Seu 2015; qp:0,None,23.24;World Cup Liptovsky Mikulas 2015; qp:0,2.01;World Cup Krakow 2015; qp:0,14.14;World Cup Prague 2015; qp:0,None,None,None,None,None,None,None,None,None,None,None,None,26.96;World Championships Deep Creek 2014; qp:0,None,5.1;World Cup Augsburg 2014; qp:0,18.13;World Cup La Seu 2014; qp:0,None,None,14.71;World Cup Prague 2014; qp:0,29.97;World Cup Tacen 2014; qp:0,13.75;World Cup Lee Valley 2014; qp:0,None,None,None,None,None,None,32.66;ICF World ranking Penrith 2014; qp:11.02,None,None,None,None,None,None,None,None,None,None,None,None,None,None,None,None,None,None,None,None,None,None,None,None,None,None,None,None,None,None,None,None,None,None,None,None,None,None,None,None,None,None,None,None,None,None,None,None,None,None,None,None,None,None,None,None,None,None,None,None,None,None,None,None,None
ee283b2b7611d847291e9e8ac11bce83,1778584541902156,Joe CLARKE,CLARKE,Joe,2015-08-14,2015,MK1,GBR,23,14,8.6,17.03;World Cup Pau 2015; qp:0,11.77;World Cup La Seu 2015; qp:0,None,23.24;World Cup Liptovsky Mikulas 2015; qp:0,2.01;World Cup Krakow 2015; qp:0,14.14;World Cup Prague 2015; qp:0,None,None,None,None,None,None,None,None,None,None,None,None,26.96;World Championships Deep Creek 2014; qp:0,None,5.1;World Cup Augsburg 2014; qp:0,18.13;World Cup La Seu 2014; qp:0,None,None,14.71;World Cup Prague 2014; qp:0,29.97;World Cup Tacen 2014; qp:0,13.75;World Cup Lee Valley 2014; qp:0,None,None,None,None,None,None,32.66;ICF World ranking Penrith 2014; qp:11.02,None,None,None,None,None,10.39;World Championships Prague 2013; qp:0,None,None,None,None,None,None,None,None,None,None,None,None,None,None,None,None,None,None,None,None,None,None,None,None,None,None,None,None,None,None,None,None,None,None,None,None,None,None,None,None,None,None,None,None,None,None,None,None,None,None,None,None,None,None,None,None,None,None,None,None
413ff7f6ded4c5b81022b1d80858b0d7,1778584541902156,Joe CLARKE,CLARKE,Joe,2015-07-03,2015,MK1,GBR,23,13,9.08,23.24;World Cup Liptovsky Mikulas 2015; qp:0,2.01;World Cup Krakow 2015; qp:0,14.14;World Cup Prague 2015; qp:0,None,None,None,None,None,None,None,None,None,None,None,None,26.96;World Championships Deep Creek 2014; qp:0,None,5.1;World Cup Augsburg 2014; qp:0,18.13;World Cup La Seu 2014; qp:0,None,None,14.71;World Cup Prague 2014; qp:0,29.97;World Cup Tacen 2014; qp:0,13.75;World Cup Lee Valley 2014; qp:0,None,None,None,None,None,None,32.66;ICF World ranking Penrith 2014; qp:11.02,None,None,None,None,None,10.39;World Championships Prague 2013; qp:0,None,23.35;World Cup Tacen 2013; qp:0,None,None,None,None,None,None,None,None,None,None,None,None,None,None,None,None,None,None,None,None,None,None,None,None,None,None,None,None,None,None,None,None,None,None,None,None,None,None,None,None,None,None,None,None,None,None,None,None,None,None,None,None,None,None,None,None,None,None,None,None,None
696e86fd893478a98607c8636b998d8c,1778584541902156,Joe CLARKE,CLARKE,Joe,2015-06-06,2015,MK1,GBR,23,25,12.39,None,None,None,None,None,None,None,None,None,None,None,None,26.96;World Championships Deep Creek 2014; qp:0,None,5.1;World Cup Augsburg 2014; qp:0,18.13;World Cup La Seu 2014; qp:0,None,None,14.71;World Cup Prague 2014; qp:0,29.97;World Cup Tacen 2014; qp:0,13.75;World Cup Lee Valley 2014; qp:0,None,None,None,None,None,32.66;ICF World ranking Penrith 2014; qp:11.02,None,None,None,None,None,None,10.39;World Championships Prague 2013; qp:0,None,23.35;World Cup Tacen 2013; qp:0,None,None,23.31;World Cup La Seu 2013; qp:0,None,18.01;World Cup Cardiff 2013; qp:0,None,None,None,None,None,None,None,None,None,None,None,None,None,None,None,None,None,None,None,None,None,None,None,None,None,None,None,None,None,None,None,None,None,None,None,None,None,None,None,None,None,None,None,None,None,None,None,None,None,None,None,None,None,None,None,None,None,None,None
b0f2004c978c3d846fca9b6ba311c862,1778584541902156,Joe CLARKE,CLARKE,Joe,2014-09-17,2014,MK1,GBR,22,23,12.39,26.96;World Championships Deep Creek 2014; qp:0,None,5.1;World Cup Augsburg 2014; qp:0,18.13;World Cup La Seu 2014; qp:0,None,None,14.71;World Cup Prague 2014; qp:0,29.97;World Cup Tacen 2014; qp:0,13.75;World Cup Lee Valley 2014; qp:0,None,None,None,None,None,32.66;ICF World ranking Penrith 2014; qp:11.02,None,None,None,None,None,None,10.39;World Championships Prague 2013; qp:0,None,23.35;World Cup Tacen 2013; qp:0,None,None,23.31;World Cup La Seu 2013; qp:0,None,18.01;World Cup Cardiff 2013; qp:0,None,None,None,None,None,None,None,None,None,None,None,None,None,None,None,None,None,None,None,None,None,None,None,None,None,None,None,None,None,None,None,None,None,None,None,None,None,None,None,None,None,None,None,None,None,None,None,None,None,None,None,None,None,None,None,None,None,None,None,None,None,None,None,None,None,None,None,None,None,None,None
73b9998fffc7d87b13fcd6fbaef7b6ac,1778584541902156,Joe CLARKE,CLARKE,Joe,2014-08-15,2014,MK1,GBR,22,22,12.39,5.1;World Cup Augsburg 2014; qp:0,18.13;World Cup La Seu 2014; qp:0,None,None,14.71;World Cup Prague 2014; qp:0,29.97;World Cup Tacen 2014; qp:0,13.75;World Cup Lee Valley 2014; qp:0,None,None,None,None,None,None,32.66;ICF World ranking Penrith 2014; qp:11.02,None,None,None,None,None,10.39;World Championships Prague 2013; qp:0,None,23.35;World Cup Tacen 2013; qp:0,None,33.05;ICF World ranking Liptovsky Mikulas 2013; qp:10.24,None,None,23.31;World Cup La Seu 2013; qp:0,None,18.01;World Cup Cardiff 2013; qp:0,None,None,None,None,None,None,None,None,None,None,None,None,None,None,None,None,None,None,None,None,None,None,None,None,None,None,None,None,None,None,None,None,None,None,None,None,None,None,None,None,None,None,None,None,None,None,None,None,None,None,None,None,None,None,None,None,None,None,None,None,None,None,None,None,None,None,None,None,None,None,None
39b078662d3657a5f5e0ac040f28eb6d,1778584541902156,Joe CLARKE,CLARKE,Joe,2014-06-20,2014,MK1,GBR,22,37,16.03,14.71;World Cup Prague 2014; qp:0,29.97;World Cup Tacen 2014; qp:0,13.75;World Cup Lee Valley 2014; qp:0,None,None,None,None,None,32.66;ICF World ranking Penrith 2014; qp:11.02,None,None,None,None,None,None,10.39;World Championships Prague 2013; qp:0,None,23.35;World Cup Tacen 2013; qp:0,None,33.05;ICF World ranking Liptovsky Mikulas 2013; qp:10.24,None,None,23.31;World Cup La Seu 2013; qp:0,None,18.01;World Cup Cardiff 2013; qp:0,None,None,None,None,None,None,None,None,None,None,None,None,None,None,None,None,None,None,None,None,None,None,None,None,None,None,None,None,None,None,None,None,None,None,None,None,None,None,None,None,None,None,None,None,None,None,None,None,None,None,None,None,None,None,None,None,None,None,None,None,None,None,None,None,None,None,None,None,None,None,None,None,None,None,None
1f6775b89ece3b59bc7d24f275409aeb,1778584541902156,Joe CLARKE,CLARKE,Joe,2014-05-23,2014,MK1,GBR,22,60,21.54,None,None,None,None,None,32.66;ICF World ranking Penrith 2014; qp:11.02,None,None,None,None,None,None,10.39;World Championships Prague 2013; qp:0,None,23.35;World Cup Tacen 2013; qp:0,None,33.05;ICF World ranking Liptovsky Mikulas 2013; qp:10.24,None,None,23.31;World Cup La Seu 2013; qp:0,None,18.01;World Cup Cardiff 2013; qp:0,None,None,None,None,None,None,None,None,None,None,None,None,None,None,None,None,None,None,None,None,None,None,None,None,None,None,None,None,None,None,None,None,None,None,None,None,None,None,None,None,None,None,None,None,None,None,None,None,None,None,None,None,None,None,None,None,None,None,None,None,None,None,None,None,None,None,None,None,None,None,None,None,None,None,None,None,None,None
e0f6da8c81dc9438c6119b7699ded699,1778584541902156,Joe CLARKE,CLARKE,Joe,2013-09-11,2013,MK1,GBR,21,48,18.99,10.39;World Championships Prague 2013; qp:0,None,23.35;World Cup Tacen 2013; qp:0,None,33.05;ICF World ranking Liptovsky Mikulas 2013; qp:10.24,None,None,23.31;World Cup La Seu 2013; qp:0,None,18.01;World Cup Cardiff 2013; qp:0,None,None,None,None,None,None,None,None,None,None,None,None,None,None,None,None,None,21.33;ICF World ranking Wausau 2012; qp:8.28,None,None,None,None,None,21.92;Pyrenees Cup La Seu 2012; qp:19.01,None,24.11;Pyrenees Cup Pau 2012; qp:14.11,None,None,None,None,None,None,None,None,None,None,None,None,None,None,None,None,None,None,None,None,None,None,None,None,None,None,None,None,None,None,None,None,None,None,None,None,None,None,None,None,None,None,None,None,None,None,None,None,None,None,None,None,None,None,None,None,None,None,None,None,None,None,None,None
5be64529dd68899f9e96e8a040ea0af9,1778584541902156,Joe CLARKE,CLARKE,Joe,2013-08-23,2013,MK1,GBR,21,59,21.58,None,23.35;World Cup Tacen 2013; qp:0,None,33.05;ICF World ranking Liptovsky Mikulas 2013; qp:10.24,None,None,23.31;World Cup La Seu 2013; qp:0,None,18.01;World Cup Cardiff 2013; qp:0,None,None,None,None,None,None,None,None,None,None,None,None,None,None,None,None,None,21.33;ICF World ranking Wausau 2012; qp:8.28,None,None,None,None,None,21.92;Pyrenees Cup La Seu 2012; qp:19.01,None,24.11;Pyrenees Cup Pau 2012; qp:14.11,None,None,None,None,None,None,None,None,None,None,None,None,None,None,None,None,None,None,None,None,None,None,None,None,None,None,None,None,None,None,None,None,None,None,None,None,None,None,None,None,None,None,None,None,None,None,None,None,None,None,None,None,None,None,None,None,None,None,None,None,None,None,None,None,None
992e63328248dad358452b15b1e9e107,1778584541902156,Joe CLARKE,CLARKE,Joe,2013-05-25,2013,MK1,GBR,21,149,23.71,None,None,None,None,None,None,None,None,None,None,None,None,None,None,None,None,None,21.33;ICF World ranking Wausau 2012; qp:8.28,None,None,None,None,None,21.92;Pyrenees Cup La Seu 2012; qp:19.01,None,24.11;Pyrenees Cup Pau 2012; qp:14.11,None,None,None,None,None,None,None,None,None,None,None,None,None,None,None,None,None,None,None,None,None,None,None,None,None,None,None,None,None,None,None,None,None,None,None,None,None,None,None,None,None,None,None,None,None,None,None,None,None,None,None,None,None,None,None,None,None,None,None,None,None,None,None,None,None,None,None,None,None,None,None,None,None,None
2eeb2713f3da0e16d88e3c191d373bbc,1778584541902156,Joe CLARKE,CLARKE,Joe,2013-04-13,2013,MK1,GBR,21,61,21.5,None,None,None,None,None,None,None,None,None,21.33;ICF World ranking Wausau 2012; qp:8.28,None,None,None,None,None,21.92;Pyrenees Cup La Seu 2012; qp:19.01,None,24.11;Pyrenees Cup Pau 2012; qp:14.11,None,None,None,None,None,None,None,None,None,None,None,None,None,None,None,None,12.64;ICF World ranking Liptovsky Mikulas 2011; qp:5.07,None,None,None,None,None,None,None,None,None,None,None,None,None,None,None,None,None,None,None,None,None,None,None,None,None,None,None,None,None,None,None,None,None,None,None,None,None,None,None,None,None,None,None,None,None,None,None,None,None,None,None,None,None,None,None,None,None,None,None,None,None,None,None,None,None
a3f6701c61abcd99794377f92eb9f314,1778584541902156,Joe CLARKE,CLARKE,Joe,2012-08-31,2012,MK1,GBR,20,63,18.63,None,None,None,21.33;ICF World ranking Wausau 2012; qp:8.28,None,None,None,None,None,21.92;Pyrenees Cup La Seu 2012; qp:19.01,None,24.11;Pyrenees Cup Pau 2012; qp:14.11,None,None,None,None,None,None,None,None,None,None,None,None,27.49;World Cup Argentiere la Bessee 2011; qp:0,None,None,None,12.64;ICF World ranking Liptovsky Mikulas 2011; qp:5.07,None,None,None,None,None,None,None,None,None,None,None,None,None,None,None,None,None,None,None,None,None,None,None,None,None,None,None,None,None,None,None,None,None,None,None,None,None,None,None,None,None,None,None,None,None,None,None,None,None,None,None,None,None,None,None,None,None,None,None,None,None,None,None,None,None,None,None,None,None,None,None
21a291b2d58732a78806e0626c9cdc77,1778584541902156,Joe CLARKE,CLARKE,Joe,2012-07-28,2012,MK1,GBR,20,68,18.63,None,21.33;ICF World ranking Wausau 2012; qp:8.28,None,None,None,None,None,21.92;Pyrenees Cup La Seu 2012; qp:19.01,None,24.11;Pyrenees Cup Pau 2012; qp:14.11,None,None,None,None,None,None,None,None,None,None,None,None,27.49;World Cup Argentiere la Bessee 2011; qp:0,None,None,None,12.64;ICF World ranking Liptovsky Mikulas 2011; qp:5.07,None,None,None,None,None,None,None,38.95;ICF World ranking Bratislava 2010; qp:5.37,None,None,None,None,None,None,None,None,None,None,None,None,None,None,None,None,None,None,None,None,None,None,None,None,None,None,None,None,None,None,None,None,None,None,None,None,None,None,None,None,None,None,None,None,None,None,None,None,None,None,None,None,None,None,None,None,None,None,None,None,None,None,None,None,None
fd67ca3c48921f81e3a78010f67c8dc8,1778584541902156,Joe CLARKE,CLARKE,Joe,2012-06-22,2012,MK1,GBR,20,75,19.56,None,None,None,21.92;Pyrenees Cup La Seu 2012; qp:19.01,None,24.11;Pyrenees Cup Pau 2012; qp:14.11,None,None,None,None,None,None,None,None,None,None,None,None,27.49;World Cup Argentiere la Bessee 2011; qp:0,None,None,None,12.64;ICF World ranking Liptovsky Mikulas 2011; qp:5.07,None,None,None,None,None,None,None,38.95;ICF World ranking Bratislava 2010; qp:5.37,None,None,49.51;World Championships Foix 2010; qp:28.54,None,None,None,None,None,None,None,None,None,None,None,None,None,None,None,None,None,None,None,None,None,None,None,None,None,None,None,None,None,None,None,None,None,None,None,None,None,None,None,None,None,None,None,None,None,None,None,None,None,None,None,None,None,None,None,None,None,None,None,None,None,None,None,None,None,None
1eef9933ca191d03ed87cc406e1aa780,1778584541902156,Joe CLARKE,CLARKE,Joe,2012-05-05,2012,MK1,GBR,20,73,19.56,21.92;Pyrenees Cup La Seu 2012; qp:19.01,None,24.11;Pyrenees Cup Pau 2012; qp:14.11,None,None,None,None,None,None,None,None,None,None,None,None,None,None,None,None,12.64;ICF World ranking Liptovsky Mikulas 2011; qp:5.07,None,None,None,None,None,None,None,38.95;ICF World ranking Bratislava 2010; qp:5.37,None,None,49.51;World Championships Foix 2010; qp:28.54,None,None,None,None,None,None,None,None,None,None,None,None,None,None,None,None,None,None,None,None,None,None,None,None,None,None,None,None,None,None,None,None,None,None,None,None,None,None,None,None,None,None,None,None,None,None,None,None,None,None,None,None,None,None,None,None,None,None,None,None,None,None,None,None,None,None,None,None,None
223d4844c02f9514947ad20f02790633,1778584541902156,Joe CLARKE,CLARKE,Joe,2011-09-07,2011,MK1,GBR,19,93,26.36,None,None,None,None,27.49;World Cup Argentiere la Bessee 2011; qp:0,None,None,None,12.64;ICF World ranking Liptovsky Mikulas 2011; qp:5.07,None,None,None,None,None,None,None,38.95;ICF World ranking Bratislava 2010; qp:5.37,None,None,49.51;World Championships Foix 2010; qp:28.54,None,None,None,None,None,None,None,None,None,None,None,None,None,None,None,None,None,None,None,None,None,None,None,None,None,None,None,None,None,None,None,None,None,None,None,None,None,None,None,None,None,None,None,None,None,None,None,None,None,None,None,None,None,None,None,None,None,None,None,None,None,None,None,None,None,None,None,None,None,None,None,None,None,None,None,None,None,None,None,None
1819f4cfe67eea450f6b25bbe16704c5,1778584541902156,Joe CLARKE,CLARKE,Joe,2011-08-12,2011,MK1,GBR,19,98,26.36,None,None,None,27.49;World Cup Argentiere la Bessee 2011; qp:0,None,None,None,12.64;ICF World ranking Liptovsky Mikulas 2011; qp:5.07,None,None,None,None,None,None,None,38.95;ICF World ranking Bratislava 2010; qp:5.37,None,None,49.51;World Championships Foix 2010; qp:28.54,None,None,None,None,None,None,None,None,None,None,None,None,None,None,None,None,None,None,None,None,None,None,None,None,None,None,None,None,None,None,None,None,None,None,None,None,None,None,None,None,None,None,None,None,None,None,None,None,None,None,None,None,None,None,None,None,None,None,None,None,None,None,None,None,None,None,None,None,None,None,None,None,None,None,None,None,None,None,None,None,None
3634dd65db898faabbdeb1b01a7aa3dd,1778584541902156,Joe CLARKE,CLARKE,Joe,2011-07-08,2011,MK1,GBR,19,100,26.36,None,27.49;World Cup Argentiere la Bessee 2011; qp:0,None,None,None,12.64;ICF World ranking Liptovsky Mikulas 2011; qp:5.07,None,None,None,None,None,None,None,38.95;ICF World ranking Bratislava 2010; qp:5.37,None,None,49.51;World Championships Foix 2010; qp:28.54,None,None,None,None,None,None,None,None,None,None,None,None,None,None,None,None,None,None,None,None,43.34;Slovak Open Bratislava 2009; qp:2.82,43.83;ICF World ranking Markkleeberg 2009; qp:2.86,None,None,None,None,None,None,None,None,None,None,None,None,None,None,None,None,None,None,None,None,None,None,None,None,None,None,None,None,None,None,None,None,None,None,None,None,None,None,None,None,None,None,None,None,None,None,None,None,None,None,None,None,None,None,None,None,None,None,None,None,None
e465eee5252ef2ddcee52c88b1c4dc05,1778584541902156,Joe CLARKE,CLARKE,Joe,2011-05-21,2011,MK1,GBR,19,117,31.64,None,12.64;ICF World ranking Liptovsky Mikulas 2011; qp:5.07,None,None,None,None,None,None,None,38.95;ICF World ranking Bratislava 2010; qp:5.37,None,None,49.51;World Championships Foix 2010; qp:28.54,None,None,None,None,None,None,None,None,None,None,None,None,None,None,None,None,None,None,None,None,43.34;Slovak Open Bratislava 2009; qp:2.82,43.83;ICF World ranking Markkleeberg 2009; qp:2.86,None,None,None,None,None,None,None,None,None,None,None,None,None,None,None,None,None,None,None,None,None,None,None,None,None,None,None,None,None,None,None,None,None,None,None,None,None,None,None,None,None,None,None,None,None,None,None,None,None,None,None,None,None,None,None,None,None,None,None,None,None,None,None,None,None
b146557c3f324052890d11ab2baa5bd7,1778584541902156,Joe CLARKE,CLARKE,Joe,2010-09-09,2010,MK1,GBR,18,154,36,None,38.95;ICF World ranking Bratislava 2010; qp:5.37,None,None,49.51;World Championships Foix 2010; qp:28.54,None,None,None,None,None,None,None,None,None,None,None,None,None,None,None,None,None,None,None,None,43.34;Slovak Open Bratislava 2009; qp:2.82,43.83;ICF World ranking Markkleeberg 2009; qp:2.86,None,None,None,None,30.25;ICF World ranking Prague 2009; qp:2.43,44.53;ICF World ranking Foix 2009; qp:8.77,None,None,None,None,None,None,None,None,None,None,None,None,None,None,None,None,None,None,None,None,None,None,None,None,None,None,None,None,None,None,None,None,None,None,None,None,None,None,None,None,None,None,None,None,None,None,None,None,None,None,None,None,None,None,None,None,None,None,None,None,None,None,None,None,None,None,None
be3d5b7de6d4ef55628c0235f84ed785,1778584541902156,Joe CLARKE,CLARKE,Joe,2010-08-21,2010,MK1,GBR,18,154,36,38.95;ICF World ranking Bratislava 2010; qp:5.37,None,None,49.51;World Championships Foix 2010; qp:28.54,None,None,None,None,None,None,None,None,None,None,None,None,None,None,None,None,None,None,None,None,43.34;Slovak Open Bratislava 2009; qp:2.82,43.83;ICF World ranking Markkleeberg 2009; qp:2.86,None,None,None,None,30.25;ICF World ranking Prague 2009; qp:2.43,44.53;ICF World ranking Foix 2009; qp:8.77,None,None,None,None,None,None,None,None,None,None,None,None,None,None,None,None,None,None,None,None,None,None,None,None,None,None,None,None,None,None,None,None,None,None,None,None,None,None,None,None,None,None,None,None,None,None,None,None,None,None,None,None,None,None,None,None,None,None,None,None,None,None,None,None,None,None,None,None
67c3dc58628de2a0c5ff681dccaad8ee,1778584541902156,Joe CLARKE,CLARKE,Joe,2010-07-02,2010,MK1,GBR,18,162,39.14,None,None,None,None,None,None,None,None,None,None,None,None,None,None,None,None,None,None,None,None,43.34;Slovak Open Bratislava 2009; qp:2.82,43.83;ICF World ranking Markkleeberg 2009; qp:2.86,None,None,None,None,30.25;ICF World ranking Prague 2009; qp:2.43,44.53;ICF World ranking Foix 2009; qp:8.77,None,None,None,None,None,None,None,None,None,None,None,None,None,None,None,None,None,None,None,None,None,None,None,None,None,None,None,None,None,None,None,None,None,None,None,None,None,None,None,None,None,None,None,None,None,None,None,None,None,None,None,None,None,None,None,None,None,None,None,None,None,None,None,None,None,None,None,None,None,None,None,None
25b4b91f4fd5a6cfab6b3fd0f4186930,1778584541902156,Joe CLARKE,CLARKE,Joe,2010-06-05,2010,MK1,GBR,18,156,39.14,None,None,None,None,None,None,None,None,None,None,None,None,None,None,None,None,None,None,43.34;Slovak Open Bratislava 2009; qp:2.82,43.83;ICF World ranking Markkleeberg 2009; qp:2.86,None,None,None,None,30.25;ICF World ranking Prague 2009; qp:2.43,44.53;ICF World ranking Foix 2009; qp:8.77,None,None,None,None,None,None,None,None,None,None,None,None,None,None,None,None,None,None,None,None,None,None,None,None,None,None,None,None,None,None,None,None,None,None,None,None,None,None,None,None,None,None,None,None,None,None,None,None,None,None,None,None,None,None,None,None,None,None,None,None,None,None,None,None,None,None,None,None,None,None,None,None,None,None
7e36e638ecec07423d0a15368f6ecf5a,1778584541902156,Joe CLARKE,CLARKE,Joe,2009-10-24,2009,MK1,GBR,17,130,39.14,None,None,None,None,None,None,43.34;Slovak Open Bratislava 2009; qp:2.82,43.83;ICF World ranking Markkleeberg 2009; qp:2.86,None,None,None,None,30.25;ICF World ranking Prague 2009; qp:2.43,44.53;ICF World ranking Foix 2009; qp:8.77,None,None,None,None,None,None,None,None,None,None,None,None,None,None,None,None,None,None,None,None,None,None,None,None,None,None,None,None,None,None,None,None,None,None,None,None,None,None,None,None,None,None,None,None,None,None,None,None,None,None,None,None,None,None,None,None,None,None,None,None,None,None,None,None,None,None,None,None,None,None,None,None,None,None,None,None,None,None,None,None,None,None,None,None,None,None
2a78d0d0e31cbcaece351ec03d8e631b,1778584541902156,Joe CLARKE,CLARKE,Joe,2009-08-22,2009,MK1,GBR,17,126,39.14,None,43.34;Slovak Open Bratislava 2009; qp:2.82,43.83;ICF World ranking Markkleeberg 2009; qp:2.86,None,None,None,None,30.25;ICF World ranking Prague 2009; qp:2.43,44.53;ICF World ranking Foix 2009; qp:8.77,None,None,None,None,None,None,None,None,None,None,None,None,None,None,None,None,None,None,None,None,None,None,None,None,None,None,None,None,None,None,None,None,None,None,None,None,None,None,None,None,None,None,None,None,None,None,None,None,None,None,None,None,None,None,None,None,None,None,None,None,None,None,None,None,None,None,None,None,None,None,None,None,None,None,None,None,None,None,None,None,None,None,None,None,None,None,None,None,None,None,None
8962b201cf4f2210edfacfe6f27e807f,1778584541902156,Joe CLARKE,CLARKE,Joe,2009-07-11,2009,MK1,GBR,17,170,37.39,None,None,None,30.25;ICF World ranking Prague 2009; qp:2.43,44.53;ICF World ranking Foix 2009; qp:8.77,None,None,None,None,None,None,None,None,None,None,None,None,None,None,None,None,None,None,None,None,None,None,None,None,None,None,None,None,None,None,None,None,None,None,None,None,None,None,None,None,None,None,None,None,None,None,None,None,None,None,None,None,None,None,None,None,None,None,None,None,None,None,None,None,None,None,None,None,None,None,None,None,None,None,None,None,None,None,None,None,None,None,None,None,None,None,None,None,None,None,None,None,None,None,None
37320b34c8f092f20fdda5d46c76c984,1778584541902156,Joe CLARKE,CLARKE,Joe,2009-06-20,2009,MK1,GBR,17,175,37.39,30.25;ICF World ranking Prague 2009; qp:2.43,44.53;ICF World ranking Foix 2009; qp:8.77,None,None,None,None,None,None,None,None,None,None,None,None,None,None,None,None,None,None,None,None,None,None,None,None,None,None,None,None,None,None,None,None,None,None,None,None,None,None,None,None,None,None,None,None,None,None,None,None,None,None,None,None,None,None,None,None,None,None,None,None,None,None,None,None,None,None,None,None,None,None,None,None,None,None,None,None,None,None,None,None,None,None,None,None,None,None,None,None,None,None,None,None,None,None,None,None,None,None
6794423e5d44e0abee2ecc2782033eb2,1787573484683840,Marcello BEDA,BEDA,Marcello,2026-08-21,2026,MK1,ITA,31,34,13.19,33.3;ICF World ranking Prague 2026; qp:12.54,None,None,None,None,None,None,None,None,None,None,None,30.9;ICF World ranking Tacen 2026; qp:4.77,None,None,15.29;ICF World ranking Ivrea 2026; qp:4.77,None,None,None,11.45;ICF World ranking Solkan 2026; qp:7.32,17.77;ICF World ranking Oklahoma 2026; qp:1.89,None,None,None,None,None,None,None,None,None,None,None,None,None,None,16.21;World Championships Penrtih 2025; qp:0,13.64;World Cup Augsburg 2025; qp:0,16.77;World Cup Tacen 2025; qp:0,None,None,None,None,None,None,None,None,None,23.86;World Cup Pau 2025; qp:0,18.44;World Cup La Seu 2025; qp:0,12.11;ICF World ranking Vaires sur Marne 2025; qp:1.55,None,None,19.32;ICF World ranking Ivrea 2025; qp:6.02,None,13.47;ICF World ranking Tacen 2025; qp:5.28,None,None,None,None,27.26;ICF World ranking Solkan 2025; qp:8.95,None,None,None,None,30.81;Pyrenees Cup La Seu 2025; qp:7.41,None,None,None,24.84;Pyrenees Cup Pau 2025; qp:5.54,None,None,None,None,None,None,None,None,None,None,None,None,None,None,None,None,None,None,None,None,None,None,None,None,None,None,None,None,None,None,None
3e24c6bf74d06748f6398e2a63efe639,1787573484683840,Marcello BEDA,BEDA,Marcello,2026-07-06,2026,MK1,ITA,31,34,13.19,None,None,None,None,None,None,30.9;Team trials Solkan 2026; qp:4.77,None,None,15.29;Team trials Ivrea 2026; qp:4.77,None,None,None,11.45;Team trials Solkan 2026; qp:7.32,17.77;Team trials Deep Creek 2026; qp:1.89,None,None,None,None,None,None,None,None,None,None,None,None,None,None,16.21;World Championships Penrtih 2025; qp:0,13.64;Team trials Augsburg 2025; qp:0,16.77;Team trials Solkan 2025; qp:0,None,None,None,None,None,None,None,None,None,23.86;Team trials Orthez 2025; qp:0,18.44;Team trials Mondariz 2025; qp:0,12.11;Team trials Solkan 2025; qp:1.55,None,None,19.32;Team trials Ivrea 2025; qp:6.02,None,13.47;Team trials Solkan 2025; qp:5.28,None,None,None,None,27.26;Team trials Solkan 2025; qp:8.95,None,None,None,None,30.81;Team trials Mondariz 2025; qp:7.41,None,None,None,24.84;Team trials Orthez 2025; qp:5.54,None,None,None,None,None,None,None,None,None,None,None,None,None,38.14;Team trials Ceske Budejovice 2024; qp:10.94,None,None,None,None,None,None,None,None,None,None,None,None,None,None,None,None,None,None,None,None,None,None,None
4dfe839a86aefa6e78d299aed0835c83,1778585356774369,Marcello BEDA,BEDA,Marcello,2026-03-31,2026,MK1,ITA,31,35,13.36,17.77;ICF World ranking Oklahoma 2026; qp:1.89,None,None,None,None,None,None,None,None,None,None,None,None,None,None,16.21;World Championships Penrtih 2025; qp:0,13.64;World Cup Augsburg 2025; qp:0,16.77;World Cup Tacen 2025; qp:0,None,None,None,None,None,None,None,None,None,23.86;World Cup Pau 2025; qp:0,18.44;World Cup La Seu 2025; qp:0,12.11;ICF World ranking Vaires sur Marne 2025; qp:1.55,None,None,19.32;ICF World ranking Ivrea 2025; qp:6.02,None,13.47;ICF World ranking Tacen 2025; qp:5.28,None,None,None,None,27.26;ICF World ranking Solkan 2025; qp:8.95,None,None,None,None,30.81;Pyrenees Cup La Seu 2025; qp:7.41,None,None,None,24.84;Pyrenees Cup Pau 2025; qp:5.54,None,None,None,None,None,None,None,None,None,None,None,None,None,38.14;ICF World ranking Prague 2024; qp:10.94,None,None,None,None,25;World Cup Prague 2024; qp:0,24.2;World Cup Augsburg 2024; qp:0,32.74;ICF World ranking Liptovsky Mikulas 2024; qp:21.12,None,None,None,11.39;ICF World ranking Tacen 2024; qp:3.64,26.8;ICF World ranking Solkan 2024; qp:10.07,None,None,None,None,None,None,None,None,None,None,None,None,None,None,None,None,None,None,None,None,None,None,None,None,None
5a241b3dc2001488a14f8bc2d9f344ae,1778585356774369,Marcello BEDA,BEDA,Marcello,2025-10-15,2025,MK1,ITA,30,31,13.36,16.21;World Championships Penrtih 2025; qp:0,13.64;World Cup Augsburg 2025; qp:0,16.77;World Cup Tacen 2025; qp:0,None,None,None,None,None,None,None,None,None,23.86;World Cup Pau 2025; qp:0,18.44;World Cup La Seu 2025; qp:0,12.11;ICF World ranking Vaires sur Marne 2025; qp:1.55,None,None,19.32;ICF World ranking Ivrea 2025; qp:6.02,None,13.47;ICF World ranking Tacen 2025; qp:5.28,None,None,None,None,27.26;ICF World ranking Solkan 2025; qp:8.95,None,None,None,None,30.81;Pyrenees Cup La Seu 2025; qp:7.41,None,None,None,24.84;Pyrenees Cup Pau 2025; qp:5.54,None,None,None,None,None,None,None,None,None,None,None,None,None,38.14;ICF World ranking Prague 2024; qp:10.94,None,None,None,None,25;World Cup Prague 2024; qp:0,24.2;World Cup Augsburg 2024; qp:0,32.74;ICF World ranking Liptovsky Mikulas 2024; qp:21.12,None,None,None,11.39;ICF World ranking Tacen 2024; qp:3.64,26.8;ICF World ranking Solkan 2024; qp:10.07,None,None,None,None,None,None,None,None,107.87;Australian Open Penrith 2024; qp:1.97,None,None,None,None,None,None,None,None,None,None,None,None,None,None,None,None,None,None,None,None,None,None,None,None,None,None,None,None,None,None,None
dc00e8844441e3a0b16c5c0a7d829b0d,1778585356774369,Marcello BEDA,BEDA,Marcello,2025-09-10,2025,MK1,ITA,30,29,13.48,13.64;World Cup Augsburg 2025; qp:0,16.77;World Cup Tacen 2025; qp:0,None,None,None,None,None,None,None,None,None,23.86;World Cup Pau 2025; qp:0,18.44;World Cup La Seu 2025; qp:0,12.11;ICF World ranking Vaires sur Marne 2025; qp:1.55,None,None,19.32;ICF World ranking Ivrea 2025; qp:6.02,None,13.47;ICF World ranking Tacen 2025; qp:5.28,None,None,None,None,27.26;ICF World ranking Solkan 2025; qp:8.95,None,None,None,None,30.81;Pyrenees Cup La Seu 2025; qp:7.41,None,None,None,24.84;Pyrenees Cup Pau 2025; qp:5.54,None,None,None,None,None,None,None,None,None,None,None,None,None,38.14;ICF World ranking Prague 2024; qp:10.94,None,None,None,None,25;World Cup Prague 2024; qp:0,24.2;World Cup Augsburg 2024; qp:0,32.74;ICF World ranking Liptovsky Mikulas 2024; qp:21.12,None,None,None,11.39;ICF World ranking Tacen 2024; qp:3.64,26.8;ICF World ranking Solkan 2024; qp:10.07,None,None,None,None,None,None,None,None,107.87;Australian Open Penrith 2024; qp:1.97,None,129.52;World Championships Lee Valley 2023; qp:0,None,None,None,None,None,None,None,None,None,None,None,None,None,None,None,None,None,None,None,None,None,None,None,None,None,None,None,None,None,None
84419171c318f6d20057638b23761777,1778585356774369,Marcello BEDA,BEDA,Marcello,2025-07-01,2025,MK1,ITA,30,37,14.75,None,23.86;World Cup Pau 2025; qp:0,18.44;World Cup La Seu 2025; qp:0,12.11;Euros Vaires sur Marne 2025; qp:1.55,None,None,19.32;ICF World ranking Ivrea 2025; qp:6.02,None,13.47;ICF World ranking Tacen 2025; qp:5.28,None,None,None,None,27.26;ICF World ranking Solkan 2025; qp:8.95,None,None,None,None,30.81;Pyrenees Cup La Seu 2025; qp:7.41,None,None,None,24.84;Pyrenees Cup Pau 2025; qp:5.54,None,None,None,None,None,None,None,None,None,None,None,None,None,38.14;ICF World ranking Prague 2024; qp:10.94,None,None,None,None,25;World Cup Prague 2024; qp:0,24.2;World Cup Augsburg 2024; qp:0,32.74;ICF World ranking Liptovsky Mikulas 2024; qp:21.12,None,None,None,11.39;ICF World ranking Tacen 2024; qp:3.64,26.8;ICF World ranking Solkan 2024; qp:10.07,None,None,None,None,None,None,None,None,107.87;Australian Open Penrith 2024; qp:1.97,None,None,None,None,None,34.25;World Cup Vaires sur Marne 2023; qp:0,129.52;World Championships Lee Valley 2023; qp:0,18.34;World Cup La Seu 2023; qp:0,None,None,None,None,21.88;ICF World ranking Prague 2023; qp:6.84,None,None,None,None,None,None,None,None,None,None,None,None,None,None,None,None,None,None,None,None,None,None,None,None,None,None,None,None,None
9e2842f17d1ddaf7a773a6c41ef923e4,1778585356774369,Marcello BEDA,BEDA,Marcello,2025-05-30,2025,MK1,ITA,30,31,13.62,12.11;Euros Vaires sur Marne 2025; qp:1.55,None,None,19.32;ICF World ranking Ivrea 2025; qp:6.02,None,13.47;ICF World ranking Tacen 2025; qp:5.28,None,None,None,None,27.26;ICF World ranking Solkan 2025; qp:8.95,None,None,None,None,30.81;Pyrenees Cup La Seu 2025; qp:7.41,None,None,None,24.84;Pyrenees Cup Pau 2025; qp:5.54,None,None,None,None,None,None,None,None,None,None,None,None,None,38.14;ICF World ranking Prague 2024; qp:10.94,None,None,None,None,25;World Cup Prague 2024; qp:0,24.2;World Cup Augsburg 2024; qp:0,32.74;ICF World ranking Liptovsky Mikulas 2024; qp:21.12,None,None,None,11.39;ICF World ranking Tacen 2024; qp:3.64,26.8;ICF World ranking Solkan 2024; qp:10.07,None,None,None,None,None,None,None,None,107.87;Australian Open Penrith 2024; qp:1.97,None,None,None,None,None,34.25;World Cup Vaires sur Marne 2023; qp:0,129.52;World Championships Lee Valley 2023; qp:0,18.34;World Cup La Seu 2023; qp:0,None,None,None,None,21.88;ICF World ranking Prague 2023; qp:6.84,None,12.81;World Cup Tacen 2023; qp:0,None,None,None,None,None,None,None,None,None,None,None,None,None,None,None,None,None,None,None,None,None,None,None,None,None,None,None,None,None,None
662f0e90cc53d56006c9faa1122b0dfe,1778585356774369,Marcello BEDA,BEDA,Marcello,2025-04-03,2025,MK1,ITA,30,35,15.1,None,None,None,None,30.81;Pyrenees Cup La Seu 2025; qp:7.41,None,None,None,24.84;Pyrenees Cup Pau 2025; qp:5.54,None,None,None,None,None,None,None,None,None,None,None,None,None,38.14;ICF World ranking Prague 2024; qp:10.94,None,None,None,None,25;World Cup Prague 2024; qp:0,24.2;World Cup Augsburg 2024; qp:0,32.74;ICF World ranking Liptovsky Mikulas 2024; qp:21.12,None,None,None,11.39;ICF World ranking Tacen 2024; qp:3.64,26.8;ICF World ranking Solkan 2024; qp:10.07,None,None,None,None,None,None,None,None,107.87;Australian Open Penrith 2024; qp:1.97,None,None,None,None,None,34.25;World Cup Vaires sur Marne 2023; qp:0,129.52;World Championships Lee Valley 2023; qp:0,18.34;World Cup La Seu 2023; qp:0,None,None,None,None,21.88;ICF World ranking Prague 2023; qp:6.84,18.38;ICF World ranking Krakow 2023; qp:0.71,None,12.81;World Cup Tacen 2023; qp:0,None,None,24.22;ICF World ranking Meran 2023; qp:24.22,25.11;ICF World ranking Krakow 2023; qp:6.19,25.35;ICF World ranking Tacen 2023; qp:6.58,14.56;ICF World ranking Solkan 2023; qp:7.97,None,None,None,None,None,None,None,None,None,None,None,None,None,None,None,None,None,None,None,None,None,None,None,None,None,None,None,None,None,None,None,None,None,None
41661e77e4aa502b8821cc984897201b,1778585356774369,Marcello BEDA,BEDA,Marcello,2024-09-25,2024,MK1,ITA,29,31,13.29,None,None,38.14;ICF World ranking Prague 2024; qp:10.94,None,None,None,None,25;World Cup Prague 2024; qp:0,24.2;World Cup Augsburg 2024; qp:0,32.74;ICF World ranking Liptovsky Mikulas 2024; qp:21.12,None,None,None,11.39;ICF World ranking Tacen 2024; qp:3.64,26.8;ICF World ranking Solkan 2024; qp:10.07,None,None,None,None,None,None,None,None,107.87;Australian Open Penrith 2024; qp:1.97,None,None,None,None,None,34.25;World Cup Vaires sur Marne 2023; qp:0,129.52;World Championships Lee Valley 2023; qp:0,18.34;World Cup La Seu 2023; qp:0,None,None,None,None,21.88;ICF World ranking Prague 2023; qp:6.84,18.38;ICF World ranking Krakow 2023; qp:0.71,None,12.81;World Cup Tacen 2023; qp:0,None,None,24.22;ICF World ranking Meran 2023; qp:24.22,25.11;ICF World ranking Krakow 2023; qp:6.19,None,None,None,25.35;ICF World ranking Tacen 2023; qp:6.58,None,14.56;ICF World ranking Solkan 2023; qp:7.97,None,None,9.33;ICF World ranking Ile de la Reunion 2023; qp:2.6,None,None,None,None,None,None,None,None,None,None,None,None,None,None,None,None,None,None,None,None,None,None,None,None,None,None,None,None,None,None,None,None,None,None,None,None,None,None,None,None,None,None,None,None,None,None,None
e26c3f71d1d8e18f920f66b06f2d9aaf,1778585356774369,Marcello BEDA,BEDA,Marcello,2024-06-20,2024,MK1,ITA,29,32,13.29,None,25;World Cup Prague 2024; qp:0,24.2;World Cup Augsburg 2024; qp:0,32.74;ICF World ranking Liptovsky Mikulas 2024; qp:21.12,None,None,None,None,26.8;ICF World ranking Solkan 2024; qp:10.07,None,None,None,None,None,None,None,None,107.87;Australian Open Penrith 2024; qp:1.97,None,None,None,None,None,34.25;World Cup Vaires sur Marne 2023; qp:0,129.52;World Championships Lee Valley 2023; qp:0,18.34;World Cup La Seu 2023; qp:0,None,None,None,None,21.88;ICF World ranking Prague 2023; qp:6.84,18.38;Euros Krakow 2023; qp:0.71,None,12.81;World Cup Tacen 2023; qp:0,None,None,24.22;ICF World ranking Meran 2023; qp:24.22,None,None,None,None,25.35;ICF World ranking Tacen 2023; qp:6.58,None,14.56;ICF World ranking Solkan 2023; qp:7.97,None,None,9.33;ICF World ranking Ile de la Reunion 2023; qp:2.6,None,23.18;ICF World ranking Lee Valley 2022; qp:0.96,None,23.88;World Cup La Seu 2022; qp:0,20.45;World Cup Pau 2022; qp:0,None,32.42;World Championships Augsburg 2022; qp:0,None,None,None,None,None,None,None,None,None,None,None,None,None,None,None,None,None,None,None,None,None,None,None,None,None,None,None,None,None,None,None,None,None,None,None,None,None,None,None,None,None,None,None,None,None,None
bbd6d5364333825353e4eb641e532181,1778585356774369,Marcello BEDA,BEDA,Marcello,2024-05-22,2024,MK1,ITA,29,23,11.13,None,None,None,26.8;ICF World ranking Solkan 2024; qp:10.07,None,None,None,None,None,None,None,None,107.87;Australian Open Penrith 2024; qp:1.97,None,None,None,None,None,34.25;World Cup Vaires sur Marne 2023; qp:0,129.52;World Championships Lee Valley 2023; qp:0,18.34;World Cup La Seu 2023; qp:0,None,None,None,None,21.88;ICF World ranking Prague 2023; qp:6.84,18.38;Euros Krakow 2023; qp:0.71,None,12.81;World Cup Tacen 2023; qp:0,None,None,24.22;ICF World ranking Meran 2023; qp:24.22,None,None,None,None,25.35;ICF World ranking Tacen 2023; qp:6.58,None,14.56;ICF World ranking Solkan 2023; qp:7.97,None,None,9.33;ICF World ranking Ile de la Reunion 2023; qp:2.6,None,23.18;ICF World ranking Lee Valley 2022; qp:0.96,None,23.88;World Cup La Seu 2022; qp:0,20.45;World Cup Pau 2022; qp:0,None,32.42;World Championships Augsburg 2022; qp:0,None,None,23.39;World Cup Tacen 2022; qp:0,7.58;World Cup Krakow 2022; qp:0,25.36;World Cup Prague 2022; qp:0,30.86;ICF World ranking Augsburg 2022; qp:2.54,None,None,None,None,None,None,None,None,None,None,None,None,None,None,None,None,None,None,None,None,None,None,None,None,None,None,None,None,None,None,None,None,None,None,None,None,None,None,None,None,None,None,None,None,None
1371f37e5074dfffccff3a8a91c84e8e,1778585356774369,Marcello BEDA,BEDA,Marcello,2023-11-16,2023,MK1,ITA,28,22,11.78,None,None,None,None,34.25;World Cup Vaires sur Marne 2023; qp:0,129.52;World Championships Lee Valley 2023; qp:0,18.34;World Cup La Seu 2023; qp:0,None,None,None,None,21.88;ICF World ranking Prague 2023; qp:6.84,18.38;Euros Krakow 2023; qp:0.71,None,12.81;World Cup Tacen 2023; qp:0,None,None,24.22;ICF World ranking Meran 2023; qp:24.22,None,None,None,None,25.35;ICF World ranking Tacen 2023; qp:6.58,None,14.56;ICF World ranking Solkan 2023; qp:7.97,None,None,9.33;ICF World ranking Ile de la Reunion 2023; qp:2.6,None,23.18;ICF World ranking Lee Valley 2022; qp:0.96,None,23.88;World Cup La Seu 2022; qp:0,20.45;World Cup Pau 2022; qp:0,None,32.42;World Championships Augsburg 2022; qp:0,None,None,23.39;World Cup Tacen 2022; qp:0,7.58;World Cup Krakow 2022; qp:0,25.36;World Cup Prague 2022; qp:0,30.86;ICF World ranking Augsburg 2022; qp:2.54,None,28.14;ICF World ranking Liptovsky Mikulas 2022; qp:1.34,None,None,None,None,14.64;ICF World ranking Tacen 2022; qp:7.71,None,None,None,None,16.54;ICF World ranking Ile de la Reunion 2022; qp:1.91,None,None,None,None,None,None,None,None,None,None,None,None,None,None,None,None,None,None,None,None,None,None,None,None,None,None,None,None,None,None,None,None,None,None,None,None,None,None,None,None,None,None,None,None,None,None,None
0b2f3af889ce688d9dc5d2b62754ae3f,1778585356774369,Marcello BEDA,BEDA,Marcello,2023-09-04,2023,MK1,ITA,28,19,10.23,18.34;World Cup La Seu 2023; qp:0,None,None,None,None,21.88;ICF World ranking Prague 2023; qp:6.84,18.38;Euros Krakow 2023; qp:0.71,None,12.81;World Cup Tacen 2023; qp:0,None,None,24.22;ICF World ranking Meran 2023; qp:24.22,None,None,None,None,25.35;ICF World ranking Tacen 2023; qp:6.58,None,14.56;ICF World ranking Solkan 2023; qp:7.97,None,None,9.33;ICF World ranking Ile de la Reunion 2023; qp:2.6,None,23.18;ICF World ranking Lee Valley 2022; qp:0.96,None,23.88;World Cup La Seu 2022; qp:0,20.45;World Cup Pau 2022; qp:0,None,32.42;World Championships Augsburg 2022; qp:0,None,None,23.39;World Cup Tacen 2022; qp:0,7.58;World Cup Krakow 2022; qp:0,25.36;World Cup Prague 2022; qp:0,30.86;ICF World ranking Augsburg 2022; qp:2.54,None,28.14;ICF World ranking Liptovsky Mikulas 2022; qp:1.34,None,None,None,None,14.64;ICF World ranking Tacen 2022; qp:7.71,None,None,None,None,16.54;ICF World ranking Ile de la Reunion 2022; qp:1.91,None,6.85;World Championships Bratislava 2021; qp:0,24.97;World Cup Pau 2021; qp:0,None,None,None,None,None,17.51;World Championships La Seu 2019; qp:0,32.99;World Cup Prague 2019; qp:0,None,None,None,None,None,None,None,None,None,None,None,None,None,None,None,None,None,None,None,None,None,None,None,None,None,None,None,None,None,None,None,None,None,None,None,None,None,None,None,None,None,None,None
70beddefe5d1e5433cfb9b6df27c37d7,1778585356774369,Marcello BEDA,BEDA,Marcello,2023-07-03,2023,MK1,ITA,28,18,10.23,12.81;World Cup Tacen 2023; qp:0,None,None,24.22;ICF World ranking Meran 2023; qp:24.22,25.11;Euros Krakow 2023; qp:6.19,None,None,None,25.35;ICF World ranking Tacen 2023; qp:6.58,None,14.56;ICF World ranking Solkan 2023; qp:7.97,None,None,9.33;ICF World ranking Ile de la Reunion 2023; qp:2.6,None,23.18;ICF World ranking Lee Valley 2022; qp:0.96,None,23.88;World Cup La Seu 2022; qp:0,20.45;World Cup Pau 2022; qp:0,None,32.42;World Championships Augsburg 2022; qp:0,None,None,23.39;World Cup Tacen 2022; qp:0,7.58;World Cup Krakow 2022; qp:0,25.36;World Cup Prague 2022; qp:0,30.86;ICF World ranking Augsburg 2022; qp:2.54,None,28.14;ICF World ranking Liptovsky Mikulas 2022; qp:1.34,None,None,None,None,14.64;ICF World ranking Tacen 2022; qp:7.71,None,None,None,None,16.54;ICF World ranking Ile de la Reunion 2022; qp:1.91,None,6.85;World Championships Bratislava 2021; qp:0,24.97;World Cup Pau 2021; qp:0,None,None,None,None,None,17.51;World Championships La Seu 2019; qp:0,32.99;World Cup Prague 2019; qp:0,14.76;World Cup Markkleeberg 2019; qp:0,None,None,None,None,None,None,None,None,None,None,None,None,None,None,None,None,None,None,None,None,None,None,None,None,None,None,None,None,None,None,None,None,None,None,None,None,None,None,None,None,None,None,None,None,None,None,None,None,None,None
b7a2144c603c0a139641a209b3fdf820,1778585356774369,Marcello BEDA,BEDA,Marcello,2023-05-29,2023,MK1,ITA,28,16,10.63,25.11;Euros Krakow 2023; qp:6.19,None,None,None,None,None,None,None,None,9.33;ICF World ranking Ile de la Reunion 2023; qp:2.6,None,23.18;ICF World ranking Lee Valley 2022; qp:0.96,None,23.88;World Cup La Seu 2022; qp:0,20.45;World Cup Pau 2022; qp:0,None,32.42;World Championships Augsburg 2022; qp:0,None,None,23.39;World Cup Tacen 2022; qp:0,7.58;World Cup Krakow 2022; qp:0,25.36;World Cup Prague 2022; qp:0,30.86;ICF World ranking Augsburg 2022; qp:2.54,None,28.14;ICF World ranking Liptovsky Mikulas 2022; qp:1.34,None,None,None,None,14.64;ICF World ranking Tacen 2022; qp:7.71,None,None,None,None,16.54;ICF World ranking Ile de la Reunion 2022; qp:1.91,None,6.85;World Championships Bratislava 2021; qp:0,24.97;World Cup Pau 2021; qp:0,None,None,None,None,None,17.51;World Championships La Seu 2019; qp:0,32.99;World Cup Prague 2019; qp:0,14.76;World Cup Markkleeberg 2019; qp:0,None,None,None,None,None,None,38.83;World Cup Tacen 2019; qp:0,None,None,None,None,None,None,None,None,None,None,None,None,None,None,None,None,None,None,None,None,None,None,None,None,None,None,None,None,None,None,None,None,None,None,None,None,None,None,None,None,None,None,None,None,None,None,None
0fc4fdcf634309285ed984a84a43ff0f,1778585356774369,Marcello BEDA,BEDA,Marcello,2022-09-23,2022,MK1,ITA,27,23,12.07,23.18;ICF World ranking Lee Valley 2022; qp:0.96,None,23.88;World Cup La Seu 2022; qp:0,20.45;World Cup Pau 2022; qp:0,None,32.42;World Championships Augsburg 2022; qp:0,None,None,23.39;World Cup Tacen 2022; qp:0,7.58;World Cup Krakow 2022; qp:0,25.36;World Cup Prague 2022; qp:0,30.86;ICF World ranking Augsburg 2022; qp:2.54,None,28.14;ICF World ranking Liptovsky Mikulas 2022; qp:1.34,None,None,None,None,14.64;ICF World ranking Tacen 2022; qp:7.71,None,None,None,None,16.54;ICF World ranking Ile de la Reunion 2022; qp:1.91,None,6.85;World Championships Bratislava 2021; qp:0,24.97;World Cup Pau 2021; qp:0,None,None,None,None,None,17.51;World Championships La Seu 2019; qp:0,32.99;World Cup Prague 2019; qp:0,14.76;World Cup Markkleeberg 2019; qp:0,None,None,None,None,None,None,38.83;World Cup Tacen 2019; qp:0,None,None,None,None,40.54;ICF World ranking Tacen 2019; qp:11.03,None,None,None,None,None,35.95;ICF World ranking Huningue 2019; qp:15.56,None,None,None,None,None,None,None,None,None,None,None,None,None,None,None,None,None,None,None,None,None,None,None,None,None,None,None,None,None,None,None,None,None,None,None,None,None,None,None,None,None,None,None,None,None,None,None
731f2456718d9fcc606a32aebc721fb8,1778585356774369,Marcello BEDA,BEDA,Marcello,2022-08-01,2022,MK1,ITA,27,26,12.07,None,32.42;World Championships Augsburg 2022; qp:0,None,None,23.39;World Cup Tacen 2022; qp:0,7.58;World Cup Krakow 2022; qp:0,25.36;World Cup Prague 2022; qp:0,30.86;ICF World ranking Augsburg 2022; qp:2.54,None,28.14;ICF World ranking Liptovsky Mikulas 2022; qp:1.34,None,None,None,None,14.64;ICF World ranking Tacen 2022; qp:7.71,None,None,None,None,16.54;ICF World ranking Ile de la Reunion 2022; qp:1.91,None,6.85;World Championships Bratislava 2021; qp:0,24.97;World Cup Pau 2021; qp:0,None,None,None,None,None,17.51;World Championships La Seu 2019; qp:0,32.99;World Cup Prague 2019; qp:0,14.76;World Cup Markkleeberg 2019; qp:0,None,None,None,None,None,None,38.83;World Cup Tacen 2019; qp:0,None,None,None,None,None,40.54;ICF World ranking Tacen 2019; qp:11.03,None,None,None,None,35.95;ICF World ranking Huningue 2019; qp:15.56,None,None,None,None,None,None,None,None,None,None,None,None,None,None,None,None,None,None,None,None,None,None,None,None,None,None,None,None,None,None,None,None,None,None,None,None,None,None,None,None,None,None,None,None,None,None,None,None,None,None,None
cee4d4c20450afc10c67b7e10388f0b7,1778585356774369,Marcello BEDA,BEDA,Marcello,2022-05-01,2022,MK1,ITA,27,31,14.06,None,None,None,None,14.64;ICF World ranking Tacen 2022; qp:7.71,None,None,None,None,16.54;ICF World ranking Ile de la Reunion 2022; qp:1.91,None,6.85;World Championships Bratislava 2021; qp:0,24.97;World Cup Pau 2021; qp:0,None,None,None,None,None,17.51;World Championships La Seu 2019; qp:0,32.99;World Cup Prague 2019; qp:0,14.76;World Cup Markkleeberg 2019; qp:0,None,None,None,None,None,None,38.83;World Cup Tacen 2019; qp:0,None,None,None,None,40.54;ICF World ranking Tacen 2019; qp:11.03,None,None,None,None,None,35.95;ICF World ranking Huningue 2019; qp:15.56,None,None,None,None,None,None,None,None,None,None,None,None,None,None,31.57;World Championships Ivrea 2018; qp:11.94,None,None,20.97;World Cup Liptovsky Mikulas 2018; qp:0,35.41;ICF World ranking Meran 2018; qp:20.26,None,None,None,None,None,None,None,None,None,None,None,None,None,None,None,None,None,None,None,None,None,None,None,None,None,None,None,None,None,None,None,None,None,None,None,None,None,None,None,None,None,None
390285ddc1505374a27902eb46d571ea,1778585356774369,Marcello BEDA,BEDA,Marcello,2021-11-01,2021,MK1,ITA,26,43,16.2,6.85;World Championships Bratislava 2021; qp:0,24.97;World Cup Pau 2021; qp:0,None,None,None,None,None,17.51;World Championships La Seu 2019; qp:0,32.99;World Cup Prague 2019; qp:0,14.76;World Cup Markkleeberg 2019; qp:0,None,None,None,None,None,None,38.83;World Cup Tacen 2019; qp:0,None,None,None,None,40.54;ICF World ranking Tacen 2019; qp:11.03,None,None,None,None,None,35.95;ICF World ranking Huningue 2019; qp:15.56,None,None,None,None,None,None,None,None,None,None,None,None,None,None,31.57;World Championships Ivrea 2018; qp:11.94,None,None,20.97;World Cup Liptovsky Mikulas 2018; qp:0,35.41;ICF World ranking Meran 2018; qp:20.26,None,None,33.13;ICF World ranking Ivrea 2018; qp:15.66,None,None,None,20.92;ICF World ranking Solkan 2018; qp:4.58,None,None,None,None,None,None,None,None,None,None,None,None,None,None,None,None,None,None,None,None,None,None,None,None,None,None,None,None,None,None,None,None,None,None,None,None,None,None,None,None,None,None,None,None,None,None
e0832592ce92b334c3427f09ec0c45ba,1778585356774369,Marcello BEDA,BEDA,Marcello,2021-09-10,2021,MK1,ITA,26,50,19.83,24.97;World Cup Pau 2021; qp:0,None,None,None,None,None,17.51;World Championships La Seu 2019; qp:0,32.99;World Cup Prague 2019; qp:0,14.76;World Cup Markkleeberg 2019; qp:0,None,None,None,None,None,None,38.83;World Cup Tacen 2019; qp:0,None,None,None,None,40.54;ICF World ranking Tacen 2019; qp:11.03,None,None,None,None,None,35.95;ICF World ranking Huningue 2019; qp:15.56,None,None,None,None,None,None,None,None,None,None,None,None,None,None,31.57;World Championships Ivrea 2018; qp:11.94,None,None,20.97;World Cup Liptovsky Mikulas 2018; qp:0,35.41;ICF World ranking Meran 2018; qp:20.26,None,None,33.13;ICF World ranking Ivrea 2018; qp:15.66,None,None,None,20.92;ICF World ranking Solkan 2018; qp:4.58,None,None,None,None,None,None,None,None,None,None,None,None,None,None,None,None,None,None,None,None,None,None,None,None,None,None,None,None,None,None,None,None,None,None,None,None,None,None,None,None,None,None,None,None,None,None,None
beb2a612b9c38f21645447e5b80f7c58,1778585356774369,Marcello BEDA,BEDA,Marcello,2020-02-01,2020,MK1,ITA,25,48,19.91,None,None,None,17.51;World Championships La Seu 2019; qp:0,32.99;World Cup Prague 2019; qp:0,14.76;World Cup Markkleeberg 2019; qp:0,None,None,None,None,None,None,38.83;World Cup Tacen 2019; qp:0,None,None,None,None,40.54;ICF World ranking Tacen 2019; qp:11.03,None,None,None,None,None,35.95;ICF World ranking Huningue 2019; qp:15.56,None,None,None,None,None,None,None,None,None,None,None,None,None,None,31.57;World Championships Ivrea 2018; qp:11.94,None,None,20.97;World Cup Liptovsky Mikulas 2018; qp:0,35.41;ICF World ranking Meran 2018; qp:20.26,None,None,33.13;ICF World ranking Ivrea 2018; qp:15.66,None,None,None,20.92;ICF World ranking Solkan 2018; qp:4.58,None,25.4;ICF World ranking Penrith 2018; qp:1.54,None,None,None,None,None,None,None,None,None,None,None,None,None,None,None,None,None,None,None,None,None,None,None,None,None,None,None,None,None,None,None,None,None,None,None,None,None,None,None,None,None,None,None,None,None,None,None,None
2bd631c1ca89942530996dc7b136ce96,1778585356774369,Marcello BEDA,BEDA,Marcello,2019-09-25,2019,MK1,ITA,24,48,19.91,17.51;World Championships La Seu 2019; qp:0,32.99;World Cup Prague 2019; qp:0,14.76;World Cup Markkleeberg 2019; qp:0,None,None,None,None,None,None,38.83;World Cup Tacen 2019; qp:0,None,None,None,None,40.54;ICF World ranking Tacen 2019; qp:11.03,None,None,None,None,None,35.95;ICF World ranking Huningue 2019; qp:15.56,None,None,None,None,None,None,None,None,None,None,None,None,None,None,31.57;World Championships Ivrea 2018; qp:11.94,None,None,20.97;World Cup Liptovsky Mikulas 2018; qp:0,35.41;ICF World ranking Meran 2018; qp:20.26,None,None,33.13;ICF World ranking Ivrea 2018; qp:15.66,None,None,None,20.92;ICF World ranking Solkan 2018; qp:4.58,None,25.4;ICF World ranking Penrith 2018; qp:1.54,None,None,None,None,None,None,None,None,None,None,None,None,None,None,None,None,None,None,None,None,None,None,None,None,None,None,None,None,None,None,None,None,None,None,None,None,None,None,None,None,None,None,None,None,None,None,None,None,None,None,None
9d4d159b5614fa1517ab853470823e45,1778585356774369,Marcello BEDA,BEDA,Marcello,2019-09-06,2019,MK1,ITA,24,61,22.72,32.99;World Cup Prague 2019; qp:0,14.76;World Cup Markkleeberg 2019; qp:0,None,None,None,None,None,None,38.83;World Cup Tacen 2019; qp:0,None,None,None,None,40.54;ICF World ranking Tacen 2019; qp:11.03,None,None,None,None,None,35.95;ICF World ranking Huningue 2019; qp:15.56,None,None,None,None,None,None,None,None,None,None,None,None,None,None,31.57;World Championships Ivrea 2018; qp:11.94,None,None,20.97;World Cup Liptovsky Mikulas 2018; qp:0,35.41;ICF World ranking Meran 2018; qp:20.26,None,None,33.13;ICF World ranking Ivrea 2018; qp:15.66,None,None,None,20.92;ICF World ranking Solkan 2018; qp:4.58,None,25.4;ICF World ranking Penrith 2018; qp:1.54,None,None,None,None,None,None,None,None,None,None,None,None,None,None,None,None,None,None,None,None,None,None,None,None,None,None,None,None,None,None,None,None,None,None,None,None,None,None,None,None,None,None,None,None,None,None,None,None,None,None,None,None
4905f177eb4da107b1f84dfc1f2ab0db,1778585356774369,Marcello BEDA,BEDA,Marcello,2019-06-28,2019,MK1,ITA,24,75,26.4,38.83;World Cup Tacen 2019; qp:0,None,None,None,None,40.54;ICF World ranking Tacen 2019; qp:11.03,None,None,None,None,None,35.95;ICF World ranking Huningue 2019; qp:15.56,None,None,None,None,None,None,None,None,None,None,None,None,None,31.57;World Championships Ivrea 2018; qp:11.94,None,None,None,20.97;World Cup Liptovsky Mikulas 2018; qp:0,35.41;ICF World ranking Meran 2018; qp:20.26,None,None,33.13;ICF World ranking Ivrea 2018; qp:15.66,None,None,None,20.92;ICF World ranking Solkan 2018; qp:4.58,None,25.4;ICF World ranking Penrith 2018; qp:1.54,None,None,None,None,None,None,None,47.62;World Championships Bratislava 2017; qp:13.83,None,None,None,None,None,None,None,None,None,None,None,None,None,None,None,None,None,None,None,None,None,None,None,None,None,None,None,None,None,None,None,None,None,None,None,None,None,None,None,None,None,None,None,None,None,None,None,None,None,None,None,None
20512dd3572add621d3ce556363eafc9,1778585356774369,Marcello BEDA,BEDA,Marcello,2019-05-11,2019,MK1,ITA,24,75,26.4,None,40.54;ICF World ranking Tacen 2019; qp:11.03,None,None,None,None,35.95;ICF World ranking Huningue 2019; qp:15.56,None,None,None,None,None,None,None,None,None,None,None,None,None,None,31.57;World Championships Ivrea 2018; qp:11.94,None,None,20.97;World Cup Liptovsky Mikulas 2018; qp:0,35.41;ICF World ranking Meran 2018; qp:20.26,None,None,33.13;ICF World ranking Ivrea 2018; qp:15.66,None,None,None,20.92;ICF World ranking Solkan 2018; qp:4.58,None,25.4;ICF World ranking Penrith 2018; qp:1.54,None,None,None,None,None,None,None,None,47.62;World Championships Bratislava 2017; qp:13.83,None,None,None,133.72;World Cup Prague 2017; qp:0,None,None,None,None,None,None,None,None,None,None,None,None,None,None,None,None,None,None,None,None,None,None,None,None,None,None,None,None,None,None,None,None,None,None,None,None,None,None,None,None,None,None,None,None,None,None,None,None,None,None,None,None
7385e79c1f71c8c56320f9370f2e9425,1778585356774369,Marcello BEDA,BEDA,Marcello,2018-09-25,2018,MK1,ITA,23,67,25.57,None,None,None,None,None,None,None,None,None,31.57;World Championships Ivrea 2018; qp:11.94,None,None,None,20.97;World Cup Liptovsky Mikulas 2018; qp:0,35.41;ICF World ranking Meran 2018; qp:20.26,None,None,33.13;ICF World ranking Ivrea 2018; qp:15.66,None,None,None,20.92;ICF World ranking Solkan 2018; qp:4.58,None,25.4;ICF World ranking Penrith 2018; qp:1.54,None,None,None,None,None,None,None,47.62;World Championships Bratislava 2017; qp:13.83,None,None,None,None,133.72;World Cup Prague 2017; qp:0,None,None,None,35.6;ICF World ranking Ivrea 2017; qp:20.78,None,29.01;ICF World ranking Solkan 2017; qp:4.92,None,None,None,None,None,None,None,None,None,None,None,None,None,None,None,None,None,None,None,None,None,None,None,None,None,None,None,None,None,None,None,None,None,None,None,None,None,None,None,None,None,None,None,None,None,None,None,None,None,None,None,None,None,None,None,None,None
f063d8031ed9243dc32a61fac9d61114,1778585356774369,Marcello BEDA,BEDA,Marcello,2018-09-07,2018,MK1,ITA,23,66,25.57,None,None,None,None,None,None,None,31.57;World Championships Ivrea 2018; qp:11.94,None,None,None,20.97;World Cup Liptovsky Mikulas 2018; qp:0,35.41;ICF World ranking Meran 2018; qp:20.26,None,None,33.13;ICF World ranking Ivrea 2018; qp:15.66,None,None,None,20.92;ICF World ranking Solkan 2018; qp:4.58,None,25.4;ICF World ranking Penrith 2018; qp:1.54,None,None,None,None,None,None,None,47.62;World Championships Bratislava 2017; qp:13.83,None,None,None,None,133.72;World Cup Prague 2017; qp:0,None,None,None,35.6;ICF World ranking Ivrea 2017; qp:20.78,None,29.01;ICF World ranking Solkan 2017; qp:4.92,None,None,None,None,None,None,None,None,None,None,None,None,None,None,None,None,None,None,None,None,None,None,None,None,None,None,None,None,None,None,None,None,None,None,None,None,None,None,None,None,None,None,None,None,None,None,None,None,None,None,None,None,None,None,None,None,None,None,None
62e05b963c3e8b96af28033f9f54326b,1778585356774369,Marcello BEDA,BEDA,Marcello,2018-07-06,2018,MK1,ITA,23,65,25.83,None,None,20.97;World Cup Liptovsky Mikulas 2018; qp:0,35.41;ICF World ranking Meran 2018; qp:20.26,None,None,33.13;ICF World ranking Ivrea 2018; qp:15.66,None,None,None,20.92;ICF World ranking Solkan 2018; qp:4.58,None,25.4;ICF World ranking Penrith 2018; qp:1.54,None,None,None,None,None,None,None,47.62;World Championships Bratislava 2017; qp:13.83,None,None,None,None,133.72;World Cup Prague 2017; qp:0,None,None,None,35.6;ICF World ranking Ivrea 2017; qp:20.78,None,29.01;ICF World ranking Solkan 2017; qp:4.92,None,None,None,None,None,32.83;World Cup Tacen 2016; qp:0,None,None,137.71;World Championships Krakow 2016; qp:9.28,None,None,None,None,None,None,None,None,None,None,None,None,None,None,None,None,None,None,None,None,None,None,None,None,None,None,None,None,None,None,None,None,None,None,None,None,None,None,None,None,None,None,None,None,None,None,None,None,None,None,None,None,None,None,None,None,None,None,None
3ad91201fe85aa47697084e192fb0ee4,1778585356774369,Marcello BEDA,BEDA,Marcello,2018-06-08,2018,MK1,ITA,23,76,28.26,35.41;ICF World ranking Meran 2018; qp:20.26,None,None,33.13;ICF World ranking Ivrea 2018; qp:15.66,None,None,None,20.92;ICF World ranking Solkan 2018; qp:4.58,None,25.4;ICF World ranking Penrith 2018; qp:1.54,None,None,None,None,None,None,None,47.62;World Championships Bratislava 2017; qp:13.83,None,None,None,None,133.72;World Cup Prague 2017; qp:0,None,None,None,35.6;ICF World ranking Ivrea 2017; qp:20.78,None,29.01;ICF World ranking Solkan 2017; qp:4.92,None,None,None,None,None,32.83;World Cup Tacen 2016; qp:0,None,None,137.71;World Championships Krakow 2016; qp:9.28,None,None,None,None,None,None,None,None,None,None,None,None,None,None,None,None,None,None,None,None,None,None,None,None,None,None,None,None,None,None,None,None,None,None,None,None,None,None,None,None,None,None,None,None,None,None,None,None,None,None,None,None,None,None,None,None,None,None,None,None,None,None
e7d6898f84702ee5ad3086ecc3cb69b3,1778585356774369,Marcello BEDA,BEDA,Marcello,2017-09-27,2017,MK1,ITA,22,90,32.86,None,None,None,None,47.62;World Championships Bratislava 2017; qp:13.83,None,None,None,None,133.72;World Cup Prague 2017; qp:0,None,None,None,35.6;ICF World ranking Ivrea 2017; qp:20.78,None,29.01;ICF World ranking Solkan 2017; qp:4.92,None,None,None,None,None,32.83;World Cup Tacen 2016; qp:0,None,None,137.71;World Championships Krakow 2016; qp:9.28,None,None,None,None,None,None,None,44.44;ICF World ranking Liptovsky Mikulas 2016; qp:7.56,None,31.05;ICF World ranking Ivrea 2016; qp:14.06,None,35.8;ICF World ranking Solkan 2016; qp:10.13,None,None,None,None,None,None,None,None,None,None,None,None,None,None,None,None,None,None,None,None,None,None,None,None,None,None,None,None,None,None,None,None,None,None,None,None,None,None,None,None,None,None,None,None,None,None,None,None,None,None,None,None,None,None,None,None,None,None,None,None,None,None,None
d5fe82f617babe8fafe395edf3227ecb,1778585356774369,Marcello BEDA,BEDA,Marcello,2017-09-08,2017,MK1,ITA,22,90,32.86,None,None,47.62;World Championships Bratislava 2017; qp:13.83,None,None,None,None,133.72;World Cup Prague 2017; qp:0,None,None,None,35.6;ICF World ranking Ivrea 2017; qp:20.78,None,29.01;ICF World ranking Solkan 2017; qp:4.92,None,None,None,None,None,32.83;World Cup Tacen 2016; qp:0,None,None,137.71;World Championships Krakow 2016; qp:9.28,None,None,None,None,None,None,None,44.44;ICF World ranking Liptovsky Mikulas 2016; qp:7.56,None,31.05;ICF World ranking Ivrea 2016; qp:14.06,None,35.8;ICF World ranking Solkan 2016; qp:10.13,None,None,None,None,None,None,None,None,None,None,None,None,None,None,None,None,None,None,None,None,None,None,None,None,None,None,None,None,None,None,None,None,None,None,None,None,None,None,None,None,None,None,None,None,None,None,None,None,None,None,None,None,None,None,None,None,None,None,None,None,None,None,None,None,None
2123e38e738dd8edabf63e2fc05ebdd2,1778585356774369,Marcello BEDA,BEDA,Marcello,2017-06-30,2017,MK1,ITA,22,90,32.86,None,None,133.72;World Cup Prague 2017; qp:0,None,None,None,35.6;ICF World ranking Ivrea 2017; qp:20.78,None,29.01;ICF World ranking Solkan 2017; qp:4.92,None,None,None,None,None,32.83;World Cup Tacen 2016; qp:0,None,None,137.71;World Championships Krakow 2016; qp:9.28,None,None,None,None,None,None,None,None,44.44;ICF World ranking Liptovsky Mikulas 2016; qp:7.56,31.05;ICF World ranking Ivrea 2016; qp:14.06,None,35.8;ICF World ranking Solkan 2016; qp:10.13,None,None,None,None,None,None,None,None,None,None,None,None,None,None,None,None,None,None,None,None,None,None,None,None,None,None,None,None,None,None,None,None,None,None,None,None,None,None,None,None,None,None,None,None,None,None,None,None,None,None,None,None,None,None,None,None,None,None,None,None,None,None,None,None,None,None,None,None,None,None
a4ffc731e661d8e793086ad146fdd1e4,1778585356774369,Marcello BEDA,BEDA,Marcello,2017-05-26,2017,MK1,ITA,22,93,32.45,None,None,None,35.6;ICF World ranking Ivrea 2017; qp:20.78,None,29.01;ICF World ranking Solkan 2017; qp:4.92,None,None,None,None,None,32.83;World Cup Tacen 2016; qp:0,None,None,137.71;World Championships Krakow 2016; qp:9.28,None,None,None,None,None,None,None,44.44;ICF World ranking Liptovsky Mikulas 2016; qp:7.56,None,31.05;ICF World ranking Ivrea 2016; qp:14.06,None,35.8;ICF World ranking Solkan 2016; qp:10.13,None,None,None,None,None,None,33.76;World Cup Liptovsky Mikulas 2015; qp:0,None,None,None,None,None,None,None,None,None,None,None,None,None,None,None,None,None,None,None,None,None,None,None,None,None,None,None,None,None,None,None,None,None,None,None,None,None,None,None,None,None,None,None,None,None,None,None,None,None,None,None,None,None,None,None,None,None,None,None,None,None,None,None,None,None,None
2b27f850bc0cf940c642c2da3d70b03c,1778585356774369,Marcello BEDA,BEDA,Marcello,2016-09-09,2016,MK1,ITA,21,89,32.23,32.83;World Cup Tacen 2016; qp:0,None,None,137.71;World Championships Krakow 2016; qp:9.28,None,None,None,None,None,None,None,44.44;ICF World ranking Liptovsky Mikulas 2016; qp:7.56,None,31.05;ICF World ranking Ivrea 2016; qp:14.06,None,35.8;ICF World ranking Solkan 2016; qp:10.13,None,None,None,None,None,None,124.05;ICF World ranking Ivrea 2015; qp:10.63,33.76;World Cup Liptovsky Mikulas 2015; qp:0,None,None,27.73;ICF World ranking Meran 2015; qp:13.67,None,None,None,None,None,None,None,None,None,None,None,None,None,None,None,None,None,None,None,None,None,None,None,None,None,None,None,None,None,None,None,None,None,None,None,None,None,None,None,None,None,None,None,None,None,None,None,None,None,None,None,None,None,None,None,None,None,None,None,None,None,None,None,None,None,None,None,None,None,None,None,None,None
5c88d80362f808459289d917fdf91f48,1778585356774369,Marcello BEDA,BEDA,Marcello,2016-08-07,2016,MK1,ITA,21,98,34.56,None,137.71;World Championships Krakow 2016; qp:9.28,None,None,None,None,None,None,None,None,44.44;ICF World ranking Liptovsky Mikulas 2016; qp:7.56,31.05;ICF World ranking Ivrea 2016; qp:14.06,None,35.8;ICF World ranking Solkan 2016; qp:10.13,None,None,None,None,None,None,124.05;ICF World ranking Ivrea 2015; qp:10.63,33.76;World Cup Liptovsky Mikulas 2015; qp:0,None,None,27.73;ICF World ranking Meran 2015; qp:13.67,None,None,None,None,None,None,None,None,None,None,None,None,None,None,None,None,None,None,None,None,None,None,None,None,None,None,None,None,None,None,None,None,None,None,None,None,None,None,None,None,None,None,None,None,None,None,None,None,None,None,None,None,None,None,None,None,None,None,None,None,None,None,None,None,None,None,None,None,None,None,None,None,None,None,None
f695ad01afd54742d3ea34abda3936e8,1778585356774369,Marcello BEDA,BEDA,Marcello,2016-06-17,2016,MK1,ITA,21,93,34.56,None,None,None,None,None,None,None,44.44;ICF World ranking Liptovsky Mikulas 2016; qp:7.56,31.05;ICF World ranking Ivrea 2016; qp:14.06,None,35.8;ICF World ranking Solkan 2016; qp:10.13,None,None,None,None,None,None,124.05;ICF World ranking Ivrea 2015; qp:10.63,33.76;World Cup Liptovsky Mikulas 2015; qp:0,None,None,27.73;ICF World ranking Meran 2015; qp:13.67,None,None,None,None,None,None,None,None,None,None,None,None,None,None,None,None,None,None,None,None,None,None,None,None,None,None,None,None,None,None,None,None,None,None,None,None,None,None,None,None,None,None,None,None,None,None,None,None,None,None,None,None,None,None,None,None,None,None,None,None,None,None,None,None,None,None,None,None,None,None,None,None,None,None,None,None,None,None
b100ed32f4e2b178483c322102993c81,1778585356774369,Marcello BEDA,BEDA,Marcello,2016-04-30,2016,MK1,ITA,21,96,34.56,None,None,44.44;ICF World ranking Liptovsky Mikulas 2016; qp:7.56,None,31.05;ICF World ranking Ivrea 2016; qp:14.06,None,35.8;ICF World ranking Solkan 2016; qp:10.13,None,None,None,None,None,None,124.05;ICF World ranking Ivrea 2015; qp:10.63,33.76;World Cup Liptovsky Mikulas 2015; qp:0,None,None,27.73;ICF World ranking Meran 2015; qp:13.67,None,None,None,None,None,None,None,None,None,None,None,None,50.03;ICF World ranking Bratislava 2014; qp:13.02,None,None,None,None,None,None,None,None,None,None,None,None,None,None,None,None,None,None,None,None,None,None,None,None,None,None,None,None,None,None,None,None,None,None,None,None,None,None,None,None,None,None,None,None,None,None,None,None,None,None,None,None,None,None,None,None,None,None,None,None,None,None,None,None,None,None,None,None,None
3add2e2f39ed64bc440b5fa847c43e6b,1778585356774369,Marcello BEDA,BEDA,Marcello,2015-09-16,2015,MK1,ITA,20,129,58.03,None,None,None,124.05;ICF World ranking Ivrea 2015; qp:10.63,33.76;World Cup Liptovsky Mikulas 2015; qp:0,None,None,27.73;ICF World ranking Meran 2015; qp:13.67,None,None,None,None,None,None,None,None,None,None,None,None,50.03;ICF World ranking Bratislava 2014; qp:13.02,None,None,None,54.59;ICF World ranking Ivrea 2014; qp:16.33,None,None,None,None,None,None,None,None,None,None,None,None,None,None,None,None,None,None,None,None,None,None,None,None,None,None,None,None,None,None,None,None,None,None,None,None,None,None,None,None,None,None,None,None,None,None,None,None,None,None,None,None,None,None,None,None,None,None,None,None,None,None,None,None,None,None,None,None,None,None,None,None,None,None,None
4f9a3cba28be23abee15a9c24b07976e,1778585356774369,Marcello BEDA,BEDA,Marcello,2015-08-14,2015,MK1,ITA,20,129,58.03,None,None,124.05;ICF World ranking Ivrea 2015; qp:10.63,33.76;World Cup Liptovsky Mikulas 2015; qp:0,None,None,27.73;ICF World ranking Meran 2015; qp:13.67,None,None,None,None,None,None,None,None,None,None,None,None,50.03;ICF World ranking Bratislava 2014; qp:13.02,None,None,None,54.59;ICF World ranking Ivrea 2014; qp:16.33,None,None,None,None,None,None,None,None,None,None,None,None,None,None,None,None,None,None,None,None,None,None,None,None,None,None,None,None,None,None,None,None,None,None,None,None,None,None,None,None,None,None,None,None,None,None,None,None,None,None,None,None,None,None,None,None,None,None,None,None,None,None,None,None,None,None,None,None,None,None,None,None,None,None,None,None
b32ce3b2da7b092017cd2ccf83d6c177,1778585356774369,Marcello BEDA,BEDA,Marcello,2015-07-03,2015,MK1,ITA,20,145,41.53,33.76;World Cup Liptovsky Mikulas 2015; qp:0,None,None,27.73;ICF World ranking Meran 2015; qp:13.67,None,None,None,None,None,None,None,None,None,None,None,None,50.03;ICF World ranking Bratislava 2014; qp:13.02,None,None,None,54.59;ICF World ranking Ivrea 2014; qp:16.33,None,None,None,None,None,None,None,None,None,None,None,None,None,None,None,None,None,None,None,None,None,None,None,None,None,None,None,None,None,None,None,None,None,None,None,None,None,None,None,None,None,None,None,None,None,None,None,None,None,None,None,None,None,None,None,None,None,None,None,None,None,None,None,None,None,None,None,None,None,None,None,None,None,None,None,None,None,None,None
929a6c035228645cf780c54d8d26bfa1,1778585356774369,Marcello BEDA,BEDA,Marcello,2015-06-06,2015,MK1,ITA,20,171,44.12,27.73;ICF World ranking Meran 2015; qp:13.67,None,None,None,None,None,None,None,None,None,None,None,None,50.03;ICF World ranking Bratislava 2014; qp:13.02,None,None,None,54.59;ICF World ranking Ivrea 2014; qp:16.33,None,None,None,None,None,None,None,None,None,None,None,None,None,None,None,None,None,None,None,None,None,None,None,None,None,None,None,None,None,None,None,None,None,None,None,None,None,None,None,None,None,None,None,None,None,None,None,None,None,None,None,None,None,None,None,None,None,None,None,None,None,None,None,None,None,None,None,None,None,None,None,None,None,None,None,None,None,None,None,None,None,None
c9907a7a23b36729318a31a2214fc1f3,1778585356774369,Marcello BEDA,BEDA,Marcello,2014-09-17,2014,MK1,ITA,19,191,59.46,None,50.03;ICF World ranking Bratislava 2014; qp:13.02,None,None,None,54.59;ICF World ranking Ivrea 2014; qp:16.33,None,None,None,None,None,None,None,None,None,None,None,None,None,None,None,None,None,None,None,None,None,None,None,None,None,None,None,None,None,None,None,None,None,None,None,None,None,None,None,None,None,None,None,None,None,None,None,None,None,None,None,None,None,None,None,None,None,None,None,None,None,None,None,None,None,None,None,None,None,None,None,None,None,None,None,None,None,None,None,None,None,None,None,None,None,None,None,None,None,None,None,None,None,None
7973ad327495cda384790748b9c5a790,1778585356774369,Marcello BEDA,BEDA,Marcello,2014-08-15,2014,MK1,ITA,19,246,64.18,None,None,None,54.59;ICF World ranking Ivrea 2014; qp:16.33,None,None,None,None,None,None,None,None,None,None,None,None,None,None,None,None,None,None,None,None,73.76;ICF World ranking Liptovsky Mikulas 2013; qp:32.78,None,None,None,None,None,None,None,None,None,None,None,None,None,None,None,None,None,None,None,None,None,None,None,None,None,None,None,None,None,None,None,None,None,None,None,None,None,None,None,None,None,None,None,None,None,None,None,None,None,None,None,None,None,None,None,None,None,None,None,None,None,None,None,None,None,None,None,None,None,None,None,None,None,None,None
d6945a37910bd3b5b2257679549eb9a6,1778585356774369,Marcello BEDA,BEDA,Marcello,2014-06-20,2014,MK1,ITA,19,354,73.76,None,None,None,None,None,None,None,None,None,None,None,None,None,None,None,None,None,None,None,None,73.76;ICF World ranking Liptovsky Mikulas 2013; qp:32.78,None,None,None,None,None,None,None,None,None,None,None,None,None,None,None,None,None,None,None,None,None,None,None,None,None,None,None,None,None,None,None,None,None,None,None,None,None,None,None,None,None,None,None,None,None,None,None,None,None,None,None,None,None,None,None,None,None,None,None,None,None,None,None,None,None,None,None,None,None,None,None,None,None,None,None,None,None,None,None
8e810e40f08462e62ee3c9da20b11b0a,1778585356774369,Marcello BEDA,BEDA,Marcello,2014-05-23,2014,MK1,ITA,19,352,73.76,None,None,None,None,None,None,None,None,None,None,None,None,None,None,None,None,None,73.76;ICF World ranking Liptovsky Mikulas 2013; qp:32.78,None,None,None,None,None,None,None,None,None,None,None,None,None,None,None,None,None,None,None,None,None,None,None,None,None,None,None,None,None,None,None,None,None,None,None,None,None,None,None,None,None,None,None,None,None,None,None,None,None,None,None,None,None,None,None,None,None,None,None,None,None,None,None,None,None,None,None,None,None,None,None,None,None,None,None,None,None,None,None,None,None,None
9c327a4be8f01af5612fdd53ba4ddf83,1778585356774369,Marcello BEDA,BEDA,Marcello,2013-09-11,2013,MK1,ITA,18,376,73.76,None,None,None,None,None,73.76;ICF World ranking Liptovsky Mikulas 2013; qp:32.78,None,None,None,None,None,None,None,None,None,None,None,None,None,None,None,None,None,None,None,None,None,None,None,None,None,None,None,None,None,None,None,None,None,None,None,None,None,None,None,None,None,None,None,None,None,None,None,None,None,None,None,None,None,None,None,None,None,None,None,None,None,None,None,None,None,None,None,None,None,None,None,None,None,None,None,None,None,None,None,None,None,None,None,None,None,None,None,None,None,None,None,None,None,None
d1633ea5829a61d8d50b8b8f1bcbfa0b,1778585356774369,Marcello BEDA,BEDA,Marcello,2013-08-23,2013,MK1,ITA,18,380,73.76,None,None,None,None,73.76;ICF World ranking Liptovsky Mikulas 2013; qp:32.78,None,None,None,None,None,None,None,None,None,None,None,None,None,None,None,None,None,None,None,None,None,None,None,None,None,None,None,None,None,None,None,None,None,None,None,None,None,None,None,None,None,None,None,None,None,None,None,None,None,None,None,None,None,None,None,None,None,None,None,None,None,None,None,None,None,None,None,None,None,None,None,None,None,None,None,None,None,None,None,None,None,None,None,None,None,None,None,None,None,None,None,None,None,None,None
688ce4afa1c39b5a6ae64aed0b26c7be,1787573484683840,Mathis SOUDI,SOUDI,Mathis,2026-08-21,2026,MK1,MAR,27,75,21.29,None,None,None,20.2;World Championships Oklahoma 2026; qp:0,None,None,24.71;World Cup Augsburg 2026; qp:0,22.07;World Cup Prague 2026; qp:0,22.95;World Cup Tacen 2026; qp:0,None,None,None,None,None,None,None,None,None,None,None,None,None,None,None,None,None,None,23.51;ICF World ranking Ile de la Reunion 2026; qp:11.25,None,None,None,None,None,None,None,None,None,None,20.71;ICF World ranking Epinal 2025; qp:14.43,20.51;ICF World ranking Prague 2025; qp:7.79,None,None,None,None,None,None,None,None,None,None,None,None,None,None,None,None,None,None,None,None,None,None,None,None,None,None,None,None,None,None,None,None,None,None,None,None,None,None,None,None,None,None,None,None,None,None,None,None,None,None,None,None,None,None,None,None,None,None,None,None
95da3cebce7a99bde91bacc531aed297,1787573484683840,Mathis SOUDI,SOUDI,Mathis,2026-07-06,2026,MK1,MAR,27,71,21.95,24.71;Team trials Augsburg 2026; qp:0,22.07;Team trials Ceske Budejovice 2026; qp:0,22.95;Team trials Solkan 2026; qp:0,None,None,None,None,None,None,None,None,None,None,None,None,None,None,None,None,None,None,23.51;ICF World ranking Ile de la Reunion 2026; qp:11.25,None,None,None,None,None,None,None,None,None,None,20.71;Team trials Orthez 2025; qp:14.43,20.51;International race Prague 2025; qp:7.79,None,None,None,None,None,None,None,None,None,None,None,None,None,None,None,None,None,None,None,None,None,None,None,None,None,None,None,None,None,None,None,None,None,None,None,None,None,None,None,None,None,None,None,34.47;Olympic Games Paris 2024; qp:0,None,None,None,None,None,None,None,None,None,None,None,None,None,None,None,None,None,None,None,None,None,None
d04cb17bcbde9580625da126f30db34a,1778586295805429,Mathis SOUDI,SOUDI,Mathis,2026-03-31,2026,MK1,MAR,27,67,20.97,None,None,None,None,None,None,None,23.51;ICF World ranking Ile de la Reunion 2026; qp:11.25,None,None,None,None,None,None,None,None,None,None,20.71;ICF World ranking Epinal 2025; qp:14.43,20.51;ICF World ranking Prague 2025; qp:7.79,None,None,None,None,None,None,None,None,None,None,None,None,None,None,None,None,None,None,None,None,None,None,None,None,None,None,None,None,None,None,None,None,None,None,None,None,None,None,None,None,None,None,None,34.47;Olympic Games Paris 2024; qp:0,None,None,None,33.12;World Cup Prague 2024; qp:0,6.98;World Cup Augsburg 2024; qp:0,None,None,None,None,None,None,None,None,None,None,None,None,None,None,None,None,None,None,None,None,None,None,None,None,None,None,None,None,None,None,None
a9f036aa04a45027455cf91fa6f04140,1778586295805429,Mathis SOUDI,SOUDI,Mathis,2025-10-15,2025,MK1,MAR,26,63,21.27,None,None,None,20.71;ICF World ranking Epinal 2025; qp:14.43,20.51;ICF World ranking Prague 2025; qp:7.79,None,None,None,None,None,None,None,None,None,None,None,None,None,None,None,None,None,None,None,None,None,None,None,None,None,None,None,None,None,None,None,None,None,None,None,None,None,None,None,None,None,None,None,34.47;Olympic Games Paris 2024; qp:0,None,None,None,33.12;World Cup Prague 2024; qp:0,6.98;World Cup Augsburg 2024; qp:0,None,None,None,None,None,None,None,None,None,None,None,None,None,None,36.91;Australian Open Penrith 2024; qp:1.97,25.04;Oceania Championships Penrith 2024; qp:4.68,None,None,None,None,None,None,None,None,None,None,None,None,None,None,None,None,None,None,None,None,None,None,None,None,None,None,None,None,None,None
02d9e088fa1fdbaf4e1c279a44014bf2,1778586295805429,Mathis SOUDI,SOUDI,Mathis,2025-09-10,2025,MK1,MAR,26,39,15.5,None,None,20.71;ICF World ranking Epinal 2025; qp:14.43,20.51;ICF World ranking Prague 2025; qp:7.79,None,None,None,None,None,None,None,None,None,None,None,None,None,None,None,None,None,None,None,None,None,None,None,None,None,None,None,None,None,None,None,None,None,None,None,None,None,None,None,None,None,None,None,34.47;Olympic Games Paris 2024; qp:0,None,None,None,33.12;World Cup Prague 2024; qp:0,6.98;World Cup Augsburg 2024; qp:0,None,None,None,None,None,None,None,None,None,None,None,None,None,None,36.91;Australian Open Penrith 2024; qp:1.97,25.04;Oceania Championships Penrith 2024; qp:4.68,4.25;World Championships Lee Valley 2023; qp:0,None,None,None,None,None,None,None,None,None,None,None,None,None,None,None,None,None,None,None,None,None,None,None,None,None,None,None,None,None,None
4626a8f7815ff0bb30a0d733499e5e09,1778586295805429,Mathis SOUDI,SOUDI,Mathis,2025-07-01,2025,MK1,MAR,26,52,18.2,None,None,None,None,None,None,None,None,None,None,None,None,None,None,None,None,None,None,None,None,None,None,None,None,None,None,None,None,None,None,None,None,None,None,None,None,None,34.47;Olympic Games Paris 2024; qp:0,None,None,None,33.12;World Cup Prague 2024; qp:0,6.98;World Cup Augsburg 2024; qp:0,None,None,None,None,None,None,None,None,None,None,None,None,None,None,36.91;Australian Open Penrith 2024; qp:1.97,25.04;Oceania Championships Penrith 2024; qp:4.68,None,None,None,None,21.63;World Cup Vaires sur Marne 2023; qp:0,4.25;World Championships Lee Valley 2023; qp:0,None,None,None,None,None,None,None,None,None,None,None,None,None,None,None,None,None,None,None,None,None,None,None,None,None,None,None,None,None,None,None,None,None,None,None
0c674bfba0343d41f7ca267d5c6a7e5f,1778586295805429,Mathis SOUDI,SOUDI,Mathis,2025-05-30,2025,MK1,MAR,26,32,13.98,None,None,None,None,None,None,None,None,None,None,None,None,None,None,None,None,None,None,None,None,None,None,None,None,None,None,None,None,None,None,None,None,None,None,34.47;Olympic Games Paris 2024; qp:0,None,None,None,33.12;World Cup Prague 2024; qp:0,6.98;World Cup Augsburg 2024; qp:0,None,None,None,None,None,None,None,None,None,None,None,None,None,None,36.91;Australian Open Penrith 2024; qp:1.97,25.04;Oceania Championships Penrith 2024; qp:4.68,None,None,None,None,21.63;World Cup Vaires sur Marne 2023; qp:0,4.25;World Championships Lee Valley 2023; qp:0,None,None,None,None,None,None,None,None,18.41;World Cup Prague 2023; qp:0,18.64;World Cup Augsburg 2023; qp:0,None,None,None,None,None,None,None,None,None,None,None,None,None,None,None,None,None,None,None,None,None,None,None,None,None,None,None,None
c06384f5529ee0eaff65b63bd7fc8699,1778586295805429,Mathis SOUDI,SOUDI,Mathis,2025-04-03,2025,MK1,MAR,26,31,13.98,None,None,None,None,None,None,None,None,None,None,None,None,None,None,None,None,None,None,None,None,None,None,None,34.47;Olympic Games Paris 2024; qp:0,None,None,None,33.12;World Cup Prague 2024; qp:0,6.98;World Cup Augsburg 2024; qp:0,None,None,None,None,None,None,None,None,None,None,None,None,None,None,36.91;Australian Open Penrith 2024; qp:1.97,25.04;Oceania Championships Penrith 2024; qp:4.68,None,None,None,None,21.63;World Cup Vaires sur Marne 2023; qp:0,4.25;World Championships Lee Valley 2023; qp:0,None,None,None,None,None,None,None,None,None,18.41;World Cup Prague 2023; qp:0,18.64;World Cup Augsburg 2023; qp:0,None,None,None,None,None,None,None,None,None,None,None,None,None,None,None,None,None,None,None,None,None,None,None,None,None,None,None,None,None,None,None,None,None,None,None,None,None,None
b0c32ec7e003ef75dcfffe8cae4d957d,1778586295805429,Mathis SOUDI,SOUDI,Mathis,2024-09-25,2024,MK1,MAR,25,29,12.92,None,None,None,34.47;Olympic Games Vaires sur Marne 2024; qp:0,None,None,None,33.12;World Cup Prague 2024; qp:0,6.98;World Cup Augsburg 2024; qp:0,None,None,None,None,None,None,None,None,None,None,None,None,None,None,36.91;Australian Open Penrith 2024; qp:1.97,25.04;Oceania Championships Penrith 2024; qp:4.68,None,None,None,None,21.63;World Cup Vaires sur Marne 2023; qp:0,4.25;World Championships Lee Valley 2023; qp:0,None,None,None,None,None,None,None,None,None,18.41;World Cup Prague 2023; qp:0,18.64;World Cup Augsburg 2023; qp:0,None,None,None,None,None,None,None,None,16.33;ICF World ranking Penrith 2023; qp:11.96,21.43;ICF World ranking Penrith 2023; qp:12.02,None,None,None,None,None,None,None,None,None,None,None,None,None,None,None,None,None,None,None,None,None,None,None,None,None,None,None,None,None,None,None,None,None,None,None,None,None,None,None,None,None,None,None,None,None,None,None,None
42b638a1568bcef597e2a9832d5def18,1778586295805429,Mathis SOUDI,SOUDI,Mathis,2024-06-20,2024,MK1,MAR,25,28,12.92,None,33.12;World Cup Prague 2024; qp:0,6.98;World Cup Augsburg 2024; qp:0,None,None,None,None,None,None,None,None,None,None,None,None,None,None,36.91;Australian Open Penrith 2024; qp:1.97,25.04;Oceania Championships Penrith 2024; qp:4.68,None,None,None,None,21.63;World Cup Vaires sur Marne 2023; qp:0,4.25;World Championships Lee Valley 2023; qp:0,None,None,None,None,None,None,None,None,None,18.41;World Cup Prague 2023; qp:0,18.64;World Cup Augsburg 2023; qp:0,None,None,None,None,None,None,None,None,16.33;ICF World ranking Penrith 2023; qp:11.96,None,None,None,21.25;ICF World ranking Lee Valley 2022; qp:0.96,None,None,24.5;World Cup Pau 2022; qp:0,None,23.54;World Championships Augsburg 2022; qp:0,None,24.62;World Championships Ivrea 2022; qp:19.07,None,None,None,None,None,None,None,None,None,None,None,None,None,None,None,None,None,None,None,None,None,None,None,None,None,None,None,None,None,None,None,None,None,None,None,None,None,None,None,None,None,None,None,None
62cea333ce4f923609a697cead58e4d0,1778586295805429,Mathis SOUDI,SOUDI,Mathis,2024-05-22,2024,MK1,MAR,25,38,15.78,None,None,None,None,None,None,None,None,None,None,None,None,36.91;Australian Open Penrith 2024; qp:1.97,25.04;Oceania Championships Penrith 2024; qp:4.68,None,None,None,None,21.63;World Cup Vaires sur Marne 2023; qp:0,4.25;World Championships Lee Valley 2023; qp:0,None,None,None,None,None,None,None,None,None,18.41;World Cup Prague 2023; qp:0,18.64;World Cup Augsburg 2023; qp:0,None,None,None,None,None,None,None,None,16.33;ICF World ranking Penrith 2023; qp:11.96,None,None,None,21.25;ICF World ranking Lee Valley 2022; qp:0.96,None,None,24.5;World Cup Pau 2022; qp:0,None,23.54;World Championships Augsburg 2022; qp:0,None,24.62;World Championships Ivrea 2022; qp:19.07,None,None,26.63;World Cup Prague 2022; qp:0,40.19;ICF World ranking Augsburg 2022; qp:2.54,None,None,None,None,None,None,None,None,None,None,None,None,None,None,None,None,None,None,None,None,None,None,None,None,None,None,None,None,None,None,None,None,None,None,None,None,None,None,None,None,None,None,None,None,None
6cbceb13a57b221fbe423d25523207da,1778586295805429,Mathis SOUDI,SOUDI,Mathis,2023-11-16,2023,MK1,MAR,24,32,15.78,None,None,None,None,21.63;World Cup Vaires sur Marne 2023; qp:0,4.25;World Championships Lee Valley 2023; qp:0,None,None,None,None,None,None,None,None,None,18.41;World Cup Prague 2023; qp:0,18.64;World Cup Augsburg 2023; qp:0,None,None,None,None,None,None,None,None,16.33;ICF World ranking Penrith 2023; qp:11.96,None,None,None,21.25;ICF World ranking Lee Valley 2022; qp:0.96,None,None,24.5;World Cup Pau 2022; qp:0,None,23.54;World Championships Augsburg 2022; qp:0,24.62;World Championships Ivrea 2022; qp:19.07,None,None,None,26.63;World Cup Prague 2022; qp:0,40.19;ICF World ranking Augsburg 2022; qp:2.54,None,None,None,None,None,None,None,None,None,None,None,None,None,None,None,None,None,None,None,None,None,None,None,None,None,None,None,None,None,None,None,None,None,None,None,None,None,None,None,None,None,None,None,None,None,None,None,None,None,None,None,None,None,None,None,None,None,None,None
367799a72f4a4b5c198ed62980dedc30,1778586295805429,Mathis SOUDI,SOUDI,Mathis,2023-09-04,2023,MK1,MAR,24,53,19.21,None,None,None,None,None,None,None,None,None,18.41;World Cup Prague 2023; qp:0,18.64;World Cup Augsburg 2023; qp:0,None,None,None,None,None,None,None,None,16.33;ICF World ranking Penrith 2023; qp:11.96,None,None,None,21.25;ICF World ranking Lee Valley 2022; qp:0.96,None,None,24.5;World Cup Pau 2022; qp:0,None,23.54;World Championships Augsburg 2022; qp:0,None,24.62;World Championships Ivrea 2022; qp:19.07,None,None,26.63;World Cup Prague 2022; qp:0,40.19;ICF World ranking Augsburg 2022; qp:2.54,None,None,None,None,None,None,None,None,None,None,None,None,None,None,41.4;World Cup Pau 2021; qp:0,None,24.78;Olympic Games Tokyo 2021; qp:0,None,None,None,36.86;World Championships La Seu 2019; qp:0,None,None,None,None,None,None,None,None,None,None,None,None,None,None,None,None,None,None,None,None,None,None,None,None,None,None,None,None,None,None,None,None,None,None,None,None,None,None,None,None,None,None,None,None
1ad6ee2d764351dcbb78da781de65d11,1778586295805429,Mathis SOUDI,SOUDI,Mathis,2023-07-03,2023,MK1,MAR,24,50,19.21,None,18.41;World Cup Prague 2023; qp:0,18.64;World Cup Augsburg 2023; qp:0,None,None,None,None,None,None,None,None,16.33;ICF World ranking Penrith 2023; qp:11.96,None,None,None,21.25;ICF World ranking Lee Valley 2022; qp:0.96,None,None,24.5;World Cup Pau 2022; qp:0,None,23.54;World Championships Augsburg 2022; qp:0,24.62;World Championships Ivrea 2022; qp:19.07,None,None,None,26.63;World Cup Prague 2022; qp:0,40.19;ICF World ranking Augsburg 2022; qp:2.54,None,None,None,None,None,None,None,None,None,None,None,None,None,None,41.4;World Cup Pau 2021; qp:0,None,24.78;Olympic Games Tokyo 2021; qp:0,None,None,None,36.86;World Championships La Seu 2019; qp:0,None,None,None,None,None,29.06;ICF World ranking Prague 2019; qp:5.29,None,38.12;World Championships Krakow 2019; qp:14.52,None,None,None,None,None,None,None,None,None,None,None,None,None,None,None,None,None,None,None,None,None,None,None,None,None,None,None,None,None,None,None,None,None,None,None,None,None,None,None,None,None,None,None,None
0b94e2db684d0e970a09258bf86bbcf7,1778586295805429,Mathis SOUDI,SOUDI,Mathis,2023-05-29,2023,MK1,MAR,24,59,21.41,None,None,None,None,None,None,None,16.33;ICF World ranking Penrith 2023; qp:11.96,None,None,None,21.25;ICF World ranking Lee Valley 2022; qp:0.96,None,None,24.5;World Cup Pau 2022; qp:0,None,23.54;World Championships Augsburg 2022; qp:0,24.62;World Championships Ivrea 2022; qp:19.07,None,None,None,26.63;World Cup Prague 2022; qp:0,40.19;ICF World ranking Augsburg 2022; qp:2.54,None,None,None,None,None,None,None,None,None,None,None,None,None,None,41.4;World Cup Pau 2021; qp:0,None,24.78;Olympic Games Tokyo 2021; qp:0,None,None,None,36.86;World Championships La Seu 2019; qp:0,None,None,None,None,None,29.06;ICF World ranking Prague 2019; qp:5.29,None,38.12;World Championships Krakow 2019; qp:14.52,37.83;World Cup Tacen 2019; qp:0,None,None,None,None,None,None,None,None,None,None,None,None,None,None,None,None,None,None,None,None,None,None,None,None,None,None,None,None,None,None,None,None,None,None,None,None,None,None,None,None,None,None,None,None,None,None,None
d9f0df9480cd49a333b0dd1a85af40db,1778586295805429,Mathis SOUDI,SOUDI,Mathis,2022-09-23,2022,MK1,MAR,23,69,23.74,21.25;ICF World ranking Lee Valley 2022; qp:0.96,None,None,24.5;World Cup Pau 2022; qp:0,None,23.54;World Championships Augsburg 2022; qp:0,24.62;World Championships Ivrea 2022; qp:19.07,None,None,None,26.63;World Cup Prague 2022; qp:0,40.19;ICF World ranking Augsburg 2022; qp:2.54,None,None,None,None,None,None,None,None,None,None,None,None,None,None,41.4;World Cup Pau 2021; qp:0,None,24.78;Olympic Games Tokyo 2021; qp:0,None,None,None,36.86;World Championships La Seu 2019; qp:0,None,None,None,None,None,29.06;ICF World ranking Prague 2019; qp:5.29,None,38.12;World Championships Krakow 2019; qp:14.52,37.83;World Cup Tacen 2019; qp:0,None,None,None,None,None,None,34.28;Pyrenees Cup La Seu 2019; qp:5.77,32.73;Pyrenees Cup Pau 2019; qp:5.68,None,None,None,None,None,None,None,None,None,None,None,None,None,None,None,None,None,None,None,None,None,None,None,None,None,None,None,None,None,None,None,None,None,None,None,None,None,None,None,None,None,None,None,None,None,None,None,None,None,None
2071d47b90a0a2c10a36c6ff605bddba,1778586295805429,Mathis SOUDI,SOUDI,Mathis,2022-08-01,2022,MK1,MAR,23,73,25.42,None,23.54;World Championships Augsburg 2022; qp:0,24.62;World Championships Ivrea 2022; qp:19.07,None,None,None,26.63;World Cup Prague 2022; qp:0,40.19;ICF World ranking Augsburg 2022; qp:2.54,None,None,None,None,None,None,None,None,None,None,None,None,None,None,41.4;World Cup Pau 2021; qp:0,None,24.78;Olympic Games Tokyo 2021; qp:0,None,None,None,36.86;World Championships La Seu 2019; qp:0,None,None,None,None,None,29.06;ICF World ranking Prague 2019; qp:5.29,38.12;World Championships Krakow 2019; qp:14.52,None,37.83;World Cup Tacen 2019; qp:0,None,None,None,None,None,None,34.28;Pyrenees Cup La Seu 2019; qp:5.77,32.73;Pyrenees Cup Pau 2019; qp:5.68,None,None,None,None,None,None,None,None,None,28.91;World Cup La Seu 2018; qp:0,27.51;World Cup Tacen 2018; qp:0,None,None,None,None,None,None,None,None,None,None,None,None,None,None,None,None,None,None,None,None,None,None,None,None,None,None,None,None,None,None,None,None,None,None,None,None,None,None,None,None,None,None,None
c73a71a2a84ac622360f58f66c07d407,1778586295805429,Mathis SOUDI,SOUDI,Mathis,2022-05-01,2022,MK1,MAR,23,86,28.6,None,None,None,None,None,None,None,None,None,None,None,None,41.4;World Cup Pau 2021; qp:0,None,24.78;Olympic Games Tokyo 2021; qp:0,None,None,None,36.86;World Championships La Seu 2019; qp:0,None,None,None,None,None,29.06;ICF World ranking Prague 2019; qp:5.29,None,38.12;World Championships Krakow 2019; qp:14.52,37.83;World Cup Tacen 2019; qp:0,None,None,None,None,None,None,34.28;Pyrenees Cup La Seu 2019; qp:5.77,32.73;Pyrenees Cup Pau 2019; qp:5.68,None,None,None,None,None,None,None,None,None,28.91;World Cup La Seu 2018; qp:0,27.51;World Cup Tacen 2018; qp:0,None,None,None,None,None,None,34.49;World Championships Ivrea 2018; qp:11.94,None,None,None,None,None,None,None,None,None,None,None,None,None,None,None,None,None,None,None,None,None,None,None,None,None,None,None,None,None,None,None,None,None,None,None,None,None,None,None,None,None,None,None,None,None,None
d509c683ce3f0a595de30f1ea06d08aa,1778586295805429,Mathis SOUDI,SOUDI,Mathis,2021-11-01,2021,MK1,MAR,22,91,28.6,None,41.4;World Cup Pau 2021; qp:0,None,24.78;Olympic Games Tokyo 2021; qp:0,None,None,None,36.86;World Championships La Seu 2019; qp:0,None,None,None,None,None,29.06;ICF World ranking Prague 2019; qp:5.29,38.12;World Championships Krakow 2019; qp:14.52,None,37.83;World Cup Tacen 2019; qp:0,None,None,None,None,None,None,34.28;Pyrenees Cup La Seu 2019; qp:5.77,32.73;Pyrenees Cup Pau 2019; qp:5.68,None,None,None,None,None,None,None,None,None,28.91;World Cup La Seu 2018; qp:0,27.51;World Cup Tacen 2018; qp:0,None,None,None,None,None,None,34.49;World Championships Ivrea 2018; qp:11.94,None,None,None,None,32.75;Pyrenees Cup Pau 2018; qp:13.9,None,None,None,None,None,None,None,None,None,None,None,None,None,None,None,None,None,None,None,None,None,None,None,None,None,None,None,None,None,None,None,None,None,None,None,None,None,None,None,None,None,None,None,None,None,None,None,None,None,None,None,None
e0d36bf27a2d9a5ef55903aec934a47b,1778586295805429,Mathis SOUDI,SOUDI,Mathis,2021-09-10,2021,MK1,MAR,22,90,28.6,41.4;World Cup Pau 2021; qp:0,None,24.78;Olympic Games Tokyo 2021; qp:0,None,None,None,36.86;World Championships La Seu 2019; qp:0,None,None,None,None,None,29.06;ICF World ranking Prague 2019; qp:5.29,38.12;World Championships Krakow 2019; qp:14.52,None,37.83;World Cup Tacen 2019; qp:0,None,None,None,None,None,None,34.28;Pyrenees Cup La Seu 2019; qp:5.77,32.73;Pyrenees Cup Pau 2019; qp:5.68,None,None,None,None,None,None,None,None,None,28.91;World Cup La Seu 2018; qp:0,27.51;World Cup Tacen 2018; qp:0,None,None,None,None,None,None,34.49;World Championships Ivrea 2018; qp:11.94,None,None,None,None,32.75;Pyrenees Cup Pau 2018; qp:13.9,None,None,None,None,None,None,None,None,None,None,None,None,None,None,None,None,None,None,None,None,None,None,None,None,None,None,None,None,None,None,None,None,None,None,None,None,None,None,None,None,None,None,None,None,None,None,None,None,None,None,None,None,None
14c0332ecd94acc7eda722a1771ada81,1778586295805429,Mathis SOUDI,SOUDI,Mathis,2020-02-01,2020,MK1,MAR,21,97,30.19,None,None,None,36.86;World Championships La Seu 2019; qp:0,None,None,None,None,None,29.06;ICF World ranking Prague 2019; qp:5.29,38.12;World Championships Krakow 2019; qp:14.52,None,37.83;World Cup Tacen 2019; qp:0,None,None,None,None,None,None,34.28;Pyrenees Cup La Seu 2019; qp:5.77,32.73;Pyrenees Cup Pau 2019; qp:5.68,None,None,None,None,None,None,None,None,None,28.91;World Cup La Seu 2018; qp:0,27.51;World Cup Tacen 2018; qp:0,None,None,None,None,None,None,34.49;World Championships Ivrea 2018; qp:11.94,None,None,None,None,32.75;Pyrenees Cup Pau 2018; qp:13.9,None,None,None,None,None,None,None,None,None,None,None,None,None,None,None,None,None,None,None,None,None,None,None,None,None,None,None,None,None,None,None,None,None,None,None,None,None,None,None,None,None,None,None,None,None,None,None,None,None,None,None,None,None,None,None,None
5c0e9f3566071b9d6c20f75656735d69,1778586295805429,Mathis SOUDI,SOUDI,Mathis,2019-09-25,2019,MK1,MAR,20,98,30.19,36.86;World Championships La Seu 2019; qp:0,None,None,None,None,None,29.06;ICF World ranking Prague 2019; qp:5.29,38.12;World Championships Krakow 2019; qp:14.52,None,37.83;World Cup Tacen 2019; qp:0,None,None,None,None,None,None,34.28;Pyrenees Cup La Seu 2019; qp:5.77,32.73;Pyrenees Cup Pau 2019; qp:5.68,None,None,None,None,None,None,None,None,None,28.91;World Cup La Seu 2018; qp:0,27.51;World Cup Tacen 2018; qp:0,None,None,None,None,None,None,34.49;World Championships Ivrea 2018; qp:11.94,None,None,None,None,32.75;Pyrenees Cup Pau 2018; qp:13.9,None,None,None,None,None,None,None,None,None,None,None,None,None,None,None,None,None,None,None,None,None,None,None,None,None,None,None,None,None,None,None,None,None,None,None,None,None,None,None,None,None,None,None,None,None,None,None,None,None,None,None,None,None,None,None,None,None,None,None
bfdd1d3d7b620daca0b976afd6bfa416,1778586295805429,Mathis SOUDI,SOUDI,Mathis,2019-09-06,2019,MK1,MAR,20,98,30.19,None,None,None,None,None,29.06;ICF World ranking Prague 2019; qp:5.29,38.12;World Championships Krakow 2019; qp:14.52,None,37.83;World Cup Tacen 2019; qp:0,None,None,None,None,None,None,34.28;Pyrenees Cup La Seu 2019; qp:5.77,32.73;Pyrenees Cup Pau 2019; qp:5.68,None,None,None,None,None,None,None,None,None,28.91;World Cup La Seu 2018; qp:0,27.51;World Cup Tacen 2018; qp:0,None,None,None,None,None,None,34.49;World Championships Ivrea 2018; qp:11.94,None,None,None,None,32.75;Pyrenees Cup Pau 2018; qp:13.9,None,None,None,None,None,None,None,None,None,None,43.82;World Championships Pau 2017; qp:0,None,None,None,None,None,None,None,None,None,None,None,None,None,None,None,None,None,None,None,None,None,None,None,None,None,None,None,None,None,None,None,None,None,None,None,None,None,None,None,None,None,None,None,None,None,None,None,None,None
db76da55f5775d14f5b76ab8cbd18c69,1778586295805429,Mathis SOUDI,SOUDI,Mathis,2019-06-28,2019,MK1,MAR,20,103,31.24,37.83;World Cup Tacen 2019; qp:0,None,None,None,None,None,None,34.28;Pyrenees Cup La Seu 2019; qp:5.77,32.73;Pyrenees Cup Pau 2019; qp:5.68,None,None,None,None,None,None,None,None,None,28.91;World Cup La Seu 2018; qp:0,27.51;World Cup Tacen 2018; qp:0,None,None,None,None,None,34.49;World Championships Ivrea 2018; qp:11.94,None,None,None,None,None,32.75;Pyrenees Cup Pau 2018; qp:13.9,None,None,None,None,None,None,None,None,None,None,43.82;World Championships Pau 2017; qp:0,None,None,None,56.56;World Championships Bratislava 2017; qp:31.16,None,None,None,None,None,None,None,None,None,None,None,None,None,None,None,None,None,None,None,None,None,None,None,None,None,None,None,None,None,None,None,None,None,None,None,None,None,None,None,None,None,None,None,None,None,None,None,None,None,None,None,None,None
51fae285bf1521a3d30212a418e139d9,1778586295805429,Mathis SOUDI,SOUDI,Mathis,2019-05-11,2019,MK1,MAR,20,101,31.24,None,None,34.28;Pyrenees Cup La Seu 2019; qp:5.77,32.73;Pyrenees Cup Pau 2019; qp:5.68,None,None,None,None,None,None,None,None,None,28.91;World Cup La Seu 2018; qp:0,27.51;World Cup Tacen 2018; qp:0,None,None,None,None,None,None,34.49;World Championships Ivrea 2018; qp:11.94,None,None,None,None,32.75;Pyrenees Cup Pau 2018; qp:13.9,None,None,None,None,None,None,None,None,None,None,None,43.82;World Championships Pau 2017; qp:0,None,None,None,56.56;World Championships Bratislava 2017; qp:31.16,None,None,None,None,None,None,None,None,None,None,None,None,None,None,None,None,None,None,None,None,None,None,None,None,None,None,None,None,None,None,None,None,None,None,None,None,None,None,None,None,None,None,None,None,None,None,None,None,None,None,None,None,None,None,None,None,None
d636f87158f78f6d668694358166923b,1778586295805429,Mathis SOUDI,SOUDI,Mathis,2018-09-25,2018,MK1,MAR,19,107,33.5,None,None,28.91;World Cup La Seu 2018; qp:0,27.51;World Cup Tacen 2018; qp:0,None,None,None,None,None,34.49;World Championships Ivrea 2018; qp:11.94,None,None,None,None,None,32.75;Pyrenees Cup Pau 2018; qp:13.9,None,None,None,None,None,None,None,None,None,None,None,43.82;World Championships Pau 2017; qp:0,None,None,None,None,56.56;World Championships Bratislava 2017; qp:31.16,None,None,None,None,51.2;Pyrenees Cup Pau 2017; qp:10.86,None,None,None,None,None,None,None,None,None,None,None,None,None,None,None,None,None,None,None,None,None,None,None,None,None,None,None,None,None,None,None,None,None,None,None,None,None,None,None,None,None,None,None,None,None,None,None,None,None,None,None,None,None,None,None,None,None,None,None,None,None,None
50c457f45e1f4a6d03a7f7d2a8f1e828,1778586295805429,Mathis SOUDI,SOUDI,Mathis,2018-09-07,2018,MK1,MAR,19,105,33.5,28.91;World Cup La Seu 2018; qp:0,27.51;World Cup Tacen 2018; qp:0,None,None,None,None,None,34.49;World Championships Ivrea 2018; qp:11.94,None,None,None,None,None,32.75;Pyrenees Cup Pau 2018; qp:13.9,None,None,None,None,None,None,None,None,None,None,None,43.82;World Championships Pau 2017; qp:0,None,None,None,None,56.56;World Championships Bratislava 2017; qp:31.16,None,None,None,None,51.2;Pyrenees Cup Pau 2017; qp:10.86,None,None,None,None,None,None,None,None,None,None,None,None,None,None,None,None,None,None,None,None,None,None,None,None,None,None,None,None,None,None,None,None,None,None,None,None,None,None,None,None,None,None,None,None,None,None,None,None,None,None,None,None,None,None,None,None,None,None,None,None,None,None,None,None
197314470f7a4499bffd0b6f23086cbe,1778586295805429,Mathis SOUDI,SOUDI,Mathis,2018-07-06,2018,MK1,MAR,19,132,49.66,None,None,None,None,32.75;Pyrenees Cup Pau 2018; qp:13.9,None,None,None,None,None,None,None,None,None,None,None,43.82;World Championships Pau 2017; qp:0,None,None,None,None,56.56;World Championships Bratislava 2017; qp:31.16,None,None,None,None,51.2;Pyrenees Cup Pau 2017; qp:10.86,None,None,None,None,None,None,None,None,None,None,None,None,None,None,63.99;World Championships Krakow 2016; qp:33.99,None,None,None,None,None,None,None,None,None,None,None,None,None,None,None,None,None,None,None,None,None,None,None,None,None,None,None,None,None,None,None,None,None,None,None,None,None,None,None,None,None,None,None,None,None,None,None,None,None,None,None,None,None,None,None,None,None,None
670aa33f1dcf08f81518f3ab463bc67b,1778586295805429,Mathis SOUDI,SOUDI,Mathis,2018-06-08,2018,MK1,MAR,19,122,42.16,None,32.75;Pyrenees Cup Pau 2018; qp:13.9,None,None,None,None,None,None,None,None,None,None,None,43.82;World Championships Pau 2017; qp:0,None,None,None,None,56.56;World Championships Bratislava 2017; qp:31.16,None,None,None,None,51.2;Pyrenees Cup Pau 2017; qp:10.86,None,None,None,None,None,None,None,None,None,None,None,None,None,None,63.99;World Championships Krakow 2016; qp:33.99,39.59;World Cup Pau 2016; qp:0,43.45;World Cup La Seu 2016; qp:0,None,None,None,None,None,None,None,None,None,None,None,None,None,None,None,None,None,None,None,None,None,None,None,None,None,None,None,None,None,None,None,None,None,None,None,None,None,None,None,None,None,None,None,None,None,None,None,None,None,None,None,None,None,None,None,None,None,None,None
1c3b4dded3a380552de9ae2d59b4fbcc,1778586295805429,Mathis SOUDI,SOUDI,Mathis,2017-09-27,2017,MK1,MAR,18,118,46.92,43.82;World Championships Pau 2017; qp:0,None,None,None,None,56.56;World Championships Bratislava 2017; qp:31.16,None,None,None,None,51.2;Pyrenees Cup Pau 2017; qp:10.86,None,None,None,None,None,None,None,None,None,None,None,None,None,None,63.99;World Championships Krakow 2016; qp:33.99,39.59;World Cup Pau 2016; qp:0,43.45;World Cup La Seu 2016; qp:0,None,None,None,None,None,None,None,None,None,None,None,None,None,None,None,None,None,None,None,None,None,None,None,None,None,None,None,None,None,None,None,None,None,None,None,None,None,None,None,None,None,None,None,None,None,None,None,None,None,None,None,None,None,None,None,None,None,None,None,None,None,None,None,None,None,None,None,None,None,None,None,None
e2a1ee040edc6898ffb587149706ea53,1778586295805429,Mathis SOUDI,SOUDI,Mathis,2017-09-08,2017,MK1,MAR,18,126,50.96,None,None,None,56.56;World Championships Bratislava 2017; qp:31.16,None,None,None,None,51.2;Pyrenees Cup Pau 2017; qp:10.86,None,None,None,None,None,None,None,None,None,None,None,None,None,None,63.99;World Championships Krakow 2016; qp:33.99,39.59;World Cup Pau 2016; qp:0,43.45;World Cup La Seu 2016; qp:0,None,None,None,None,None,None,None,None,None,None,None,None,None,None,None,None,None,None,None,None,None,None,None,None,None,None,None,None,None,None,None,None,None,None,None,None,None,None,None,None,None,None,None,None,None,None,None,None,None,None,None,None,None,None,None,None,None,None,None,None,None,None,None,None,None,None,None,None,None,None,None,None,None,None
5a9acd5c97ea46732eb9b50795e76687,1778586295805429,Mathis SOUDI,SOUDI,Mathis,2017-06-30,2017,MK1,MAR,18,144,49.56,None,None,None,51.2;Pyrenees Cup Pau 2017; qp:10.86,None,None,None,None,None,None,None,None,None,None,None,None,None,None,63.99;World Championships Krakow 2016; qp:33.99,39.59;World Cup Pau 2016; qp:0,43.45;World Cup La Seu 2016; qp:0,None,None,None,None,None,None,None,None,None,None,None,None,None,None,None,None,None,None,None,None,None,None,None,None,None,None,None,None,None,None,None,None,None,None,None,None,None,None,None,None,None,None,None,None,None,None,None,None,None,None,None,None,None,None,None,None,None,None,None,None,None,None,None,None,None,None,None,None,None,None,None,None,None,None,None,None,None,None,None
c9d70724384e6f4b8f9882a08f0029e9,1778586295805429,Mathis SOUDI,SOUDI,Mathis,2017-05-26,2017,MK1,MAR,18,155,49.56,51.2;Pyrenees Cup Pau 2017; qp:10.86,None,None,None,None,None,None,None,None,None,None,None,None,None,None,63.99;World Championships Krakow 2016; qp:33.99,39.59;World Cup Pau 2016; qp:0,43.45;World Cup La Seu 2016; qp:0,None,None,None,None,None,None,None,None,None,None,None,None,None,None,None,None,None,None,None,None,None,None,None,None,None,None,None,None,None,None,None,None,None,None,None,None,None,None,None,None,None,None,None,None,None,None,None,None,None,None,None,None,None,None,None,None,None,None,None,None,None,None,None,None,None,None,None,None,None,None,None,None,None,None,None,None,None,None,None,None,None,None
a62e641ed9dbde7eae2e5930027dd43b,1778586295805429,Mathis SOUDI,SOUDI,Mathis,2016-09-09,2016,MK1,MAR,17,195,49.01,None,None,None,None,63.99;World Championships Krakow 2016; qp:33.99,39.59;World Cup Pau 2016; qp:0,43.45;World Cup La Seu 2016; qp:0,None,None,None,None,None,None,None,None,None,None,None,None,None,None,None,None,None,None,None,None,None,None,None,None,None,None,None,None,None,None,None,None,None,None,None,None,None,None,None,None,None,None,None,None,None,None,None,None,None,None,None,None,None,None,None,None,None,None,None,None,None,None,None,None,None,None,None,None,None,None,None,None,None,None,None,None,None,None,None,None,None,None,None,None,None,None,None,None,None,None,None,None,None
edf0872cfdd123bcb5426eaa2384af98,1778586295805429,Mathis SOUDI,SOUDI,Mathis,2016-08-07,2016,MK1,MAR,17,195,49.01,None,None,63.99;World Championships Krakow 2016; qp:33.99,39.59;World Cup Pau 2016; qp:0,43.45;World Cup La Seu 2016; qp:0,None,None,None,None,None,None,None,None,None,None,None,None,None,None,None,None,None,None,None,None,None,None,None,None,None,None,None,None,None,None,None,None,None,None,None,None,None,None,None,None,None,None,None,None,None,None,None,None,None,None,None,None,None,None,None,None,None,None,None,None,None,None,None,None,None,None,None,None,None,None,None,None,None,None,None,None,None,None,None,None,None,None,None,None,None,None,None,None,None,None,None,None,None,None,None
ec768827bf9766460d29426abf448909,1778586295805429,Mathis SOUDI,SOUDI,Mathis,2016-06-17,2016,MK1,MAR,17,227,41.52,39.59;World Cup Pau 2016; qp:0,43.45;World Cup La Seu 2016; qp:0,None,None,None,None,None,None,None,None,None,None,None,None,None,None,None,None,None,None,None,None,None,None,None,None,None,None,None,None,None,None,None,None,None,None,None,None,None,None,None,None,None,None,None,None,None,None,None,None,None,None,None,None,None,None,None,None,None,None,None,None,None,None,None,None,None,None,None,None,None,None,None,None,None,None,None,None,None,None,None,None,None,None,None,None,None,None,None,None,None,None,None,None,None,None,None,None,None,None
de3dcaae0057686b00fb17a6b2c1fc8e,1787573484683840,Ondrej TUNKA,TUNKA,Ondrej,2026-08-21,2026,MK1,CZE,36,439,25.31,None,None,None,None,None,None,None,None,None,None,None,None,None,None,None,None,None,None,None,None,None,None,None,None,None,None,None,None,None,None,None,None,None,None,None,None,None,None,None,10.87;ICF World ranking Prague 2025; qp:7.79,None,None,None,None,None,None,None,None,None,None,None,None,None,None,None,None,None,None,None,None,None,None,None,None,None,None,None,None,None,27.53;Australian Open Penrith 2025; qp:2.69,None,None,None,None,None,None,None,None,None,None,None,None,37.52;ICF World ranking Tacen 2024; qp:1.01,None,None,None,None,None,None,None,None,None,None,None,None,None,None,None,None,None
0e441ee401b2870372ae62019d4da49c,1787573484683840,Ondrej TUNKA,TUNKA,Ondrej,2026-07-06,2026,MK1,CZE,36,322,28.42,None,None,None,None,None,None,None,None,None,None,None,None,None,None,None,None,None,None,None,None,None,None,None,None,None,None,None,None,None,None,None,None,None,10.87;International race Prague 2025; qp:7.79,None,None,None,None,None,None,None,None,None,None,None,None,None,None,None,None,None,None,None,None,None,None,None,None,None,None,None,None,None,27.53;Team trials Penrith 2025; qp:2.69,None,None,None,None,None,None,None,None,None,None,None,None,37.76;Team trials Ceske Budejovice 2024; qp:10.94,None,None,None,37.52;ICF World ranking Tacen 2024; qp:1.01,None,None,None,None,None,None,None,None,None,None,None,None,None,None,None,None,None,None,None
58b7448d04ff82c835246029f081f173,1778586295805429,Ondrej TUNKA,TUNKA,Ondrej,2026-03-31,2026,MK1,CZE,36,315,28.42,None,None,None,None,None,None,None,None,None,None,None,None,None,None,None,None,None,None,None,10.87;ICF World ranking Prague 2025; qp:7.79,None,None,None,None,None,None,None,None,None,None,None,None,None,None,None,None,None,None,None,None,None,None,None,None,None,None,None,None,None,27.53;Australian Open Penrith 2025; qp:2.69,None,None,None,None,None,None,None,None,None,None,None,None,37.76;ICF World ranking Prague 2024; qp:10.94,None,None,None,None,None,None,None,None,37.52;ICF World ranking Tacen 2024; qp:1.01,None,None,None,None,None,None,None,None,None,None,None,None,None,None,None,None,None,None,None,None,None,None,None,None,None,None,None,None
e35b7449081bd50bb07becc58e423222,1778586295805429,Ondrej TUNKA,TUNKA,Ondrej,2025-10-15,2025,MK1,CZE,35,289,28.42,None,None,None,None,10.87;ICF World ranking Prague 2025; qp:7.79,None,None,None,None,None,None,None,None,None,None,None,None,None,None,None,None,None,None,None,None,None,None,None,None,None,None,None,None,None,27.53;Australian Open Penrith 2025; qp:2.69,None,None,None,None,None,None,None,None,None,None,None,None,37.76;ICF World ranking Prague 2024; qp:10.94,None,None,None,None,None,None,None,None,37.52;ICF World ranking Tacen 2024; qp:1.01,None,None,None,None,None,None,None,None,None,None,None,None,None,None,None,None,None,None,None,None,None,None,None,None,None,None,None,None,None,None,None,None,None,None,None,None,None,None,None,None,None,None,None
5a76e34c3559abcd7a4ce1d0b18b58c7,1778586295805429,Ondrej TUNKA,TUNKA,Ondrej,2025-09-10,2025,MK1,CZE,35,290,28.42,None,None,None,10.87;ICF World ranking Prague 2025; qp:7.79,None,None,None,None,None,None,None,None,None,None,None,None,None,None,None,None,None,None,None,None,None,None,None,None,None,None,None,None,None,27.53;Australian Open Penrith 2025; qp:2.69,None,None,None,None,None,None,None,None,None,None,None,None,37.76;ICF World ranking Prague 2024; qp:10.94,None,None,None,None,None,None,None,None,37.52;ICF World ranking Tacen 2024; qp:1.01,None,None,None,None,None,None,None,None,None,None,None,None,None,None,None,None,None,None,None,None,None,None,None,None,None,None,None,None,None,None,None,None,None,None,None,None,None,None,None,None,None,None,None,None
bb6b25e0553f2e3747f589a691685915,1778586295805429,Ondrej TUNKA,TUNKA,Ondrej,2025-07-01,2025,MK1,CZE,35,290,33,None,None,None,None,None,None,None,None,None,None,None,None,None,None,None,None,None,None,None,None,None,None,None,27.53;Australian Open Penrith 2025; qp:2.69,None,None,None,None,None,None,None,None,None,None,None,None,37.76;ICF World ranking Prague 2024; qp:10.94,None,None,None,None,None,None,None,None,37.52;ICF World ranking Tacen 2024; qp:1.01,None,None,None,None,None,None,None,None,None,None,None,None,None,None,None,None,None,None,None,None,None,None,None,None,29.2;ICF World ranking Prague 2023; qp:6.84,None,None,None,None,None,None,None,None,None,None,None,None,None,None,None,None,None,None,None,None,None,None,None,None,None,None,None,None,None
7b1be18e55bec5a59bec681353be90fb,1778586295805429,Ondrej TUNKA,TUNKA,Ondrej,2025-05-30,2025,MK1,CZE,35,291,33,None,None,None,None,None,None,None,None,None,None,None,None,None,None,None,None,None,None,None,None,27.53;Australian Open Penrith 2025; qp:2.69,None,None,None,None,None,None,None,None,None,None,None,None,37.76;ICF World ranking Prague 2024; qp:10.94,None,None,None,None,None,None,None,None,37.52;ICF World ranking Tacen 2024; qp:1.01,None,None,None,None,None,None,None,None,None,None,None,None,None,None,None,None,None,None,None,None,None,None,None,None,29.2;ICF World ranking Prague 2023; qp:6.84,None,None,None,None,None,None,None,None,None,None,None,None,None,None,None,None,None,None,None,None,None,None,None,None,None,None,None,None,None,None,None,None
2323aaf60c58259428ebc9d1ea0a836c,1778586295805429,Ondrej TUNKA,TUNKA,Ondrej,2025-04-03,2025,MK1,CZE,35,262,33,None,None,None,None,None,None,None,None,None,27.53;Australian Open Penrith 2025; qp:2.69,None,None,None,None,None,None,None,None,None,None,None,None,37.76;ICF World ranking Prague 2024; qp:10.94,None,None,None,None,None,None,None,None,37.52;ICF World ranking Tacen 2024; qp:1.01,None,None,None,None,None,None,None,None,None,None,None,None,None,None,None,None,None,None,None,None,None,None,None,None,29.2;ICF World ranking Prague 2023; qp:6.84,None,None,None,None,None,None,None,None,None,None,None,None,None,None,None,None,None,None,None,None,None,None,None,None,None,None,None,None,None,None,None,None,None,None,None,None,None,None,None,None,None,None,None
26b98da49f63360ee72821cdab09a914,1778586295805429,Ondrej TUNKA,TUNKA,Ondrej,2024-09-25,2024,MK1,CZE,34,228,32.84,None,None,37.76;ICF World ranking Prague 2024; qp:10.94,None,None,None,None,None,None,None,None,37.52;Euros Tacen 2024; qp:1.01,None,None,None,None,None,None,None,None,None,None,None,None,None,None,None,None,None,None,None,None,None,None,None,None,29.2;ICF World ranking Prague 2023; qp:6.84,None,None,None,None,None,None,None,None,None,None,None,None,None,None,None,26.88;ICF World ranking Ile de la Reunion 2023; qp:2.6,None,None,None,None,None,None,None,None,None,None,None,None,None,None,None,None,None,None,None,None,None,None,None,None,None,None,None,None,None,None,None,None,None,None,None,None,None,None,None,None,None,None,None,None,None,None,None
ac9cb1860fd76611c52b3a2e8443880a,1778586295805429,Ondrej TUNKA,TUNKA,Ondrej,2024-06-20,2024,MK1,CZE,34,38,16.02,None,None,None,None,None,37.52;Euros Tacen 2024; qp:1.01,None,None,None,None,None,None,None,None,None,None,None,None,None,None,None,None,None,None,None,None,None,None,None,None,29.2;ICF World ranking Prague 2023; qp:6.84,None,None,None,None,None,None,None,None,None,None,None,None,None,None,None,26.88;ICF World ranking Ile de la Reunion 2023; qp:2.6,None,9.39;ICF World ranking Lee Valley 2022; qp:0.96,None,15.44;World Cup La Seu 2022; qp:0,5.44;World Cup Pau 2022; qp:0,None,22.93;World Championships Augsburg 2022; qp:0,None,None,None,None,None,None,None,None,None,None,None,None,None,None,None,None,None,None,None,None,None,None,None,None,None,None,None,None,None,None,None,None,None,None,None,None,None,None,None,None,None,None,None,None,None,None
620fcabf1a3bcfc677b9eae557da3f84,1778586295805429,Ondrej TUNKA,TUNKA,Ondrej,2024-05-22,2024,MK1,CZE,34,25,11.38,37.52;Euros Tacen 2024; qp:1.01,None,None,None,None,None,None,None,None,None,None,None,None,None,None,None,None,None,None,None,None,None,None,None,None,29.2;ICF World ranking Prague 2023; qp:6.84,None,None,None,None,None,None,None,None,None,None,None,None,None,None,None,26.88;ICF World ranking Ile de la Reunion 2023; qp:2.6,None,9.39;ICF World ranking Lee Valley 2022; qp:0.96,None,15.44;World Cup La Seu 2022; qp:0,5.44;World Cup Pau 2022; qp:0,None,22.93;World Championships Augsburg 2022; qp:0,None,None,19.51;World Cup Tacen 2022; qp:0,7.13;World Cup Krakow 2022; qp:0,21.38;World Cup Prague 2022; qp:0,None,None,None,None,None,None,None,None,None,None,None,None,None,None,None,None,None,None,None,None,None,None,None,None,None,None,None,None,None,None,None,None,None,None,None,None,None,None,None,None,None,None,None,None,None,None
7b437fefd6cea98bcb9adf9b17ee5d5e,1778586295805429,Ondrej TUNKA,TUNKA,Ondrej,2023-11-16,2023,MK1,CZE,33,13,8.79,None,None,None,None,None,None,None,None,None,None,None,29.2;ICF World ranking Prague 2023; qp:6.84,None,None,None,None,None,None,None,None,None,None,None,None,None,None,None,26.88;ICF World ranking Ile de la Reunion 2023; qp:2.6,None,9.39;ICF World ranking Lee Valley 2022; qp:0.96,None,15.44;World Cup La Seu 2022; qp:0,5.44;World Cup Pau 2022; qp:0,None,22.93;World Championships Augsburg 2022; qp:0,None,None,19.51;World Cup Tacen 2022; qp:0,7.13;World Cup Krakow 2022; qp:0,21.38;World Cup Prague 2022; qp:0,None,None,6.56;ICF World ranking Liptovsky Mikulas 2022; qp:1.34,None,None,None,None,None,None,None,None,None,28.42;ICF World ranking Ile de la Reunion 2022; qp:1.91,None,None,None,None,None,None,None,None,None,None,None,None,None,None,None,None,None,None,None,None,None,None,None,None,None,None,None,None,None,None,None,None,None,None,None,None,None,None,None,None,None,None,None,None,None,None,None
be6a4201e9ff62de648879075fc0a35d,1778586295805429,Ondrej TUNKA,TUNKA,Ondrej,2023-09-04,2023,MK1,CZE,33,14,8.79,None,None,None,None,None,29.2;ICF World ranking Prague 2023; qp:6.84,None,None,None,None,None,None,None,None,None,None,None,None,None,None,None,26.88;ICF World ranking Ile de la Reunion 2023; qp:2.6,None,9.39;ICF World ranking Lee Valley 2022; qp:0.96,None,15.44;World Cup La Seu 2022; qp:0,5.44;World Cup Pau 2022; qp:0,None,22.93;World Championships Augsburg 2022; qp:0,None,None,19.51;World Cup Tacen 2022; qp:0,7.13;World Cup Krakow 2022; qp:0,21.38;World Cup Prague 2022; qp:0,None,None,6.56;ICF World ranking Liptovsky Mikulas 2022; qp:1.34,None,None,None,None,None,None,None,None,None,28.42;ICF World ranking Ile de la Reunion 2022; qp:1.91,None,None,18.45;World Cup Pau 2021; qp:0,24.13;World Cup La Seu 2021; qp:0,None,None,None,None,None,None,None,None,None,None,None,None,None,None,None,None,None,None,None,None,None,None,None,None,None,None,None,None,None,None,None,None,None,None,None,None,None,None,None,None,None,None,None,None,None,None,None,None,None
a49758d5136efbd5e3a1cdfff2d25d57,1778586295805429,Ondrej TUNKA,TUNKA,Ondrej,2023-07-03,2023,MK1,CZE,33,12,7.37,None,None,None,None,None,None,None,None,None,None,None,None,None,26.88;ICF World ranking Ile de la Reunion 2023; qp:2.6,None,9.39;ICF World ranking Lee Valley 2022; qp:0.96,None,15.44;World Cup La Seu 2022; qp:0,5.44;World Cup Pau 2022; qp:0,None,22.93;World Championships Augsburg 2022; qp:0,None,None,19.51;World Cup Tacen 2022; qp:0,7.13;World Cup Krakow 2022; qp:0,21.38;World Cup Prague 2022; qp:0,None,None,6.56;ICF World ranking Liptovsky Mikulas 2022; qp:1.34,None,None,None,None,None,None,None,None,None,28.42;ICF World ranking Ile de la Reunion 2022; qp:1.91,None,None,18.45;World Cup Pau 2021; qp:0,24.13;World Cup La Seu 2021; qp:0,None,None,None,None,None,None,None,None,None,10.77;ICF World ranking Bratislava 2019; qp:10.77,8.34;ICF World ranking Prague 2019; qp:5.29,None,None,None,None,None,None,None,None,None,None,None,None,None,None,None,None,None,None,None,None,None,None,None,None,None,None,None,None,None,None,None,None,None,None,None,None,None,None,None,None,None,None,None,None,None,None
b81637940d9da793337fde793e27f655,1778586295805429,Ondrej TUNKA,TUNKA,Ondrej,2023-05-29,2023,MK1,CZE,33,12,7.37,None,None,None,None,None,None,None,None,None,26.88;ICF World ranking Ile de la Reunion 2023; qp:2.6,None,9.39;ICF World ranking Lee Valley 2022; qp:0.96,None,15.44;World Cup La Seu 2022; qp:0,5.44;World Cup Pau 2022; qp:0,None,22.93;World Championships Augsburg 2022; qp:0,None,None,19.51;World Cup Tacen 2022; qp:0,7.13;World Cup Krakow 2022; qp:0,21.38;World Cup Prague 2022; qp:0,None,None,6.56;ICF World ranking Liptovsky Mikulas 2022; qp:1.34,None,None,None,None,None,None,None,None,None,28.42;ICF World ranking Ile de la Reunion 2022; qp:1.91,None,None,18.45;World Cup Pau 2021; qp:0,24.13;World Cup La Seu 2021; qp:0,None,None,None,None,None,None,None,None,None,10.77;ICF World ranking Bratislava 2019; qp:10.77,8.34;ICF World ranking Prague 2019; qp:5.29,None,None,None,None,None,None,None,None,None,None,None,None,None,None,None,None,None,None,None,None,None,None,None,None,None,None,None,None,None,None,None,None,None,None,None,None,None,None,None,None,None,None,None,None,None,None,None,None,None,None
3df05a7d5a248883ee527134487f95fb,1778586295805429,Ondrej TUNKA,TUNKA,Ondrej,2022-09-23,2022,MK1,CZE,32,11,6.44,9.39;ICF World ranking Lee Valley 2022; qp:0.96,None,15.44;World Cup La Seu 2022; qp:0,5.44;World Cup Pau 2022; qp:0,None,22.93;World Championships Augsburg 2022; qp:0,None,None,19.51;World Cup Tacen 2022; qp:0,7.13;World Cup Krakow 2022; qp:0,21.38;World Cup Prague 2022; qp:0,None,None,6.56;ICF World ranking Liptovsky Mikulas 2022; qp:1.34,None,None,None,None,None,None,None,None,None,28.42;ICF World ranking Ile de la Reunion 2022; qp:1.91,None,None,18.45;World Cup Pau 2021; qp:0,24.13;World Cup La Seu 2021; qp:0,None,None,None,None,None,None,None,None,None,10.77;ICF World ranking Bratislava 2019; qp:10.77,8.34;ICF World ranking Prague 2019; qp:5.29,None,None,None,None,None,None,None,None,None,None,None,18.24;ICF World ranking Markkleeberg 2019; qp:5.04,None,None,19.33;Oceania Championships Penrith 2019; qp:2.13,4.72;ICF World ranking Penrith 2019; qp:2.1,None,None,None,None,None,None,None,None,None,None,None,None,None,None,None,None,None,None,None,None,None,None,None,None,None,None,None,None,None,None,None,None,None,None,None,None,None,None,None,None,None,None,None,None,None
d15d98bcdad8e43dc15824b6e2c443ba,1778586295805429,Ondrej TUNKA,TUNKA,Ondrej,2022-08-01,2022,MK1,CZE,32,12,6.72,None,22.93;World Championships Augsburg 2022; qp:0,None,None,19.51;World Cup Tacen 2022; qp:0,7.13;World Cup Krakow 2022; qp:0,21.38;World Cup Prague 2022; qp:0,None,None,6.56;ICF World ranking Liptovsky Mikulas 2022; qp:1.34,None,None,None,None,None,None,None,None,None,28.42;ICF World ranking Ile de la Reunion 2022; qp:1.91,None,None,18.45;World Cup Pau 2021; qp:0,24.13;World Cup La Seu 2021; qp:0,None,None,None,None,None,None,None,None,None,10.77;ICF World ranking Bratislava 2019; qp:10.77,8.34;ICF World ranking Prague 2019; qp:5.29,None,None,None,None,None,None,None,None,None,None,None,18.24;ICF World ranking Markkleeberg 2019; qp:5.04,None,None,19.33;Oceania Championships Penrith 2019; qp:2.13,4.72;ICF World ranking Penrith 2019; qp:2.1,None,None,"6.87;World Championships Deodoro, Rio 2018; qp:0",None,25.67;World Cup La Seu 2018; qp:0,30.73;World Cup Tacen 2018; qp:0,None,13.32;ICF World ranking Prague 2018; qp:6.66,None,None,None,None,None,None,None,None,None,None,None,None,None,None,None,None,None,None,None,None,None,None,None,None,None,None,None,None,None,None,None,None,None,None,None,None,None,None,None,None,None
cfd4a05d46dd4b886004b4d21e99194a,1778586295805429,Ondrej TUNKA,TUNKA,Ondrej,2022-05-01,2022,MK1,CZE,32,15,8.8,None,None,None,None,None,None,None,None,None,28.42;ICF World ranking Ile de la Reunion 2022; qp:1.91,None,None,18.45;World Cup Pau 2021; qp:0,24.13;World Cup La Seu 2021; qp:0,None,None,None,None,None,None,None,None,None,10.77;ICF World ranking Bratislava 2019; qp:10.77,8.34;ICF World ranking Prague 2019; qp:5.29,None,None,None,None,None,None,None,None,None,None,None,18.24;ICF World ranking Markkleeberg 2019; qp:5.04,None,None,19.33;Oceania Championships Penrith 2019; qp:2.13,4.72;ICF World ranking Penrith 2019; qp:2.1,None,None,"6.87;World Championships Deodoro, Rio 2018; qp:0",None,25.67;World Cup La Seu 2018; qp:0,30.73;World Cup Tacen 2018; qp:0,None,13.32;ICF World ranking Prague 2018; qp:6.66,None,None,None,None,None,16.37;World Cup Augsburg 2018; qp:0,17.74;World Cup Krakow 2018; qp:0,20.29;World Cup Liptovsky Mikulas 2018; qp:0,None,None,None,None,None,None,None,None,None,None,None,None,None,None,None,None,None,None,None,None,None,None,None,None,None,None,None,None,None,None,None,None,None,None,None,None,None,None,None,None,None,None,None
429ea741aca0e4299480f3293a70c6b0,1778586295805429,Ondrej TUNKA,TUNKA,Ondrej,2021-11-01,2021,MK1,CZE,31,14,7.91,None,18.45;World Cup Pau 2021; qp:0,24.13;World Cup La Seu 2021; qp:0,None,None,None,None,None,None,None,None,None,10.77;ICF World ranking Bratislava 2019; qp:10.77,8.34;ICF World ranking Prague 2019; qp:5.29,None,None,None,None,None,None,None,None,None,None,None,18.24;ICF World ranking Markkleeberg 2019; qp:5.04,None,None,19.33;Oceania Championships Penrith 2019; qp:2.13,4.72;ICF World ranking Penrith 2019; qp:2.1,None,None,"6.87;World Championships Deodoro, Rio 2018; qp:0",None,25.67;World Cup La Seu 2018; qp:0,30.73;World Cup Tacen 2018; qp:0,None,13.32;ICF World ranking Prague 2018; qp:6.66,None,None,None,None,None,16.37;World Cup Augsburg 2018; qp:0,17.74;World Cup Krakow 2018; qp:0,20.29;World Cup Liptovsky Mikulas 2018; qp:0,None,None,None,None,None,None,None,None,"8.84;ICF World ranking Deodoro, Rio 2018; qp:8.84",None,None,None,None,None,None,None,None,None,None,None,None,None,None,None,None,None,None,None,None,None,None,None,None,None,None,None,None,None,None,None,None,None,None,None,None,None,None,None,None,None,None,None,None,None
7efbddece0e81dfb7088351e4c4d5ab5,1778586295805429,Ondrej TUNKA,TUNKA,Ondrej,2021-09-10,2021,MK1,CZE,31,14,7.91,18.45;World Cup Pau 2021; qp:0,24.13;World Cup La Seu 2021; qp:0,None,None,None,None,None,None,None,None,None,10.77;ICF World ranking Bratislava 2019; qp:10.77,8.34;ICF World ranking Prague 2019; qp:5.29,None,None,None,None,None,None,None,None,None,None,None,18.24;ICF World ranking Markkleeberg 2019; qp:5.04,None,None,19.33;Oceania Championships Penrith 2019; qp:2.13,4.72;ICF World ranking Penrith 2019; qp:2.1,None,None,"6.87;World Championships Deodoro, Rio 2018; qp:0",None,25.67;World Cup La Seu 2018; qp:0,30.73;World Cup Tacen 2018; qp:0,None,13.32;ICF World ranking Prague 2018; qp:6.66,None,None,None,None,None,16.37;World Cup Augsburg 2018; qp:0,17.74;World Cup Krakow 2018; qp:0,20.29;World Cup Liptovsky Mikulas 2018; qp:0,None,None,None,None,None,None,None,None,"8.84;ICF World ranking Deodoro, Rio 2018; qp:8.84",None,None,None,None,None,None,None,None,None,None,None,None,None,None,None,None,None,None,None,None,None,None,None,None,None,None,None,None,None,None,None,None,None,None,None,None,None,None,None,None,None,None,None,None,None,None
86c8e7d111fd535d1297dd115c7b12b3,1778586295805429,Ondrej TUNKA,TUNKA,Ondrej,2020-02-01,2020,MK1,CZE,30,11,7.91,None,None,None,None,None,None,None,None,10.77;ICF World ranking Bratislava 2019; qp:10.77,8.34;ICF World ranking Prague 2019; qp:5.29,None,None,None,None,None,None,None,None,None,None,None,18.24;ICF World ranking Markkleeberg 2019; qp:5.04,None,None,19.33;Oceania Championships Penrith 2019; qp:2.13,4.72;ICF World ranking Penrith 2019; qp:2.1,None,None,"6.87;World Championships Deodoro, Rio 2018; qp:0",None,25.67;World Cup La Seu 2018; qp:0,30.73;World Cup Tacen 2018; qp:0,None,13.32;ICF World ranking Prague 2018; qp:6.66,None,None,None,None,None,16.37;World Cup Augsburg 2018; qp:0,17.74;World Cup Krakow 2018; qp:0,20.29;World Cup Liptovsky Mikulas 2018; qp:0,None,None,None,None,None,None,None,None,"8.84;ICF World ranking Deodoro, Rio 2018; qp:8.84",12.81;ICF World ranking Penrith 2018; qp:1.54,None,None,None,None,None,None,None,None,None,None,None,None,None,None,None,None,None,None,None,None,None,None,None,None,None,None,None,None,None,None,None,None,None,None,None,None,None,None,None,None,None,None,None,None,None,None,None,None
a2eae78495c8dc8f7db173683166fdf3,1778586295805429,Ondrej TUNKA,TUNKA,Ondrej,2019-09-25,2019,MK1,CZE,29,12,7.9,None,None,None,None,None,10.77;ICF World ranking Bratislava 2019; qp:10.77,8.34;ICF World ranking Prague 2019; qp:5.29,None,None,None,None,None,None,None,None,None,None,None,18.24;ICF World ranking Markkleeberg 2019; qp:5.04,None,None,19.33;Oceania Championships Penrith 2019; qp:2.13,4.72;ICF World ranking Penrith 2019; qp:2.1,None,None,"6.87;World Championships Deodoro, Rio 2018; qp:0",None,25.67;World Cup La Seu 2018; qp:0,30.73;World Cup Tacen 2018; qp:0,None,13.32;ICF World ranking Prague 2018; qp:6.66,None,None,None,None,None,16.37;World Cup Augsburg 2018; qp:0,17.74;World Cup Krakow 2018; qp:0,20.29;World Cup Liptovsky Mikulas 2018; qp:0,None,None,None,None,None,None,None,None,"8.84;ICF World ranking Deodoro, Rio 2018; qp:8.84",12.81;ICF World ranking Penrith 2018; qp:1.54,10.73;Oceania Championships Auckland 2018; qp:8.72,11.74;New Zealand Open Mangahao 2018; qp:11.74,None,None,None,None,None,None,None,None,None,None,None,None,None,None,None,None,None,None,None,None,None,None,None,None,None,None,None,None,None,None,None,None,None,None,None,None,None,None,None,None,None,None,None,None,None,None,None,None,None
5e540d9c2533f6c2577d3aed2ecc963c,1778586295805429,Ondrej TUNKA,TUNKA,Ondrej,2019-09-06,2019,MK1,CZE,29,10,5.75,None,None,None,None,10.77;ICF World ranking Bratislava 2019; qp:10.77,8.34;ICF World ranking Prague 2019; qp:5.29,None,None,None,None,None,None,None,None,None,None,None,18.24;ICF World ranking Markkleeberg 2019; qp:5.04,None,None,19.33;Oceania Championships Penrith 2019; qp:2.13,4.72;ICF World ranking Penrith 2019; qp:2.1,None,None,"6.87;World Championships Deodoro, Rio 2018; qp:0",None,25.67;World Cup La Seu 2018; qp:0,30.73;World Cup Tacen 2018; qp:0,None,13.32;ICF World ranking Prague 2018; qp:6.66,None,None,None,None,None,16.37;World Cup Augsburg 2018; qp:0,17.74;World Cup Krakow 2018; qp:0,20.29;World Cup Liptovsky Mikulas 2018; qp:0,None,None,None,None,None,None,None,None,"8.84;ICF World ranking Deodoro, Rio 2018; qp:8.84",12.81;ICF World ranking Penrith 2018; qp:1.54,10.73;Oceania Championships Auckland 2018; qp:8.72,11.74;New Zealand Open Mangahao 2018; qp:11.74,0;World Championships Pau 2017; qp:0,None,None,None,None,None,None,None,None,None,None,None,None,None,None,None,None,None,None,None,None,None,None,None,None,None,None,None,None,None,None,None,None,None,None,None,None,None,None,None,None,None,None,None,None,None,None,None,None,None
2a44fa4c4b9f0111040324236b7f1f5b,1778586295805429,Ondrej TUNKA,TUNKA,Ondrej,2019-06-28,2019,MK1,CZE,29,10,6.23,None,None,None,None,None,None,None,None,None,18.24;ICF World ranking Markkleeberg 2019; qp:5.04,None,None,19.33;Oceania Championships Penrith 2019; qp:2.13,4.72;ICF World ranking Penrith 2019; qp:2.1,None,None,"6.87;World Championships Deodoro, Rio 2018; qp:0",None,25.67;World Cup La Seu 2018; qp:0,30.73;World Cup Tacen 2018; qp:0,None,13.32;ICF World ranking Prague 2018; qp:6.66,None,None,None,None,None,16.37;World Cup Augsburg 2018; qp:0,17.74;World Cup Krakow 2018; qp:0,20.29;World Cup Liptovsky Mikulas 2018; qp:0,None,None,None,None,None,None,None,None,"8.84;ICF World ranking Deodoro, Rio 2018; qp:8.84",12.81;ICF World ranking Penrith 2018; qp:1.54,10.73;Oceania Championships Auckland 2018; qp:8.72,11.74;New Zealand Open Mangahao 2018; qp:11.74,0;World Championships Pau 2017; qp:0,None,16.33;World Cup La Seu 2017; qp:0,None,None,None,None,None,None,None,None,None,None,None,None,None,None,None,None,None,None,None,None,None,None,None,None,None,None,None,None,None,None,None,None,None,None,None,None,None,None,None,None,None,None,None,None,None,None,None,None,None,None,None,None,None,None,None
cde4a8ed2778affcd4d50e9f8d693861,1778586295805429,Ondrej TUNKA,TUNKA,Ondrej,2019-05-11,2019,MK1,CZE,29,10,6.21,None,None,None,None,18.24;ICF World ranking Markkleeberg 2019; qp:5.04,None,None,19.33;Oceania Championships Penrith 2019; qp:2.13,4.72;ICF World ranking Penrith 2019; qp:2.1,None,None,"6.87;World Championships Deodoro, Rio 2018; qp:0",None,25.67;World Cup La Seu 2018; qp:0,30.73;World Cup Tacen 2018; qp:0,None,13.32;ICF World ranking Prague 2018; qp:6.66,None,None,None,None,None,16.37;World Cup Augsburg 2018; qp:0,17.74;World Cup Krakow 2018; qp:0,20.29;World Cup Liptovsky Mikulas 2018; qp:0,None,None,None,None,None,None,None,None,"8.84;ICF World ranking Deodoro, Rio 2018; qp:8.84",12.81;ICF World ranking Penrith 2018; qp:1.54,10.73;Oceania Championships Auckland 2018; qp:8.72,11.74;New Zealand Open Mangahao 2018; qp:11.74,None,0;World Championships Pau 2017; qp:0,None,16.33;World Cup La Seu 2017; qp:0,None,None,None,None,20.98;World Cup Markkleeberg 2017; qp:0,13.76;World Cup Augsburg 2017; qp:0,10.64;World Cup Prague 2017; qp:0,None,None,None,None,None,None,None,None,None,None,None,None,None,None,None,None,None,None,None,None,None,None,None,None,None,None,None,None,None,None,None,None,None,None,None,None,None,None,None,None,None,None,None,None,None,None,None,None,None,None,None,None
9aa37fa44bc31c2bbdd55ad04d9c9291,1778586295805429,Ondrej TUNKA,TUNKA,Ondrej,2018-09-25,2018,MK1,CZE,28,11,6.97,"6.87;World Championships Deodoro, Rio 2018; qp:0",None,25.67;World Cup La Seu 2018; qp:0,30.73;World Cup Tacen 2018; qp:0,None,13.32;ICF World ranking Prague 2018; qp:6.66,None,None,None,None,None,16.37;World Cup Augsburg 2018; qp:0,17.74;World Cup Krakow 2018; qp:0,20.29;World Cup Liptovsky Mikulas 2018; qp:0,None,None,None,None,None,None,None,None,"8.84;ICF World ranking Deodoro, Rio 2018; qp:8.84",12.81;ICF World ranking Penrith 2018; qp:1.54,10.73;Oceania Championships Auckland 2018; qp:8.72,11.74;New Zealand Open Mangahao 2018; qp:11.74,None,0;World Championships Pau 2017; qp:0,None,16.33;World Cup La Seu 2017; qp:0,None,None,None,None,20.98;World Cup Markkleeberg 2017; qp:0,13.76;World Cup Augsburg 2017; qp:0,10.64;World Cup Prague 2017; qp:0,None,None,None,None,8.5;ICF World ranking Markkleeberg 2017; qp:4,None,None,None,None,31.14;New Zealand Open Mangahao 2017; qp:9.93,None,None,None,None,None,None,None,None,None,None,None,None,None,None,None,None,None,None,None,None,None,None,None,None,None,None,None,None,None,None,None,None,None,None,None,None,None,None,None,None,None,None,None,None,None,None,None,None,None,None,None,None,None
2748e0e2bd6c163b9c4f2b2ef5a4b0a0,1778586295805429,Ondrej TUNKA,TUNKA,Ondrej,2018-09-07,2018,MK1,CZE,28,14,7.74,25.67;World Cup La Seu 2018; qp:0,30.73;World Cup Tacen 2018; qp:0,None,13.32;ICF World ranking Prague 2018; qp:6.66,None,None,None,None,None,16.37;World Cup Augsburg 2018; qp:0,17.74;World Cup Krakow 2018; qp:0,20.29;World Cup Liptovsky Mikulas 2018; qp:0,None,None,None,None,None,None,None,None,"8.84;ICF World ranking Deodoro, Rio 2018; qp:8.84",12.81;ICF World ranking Penrith 2018; qp:1.54,10.73;Oceania Championships Auckland 2018; qp:8.72,11.74;New Zealand Open Mangahao 2018; qp:11.74,None,0;World Championships Pau 2017; qp:0,None,16.33;World Cup La Seu 2017; qp:0,None,None,None,None,20.98;World Cup Markkleeberg 2017; qp:0,13.76;World Cup Augsburg 2017; qp:0,10.64;World Cup Prague 2017; qp:0,None,None,None,None,8.5;ICF World ranking Markkleeberg 2017; qp:4,None,None,None,None,31.14;New Zealand Open Mangahao 2017; qp:9.93,None,None,None,None,None,None,None,None,None,None,None,None,None,None,None,None,None,None,None,None,None,None,None,None,None,None,None,None,None,None,None,None,None,None,None,None,None,None,None,None,None,None,None,None,None,None,None,None,None,None,None,None,None,None,None
514cddb055529328d889c92f8d941344,1778586295805429,Ondrej TUNKA,TUNKA,Ondrej,2018-07-06,2018,MK1,CZE,28,8,5.6,16.37;World Cup Augsburg 2018; qp:0,17.74;World Cup Krakow 2018; qp:0,20.29;World Cup Liptovsky Mikulas 2018; qp:0,None,None,None,None,None,None,None,None,"8.84;ICF World ranking Deodoro, Rio 2018; qp:8.84",12.81;ICF World ranking Penrith 2018; qp:1.54,10.73;Oceania Championships Auckland 2018; qp:8.72,11.74;New Zealand Open Mangahao 2018; qp:11.74,None,0;World Championships Pau 2017; qp:0,None,16.33;World Cup La Seu 2017; qp:0,None,None,None,None,20.98;World Cup Markkleeberg 2017; qp:0,13.76;World Cup Augsburg 2017; qp:0,10.64;World Cup Prague 2017; qp:0,None,None,None,None,8.5;ICF World ranking Markkleeberg 2017; qp:4,None,None,None,None,31.14;New Zealand Open Mangahao 2017; qp:9.93,None,23.59;World Cup Tacen 2016; qp:0,0.02;World Cup Prague 2016; qp:0,None,None,None,None,None,None,None,None,None,None,None,None,None,None,None,None,None,None,None,None,None,None,None,None,None,None,None,None,None,None,None,None,None,None,None,None,None,None,None,None,None,None,None,None,None,None,None,None,None,None,None,None,None,None,None,None,None,None,None,None,None
7747200d0020bd49cd7d6c84c83194ce,1778586295805429,Ondrej TUNKA,TUNKA,Ondrej,2018-06-08,2018,MK1,CZE,28,8,4.62,None,None,None,None,None,None,None,None,"8.84;ICF World ranking Deodoro, Rio 2018; qp:8.84",12.81;ICF World ranking Penrith 2018; qp:1.54,10.73;Oceania Championships Auckland 2018; qp:8.72,11.74;New Zealand Open Mangahao 2018; qp:11.74,None,0;World Championships Pau 2017; qp:0,None,16.33;World Cup La Seu 2017; qp:0,None,None,None,None,20.98;World Cup Markkleeberg 2017; qp:0,13.76;World Cup Augsburg 2017; qp:0,10.64;World Cup Prague 2017; qp:0,None,None,None,None,8.5;ICF World ranking Markkleeberg 2017; qp:4,None,None,None,None,31.14;New Zealand Open Mangahao 2017; qp:9.93,None,23.59;World Cup Tacen 2016; qp:0,0.02;World Cup Prague 2016; qp:0,None,None,None,22.08;World Cup Pau 2016; qp:0,5.75;World Cup La Seu 2016; qp:0,15.89;World Cup Ivrea 2016; qp:0,None,None,None,None,None,None,None,None,None,None,None,None,None,None,None,None,None,None,None,None,None,None,None,None,None,None,None,None,None,None,None,None,None,None,None,None,None,None,None,None,None,None,None,None,None,None,None,None,None,None,None,None,None,None,None,None,None,None
23ce363f4e932748c786d98f1d0ad4d1,1778586295805429,Ondrej TUNKA,TUNKA,Ondrej,2017-09-27,2017,MK1,CZE,27,8,4.85,0;World Championships Pau 2017; qp:0,None,16.33;World Cup La Seu 2017; qp:0,None,None,None,None,20.98;World Cup Markkleeberg 2017; qp:0,13.76;World Cup Augsburg 2017; qp:0,10.64;World Cup Prague 2017; qp:0,None,None,None,None,8.5;ICF World ranking Markkleeberg 2017; qp:4,None,None,None,None,31.14;New Zealand Open Mangahao 2017; qp:9.93,None,23.59;World Cup Tacen 2016; qp:0,0.02;World Cup Prague 2016; qp:0,None,None,None,22.08;World Cup Pau 2016; qp:0,5.75;World Cup La Seu 2016; qp:0,15.89;World Cup Ivrea 2016; qp:0,None,None,None,None,None,None,None,None,None,9.97;ICF World ranking Penrith 2016; qp:4.2,None,None,None,None,None,None,None,None,None,None,None,None,None,None,None,None,None,None,None,None,None,None,None,None,None,None,None,None,None,None,None,None,None,None,None,None,None,None,None,None,None,None,None,None,None,None,None,None,None,None,None,None,None,None,None,None,None,None,None,None,None
b3fd2a50beec30393ec02f6d12ecb77c,1778586295805429,Ondrej TUNKA,TUNKA,Ondrej,2017-09-08,2017,MK1,CZE,27,12,6.85,16.33;World Cup La Seu 2017; qp:0,None,None,None,None,20.98;World Cup Markkleeberg 2017; qp:0,13.76;World Cup Augsburg 2017; qp:0,10.64;World Cup Prague 2017; qp:0,None,None,None,None,8.5;ICF World ranking Markkleeberg 2017; qp:4,None,None,None,None,31.14;New Zealand Open Mangahao 2017; qp:9.93,None,23.59;World Cup Tacen 2016; qp:0,0.02;World Cup Prague 2016; qp:0,None,None,None,22.08;World Cup Pau 2016; qp:0,5.75;World Cup La Seu 2016; qp:0,15.89;World Cup Ivrea 2016; qp:0,None,None,None,None,None,None,None,None,None,9.97;ICF World ranking Penrith 2016; qp:4.2,None,10;World Championships Lee Valley 2015; qp:0,None,None,None,None,None,None,None,None,None,None,None,None,None,None,None,None,None,None,None,None,None,None,None,None,None,None,None,None,None,None,None,None,None,None,None,None,None,None,None,None,None,None,None,None,None,None,None,None,None,None,None,None,None,None,None,None,None,None,None,None,None
de4f905c45a13be6d1345c45cd7d2f2e,1778586295805429,Ondrej TUNKA,TUNKA,Ondrej,2017-06-30,2017,MK1,CZE,27,11,6.47,20.98;World Cup Markkleeberg 2017; qp:0,13.76;World Cup Augsburg 2017; qp:0,10.64;World Cup Prague 2017; qp:0,None,None,None,None,8.5;ICF World ranking Markkleeberg 2017; qp:4,None,None,None,None,31.14;New Zealand Open Mangahao 2017; qp:9.93,None,23.59;World Cup Tacen 2016; qp:0,0.02;World Cup Prague 2016; qp:0,None,None,None,22.08;World Cup Pau 2016; qp:0,5.75;World Cup La Seu 2016; qp:0,15.89;World Cup Ivrea 2016; qp:0,None,None,None,None,None,None,None,None,None,9.97;ICF World ranking Penrith 2016; qp:4.2,None,10;World Championships Lee Valley 2015; qp:0,8.09;World Cup Pau 2015; qp:0,16.16;World Cup La Seu 2015; qp:0,None,None,None,None,None,None,None,None,None,None,None,None,None,None,None,None,None,None,None,None,None,None,None,None,None,None,None,None,None,None,None,None,None,None,None,None,None,None,None,None,None,None,None,None,None,None,None,None,None,None,None,None,None,None,None,None,None,None,None,None,None,None,None,None
854687a247b832a5d9f5900d434968a0,1778586295805429,Ondrej TUNKA,TUNKA,Ondrej,2017-05-26,2017,MK1,CZE,27,8,4.9,None,None,None,None,8.5;ICF World ranking Markkleeberg 2017; qp:4,None,None,None,None,31.14;New Zealand Open Mangahao 2017; qp:9.93,None,23.59;World Cup Tacen 2016; qp:0,0.02;World Cup Prague 2016; qp:0,None,None,None,22.08;World Cup Pau 2016; qp:0,5.75;World Cup La Seu 2016; qp:0,15.89;World Cup Ivrea 2016; qp:0,None,None,None,None,None,None,None,None,None,9.97;ICF World ranking Penrith 2016; qp:4.2,None,10;World Championships Lee Valley 2015; qp:0,8.09;World Cup Pau 2015; qp:0,16.16;World Cup La Seu 2015; qp:0,7.41;World Cup Liptovsky Mikulas 2015; qp:0,16.21;World Cup Krakow 2015; qp:0,3.25;World Cup Prague 2015; qp:0,None,None,None,None,None,None,None,None,None,None,None,None,None,None,None,None,None,None,None,None,None,None,None,None,None,None,None,None,None,None,None,None,None,None,None,None,None,None,None,None,None,None,None,None,None,None,None,None,None,None,None,None,None,None,None,None,None,None,None,None,None,None,None,None
8acf1de2d44e3e8cd9aa7ba068d7a718,1778586295805429,Ondrej TUNKA,TUNKA,Ondrej,2016-09-09,2016,MK1,CZE,26,9,4.9,23.59;World Cup Tacen 2016; qp:0,0.02;World Cup Prague 2016; qp:0,None,None,None,22.08;World Cup Pau 2016; qp:0,5.75;World Cup La Seu 2016; qp:0,15.89;World Cup Ivrea 2016; qp:0,None,None,None,None,None,None,None,None,None,9.97;ICF World ranking Penrith 2016; qp:4.2,None,10;World Championships Lee Valley 2015; qp:0,8.09;World Cup Pau 2015; qp:0,16.16;World Cup La Seu 2015; qp:0,None,7.41;World Cup Liptovsky Mikulas 2015; qp:0,16.21;World Cup Krakow 2015; qp:0,3.25;World Cup Prague 2015; qp:0,None,None,None,None,None,None,None,None,29.05;ICF World ranking Markleeberg 2015; qp:3.5,None,None,None,None,None,None,None,None,None,None,None,None,None,None,None,None,None,None,None,None,None,None,None,None,None,None,None,None,None,None,None,None,None,None,None,None,None,None,None,None,None,None,None,None,None,None,None,None,None,None,None,None,None,None,None,None,None,None,None,None,None,None,None,None,None
0c36d628e7b0895425e290a0a5434bcb,1778586295805429,Ondrej TUNKA,TUNKA,Ondrej,2016-08-07,2016,MK1,CZE,26,17,6.89,None,None,None,22.08;World Cup Pau 2016; qp:0,5.75;World Cup La Seu 2016; qp:0,15.89;World Cup Ivrea 2016; qp:0,None,None,None,None,None,None,None,None,None,9.97;ICF World ranking Penrith 2016; qp:4.2,None,10;World Championships Lee Valley 2015; qp:0,8.09;World Cup Pau 2015; qp:0,16.16;World Cup La Seu 2015; qp:0,None,7.41;World Cup Liptovsky Mikulas 2015; qp:0,16.21;World Cup Krakow 2015; qp:0,3.25;World Cup Prague 2015; qp:0,None,None,None,None,None,None,None,None,29.05;ICF World ranking Markleeberg 2015; qp:3.5,None,None,None,None,None,None,None,None,None,None,None,None,None,None,None,None,None,None,None,None,None,None,None,None,None,None,None,None,None,None,None,None,None,None,None,None,None,None,None,None,None,None,None,None,None,None,None,None,None,None,None,None,None,None,None,None,None,None,None,None,None,None,None,None,None,None,None
8c91de6dc59e6adeb62794745801e2fc,1778586295805429,Ondrej TUNKA,TUNKA,Ondrej,2016-06-17,2016,MK1,CZE,26,15,6.89,22.08;World Cup Pau 2016; qp:0,5.75;World Cup La Seu 2016; qp:0,15.89;World Cup Ivrea 2016; qp:0,None,None,None,None,None,None,None,None,None,9.97;ICF World ranking Penrith 2016; qp:4.2,None,10;World Championships Lee Valley 2015; qp:0,8.09;World Cup Pau 2015; qp:0,16.16;World Cup La Seu 2015; qp:0,None,7.41;World Cup Liptovsky Mikulas 2015; qp:0,16.21;World Cup Krakow 2015; qp:0,3.25;World Cup Prague 2015; qp:0,None,None,None,None,None,None,None,None,29.05;ICF World ranking Markleeberg 2015; qp:3.5,None,None,None,None,None,None,None,None,None,None,None,None,None,None,None,None,None,None,None,None,None,None,None,None,None,None,None,None,None,None,None,None,None,None,None,None,None,None,None,None,None,None,None,None,None,None,None,None,None,None,None,None,None,None,None,None,None,None,None,None,None,None,None,None,None,None,None,None,None,None
dd1b55dae6f00552162107dc9c48c9a3,1778586295805429,Ondrej TUNKA,TUNKA,Ondrej,2016-04-30,2016,MK1,CZE,26,12,7.74,None,None,None,None,None,None,None,None,9.97;ICF World ranking Penrith 2016; qp:4.2,None,10;World Championships Lee Valley 2015; qp:0,8.09;World Cup Pau 2015; qp:0,16.16;World Cup La Seu 2015; qp:0,None,7.41;World Cup Liptovsky Mikulas 2015; qp:0,16.21;World Cup Krakow 2015; qp:0,3.25;World Cup Prague 2015; qp:0,None,None,None,None,None,None,None,None,29.05;ICF World ranking Markleeberg 2015; qp:3.5,None,None,None,None,None,None,None,None,25.92;World Cup Prague 2014; qp:0,13.13;World Cup Tacen 2014; qp:0,16.97;World Cup Lee Valley 2014; qp:0,None,None,None,None,None,None,None,None,None,None,None,None,None,None,None,None,None,None,None,None,None,None,None,None,None,None,None,None,None,None,None,None,None,None,None,None,None,None,None,None,None,None,None,None,None,None,None,None,None,None,None,None,None,None,None,None,None,None,None,None,None,None,None
f6ad1321d25d251bd15bc71518da0d52,1778586295805429,Ondrej TUNKA,TUNKA,Ondrej,2015-09-16,2015,MK1,CZE,25,14,8.38,10;World Championships Lee Valley 2015; qp:0,8.09;World Cup Pau 2015; qp:0,16.16;World Cup La Seu 2015; qp:0,None,7.41;World Cup Liptovsky Mikulas 2015; qp:0,16.21;World Cup Krakow 2015; qp:0,3.25;World Cup Prague 2015; qp:0,None,None,None,None,None,None,None,None,29.05;ICF World ranking Markleeberg 2015; qp:3.5,None,None,None,None,None,None,None,None,None,25.92;World Cup Prague 2014; qp:0,13.13;World Cup Tacen 2014; qp:0,16.97;World Cup Lee Valley 2014; qp:0,29.31;ICF World ranking Meran 2014; qp:15.77,None,None,None,None,None,None,14.03;ICF World ranking Markleeberg 2014; qp:4.03,30.66;ICF World ranking Solkan 2014; qp:4.45,None,None,None,None,None,None,None,None,None,None,None,None,None,None,None,None,None,None,None,None,None,None,None,None,None,None,None,None,None,None,None,None,None,None,None,None,None,None,None,None,None,None,None,None,None,None,None,None,None,None,None,None,None,None,None,None,None,None,None,None,None,None,None
118fd8d31075565858022d932ccd015f,1778586295805429,Ondrej TUNKA,TUNKA,Ondrej,2015-08-14,2015,MK1,CZE,25,16,9.18,8.09;World Cup Pau 2015; qp:0,16.16;World Cup La Seu 2015; qp:0,None,7.41;World Cup Liptovsky Mikulas 2015; qp:0,16.21;World Cup Krakow 2015; qp:0,3.25;World Cup Prague 2015; qp:0,None,None,None,None,None,None,None,None,29.05;ICF World ranking Markleeberg 2015; qp:3.5,None,None,None,None,None,None,None,None,None,25.92;World Cup Prague 2014; qp:0,13.13;World Cup Tacen 2014; qp:0,16.97;World Cup Lee Valley 2014; qp:0,29.31;ICF World ranking Meran 2014; qp:15.77,None,None,None,None,None,None,14.03;ICF World ranking Markleeberg 2014; qp:4.03,30.66;ICF World ranking Solkan 2014; qp:4.45,None,None,None,None,None,None,None,None,None,None,None,None,None,None,None,None,None,None,None,None,None,None,None,None,None,None,None,None,None,None,None,None,None,None,None,None,None,None,None,None,None,None,None,None,None,None,None,None,None,None,None,None,None,None,None,None,None,None,None,None,None,None,None,None
0ec10979b016ba3f5d16a0a5d7fcba9b,1778586295805429,Ondrej TUNKA,TUNKA,Ondrej,2015-07-03,2015,MK1,CZE,25,17,9.89,7.41;World Cup Liptovsky Mikulas 2015; qp:0,16.21;World Cup Krakow 2015; qp:0,3.25;World Cup Prague 2015; qp:0,None,None,None,None,None,None,None,None,29.05;ICF World ranking Markleeberg 2015; qp:3.5,None,None,None,None,None,None,None,None,None,25.92;World Cup Prague 2014; qp:0,13.13;World Cup Tacen 2014; qp:0,16.97;World Cup Lee Valley 2014; qp:0,29.31;ICF World ranking Meran 2014; qp:15.77,None,None,None,None,None,None,14.03;ICF World ranking Markleeberg 2014; qp:4.03,30.66;ICF World ranking Solkan 2014; qp:4.45,None,None,None,None,None,11.65;World Cup Tacen 2013; qp:0,None,None,None,None,None,None,None,None,None,None,None,None,None,None,None,None,None,None,None,None,None,None,None,None,None,None,None,None,None,None,None,None,None,None,None,None,None,None,None,None,None,None,None,None,None,None,None,None,None,None,None,None,None,None,None,None,None,None,None,None,None
d2d3c03c20f9f028faeb83b5fe5de4e8,1778586295805429,Ondrej TUNKA,TUNKA,Ondrej,2015-06-06,2015,MK1,CZE,25,44,16.34,None,None,None,None,None,None,None,None,29.05;ICF World ranking Markleeberg 2015; qp:3.5,None,None,None,None,None,None,None,None,None,25.92;World Cup Prague 2014; qp:0,13.13;World Cup Tacen 2014; qp:0,16.97;World Cup Lee Valley 2014; qp:0,29.31;ICF World ranking Meran 2014; qp:15.77,None,None,None,None,None,None,14.03;ICF World ranking Markleeberg 2014; qp:4.03,30.66;ICF World ranking Solkan 2014; qp:4.45,None,None,None,None,None,11.65;World Cup Tacen 2013; qp:0,None,None,None,None,None,None,None,None,None,None,None,None,None,None,None,None,None,None,None,None,None,None,None,None,None,None,None,None,None,None,None,None,None,None,None,None,None,None,None,None,None,None,None,None,None,None,None,None,None,None,None,None,None,None,None,None,None,None,None,None,None,None,None,None
3bfcd6b9080f5ad01129900121e8dc31,1778586295805429,Ondrej TUNKA,TUNKA,Ondrej,2014-09-17,2014,MK1,CZE,24,27,13.25,None,None,None,None,None,None,25.92;World Cup Prague 2014; qp:0,13.13;World Cup Tacen 2014; qp:0,16.97;World Cup Lee Valley 2014; qp:0,29.31;ICF World ranking Meran 2014; qp:15.77,None,None,None,None,None,None,14.03;ICF World ranking Markleeberg 2014; qp:4.03,30.66;ICF World ranking Solkan 2014; qp:4.45,None,None,None,None,None,11.65;World Cup Tacen 2013; qp:0,None,None,None,None,None,None,None,None,None,None,None,None,None,None,None,None,None,None,None,None,None,None,None,None,None,None,None,None,None,None,None,None,None,None,None,None,None,None,None,None,None,None,None,None,None,None,None,None,None,None,None,None,None,None,None,None,None,None,None,None,None,None,None,None,None,None,None,None,None,None,None,None,None,None,None,None
31ee9948970845cdccb22a5188b8c9bc,1778586295805429,Ondrej TUNKA,TUNKA,Ondrej,2014-08-15,2014,MK1,CZE,24,27,13.25,None,None,None,None,25.92;World Cup Prague 2014; qp:0,13.13;World Cup Tacen 2014; qp:0,16.97;World Cup Lee Valley 2014; qp:0,29.31;ICF World ranking Meran 2014; qp:15.77,None,None,None,None,None,None,14.03;ICF World ranking Markleeberg 2014; qp:4.03,30.66;ICF World ranking Solkan 2014; qp:4.45,None,None,None,None,None,11.65;World Cup Tacen 2013; qp:0,None,18.96;ICF World ranking Liptovsky Mikulas 2013; qp:10.24,None,None,None,None,None,27.48;ICF World ranking Tacen 2013; qp:4.55,None,None,None,None,None,None,10.47;ICF World ranking Liptovsky Mikulas 2013; qp:7.76,None,25.65;ICF World ranking Markleeberg 2013; qp:2.01,None,None,None,None,None,None,None,None,None,None,None,None,None,None,None,None,None,None,None,None,None,None,None,None,None,None,None,None,None,None,None,None,None,None,None,None,None,None,None,None,None,None,None,None,None,None,None,None,None,None,None,None,None,None,None,None,None,None,None,None,None
c73b025cf00e2dd6998133b88cee90fe,1778586295805429,Ondrej TUNKA,TUNKA,Ondrej,2014-06-20,2014,MK1,CZE,24,27,13.25,25.92;World Cup Prague 2014; qp:0,13.13;World Cup Tacen 2014; qp:0,16.97;World Cup Lee Valley 2014; qp:0,29.31;ICF World ranking Meran 2014; qp:15.77,None,None,None,None,None,None,14.03;ICF World ranking Markleeberg 2014; qp:4.03,30.66;ICF World ranking Solkan 2014; qp:4.45,None,None,None,None,None,11.65;World Cup Tacen 2013; qp:0,None,18.96;ICF World ranking Liptovsky Mikulas 2013; qp:10.24,None,None,None,None,None,27.48;ICF World ranking Tacen 2013; qp:4.55,None,None,None,None,None,None,10.47;ICF World ranking Liptovsky Mikulas 2013; qp:7.76,None,25.65;ICF World ranking Markleeberg 2013; qp:2.01,None,None,None,None,None,None,None,None,None,None,None,None,None,None,None,None,None,None,None,None,None,None,None,None,None,None,None,None,None,None,None,None,None,None,None,None,None,None,None,None,None,None,None,None,None,None,None,None,None,None,None,None,None,None,None,None,None,None,None,None,None,None,None,None,None
13ed9ada7c8359f8c3360a35d45641af,1778586295805429,Ondrej TUNKA,TUNKA,Ondrej,2014-05-23,2014,MK1,CZE,24,36,16.15,29.31;ICF World ranking Meran 2014; qp:15.77,None,None,None,None,None,None,14.03;ICF World ranking Markleeberg 2014; qp:4.03,30.66;ICF World ranking Solkan 2014; qp:4.45,None,None,None,None,None,11.65;World Cup Tacen 2013; qp:0,None,18.96;ICF World ranking Liptovsky Mikulas 2013; qp:10.24,None,None,None,None,None,27.48;ICF World ranking Tacen 2013; qp:4.55,None,None,None,None,None,None,None,None,25.65;ICF World ranking Markleeberg 2013; qp:2.01,None,None,None,None,None,None,None,None,None,None,None,None,None,None,None,None,None,None,None,None,None,None,None,None,None,None,None,None,None,None,None,None,None,None,None,None,None,None,None,None,None,None,None,None,None,None,None,None,None,None,None,None,None,None,None,None,None,None,None,None,None,None,None,None,None,None,None,None
78ced14cdc664c4c0f8a1d9d7411aef0,1778586295805429,Ondrej TUNKA,TUNKA,Ondrej,2013-09-11,2013,MK1,CZE,23,37,16.39,None,None,11.65;World Cup Tacen 2013; qp:0,None,18.96;ICF World ranking Liptovsky Mikulas 2013; qp:10.24,None,None,None,None,None,27.48;ICF World ranking Tacen 2013; qp:4.55,None,None,None,None,None,None,10.47;ICF World ranking Liptovsky Mikulas 2013; qp:7.76,None,25.65;ICF World ranking Markleeberg 2013; qp:2.01,None,None,None,None,None,None,None,15.22;ICF World ranking Wausau 2012; qp:8.28,None,None,None,None,None,None,29.53;ICF World ranking Liptovsky Mikulas 2012; qp:7.18,None,None,None,None,None,None,None,None,None,None,None,None,None,None,None,None,None,None,None,None,None,None,None,None,None,None,None,None,None,None,None,None,None,None,None,None,None,None,None,None,None,None,None,None,None,None,None,None,None,None,None,None,None,None,None,None,None,None,None,None,None,None,None,None,None
764449653ecc1765dd50f64c3f113e8a,1778586295805429,Ondrej TUNKA,TUNKA,Ondrej,2013-08-23,2013,MK1,CZE,23,37,16.39,None,11.65;World Cup Tacen 2013; qp:0,None,18.96;ICF World ranking Liptovsky Mikulas 2013; qp:10.24,None,None,None,None,None,27.48;ICF World ranking Tacen 2013; qp:4.55,None,None,None,None,None,None,10.47;ICF World ranking Liptovsky Mikulas 2013; qp:7.76,None,25.65;ICF World ranking Markleeberg 2013; qp:2.01,None,None,None,None,None,None,None,15.22;ICF World ranking Wausau 2012; qp:8.28,None,None,None,None,None,None,29.53;ICF World ranking Liptovsky Mikulas 2012; qp:7.18,None,None,None,None,None,None,None,None,None,None,None,None,None,None,None,None,None,None,None,None,None,None,None,None,None,None,None,None,None,None,None,None,None,None,None,None,None,None,None,None,None,None,None,None,None,None,None,None,None,None,None,None,None,None,None,None,None,None,None,None,None,None,None,None,None,None
515957d9ba8d2aa71cf52a79aef9ca69,1778586295805429,Ondrej TUNKA,TUNKA,Ondrej,2013-05-25,2013,MK1,CZE,23,61,21.67,27.48;ICF World ranking Tacen 2013; qp:4.55,None,None,None,None,None,None,10.47;ICF World ranking Liptovsky Mikulas 2013; qp:7.76,None,25.65;ICF World ranking Markleeberg 2013; qp:2.01,None,None,None,None,None,None,None,15.22;ICF World ranking Wausau 2012; qp:8.28,None,None,None,None,None,None,29.53;ICF World ranking Liptovsky Mikulas 2012; qp:7.18,None,None,None,None,None,None,None,None,None,None,None,None,None,None,None,44.34;ICF World ranking Bourg St. Maurice 2011; qp:8.61,None,None,None,None,None,None,None,None,None,None,None,None,None,None,None,None,None,None,None,None,None,None,None,None,None,None,None,None,None,None,None,None,None,None,None,None,None,None,None,None,None,None,None,None,None,None,None,None,None,None,None,None,None,None,None,None,None,None,None
05e285ec60b50856be1f686f7c642d40,1778586295805429,Ondrej TUNKA,TUNKA,Ondrej,2013-04-13,2013,MK1,CZE,23,77,27.31,None,25.65;ICF World ranking Markleeberg 2013; qp:2.01,None,None,None,None,None,None,None,15.22;ICF World ranking Wausau 2012; qp:8.28,None,None,None,None,None,None,29.53;ICF World ranking Liptovsky Mikulas 2012; qp:7.18,None,None,None,None,None,None,None,None,None,None,None,None,None,None,None,44.34;ICF World ranking Bourg St. Maurice 2011; qp:8.61,21.79;ICF World ranking Tacen 2011; qp:3.34,None,None,None,None,None,None,None,None,None,None,None,None,None,None,None,None,None,None,None,None,None,None,None,None,None,None,None,None,None,None,None,None,None,None,None,None,None,None,None,None,None,None,None,None,None,None,None,None,None,None,None,None,None,None,None,None,None,None,None,None,None,None,None,None,None,None
a0deeab21192084b1bb54b4b37561c4c,1778586295805429,Ondrej TUNKA,TUNKA,Ondrej,2012-08-31,2012,MK1,CZE,22,76,20.08,None,None,None,15.22;ICF World ranking Wausau 2012; qp:8.28,None,None,None,None,None,None,29.53;ICF World ranking Liptovsky Mikulas 2012; qp:7.18,None,None,None,None,None,None,None,None,None,None,None,None,None,None,None,44.34;ICF World ranking Bourg St. Maurice 2011; qp:8.61,21.79;ICF World ranking Tacen 2011; qp:3.34,None,None,None,None,23.23;ICF World ranking Penrith 2011; qp:2.17,None,None,None,None,None,None,None,None,None,None,None,None,None,None,None,None,None,None,None,None,None,None,None,None,None,None,None,None,None,None,None,None,None,None,None,None,None,None,None,None,None,None,None,None,None,None,None,None,None,None,None,None,None,None,None,None,None,None,None,None,None,None,None,None,None,None,None
f3c08c0f81a0a8bfdf884aa0b04c9c83,1778586295805429,Ondrej TUNKA,TUNKA,Ondrej,2012-07-28,2012,MK1,CZE,22,74,19.29,None,15.22;ICF World ranking Wausau 2012; qp:8.28,None,None,None,None,None,None,29.53;ICF World ranking Liptovsky Mikulas 2012; qp:7.18,None,None,None,None,None,None,None,None,None,None,None,None,None,None,None,44.34;ICF World ranking Bourg St. Maurice 2011; qp:8.61,21.79;ICF World ranking Tacen 2011; qp:3.34,None,None,None,None,23.23;ICF World ranking Penrith 2011; qp:2.17,None,None,None,20.87;ICF World ranking Bratislava 2010; qp:5.37,None,None,None,None,None,None,None,None,None,None,None,None,None,None,None,None,None,None,None,None,None,None,None,None,None,None,None,None,None,None,None,None,None,None,None,None,None,None,None,None,None,None,None,None,None,None,None,None,None,None,None,None,None,None,None,None,None,None,None,None,None,None,None,None,None
3eecb50d64e654c95ad0f59799cd37fc,1778586295805429,Ondrej TUNKA,TUNKA,Ondrej,2012-06-22,2012,MK1,CZE,22,84,21.96,None,None,None,None,29.53;ICF World ranking Liptovsky Mikulas 2012; qp:7.18,None,None,None,None,None,None,None,None,None,None,None,None,None,None,None,44.34;ICF World ranking Bourg St. Maurice 2011; qp:8.61,21.79;ICF World ranking Tacen 2011; qp:3.34,None,None,None,None,23.23;ICF World ranking Penrith 2011; qp:2.17,None,None,None,20.87;ICF World ranking Bratislava 2010; qp:5.37,None,None,None,None,None,None,None,None,None,None,None,None,None,None,None,None,None,None,None,None,None,None,None,None,None,None,None,None,None,None,None,None,None,None,None,None,None,None,None,None,None,None,None,None,None,None,None,None,None,None,None,None,None,None,None,None,None,None,None,None,None,None,None,None,None,None,None,None,None
5b9138cd75be62f0124e2ac35b4ce825,1778586295805429,Ondrej TUNKA,TUNKA,Ondrej,2012-05-05,2012,MK1,CZE,22,84,21.96,None,29.53;ICF World ranking Liptovsky Mikulas 2012; qp:7.18,None,None,None,None,None,None,None,None,None,None,None,None,None,None,None,44.34;ICF World ranking Bourg St. Maurice 2011; qp:8.61,21.79;ICF World ranking Tacen 2011; qp:3.34,None,None,None,None,23.23;ICF World ranking Penrith 2011; qp:2.17,None,None,None,20.87;ICF World ranking Bratislava 2010; qp:5.37,None,None,None,None,None,None,None,None,None,None,None,None,None,None,None,None,None,None,None,None,None,None,None,None,None,None,None,None,None,None,None,None,None,None,None,None,None,None,None,None,None,None,None,None,None,None,None,None,None,None,None,None,None,None,None,None,None,None,None,None,None,None,None,None,None,None,None,None,None,None,None,None
9d5dc314f5615697f9c0649fd2401d8d,1778586295805429,Ondrej TUNKA,TUNKA,Ondrej,2011-09-07,2011,MK1,CZE,21,80,21.96,None,None,None,None,None,None,44.34;ICF World ranking Bourg St. Maurice 2011; qp:8.61,21.79;ICF World ranking Tacen 2011; qp:3.34,None,None,None,None,23.23;ICF World ranking Penrith 2011; qp:2.17,None,None,None,20.87;ICF World ranking Bratislava 2010; qp:5.37,None,None,None,None,None,None,None,32.13;ICF World ranking Bourg St. Maurice 2010; qp:8.94,None,None,None,None,None,None,None,None,None,None,None,None,None,None,None,None,None,None,None,None,None,None,None,None,None,None,None,None,None,None,None,None,None,None,None,None,None,None,None,None,None,None,None,None,None,None,None,None,None,None,None,None,None,None,None,None,None,None,None,None,None,None,None,None,None,None,None,None,None,None,None,None,None,None,None
4bf7cd16c7773a8dfbf6cefa5546a198,1778586295805429,Ondrej TUNKA,TUNKA,Ondrej,2011-08-12,2011,MK1,CZE,21,81,21.96,None,None,None,None,None,44.34;ICF World ranking Bourg St. Maurice 2011; qp:8.61,21.79;ICF World ranking Tacen 2011; qp:3.34,None,None,None,None,23.23;ICF World ranking Penrith 2011; qp:2.17,None,None,None,20.87;ICF World ranking Bratislava 2010; qp:5.37,None,None,None,None,None,None,None,32.13;ICF World ranking Bourg St. Maurice 2010; qp:8.94,None,None,None,None,None,None,None,None,None,None,None,None,None,None,None,None,None,None,None,None,None,None,None,None,None,None,None,None,None,None,None,None,None,None,None,None,None,None,None,None,None,None,None,None,None,None,None,None,None,None,None,None,None,None,None,None,None,None,None,None,None,None,None,None,None,None,None,None,None,None,None,None,None,None,None,None
c9bc36e8ff1ead40c2ec216b570c73d0,1778586295805429,Ondrej TUNKA,TUNKA,Ondrej,2011-07-08,2011,MK1,CZE,21,82,21.96,None,None,None,44.34;ICF World ranking Bourg St. Maurice 2011; qp:8.61,21.79;ICF World ranking Tacen 2011; qp:3.34,None,None,None,None,23.23;ICF World ranking Penrith 2011; qp:2.17,None,None,None,20.87;ICF World ranking Bratislava 2010; qp:5.37,None,None,None,None,None,None,None,32.13;ICF World ranking Bourg St. Maurice 2010; qp:8.94,None,None,None,None,None,None,None,None,None,None,None,None,None,None,None,None,None,None,None,None,None,None,None,None,None,None,None,None,None,None,None,None,None,None,None,None,None,None,None,None,None,None,None,None,None,None,None,None,None,None,None,None,None,None,None,None,None,None,None,None,None,None,None,None,None,None,None,None,None,None,None,None,None,None,None,None,None,None
a21d5d1b9230ec225af46133d63a90c7,1778586295805429,Ondrej TUNKA,TUNKA,Ondrej,2011-05-21,2011,MK1,CZE,21,78,21.96,21.79;ICF World ranking Tacen 2011; qp:3.34,None,None,None,None,23.23;ICF World ranking Penrith 2011; qp:2.17,None,None,None,20.87;ICF World ranking Bratislava 2010; qp:5.37,None,None,None,None,None,None,None,32.13;ICF World ranking Bourg St. Maurice 2010; qp:8.94,None,None,None,None,None,None,None,None,None,None,None,None,None,None,None,None,None,None,None,None,None,None,None,None,None,None,None,None,None,None,None,None,None,None,None,None,None,None,None,None,None,None,None,None,None,None,None,None,None,None,None,None,None,None,None,None,None,None,None,None,None,None,None,None,None,None,None,None,None,None,None,None,None,None,None,None,None,None,None,None,None,None
69d5858c927c5affe725c19dbdfb363b,1778586295805429,Ondrej TUNKA,TUNKA,Ondrej,2010-09-09,2010,MK1,CZE,20,77,22.3,None,20.87;ICF World ranking Bratislava 2010; qp:5.37,None,None,None,None,None,None,None,32.13;ICF World ranking Bourg St. Maurice 2010; qp:8.94,None,None,None,None,None,None,None,None,None,None,None,None,None,None,None,None,None,None,None,None,None,None,13.53;ICF World ranking Foix 2009; qp:8.77,30.66;ICF World ranking Meran 2009; qp:8.07,None,None,None,None,None,None,None,None,None,None,None,None,None,None,None,None,None,None,None,None,None,None,None,None,None,None,None,None,None,None,None,None,None,None,None,None,None,None,None,None,None,None,None,None,None,None,None,None,None,None,None,None,None,None,None,None,None,None,None,None,None,None,None,None,None,None
cbd1022bad202f947853ba0edcdbc1da,1778586295805429,Ondrej TUNKA,TUNKA,Ondrej,2010-08-21,2010,MK1,CZE,20,76,22.3,20.87;ICF World ranking Bratislava 2010; qp:5.37,None,None,None,None,None,None,None,32.13;ICF World ranking Bourg St. Maurice 2010; qp:8.94,None,None,None,None,None,None,None,None,None,None,None,None,None,None,None,None,None,None,None,None,None,None,13.53;ICF World ranking Foix 2009; qp:8.77,30.66;ICF World ranking Meran 2009; qp:8.07,None,None,None,None,None,None,None,None,None,None,None,None,None,None,None,None,None,None,None,None,None,None,None,None,None,None,None,None,None,None,None,None,None,None,None,None,None,None,None,None,None,None,None,None,None,None,None,None,None,None,None,None,None,None,None,None,None,None,None,None,None,None,None,None,None,None,None
f59e83e92c86f50b51a1ba19081f2492,1778586295805429,Ondrej TUNKA,TUNKA,Ondrej,2010-07-02,2010,MK1,CZE,20,100,26.24,None,None,None,None,None,32.13;ICF World ranking Bourg St. Maurice 2010; qp:8.94,None,None,None,None,None,None,None,None,None,None,None,None,None,None,None,None,None,None,None,None,None,13.53;ICF World ranking Foix 2009; qp:8.77,30.66;ICF World ranking Meran 2009; qp:8.07,None,None,None,None,None,None,None,None,None,None,None,None,None,None,None,None,None,None,None,None,None,None,None,None,None,None,None,None,None,None,None,None,None,None,None,None,None,None,None,None,None,None,None,None,None,None,None,None,None,None,None,None,None,None,None,None,None,None,None,None,None,None,None,None,None,None,None,None,None,None,None
a1288cbac71cb0fba173415af3003bda,1778586295805429,Ondrej TUNKA,TUNKA,Ondrej,2010-06-05,2010,MK1,CZE,20,93,26.24,None,None,32.13;ICF World ranking Bourg St. Maurice 2010; qp:8.94,None,None,None,None,None,None,None,None,None,None,None,None,None,None,None,None,None,None,None,None,None,None,13.53;ICF World ranking Foix 2009; qp:8.77,30.66;ICF World ranking Meran 2009; qp:8.07,None,None,None,None,None,None,None,None,None,None,None,None,None,None,None,None,None,None,None,None,None,None,None,None,None,None,None,None,None,None,None,None,None,None,None,None,None,None,None,None,None,None,None,None,None,None,None,None,None,None,None,None,None,None,None,None,None,None,None,None,None,None,None,None,None,None,None,None,None,None,None,None,None
3a755368b49cd84030a322ed2b33f2cb,1778586295805429,Ondrej TUNKA,TUNKA,Ondrej,2009-10-24,2009,MK1,CZE,19,187,22.1,None,None,None,None,None,None,None,None,None,None,None,None,None,13.53;ICF World ranking Foix 2009; qp:8.77,30.66;ICF World ranking Meran 2009; qp:8.07,None,None,None,None,None,None,None,None,None,None,None,None,None,None,None,None,None,None,None,None,None,None,None,None,None,None,None,None,None,None,None,None,None,None,None,None,None,None,None,None,None,None,None,None,None,None,None,None,None,None,None,None,None,None,None,None,None,None,None,None,None,None,None,None,None,None,None,None,None,None,None,None,None,None,None,None,None,None,None,None,None,None,None,None,None
c27a9a32ab96df723c840939c5e8cc93,1778586295805429,Ondrej TUNKA,TUNKA,Ondrej,2009-08-22,2009,MK1,CZE,19,180,22.1,None,None,None,None,None,None,None,None,13.53;ICF World ranking Foix 2009; qp:8.77,30.66;ICF World ranking Meran 2009; qp:8.07,None,None,None,None,None,None,None,None,None,None,None,None,None,None,None,None,None,None,None,None,None,None,None,None,None,None,None,None,None,None,None,None,None,None,None,None,None,None,None,None,None,None,None,None,None,None,None,None,None,None,None,None,None,None,None,None,None,None,None,None,None,None,None,None,None,None,None,None,None,None,None,None,None,None,None,None,None,None,None,None,None,None,None,None,None,None,None,None,None,None
4f946dedd2473890f3ebb8e662bc2fe4,1778586295805429,Ondrej TUNKA,TUNKA,Ondrej,2009-07-11,2009,MK1,CZE,19,153,22.1,None,None,None,None,13.53;ICF World ranking Foix 2009; qp:8.77,30.66;ICF World ranking Meran 2009; qp:8.07,None,None,None,None,None,None,None,None,None,None,None,None,None,None,None,None,None,None,None,None,None,None,None,None,None,None,None,None,None,None,None,None,None,None,None,None,None,None,None,None,None,None,None,None,None,None,None,None,None,None,None,None,None,None,None,None,None,None,None,None,None,None,None,None,None,None,None,None,None,None,None,None,None,None,None,None,None,None,None,None,None,None,None,None,None,None,None,None,None,None,None,None,None,None
f7feb0b5248e9b9e4e5574923fc6b529,1778586295805429,Ondrej TUNKA,TUNKA,Ondrej,2009-06-20,2009,MK1,CZE,19,161,22.1,None,13.53;ICF World ranking Foix 2009; qp:8.77,30.66;ICF World ranking Meran 2009; qp:8.07,None,None,None,None,None,None,None,None,None,None,None,None,None,None,None,None,None,None,None,None,None,None,None,None,None,None,None,None,None,None,None,None,None,None,None,None,None,None,None,None,None,None,None,None,None,None,None,None,None,None,None,None,None,None,None,None,None,None,None,None,None,None,None,None,None,None,None,None,None,None,None,None,None,None,None,None,None,None,None,None,None,None,None,None,None,None,None,None,None,None,None,None,None,None,None,None,None
6f5cc3b56b32a7a22efa87af9ee127fb,1787573484683840,Pau ECHANIZ,ECHANIZ,Pau,2026-08-21,2026,MK1,ESP,25,29,11.11,None,None,None,9.56;World Championships Oklahoma 2026; qp:0,None,None,19.91;World Cup Augsburg 2026; qp:0,19.51;World Cup Prague 2026; qp:0,11.74;World Cup Tacen 2026; qp:0,None,None,None,None,None,None,None,None,None,None,None,22.53;ICF World ranking Oklahoma 2026; qp:1.89,None,None,13.1;ICF World ranking La Seu 2026; qp:9.27,None,None,None,None,None,None,None,None,None,None,None,14.88;World Championships Penrtih 2025; qp:0,14.53;World Cup Augsburg 2025; qp:0,17.02;World Cup Tacen 2025; qp:0,None,None,None,None,None,None,None,None,19.72;World Cup Prague 2025; qp:0,21.59;World Cup Pau 2025; qp:0,8.66;World Cup La Seu 2025; qp:0,12.47;ICF World ranking Vaires sur Marne 2025; qp:1.55,None,None,None,None,None,None,None,None,None,None,None,None,None,None,23.56;Pyrenees Cup La Seu 2025; qp:7.41,None,None,None,27.45;Pyrenees Cup Pau 2025; qp:5.54,38.99;Australian Open Penrith 2025; qp:2.69,None,None,None,163.38;Oceania Championships Penrith 2025; qp:3.55,None,None,None,None,None,None,None,None,49.15;ICF World ranking Tacen 2024; qp:1.01,None,None,None,None,None,None,None,None,None,None,None,None,None,None,None,None,None
fe3e527678ed0207e759d4f6a1b30a23,1787573484683840,Pau ECHANIZ,ECHANIZ,Pau,2026-07-06,2026,MK1,ESP,25,21,9.42,19.91;Team trials Augsburg 2026; qp:0,19.51;Team trials Ceske Budejovice 2026; qp:0,11.74;Team trials Solkan 2026; qp:0,None,None,None,None,None,None,None,None,None,None,None,22.53;Team trials Deep Creek 2026; qp:1.89,None,None,13.1;Team trials Mondariz 2026; qp:9.27,None,None,None,None,None,None,None,None,None,None,None,14.88;World Championships Penrtih 2025; qp:0,14.53;Team trials Augsburg 2025; qp:0,17.02;Team trials Solkan 2025; qp:0,None,None,None,None,None,None,None,None,19.72;Team trials Ceske Budejovice 2025; qp:0,21.59;Team trials Orthez 2025; qp:0,8.66;Team trials Mondariz 2025; qp:0,12.47;Team trials Solkan 2025; qp:1.55,None,None,None,None,None,None,None,None,None,None,None,None,None,None,23.56;Team trials Mondariz 2025; qp:7.41,None,None,None,27.45;Team trials Orthez 2025; qp:5.54,38.99;Team trials Penrith 2025; qp:2.69,None,None,None,163.38;Team trials Penrith 2025; qp:3.55,None,None,None,None,None,None,None,None,None,1.11;Olympic Games Paris 2024; qp:0,None,None,49.15;ICF World ranking Tacen 2024; qp:1.01,None,None,None,None,None,None,None,None,None,None,None,None,None,None,None,None,None,None,None
fada6016093217f73bda44b1d2067f31,1778584150125365,Pau ECHANIZ,ECHANIZ,Pau,2026-03-31,2026,MK1,ESP,25,22,9.97,22.53;ICF World ranking Oklahoma 2026; qp:1.89,None,None,13.1;ICF World ranking La Seu 2026; qp:9.27,None,None,None,None,None,None,None,None,None,None,None,14.88;World Championships Penrtih 2025; qp:0,14.53;World Cup Augsburg 2025; qp:0,17.02;World Cup Tacen 2025; qp:0,None,None,None,None,None,None,None,None,19.72;World Cup Prague 2025; qp:0,21.59;World Cup Pau 2025; qp:0,8.66;World Cup La Seu 2025; qp:0,12.47;ICF World ranking Vaires sur Marne 2025; qp:1.55,None,None,None,None,None,None,None,None,None,None,None,None,None,None,23.56;Pyrenees Cup La Seu 2025; qp:7.41,None,None,None,27.45;Pyrenees Cup Pau 2025; qp:5.54,38.99;Australian Open Penrith 2025; qp:2.69,None,None,None,163.38;Oceania Championships Penrith 2025; qp:3.55,None,None,None,None,None,None,None,None,None,1.11;Olympic Games Paris 2024; qp:0,None,None,18.49;World Cup Krakow 2024; qp:0,120.27;World Cup Prague 2024; qp:0,None,None,None,49.15;ICF World ranking Tacen 2024; qp:1.01,None,None,None,None,None,None,None,None,None,None,None,None,None,None,None,None,None,None,None,None,None,None,None,None,None,None,None,None
5eca1a82d7d1635a3e37051e7ae7687d,1778584150125365,Pau ECHANIZ,ECHANIZ,Pau,2025-10-15,2025,MK1,ESP,24,19,9.02,14.88;World Championships Penrtih 2025; qp:0,14.53;World Cup Augsburg 2025; qp:0,17.02;World Cup Tacen 2025; qp:0,None,None,None,None,None,None,None,None,19.72;World Cup Prague 2025; qp:0,21.59;World Cup Pau 2025; qp:0,8.66;World Cup La Seu 2025; qp:0,12.47;ICF World ranking Vaires sur Marne 2025; qp:1.55,None,None,None,None,None,None,None,None,None,None,None,None,None,None,23.56;Pyrenees Cup La Seu 2025; qp:7.41,None,None,None,27.45;Pyrenees Cup Pau 2025; qp:5.54,38.99;Australian Open Penrith 2025; qp:2.69,None,None,None,163.38;Oceania Championships Penrith 2025; qp:3.55,None,None,None,None,None,None,None,None,None,1.11;Olympic Games Paris 2024; qp:0,None,None,18.49;World Cup Krakow 2024; qp:0,120.27;World Cup Prague 2024; qp:0,None,None,None,49.15;ICF World ranking Tacen 2024; qp:1.01,None,None,None,None,40.99;Pyrenees Cup Pau 2024; qp:11.54,None,8.35;Pyrenees Cup La Seu 2024; qp:8.35,None,None,None,None,None,None,None,None,None,None,None,None,None,None,None,None,None,None,None,None,None,None,None,None,None,None,None,None,None,None,None,None,None,None,None,None
4eff2574e4be729bdab79246ff3aae53,1778584150125365,Pau ECHANIZ,ECHANIZ,Pau,2025-09-10,2025,MK1,ESP,24,17,7.85,14.53;World Cup Augsburg 2025; qp:0,17.02;World Cup Tacen 2025; qp:0,None,None,None,None,None,None,None,None,19.72;World Cup Prague 2025; qp:0,21.59;World Cup Pau 2025; qp:0,8.66;World Cup La Seu 2025; qp:0,12.47;ICF World ranking Vaires sur Marne 2025; qp:1.55,None,None,None,None,None,None,None,None,None,None,None,None,None,None,23.56;Pyrenees Cup La Seu 2025; qp:7.41,None,None,None,27.45;Pyrenees Cup Pau 2025; qp:5.54,38.99;Australian Open Penrith 2025; qp:2.69,None,None,None,163.38;Oceania Championships Penrith 2025; qp:3.55,None,None,None,None,None,None,None,None,None,1.11;Olympic Games Paris 2024; qp:0,None,None,18.49;World Cup Krakow 2024; qp:0,120.27;World Cup Prague 2024; qp:0,None,None,None,49.15;ICF World ranking Tacen 2024; qp:1.01,None,None,None,None,40.99;Pyrenees Cup Pau 2024; qp:11.54,None,8.35;Pyrenees Cup La Seu 2024; qp:8.35,None,None,None,None,None,None,8.66;World Championships Lee Valley 2023; qp:0,None,None,None,None,None,None,None,None,None,None,None,None,None,None,None,None,None,None,None,None,None,None,None,None,None,None,None,None,None,None
41444baf22a06fab678e29cd25a55a2b,1778584150125365,Pau ECHANIZ,ECHANIZ,Pau,2025-07-01,2025,MK1,ESP,24,18,7.85,19.72;World Cup Prague 2025; qp:0,21.59;World Cup Pau 2025; qp:0,8.66;World Cup La Seu 2025; qp:0,12.47;Euros Vaires sur Marne 2025; qp:1.55,None,None,None,None,None,None,None,None,None,None,None,None,None,None,23.56;Pyrenees Cup La Seu 2025; qp:7.41,None,None,None,27.45;Pyrenees Cup Pau 2025; qp:5.54,38.99;Australian Open Penrith 2025; qp:2.69,None,None,None,163.38;Oceania Championships Penrith 2025; qp:3.55,None,None,None,None,None,None,None,None,None,1.11;Olympic Games Paris 2024; qp:0,None,None,18.49;World Cup Krakow 2024; qp:0,120.27;World Cup Prague 2024; qp:0,None,None,None,49.15;ICF World ranking Tacen 2024; qp:1.01,None,None,None,None,40.99;Pyrenees Cup Pau 2024; qp:11.54,None,8.35;Pyrenees Cup La Seu 2024; qp:8.35,None,None,None,None,None,None,None,None,None,None,32.2;World Cup Vaires sur Marne 2023; qp:0,8.66;World Championships Lee Valley 2023; qp:0,16.35;World Cup La Seu 2023; qp:0,None,None,40.41;World Championships Krakow 2023; qp:13.98,None,None,None,None,None,None,None,None,None,None,None,None,None,None,None,None,None,None,None,None,None,None,None,None,None,None,None,None,None,None,None
f82cb30059e657aeb9106a2b8b3aade7,1778584150125365,Pau ECHANIZ,ECHANIZ,Pau,2025-05-30,2025,MK1,ESP,24,19,9.39,12.47;Euros Vaires sur Marne 2025; qp:1.55,None,None,None,None,None,None,None,None,None,None,None,None,None,None,23.56;Pyrenees Cup La Seu 2025; qp:7.41,None,None,None,27.45;Pyrenees Cup Pau 2025; qp:5.54,38.99;Australian Open Penrith 2025; qp:2.69,None,None,None,163.38;Oceania Championships Penrith 2025; qp:3.55,None,None,None,None,None,None,None,None,None,1.11;Olympic Games Paris 2024; qp:0,None,None,18.49;World Cup Krakow 2024; qp:0,120.27;World Cup Prague 2024; qp:0,None,None,None,49.15;ICF World ranking Tacen 2024; qp:1.01,None,None,None,None,40.99;Pyrenees Cup Pau 2024; qp:11.54,None,8.35;Pyrenees Cup La Seu 2024; qp:8.35,None,None,None,None,None,None,None,None,None,None,32.2;World Cup Vaires sur Marne 2023; qp:0,8.66;World Championships Lee Valley 2023; qp:0,16.35;World Cup La Seu 2023; qp:0,None,None,40.41;World Championships Krakow 2023; qp:13.98,None,None,None,None,28.19;World Cup Prague 2023; qp:0,None,None,None,None,None,None,None,None,None,None,None,None,None,None,None,None,None,None,None,None,None,None,None,None,None,None,None,None,None
ed7c91c82cdd3ef57314746ac774ab9f,1778584150125365,Pau ECHANIZ,ECHANIZ,Pau,2025-04-03,2025,MK1,ESP,24,22,9.71,None,None,None,None,23.56;Pyrenees Cup La Seu 2025; qp:7.41,None,None,None,27.45;Pyrenees Cup Pau 2025; qp:5.54,38.99;Australian Open Penrith 2025; qp:2.69,None,None,None,163.38;Oceania Championships Penrith 2025; qp:3.55,None,None,None,None,None,None,None,None,None,1.11;Olympic Games Paris 2024; qp:0,None,None,18.49;World Cup Krakow 2024; qp:0,120.27;World Cup Prague 2024; qp:0,None,None,None,49.15;ICF World ranking Tacen 2024; qp:1.01,None,None,None,None,40.99;Pyrenees Cup Pau 2024; qp:11.54,None,8.35;Pyrenees Cup La Seu 2024; qp:8.35,None,None,None,None,None,None,None,None,None,None,32.2;World Cup Vaires sur Marne 2023; qp:0,8.66;World Championships Lee Valley 2023; qp:0,16.35;World Cup La Seu 2023; qp:0,None,None,40.41;World Championships Krakow 2023; qp:13.98,None,None,14.07;ICF World ranking Krakow 2023; qp:0.71,None,None,28.19;World Cup Prague 2023; qp:0,None,None,None,None,None,None,None,None,None,None,None,None,None,None,None,None,None,None,None,None,None,None,None,None,None,None,None,None,None,None,None,None,None,None,None,None,None,None,None
a1fa3943c39505d4099b513da96e557c,1778584150125365,Pau ECHANIZ,ECHANIZ,Pau,2024-09-25,2024,MK1,ESP,23,17,9.71,None,None,None,1.11;Olympic Games Vaires sur Marne 2024; qp:0,None,None,18.49;World Cup Krakow 2024; qp:0,120.27;World Cup Prague 2024; qp:0,None,None,None,49.15;Euros Tacen 2024; qp:1.01,None,None,None,None,40.99;Pyrenees Cup Pau 2024; qp:11.54,None,8.35;Pyrenees Cup La Seu 2024; qp:8.35,None,None,None,None,None,None,None,None,None,None,32.2;World Cup Vaires sur Marne 2023; qp:0,8.66;World Championships Lee Valley 2023; qp:0,16.35;World Cup La Seu 2023; qp:0,None,40.41;World Championships Krakow 2023; qp:13.98,None,None,None,14.07;ICF World ranking Krakow 2023; qp:0.71,None,None,28.19;World Cup Prague 2023; qp:0,None,None,None,None,None,None,None,31.65;Pyrenees Cup La Seu 2023; qp:10.62,None,None,None,None,None,None,None,None,None,None,None,None,None,None,None,None,None,None,None,None,None,None,None,None,None,None,None,None,None,None,None,None,None,None,None,None,None,None,None,None,None,None,None,None,None,None,None,None,None,None,None
0b8ba84f146591274a5e503d645d2ae4,1778584150125365,Pau ECHANIZ,ECHANIZ,Pau,2024-06-20,2024,MK1,ESP,23,30,13.18,18.49;World Cup Krakow 2024; qp:0,120.27;World Cup Prague 2024; qp:0,None,None,None,49.15;Euros Tacen 2024; qp:1.01,None,None,None,None,None,None,8.35;Pyrenees Cup La Seu 2024; qp:8.35,None,None,None,None,None,None,None,None,None,None,32.2;World Cup Vaires sur Marne 2023; qp:0,8.66;World Championships Lee Valley 2023; qp:0,16.35;World Cup La Seu 2023; qp:0,None,None,40.41;World Championships Krakow 2023; qp:13.98,None,None,14.07;Euros Krakow 2023; qp:0.71,None,None,28.19;World Cup Prague 2023; qp:0,None,None,None,None,None,None,None,31.65;Pyrenees Cup La Seu 2023; qp:10.62,None,None,None,None,None,20.65;ICF World ranking Lee Valley 2022; qp:0.96,None,None,None,None,None,None,32.07;World Championships Ivrea 2022; qp:19.07,None,None,None,None,None,None,None,None,None,None,None,None,None,None,None,None,None,None,None,None,None,None,None,None,None,None,None,None,None,None,None,None,None,None,None,None,None,None,None,None,None,None,None,None
aef2beeea77f9f2c4b2148b59edc3ad3,1778584150125365,Pau ECHANIZ,ECHANIZ,Pau,2024-05-22,2024,MK1,ESP,23,33,13.62,49.15;Euros Tacen 2024; qp:1.01,None,None,None,None,None,None,8.35;Pyrenees Cup La Seu 2024; qp:8.35,None,None,None,None,None,None,None,None,None,None,32.2;World Cup Vaires sur Marne 2023; qp:0,8.66;World Championships Lee Valley 2023; qp:0,16.35;World Cup La Seu 2023; qp:0,None,None,40.41;World Championships Krakow 2023; qp:13.98,None,None,14.07;Euros Krakow 2023; qp:0.71,None,None,28.19;World Cup Prague 2023; qp:0,None,None,None,None,None,None,None,31.65;Pyrenees Cup La Seu 2023; qp:10.62,None,None,None,None,None,20.65;ICF World ranking Lee Valley 2022; qp:0.96,None,None,None,None,None,None,32.07;World Championships Ivrea 2022; qp:19.07,28.36;World Cup Tacen 2022; qp:0,None,27.25;World Cup Prague 2022; qp:0,None,None,None,None,None,None,None,None,None,None,None,None,None,None,None,None,None,None,None,None,None,None,None,None,None,None,None,None,None,None,None,None,None,None,None,None,None,None,None,None,None,None,None,None,None,None
c4443a12283c942a89d16e3045c5e254,1778584150125365,Pau ECHANIZ,ECHANIZ,Pau,2023-11-16,2023,MK1,ESP,22,37,17.4,None,None,None,None,32.2;World Cup Vaires sur Marne 2023; qp:0,8.66;World Championships Lee Valley 2023; qp:0,16.35;World Cup La Seu 2023; qp:0,None,40.41;World Championships Krakow 2023; qp:13.98,None,None,None,14.07;Euros Krakow 2023; qp:0.71,None,None,28.19;World Cup Prague 2023; qp:0,None,None,None,None,None,None,None,31.65;Pyrenees Cup La Seu 2023; qp:10.62,None,None,None,None,None,20.65;ICF World ranking Lee Valley 2022; qp:0.96,None,None,None,None,None,32.07;World Championships Ivrea 2022; qp:19.07,None,28.36;World Cup Tacen 2022; qp:0,None,27.25;World Cup Prague 2022; qp:0,None,None,None,None,None,None,29.45;Pyrenees Cup La Seu 2022; qp:17.83,None,None,None,None,None,None,None,None,None,None,None,None,None,None,None,None,None,None,None,None,None,None,None,None,None,None,None,None,None,None,None,None,None,None,None,None,None,None,None,None,None,None,None,None,None,None,None,None,None,None,None,None,None
2d9e93876385c497b5db7a2f4eb9a0ea,1778584150125365,Pau ECHANIZ,ECHANIZ,Pau,2023-09-04,2023,MK1,ESP,22,35,15,16.35;World Cup La Seu 2023; qp:0,None,40.41;World Championships Krakow 2023; qp:13.98,None,None,None,14.07;Euros Krakow 2023; qp:0.71,None,None,28.19;World Cup Prague 2023; qp:0,None,None,None,None,None,None,None,31.65;Pyrenees Cup La Seu 2023; qp:10.62,None,None,None,None,None,20.65;ICF World ranking Lee Valley 2022; qp:0.96,None,None,None,None,None,None,32.07;World Championships Ivrea 2022; qp:19.07,28.36;World Cup Tacen 2022; qp:0,None,27.25;World Cup Prague 2022; qp:0,None,None,None,None,None,None,29.45;Pyrenees Cup La Seu 2022; qp:17.83,None,None,None,None,None,None,None,22.99;World Championships Bratislava 2021; qp:0,24.25;World Cup Pau 2021; qp:0,0.92;World Cup La Seu 2021; qp:0,None,44.03;Oceania Championships Auckland 2020; qp:9.56,None,None,None,32.17;World Cup Prague 2019; qp:0,None,None,None,None,None,None,None,None,None,None,None,None,None,None,None,None,None,None,None,None,None,None,None,None,None,None,None,None,None,None,None,None,None,None,None,None,None,None,None,None,None,None,None
babacedf2b93836191559adfc456df60,1778584150125365,Pau ECHANIZ,ECHANIZ,Pau,2023-07-03,2023,MK1,ESP,22,49,19.21,None,28.19;World Cup Prague 2023; qp:0,None,None,None,None,None,None,None,31.65;Pyrenees Cup La Seu 2023; qp:10.62,None,None,None,None,None,20.65;ICF World ranking Lee Valley 2022; qp:0.96,None,None,None,None,None,32.07;World Championships Ivrea 2022; qp:19.07,None,28.36;World Cup Tacen 2022; qp:0,None,27.25;World Cup Prague 2022; qp:0,None,None,None,None,None,None,29.45;Pyrenees Cup La Seu 2022; qp:17.83,None,None,None,None,None,None,None,22.99;World Championships Bratislava 2021; qp:0,24.25;World Cup Pau 2021; qp:0,0.92;World Cup La Seu 2021; qp:0,None,44.03;Oceania Championships Auckland 2020; qp:9.56,None,None,None,32.17;World Cup Prague 2019; qp:0,None,None,None,None,None,41.84;World Championships Krakow 2019; qp:32.77,None,None,None,None,None,None,None,None,None,None,None,None,None,None,None,None,None,None,None,None,None,None,None,None,None,None,None,None,None,None,None,None,None,None,None,None,None,None,None,None,None,None,None,None,None
9847c2d7893ac9b3e20c24d526e77cd8,1778584150125365,Pau ECHANIZ,ECHANIZ,Pau,2023-05-29,2023,MK1,ESP,22,48,19.21,None,None,None,None,None,31.65;Pyrenees Cup La Seu 2023; qp:10.62,None,None,None,None,None,20.65;ICF World ranking Lee Valley 2022; qp:0.96,None,None,None,None,None,32.07;World Championships Ivrea 2022; qp:19.07,None,28.36;World Cup Tacen 2022; qp:0,None,27.25;World Cup Prague 2022; qp:0,None,None,None,None,None,None,29.45;Pyrenees Cup La Seu 2022; qp:17.83,None,None,None,None,None,None,None,22.99;World Championships Bratislava 2021; qp:0,24.25;World Cup Pau 2021; qp:0,0.92;World Cup La Seu 2021; qp:0,None,44.03;Oceania Championships Auckland 2020; qp:9.56,None,None,None,32.17;World Cup Prague 2019; qp:0,None,None,None,None,None,41.84;World Championships Krakow 2019; qp:32.77,None,None,None,None,None,None,None,None,None,None,None,None,None,None,None,None,None,None,None,None,None,None,None,None,None,None,None,None,None,None,None,None,None,None,None,None,None,None,None,None,None,None,None,None,None,None,None,None,None
107c69e6f016ba2c40c88b560561d2ac,1778584150125365,Pau ECHANIZ,ECHANIZ,Pau,2022-09-23,2022,MK1,ESP,21,53,19.21,20.65;ICF World ranking Lee Valley 2022; qp:0.96,None,None,None,None,None,32.07;World Championships Ivrea 2022; qp:19.07,None,28.36;World Cup Tacen 2022; qp:0,None,27.25;World Cup Prague 2022; qp:0,None,None,None,None,None,None,29.45;Pyrenees Cup La Seu 2022; qp:17.83,None,None,None,None,None,None,None,22.99;World Championships Bratislava 2021; qp:0,24.25;World Cup Pau 2021; qp:0,0.92;World Cup La Seu 2021; qp:0,None,44.03;Oceania Championships Auckland 2020; qp:9.56,None,None,None,32.17;World Cup Prague 2019; qp:0,None,None,None,None,None,41.84;World Championships Krakow 2019; qp:32.77,None,None,None,None,None,None,None,None,37.91;Pyrenees Cup La Seu 2019; qp:5.77,33.57;Pyrenees Cup Pau 2019; qp:5.68,None,None,None,None,None,None,None,None,None,None,None,None,None,None,None,None,None,None,None,None,None,None,None,None,None,None,None,None,None,None,None,None,None,None,None,None,None,None,None,None,None,None,None,None,None,None,None,None,None,None
457f60e16d13330278fe8fdf754e90c8,1778584150125365,Pau ECHANIZ,ECHANIZ,Pau,2022-08-01,2022,MK1,ESP,21,61,20.75,None,None,32.07;World Championships Ivrea 2022; qp:19.07,None,28.36;World Cup Tacen 2022; qp:0,None,27.25;World Cup Prague 2022; qp:0,None,None,None,None,None,None,29.45;Pyrenees Cup La Seu 2022; qp:17.83,None,None,None,None,None,None,None,22.99;World Championships Bratislava 2021; qp:0,24.25;World Cup Pau 2021; qp:0,0.92;World Cup La Seu 2021; qp:0,None,44.03;Oceania Championships Auckland 2020; qp:9.56,None,None,None,32.17;World Cup Prague 2019; qp:0,None,None,None,None,None,None,41.84;World Championships Krakow 2019; qp:32.77,None,None,None,None,None,None,None,37.91;Pyrenees Cup La Seu 2019; qp:5.77,33.57;Pyrenees Cup Pau 2019; qp:5.68,None,None,None,None,None,None,None,None,None,None,None,None,None,None,None,None,None,None,None,None,None,None,None,None,None,None,None,None,None,None,None,None,None,None,None,None,None,None,None,None,None,None,None,None,None,None,None,None,None,None,None,None,None,None
ecdbed92bb40c96a390aab241b859259,1778584150125365,Pau ECHANIZ,ECHANIZ,Pau,2022-05-01,2022,MK1,ESP,21,59,21.96,None,39.93;Pyrenees Cup Pau 2022; qp:13.82,None,29.45;Pyrenees Cup La Seu 2022; qp:17.83,None,None,None,None,None,None,None,22.99;World Championships Bratislava 2021; qp:0,24.25;World Cup Pau 2021; qp:0,0.92;World Cup La Seu 2021; qp:0,None,44.03;Oceania Championships Auckland 2020; qp:9.56,None,None,None,32.17;World Cup Prague 2019; qp:0,None,None,None,None,None,41.84;World Championships Krakow 2019; qp:32.77,None,None,None,None,None,None,None,None,37.91;Pyrenees Cup La Seu 2019; qp:5.77,33.57;Pyrenees Cup Pau 2019; qp:5.68,None,None,None,None,None,None,None,None,None,None,None,None,None,None,None,None,41.77;World Championships Ivrea 2018; qp:29.38,None,None,None,None,None,None,None,None,None,None,None,None,None,None,None,None,None,None,None,None,None,None,None,None,None,None,None,None,None,None,None,None,None,None,None,None,None,None,None,None,None,None,None,None,None,None,None
2d684e5ca905bc92472fc450b3fec6b3,1778584150125365,Pau ECHANIZ,ECHANIZ,Pau,2021-11-01,2021,MK1,ESP,20,64,22.37,22.99;World Championships Bratislava 2021; qp:0,24.25;World Cup Pau 2021; qp:0,0.92;World Cup La Seu 2021; qp:0,None,44.03;Oceania Championships Auckland 2020; qp:9.56,None,None,None,32.17;World Cup Prague 2019; qp:0,None,None,None,None,None,None,41.84;World Championships Krakow 2019; qp:32.77,None,None,None,None,None,None,None,37.91;Pyrenees Cup La Seu 2019; qp:5.77,33.57;Pyrenees Cup Pau 2019; qp:5.68,None,None,None,None,None,None,None,None,None,None,None,None,None,None,None,None,41.77;World Championships Ivrea 2018; qp:29.38,None,None,None,None,None,None,None,None,31.51;Pyrenees Cup La Seu 2018; qp:7.58,None,None,None,None,None,None,None,None,None,None,None,None,None,None,None,None,None,None,None,None,None,None,None,None,None,None,None,None,None,None,None,None,None,None,None,None,None,None,None,None,None,None,None,None,None,None,None,None,None
da2ae28318200864a822c1e9692bcb3a,1778584150125365,Pau ECHANIZ,ECHANIZ,Pau,2021-09-10,2021,MK1,ESP,20,72,24.48,24.25;World Cup Pau 2021; qp:0,0.92;World Cup La Seu 2021; qp:0,None,44.03;Oceania Championships Auckland 2020; qp:9.56,None,None,None,32.17;World Cup Prague 2019; qp:0,None,None,None,None,None,None,41.84;World Championships Krakow 2019; qp:32.77,None,None,None,None,None,None,None,37.91;Pyrenees Cup La Seu 2019; qp:5.77,33.57;Pyrenees Cup Pau 2019; qp:5.68,None,None,None,None,None,None,None,None,None,None,None,None,None,None,None,None,41.77;World Championships Ivrea 2018; qp:29.38,None,None,None,None,None,None,None,None,31.51;Pyrenees Cup La Seu 2018; qp:7.58,None,None,None,None,None,None,None,None,None,None,None,None,None,None,None,None,None,None,None,None,None,None,None,None,None,None,None,None,None,None,None,None,None,None,None,None,None,None,None,None,None,None,None,None,None,None,None,None,None,None
1588f2fec14e4b7d6af39b8af4ceecd4,1778584150125365,Pau ECHANIZ,ECHANIZ,Pau,2020-02-01,2020,MK1,ESP,19,122,35.39,44.03;Oceania Championships Auckland 2020; qp:9.56,None,None,None,32.17;World Cup Prague 2019; qp:0,None,None,None,None,None,None,41.84;World Championships Krakow 2019; qp:32.77,None,None,None,None,None,None,None,37.91;Pyrenees Cup La Seu 2019; qp:5.77,33.57;Pyrenees Cup Pau 2019; qp:5.68,None,None,None,None,None,None,None,None,None,None,None,None,None,None,None,None,41.77;World Championships Ivrea 2018; qp:29.38,None,None,None,None,None,None,None,None,31.51;Pyrenees Cup La Seu 2018; qp:7.58,None,None,None,None,None,None,None,None,None,None,None,None,None,None,None,None,None,None,None,None,None,None,None,None,None,None,None,None,None,None,None,None,None,None,None,None,None,None,None,None,None,None,None,None,None,None,None,None,None,None,None,None,None
d7eac7b7ea849de9bffd54a60039cc84,1778584150125365,Pau ECHANIZ,ECHANIZ,Pau,2019-09-25,2019,MK1,ESP,18,122,35.39,None,32.17;World Cup Prague 2019; qp:0,None,None,None,None,None,None,41.84;World Championships Krakow 2019; qp:32.77,None,None,None,None,None,None,None,37.91;Pyrenees Cup La Seu 2019; qp:5.77,33.57;Pyrenees Cup Pau 2019; qp:5.68,None,None,None,None,None,None,None,None,None,None,None,None,None,None,None,None,41.77;World Championships Ivrea 2018; qp:29.38,None,None,None,None,None,None,None,None,31.51;Pyrenees Cup La Seu 2018; qp:7.58,None,None,None,None,None,None,None,None,None,None,None,None,None,None,None,None,None,None,None,None,None,None,None,None,None,None,None,None,None,None,None,None,None,None,None,None,None,None,None,None,None,None,None,None,None,None,None,None,None,None,None,None,None,None,None,None
2458d9c695be92b5b1f959dcf84b3b25,1778584150125365,Pau ECHANIZ,ECHANIZ,Pau,2019-09-06,2019,MK1,ESP,18,122,35.39,32.17;World Cup Prague 2019; qp:0,None,None,None,None,None,None,41.84;World Championships Krakow 2019; qp:32.77,None,None,None,None,None,None,None,37.91;Pyrenees Cup La Seu 2019; qp:5.77,33.57;Pyrenees Cup Pau 2019; qp:5.68,None,None,None,None,None,None,None,None,None,None,None,None,None,None,None,None,41.77;World Championships Ivrea 2018; qp:29.38,None,None,None,None,None,None,None,None,31.51;Pyrenees Cup La Seu 2018; qp:7.58,None,None,None,None,None,None,None,None,None,None,None,None,None,None,None,None,None,None,None,None,None,None,None,None,None,None,None,None,None,None,None,None,None,None,None,None,None,None,None,None,None,None,None,None,None,None,None,None,None,None,None,None,None,None,None,None,None
0e0f1402500c2aae182250c3055380ef,1778584150125365,Pau ECHANIZ,ECHANIZ,Pau,2019-06-28,2019,MK1,ESP,18,137,39.67,None,None,None,None,None,None,None,37.91;Pyrenees Cup La Seu 2019; qp:5.77,33.57;Pyrenees Cup Pau 2019; qp:5.68,None,None,None,None,None,None,None,None,None,None,None,None,None,None,None,None,None,41.77;World Championships Ivrea 2018; qp:29.38,None,None,None,None,None,None,None,31.51;Pyrenees Cup La Seu 2018; qp:7.58,None,None,None,None,None,None,None,None,None,None,None,53.59;World Championships Bratislava 2017; qp:31.16,None,None,None,None,None,None,None,None,None,None,None,None,None,None,None,None,None,None,None,None,None,None,None,None,None,None,None,None,None,None,None,None,None,None,None,None,None,None,None,None,None,None,None,None,None,None,None,None,None,None,None,None,None
3d5dbc5dcea876a3b53a5d2fcad83b65,1778584150125365,Pau ECHANIZ,ECHANIZ,Pau,2019-05-11,2019,MK1,ESP,18,137,39.67,None,None,37.91;Pyrenees Cup La Seu 2019; qp:5.77,33.57;Pyrenees Cup Pau 2019; qp:5.68,None,None,None,None,None,None,None,None,None,None,None,None,None,None,None,None,41.77;World Championships Ivrea 2018; qp:29.38,None,None,None,None,None,None,None,None,31.51;Pyrenees Cup La Seu 2018; qp:7.58,None,None,None,None,None,None,None,None,None,None,None,None,53.59;World Championships Bratislava 2017; qp:31.16,None,None,None,None,None,None,None,None,None,None,None,None,None,None,None,None,None,None,None,None,None,None,None,None,None,None,None,None,None,None,None,None,None,None,None,None,None,None,None,None,None,None,None,None,None,None,None,None,None,None,None,None,None,None,None,None,None
24900b0071c20a19603803ad6de991a7,1778584150125365,Pau ECHANIZ,ECHANIZ,Pau,2018-09-25,2018,MK1,ESP,17,109,35.44,None,None,None,None,None,None,None,None,None,None,41.77;World Championships Ivrea 2018; qp:29.38,None,None,None,None,None,None,None,31.51;Pyrenees Cup La Seu 2018; qp:7.58,None,None,None,None,None,None,None,None,None,None,None,None,None,53.59;World Championships Bratislava 2017; qp:31.16,None,None,None,None,32.97;Pyrenees Cup Pau 2017; qp:10.86,17.34;Pyrenees Cup La Seu 2017; qp:7.95,None,None,None,None,None,None,None,None,None,None,None,None,None,None,None,None,None,None,None,None,None,None,None,None,None,None,None,None,None,None,None,None,None,None,None,None,None,None,None,None,None,None,None,None,None,None,None,None,None,None,None,None,None,None,None,None,None,None,None,None,None
779bb7531cbe4f21f1698c04061068a9,1778584150125365,Pau ECHANIZ,ECHANIZ,Pau,2018-09-07,2018,MK1,ESP,17,108,35.44,None,None,None,None,None,None,None,None,41.77;World Championships Ivrea 2018; qp:29.38,None,None,None,None,None,None,None,31.51;Pyrenees Cup La Seu 2018; qp:7.58,None,None,None,None,None,None,None,None,None,None,None,None,None,53.59;World Championships Bratislava 2017; qp:31.16,None,None,None,None,32.97;Pyrenees Cup Pau 2017; qp:10.86,17.34;Pyrenees Cup La Seu 2017; qp:7.95,None,None,None,None,None,None,None,None,None,None,None,None,None,None,None,None,None,None,None,None,None,None,None,None,None,None,None,None,None,None,None,None,None,None,None,None,None,None,None,None,None,None,None,None,None,None,None,None,None,None,None,None,None,None,None,None,None,None,None,None,None,None,None
11846665989ddeca30a9ceed8405a924,1778584150125365,Pau ECHANIZ,ECHANIZ,Pau,2018-07-06,2018,MK1,ESP,17,158,33.85,None,None,None,None,None,None,None,31.51;Pyrenees Cup La Seu 2018; qp:7.58,None,None,None,None,None,None,None,None,None,None,None,None,None,53.59;World Championships Bratislava 2017; qp:31.16,None,None,None,None,32.97;Pyrenees Cup Pau 2017; qp:10.86,17.34;Pyrenees Cup La Seu 2017; qp:7.95,None,None,None,None,None,None,None,None,None,None,None,None,None,None,None,None,None,None,None,None,None,None,None,None,None,None,None,None,None,None,None,None,None,None,None,None,None,None,None,None,None,None,None,None,None,None,None,None,None,None,None,None,None,None,None,None,None,None,None,None,None,None,None,None,None,None,None,None,None,None,None,None
587f62d74cd69a54a6f65e3ed8d04aa1,1778584150125365,Pau ECHANIZ,ECHANIZ,Pau,2018-06-08,2018,MK1,ESP,17,162,33.85,None,None,None,None,31.51;Pyrenees Cup La Seu 2018; qp:7.58,None,None,None,None,None,None,None,None,None,None,None,None,None,53.59;World Championships Bratislava 2017; qp:31.16,None,None,None,None,32.97;Pyrenees Cup Pau 2017; qp:10.86,17.34;Pyrenees Cup La Seu 2017; qp:7.95,None,None,None,None,None,None,None,None,None,None,None,None,None,None,None,None,None,None,None,None,None,None,None,None,None,None,None,None,None,None,None,None,None,None,None,None,None,None,None,None,None,None,None,None,None,None,None,None,None,None,None,None,None,None,None,None,None,None,None,None,None,None,None,None,None,None,None,None,None,None,None,None,None,None,None
49ce9e4e5ee432465a48ebf04c95cbfb,1778584150125365,Pau ECHANIZ,ECHANIZ,Pau,2017-09-27,2017,MK1,ESP,16,174,34.63,None,None,None,None,None,53.59;World Championships Bratislava 2017; qp:31.16,None,None,None,None,32.97;Pyrenees Cup Pau 2017; qp:10.86,17.34;Pyrenees Cup La Seu 2017; qp:7.95,None,None,None,None,None,None,None,None,None,None,None,None,None,None,None,None,None,None,None,None,None,None,None,None,None,None,None,None,None,None,None,None,None,None,None,None,None,None,None,None,None,None,None,None,None,None,None,None,None,None,None,None,None,None,None,None,None,None,None,None,None,None,None,None,None,None,None,None,None,None,None,None,None,None,None,None,None,None,None,None,None,None,None,None,None,None,None,None
e431bcab37e3efa808ce836c1626af86,1778584150125365,Pau ECHANIZ,ECHANIZ,Pau,2017-09-08,2017,MK1,ESP,16,170,34.63,None,None,None,53.59;World Championships Bratislava 2017; qp:31.16,None,None,None,None,32.97;Pyrenees Cup Pau 2017; qp:10.86,17.34;Pyrenees Cup La Seu 2017; qp:7.95,None,None,None,None,None,None,None,None,None,None,None,None,None,None,None,None,None,None,None,None,None,None,None,None,None,None,None,None,None,None,None,None,None,None,None,None,None,None,None,None,None,None,None,None,None,None,None,None,None,None,None,None,None,None,None,None,None,None,None,None,None,None,None,None,None,None,None,None,None,None,None,None,None,None,None,None,None,None,None,None,None,None,None,None,None,None,None,None,None,None
99df8f0ccba31499877826f8b46a13f5,1778584150125365,Pau ECHANIZ,ECHANIZ,Pau,2017-06-30,2017,MK1,ESP,16,208,25.16,None,None,None,32.97;Pyrenees Cup Pau 2017; qp:10.86,17.34;Pyrenees Cup La Seu 2017; qp:7.95,None,None,None,None,None,None,None,None,None,None,None,None,None,None,None,None,None,None,None,None,None,None,None,None,None,None,None,None,None,None,None,None,None,None,None,None,None,None,None,None,None,None,None,None,None,None,None,None,None,None,None,None,None,None,None,None,None,None,None,None,None,None,None,None,None,None,None,None,None,None,None,None,None,None,None,None,None,None,None,None,None,None,None,None,None,None,None,None,None,None,None,None,None,None,None
cffc2ce547068bacd1bced56c2753b8f,1778584150125365,Pau ECHANIZ,ECHANIZ,Pau,2017-05-26,2017,MK1,ESP,16,211,25.16,32.97;Pyrenees Cup Pau 2017; qp:10.86,17.34;Pyrenees Cup La Seu 2017; qp:7.95,None,None,None,None,None,None,None,None,None,None,None,None,None,None,None,None,None,None,None,None,None,None,None,None,None,None,None,None,None,None,None,None,None,None,None,None,None,None,None,None,None,None,None,None,None,None,None,None,None,None,None,None,None,None,None,None,None,None,None,None,None,None,None,None,None,None,None,None,None,None,None,None,None,None,None,None,None,None,None,None,None,None,None,None,None,None,None,None,None,None,None,None,None,None,None,None,None,None
09989ee9f68084e84cf71fc5f2eec72f,1787573484683840,Pavel EIGEL,EIGEL,Pavel,2026-08-21,2026,MK1,UZB,36,57,18.88,None,None,None,16.67;World Championships Oklahoma 2026; qp:0,None,None,24.32;World Cup Augsburg 2026; qp:0,24.75;World Cup Prague 2026; qp:0,None,None,None,None,None,None,None,None,None,None,None,None,None,32.34;ICF World ranking Pau 2026; qp:7.13,None,19.27;ICF World ranking La Seu 2026; qp:9.27,None,None,None,None,None,None,None,None,None,None,None,22.28;World Championships Penrtih 2025; qp:0,None,None,None,None,37.96;Asian Canoe Slalom Championships Quizhou 2025; qp:36.5,None,None,None,None,None,41.46;World Cup Prague 2025; qp:0,19.39;World Cup Pau 2025; qp:0,16.79;World Cup La Seu 2025; qp:0,None,None,None,None,None,None,None,None,None,None,None,None,None,None,None,None,None,49;ICF World ranking Pattaya 2025; qp:49,None,None,None,None,None,None,None,None,None,None,None,None,None,None,None,None,None,None,None,None,None,None,None,None,None,None,None,None,None,None,None,None,None
e332ab03f8ca672536244b0af11b61c4,1787573484683840,Pavel EIGEL,EIGEL,Pavel,2026-07-06,2026,MK1,UZB,36,63,20.41,24.32;Team trials Augsburg 2026; qp:0,24.75;Team trials Ceske Budejovice 2026; qp:0,None,None,None,None,None,None,None,None,None,None,None,None,None,32.34;Team trials Orthez 2026; qp:7.13,None,19.27;Team trials Mondariz 2026; qp:9.27,None,None,None,None,None,None,None,None,None,None,None,22.28;World Championships Penrtih 2025; qp:0,None,None,None,None,37.96;Asian Canoe Slalom Championships Quizhou 2025; qp:36.5,None,None,None,None,None,41.46;Team trials Ceske Budejovice 2025; qp:0,19.39;Team trials Orthez 2025; qp:0,16.79;Team trials Mondariz 2025; qp:0,None,None,None,None,None,None,None,None,None,None,None,None,None,None,None,None,None,49;ICF World ranking Pattaya 2025; qp:49,59;Team trials Nakhonnayok province 2025; qp:49,None,None,None,None,None,None,None,None,None,None,None,None,None,None,None,None,None,None,None,None,None,None,None,None,None,None,None,None,None,None,None,None,None,None,None,None,None,None
472debbae515b6f21c1bcfe99ceb4d5c,1778585356774369,Pavel EIGEL,EIGEL,Pavel,2026-03-31,2026,MK1,UZB,36,70,22.01,None,32.34;ICF World ranking Pau 2026; qp:7.13,None,19.27;ICF World ranking La Seu 2026; qp:9.27,None,None,None,None,None,None,None,None,None,None,None,22.28;World Championships Penrtih 2025; qp:0,None,None,None,None,37.96;Asian Canoe Slalom Championships Quizhou 2025; qp:36.5,None,None,None,None,None,41.46;World Cup Prague 2025; qp:0,19.39;World Cup Pau 2025; qp:0,16.79;World Cup La Seu 2025; qp:0,None,None,None,None,None,None,None,None,None,None,None,None,None,None,None,None,None,49;ICF World ranking Pattaya 2025; qp:49,None,None,None,None,None,None,None,None,None,None,None,None,None,None,None,None,None,None,None,None,None,None,None,None,None,None,None,None,None,None,None,None,None,None,None,None,None,None,None,None,None,None,None,None,None,None,None,None,None,None,None,None,None
06422cc9152a4e22b956feea097ee778,1778585356774369,Pavel EIGEL,EIGEL,Pavel,2025-10-15,2025,MK1,UZB,35,88,27.58,22.28;World Championships Penrtih 2025; qp:0,None,None,None,None,37.96;Asian Canoe Slalom Championships Quizhou 2025; qp:36.5,None,None,None,None,None,41.46;World Cup Prague 2025; qp:0,19.39;World Cup Pau 2025; qp:0,16.79;World Cup La Seu 2025; qp:0,None,None,None,None,None,None,None,None,None,None,None,None,None,None,None,None,None,49;ICF World ranking Pattaya 2025; qp:49,None,None,None,None,None,None,None,None,None,None,None,None,None,None,None,None,None,None,None,None,None,None,None,None,None,None,None,None,None,None,None,None,None,None,None,None,None,None,None,None,None,None,None,None,None,None,None,None,None,None,None,None,None,None,None,None,None,None,None,None,None,None,None,None,None,None,None,None
6cefd09a5b44cfc9210338454207f821,1778585356774369,Pavel EIGEL,EIGEL,Pavel,2025-09-10,2025,MK1,UZB,35,112,32.92,None,None,None,None,37.96;Asian Canoe Slalom Championships Quizhou 2025; qp:36.5,None,None,None,None,None,41.46;World Cup Prague 2025; qp:0,19.39;World Cup Pau 2025; qp:0,16.79;World Cup La Seu 2025; qp:0,None,None,None,None,None,None,None,None,None,None,None,None,None,None,None,None,None,49;ICF World ranking Pattaya 2025; qp:49,None,None,None,None,None,None,None,None,None,None,None,None,None,None,None,None,None,None,None,None,None,None,None,None,None,None,None,None,None,None,None,None,None,None,None,None,None,None,None,None,None,None,None,None,None,None,None,None,None,None,None,None,None,None,None,None,None,None,None,None,None,None,None,None,None,None,None,None,None
0d3b94a963153c297aef19acf167f140,1778585356774369,Pavel EIGEL,EIGEL,Pavel,2025-07-01,2025,MK1,UZB,35,127,37.13,41.46;World Cup Prague 2025; qp:0,19.39;World Cup Pau 2025; qp:0,16.79;World Cup La Seu 2025; qp:0,None,None,None,None,None,None,None,None,None,None,None,None,None,None,None,None,None,49;ICF World ranking Pattaya 2025; qp:49,None,None,None,None,None,None,None,None,None,None,None,None,None,None,None,None,None,None,None,None,None,None,None,None,None,None,None,None,None,None,None,None,None,None,None,None,None,None,None,None,None,None,None,None,None,None,None,None,None,None,None,None,None,None,None,None,None,None,None,None,None,None,None,None,None,None,None,None,None,None,None,None,None,None,None,None,None,None,None
9f6673874ac5adc37ecc1139fb79fcb8,1778585356774369,Pavel EIGEL,EIGEL,Pavel,2025-05-30,2025,MK1,UZB,35,541,54,None,None,None,None,None,None,None,None,None,None,None,None,None,None,None,None,None,49;ICF World ranking Pattaya 2025; qp:49,None,None,None,None,None,None,None,None,None,None,None,None,None,None,None,None,None,None,None,None,None,None,None,None,None,None,None,None,None,None,None,None,None,None,None,None,None,None,None,None,None,None,None,None,None,None,None,None,None,None,None,None,None,None,None,None,None,None,None,None,None,None,None,None,None,None,None,None,None,None,None,None,None,None,None,None,None,None,None,None,None,None
1d3148b3816e37185eca1b8432b60791,1778585356774369,Pavel EIGEL,EIGEL,Pavel,2025-04-03,2025,MK1,UZB,35,493,54,None,None,None,None,None,None,49;ICF World ranking Pattaya 2025; qp:49,None,None,None,None,None,None,None,None,None,None,None,None,None,None,None,None,None,None,None,None,None,None,None,None,None,None,None,None,None,None,None,None,None,None,None,None,None,None,None,None,None,None,None,None,None,None,None,None,None,None,None,None,None,None,None,None,None,None,None,None,None,None,None,None,None,None,None,None,None,None,None,None,None,None,None,None,None,None,None,None,None,None,None,None,None,None,None,None,None,None,None,None,None
ff560638ab35a13b05614ccefb6d5ad2,1778586524779198,Pavel EIGEL,EIGEL,Pavel,2023-09-04,2023,MK1,RUS,33,207,18.34,None,None,None,None,None,None,None,None,None,None,None,None,None,None,None,None,None,None,None,None,None,None,None,None,None,None,None,None,None,None,None,None,None,None,None,None,None,None,None,None,None,None,None,None,None,None,None,None,16.68;World Championships Bratislava 2021; qp:0,None,None,24.46;Olympic Games Tokyo 2021; qp:0,None,None,None,11.96;World Championships La Seu 2019; qp:0,20.25;World Cup Prague 2019; qp:0,None,None,None,None,None,None,None,None,None,None,None,None,None,None,None,None,None,None,None,None,None,None,None,None,None,None,None,None,None,None,None,None,None,None,None,None,None,None,None,None,None,None,None
b0b56a51b280dbdd3c3fdf8f85443973,1778586524779198,Pavel EIGEL,EIGEL,Pavel,2023-07-03,2023,MK1,RUS,33,196,18.34,None,None,None,None,None,None,None,None,None,None,None,None,None,None,None,None,None,None,None,None,None,None,None,None,None,None,None,None,None,None,None,None,None,None,None,None,None,None,None,None,16.68;World Championships Bratislava 2021; qp:0,None,None,24.46;Olympic Games Tokyo 2021; qp:0,None,None,None,11.96;World Championships La Seu 2019; qp:0,20.25;World Cup Prague 2019; qp:0,None,None,None,None,None,None,None,None,None,None,None,None,None,None,None,None,None,None,None,None,None,None,None,None,None,None,None,None,None,None,None,None,None,None,None,None,None,None,None,None,None,None,None,None,None,None,None,None,None,None,None
dfd8fef768145d33ef97ebba4230a7b6,1778586524779198,Pavel EIGEL,EIGEL,Pavel,2023-05-29,2023,MK1,RUS,33,63,22.21,None,None,None,None,None,None,None,None,None,None,None,None,None,None,None,None,None,None,None,None,None,None,None,None,None,None,None,None,None,None,None,None,None,None,None,None,16.68;World Championships Bratislava 2021; qp:0,None,None,24.46;Olympic Games Tokyo 2021; qp:0,None,None,None,11.96;World Championships La Seu 2019; qp:0,20.25;World Cup Prague 2019; qp:0,None,None,None,None,None,None,None,None,None,37.68;World Cup Lee Valley 2019; qp:0,None,None,None,None,None,None,None,None,None,None,None,None,None,None,None,None,None,None,None,None,None,None,None,None,None,None,None,None,None,None,None,None,None,None,None,None,None,None,None,None,None,None,None,None,None
da9ce48d22f32d475055c6d0f7048980,1778586524779198,Pavel EIGEL,EIGEL,Pavel,2022-09-23,2022,MK1,RUS,32,50,19.09,None,None,None,None,None,None,None,None,None,None,None,None,None,None,None,None,None,None,None,None,None,None,None,None,None,16.68;World Championships Bratislava 2021; qp:0,None,None,24.46;Olympic Games Tokyo 2021; qp:0,None,None,None,11.96;World Championships La Seu 2019; qp:0,20.25;World Cup Prague 2019; qp:0,None,None,None,None,None,None,None,None,None,37.68;World Cup Lee Valley 2019; qp:0,None,None,None,None,32.24;Pyrenees Cup La Seu 2019; qp:5.77,22.86;Pyrenees Cup Pau 2019; qp:5.68,None,None,None,25.78;Oceania Championships Penrith 2019; qp:2.13,23.68;ICF World ranking Penrith 2019; qp:2.1,None,None,None,None,None,None,None,None,None,None,None,None,None,None,None,None,None,None,None,None,None,None,None,None,None,None,None,None,None,None,None,None,None,None,None,None,None,None,None,None,None,None,None,None,None
5ab4aa03d2a2efd48f064f0fbb4f5a44,1778586524779198,Pavel EIGEL,EIGEL,Pavel,2022-08-01,2022,MK1,RUS,32,32,13.56,None,None,None,None,None,None,None,None,None,None,None,None,None,None,None,None,None,None,None,None,None,16.68;World Championships Bratislava 2021; qp:0,None,None,24.46;Olympic Games Tokyo 2021; qp:0,None,None,None,11.96;World Championships La Seu 2019; qp:0,20.25;World Cup Prague 2019; qp:0,None,None,None,None,None,None,None,None,None,37.68;World Cup Lee Valley 2019; qp:0,None,None,None,None,32.24;Pyrenees Cup La Seu 2019; qp:5.77,22.86;Pyrenees Cup Pau 2019; qp:5.68,None,None,None,25.78;Oceania Championships Penrith 2019; qp:2.13,23.68;ICF World ranking Penrith 2019; qp:2.1,None,None,"4.15;World Championships Deodoro, Rio 2018; qp:0",None,14.78;World Cup La Seu 2018; qp:0,None,None,None,None,None,None,None,None,None,None,None,None,None,None,None,None,None,None,None,None,None,None,None,None,None,None,None,None,None,None,None,None,None,None,None,None,None,None,None,None,None,None,None,None
3e048387a6a8134ce089632347149a98,1778586524779198,Pavel EIGEL,EIGEL,Pavel,2022-05-01,2022,MK1,RUS,32,28,12.99,None,None,None,None,None,None,None,None,None,None,None,16.68;World Championships Bratislava 2021; qp:0,None,None,24.46;Olympic Games Tokyo 2021; qp:0,None,None,None,11.96;World Championships La Seu 2019; qp:0,20.25;World Cup Prague 2019; qp:0,None,None,None,None,None,None,None,None,None,37.68;World Cup Lee Valley 2019; qp:0,None,None,None,None,32.24;Pyrenees Cup La Seu 2019; qp:5.77,22.86;Pyrenees Cup Pau 2019; qp:5.68,None,None,None,25.78;Oceania Championships Penrith 2019; qp:2.13,23.68;ICF World ranking Penrith 2019; qp:2.1,None,None,"4.15;World Championships Deodoro, Rio 2018; qp:0",None,14.78;World Cup La Seu 2018; qp:0,None,None,None,None,None,None,None,None,17.82;World Cup Augsburg 2018; qp:0,22.69;World Cup Krakow 2018; qp:0,17.37;World Cup Liptovsky Mikulas 2018; qp:0,None,None,None,None,None,None,None,None,None,None,None,None,None,None,None,None,None,None,None,None,None,None,None,None,None,None,None,None,None,None,None,None,None,None,None,None,None,None,None,None,None,None,None
5f80f06cd01f69def7d2c7c6410ddace,1778586524779198,Pavel EIGEL,EIGEL,Pavel,2021-11-01,2021,MK1,RUS,31,28,12.99,16.68;World Championships Bratislava 2021; qp:0,None,None,24.46;Olympic Games Tokyo 2021; qp:0,None,None,None,11.96;World Championships La Seu 2019; qp:0,20.25;World Cup Prague 2019; qp:0,None,None,None,None,None,None,None,None,None,37.68;World Cup Lee Valley 2019; qp:0,None,None,None,None,32.24;Pyrenees Cup La Seu 2019; qp:5.77,22.86;Pyrenees Cup Pau 2019; qp:5.68,None,None,None,25.78;Oceania Championships Penrith 2019; qp:2.13,23.68;ICF World ranking Penrith 2019; qp:2.1,None,None,"4.15;World Championships Deodoro, Rio 2018; qp:0",None,14.78;World Cup La Seu 2018; qp:0,None,None,None,None,None,None,None,None,17.82;World Cup Augsburg 2018; qp:0,22.69;World Cup Krakow 2018; qp:0,17.37;World Cup Liptovsky Mikulas 2018; qp:0,None,None,None,None,24.66;Pyrenees Cup La Seu 2018; qp:7.58,None,None,None,None,None,None,None,None,None,None,None,None,None,None,None,None,None,None,None,None,None,None,None,None,None,None,None,None,None,None,None,None,None,None,None,None,None,None,None,None,None,None,None,None,None,None,None,None,None
8e49755276893b5473ae4dd06e89226b,1778586524779198,Pavel EIGEL,EIGEL,Pavel,2021-09-10,2021,MK1,RUS,31,29,13.22,None,None,24.46;Olympic Games Tokyo 2021; qp:0,None,None,None,11.96;World Championships La Seu 2019; qp:0,20.25;World Cup Prague 2019; qp:0,None,None,None,None,None,None,None,None,None,37.68;World Cup Lee Valley 2019; qp:0,None,None,None,None,32.24;Pyrenees Cup La Seu 2019; qp:5.77,22.86;Pyrenees Cup Pau 2019; qp:5.68,None,None,None,25.78;Oceania Championships Penrith 2019; qp:2.13,23.68;ICF World ranking Penrith 2019; qp:2.1,None,None,"4.15;World Championships Deodoro, Rio 2018; qp:0",None,14.78;World Cup La Seu 2018; qp:0,None,None,None,None,None,None,None,None,17.82;World Cup Augsburg 2018; qp:0,22.69;World Cup Krakow 2018; qp:0,17.37;World Cup Liptovsky Mikulas 2018; qp:0,None,None,None,None,24.66;Pyrenees Cup La Seu 2018; qp:7.58,None,None,None,None,None,None,None,None,None,None,None,None,None,None,None,None,None,None,None,None,None,None,None,None,None,None,None,None,None,None,None,None,None,None,None,None,None,None,None,None,None,None,None,None,None,None,None,None,None,None
ebada3bc6fbf58e9fa3f2e5b291c20f9,1778586524779198,Pavel EIGEL,EIGEL,Pavel,2020-02-01,2020,MK1,RUS,30,27,13.22,None,None,None,11.96;World Championships La Seu 2019; qp:0,20.25;World Cup Prague 2019; qp:0,None,None,None,None,None,None,None,None,None,37.68;World Cup Lee Valley 2019; qp:0,None,None,None,None,32.24;Pyrenees Cup La Seu 2019; qp:5.77,22.86;Pyrenees Cup Pau 2019; qp:5.68,None,None,None,25.78;Oceania Championships Penrith 2019; qp:2.13,23.68;ICF World ranking Penrith 2019; qp:2.1,None,None,"4.15;World Championships Deodoro, Rio 2018; qp:0",None,14.78;World Cup La Seu 2018; qp:0,None,None,None,None,None,None,None,None,17.82;World Cup Augsburg 2018; qp:0,22.69;World Cup Krakow 2018; qp:0,17.37;World Cup Liptovsky Mikulas 2018; qp:0,None,None,None,None,24.66;Pyrenees Cup La Seu 2018; qp:7.58,None,None,None,None,None,None,None,None,None,None,None,None,None,None,None,None,None,None,None,None,None,None,None,None,None,None,None,None,None,None,None,None,None,None,None,None,None,None,None,None,None,None,None,None,None,None,None,None,None,None,None,None,None
899613ed0a7e4dbd86c6edf370a96bab,1778586524779198,Pavel EIGEL,EIGEL,Pavel,2019-09-25,2019,MK1,RUS,29,27,13.22,11.96;World Championships La Seu 2019; qp:0,20.25;World Cup Prague 2019; qp:0,None,None,None,None,None,None,None,None,None,37.68;World Cup Lee Valley 2019; qp:0,None,None,None,None,32.24;Pyrenees Cup La Seu 2019; qp:5.77,22.86;Pyrenees Cup Pau 2019; qp:5.68,None,None,None,25.78;Oceania Championships Penrith 2019; qp:2.13,23.68;ICF World ranking Penrith 2019; qp:2.1,None,None,"4.15;World Championships Deodoro, Rio 2018; qp:0",None,14.78;World Cup La Seu 2018; qp:0,None,None,None,None,None,None,None,None,17.82;World Cup Augsburg 2018; qp:0,22.69;World Cup Krakow 2018; qp:0,17.37;World Cup Liptovsky Mikulas 2018; qp:0,None,None,None,None,24.66;Pyrenees Cup La Seu 2018; qp:7.58,None,None,None,None,None,None,None,None,None,None,None,None,None,None,None,None,None,None,None,None,None,None,None,None,None,None,None,None,None,None,None,None,None,None,None,None,None,None,None,None,None,None,None,None,None,None,None,None,None,None,None,None,None,None,None,None
d25fc9bfa603fbc0c6cb05c9d0bd7111,1778586524779198,Pavel EIGEL,EIGEL,Pavel,2019-09-06,2019,MK1,RUS,29,33,14.87,20.25;World Cup Prague 2019; qp:0,None,None,None,None,None,None,None,None,None,37.68;World Cup Lee Valley 2019; qp:0,None,None,None,None,32.24;Pyrenees Cup La Seu 2019; qp:5.77,22.86;Pyrenees Cup Pau 2019; qp:5.68,None,None,None,25.78;Oceania Championships Penrith 2019; qp:2.13,23.68;ICF World ranking Penrith 2019; qp:2.1,None,None,"4.15;World Championships Deodoro, Rio 2018; qp:0",None,14.78;World Cup La Seu 2018; qp:0,None,None,None,None,None,None,None,None,17.82;World Cup Augsburg 2018; qp:0,22.69;World Cup Krakow 2018; qp:0,17.37;World Cup Liptovsky Mikulas 2018; qp:0,None,None,None,None,24.66;Pyrenees Cup La Seu 2018; qp:7.58,None,None,None,None,None,None,None,20.99;World Championships Pau 2017; qp:0,None,None,None,None,None,None,None,None,None,None,None,None,None,None,None,None,None,None,None,None,None,None,None,None,None,None,None,None,None,None,None,None,None,None,None,None,None,None,None,None,None,None,None,None,None,None,None,None,None
4b44e49c47728c71e7c636e0c9675a25,1778586524779198,Pavel EIGEL,EIGEL,Pavel,2019-06-28,2019,MK1,RUS,29,28,14.27,None,None,37.68;World Cup Lee Valley 2019; qp:0,None,None,None,None,32.24;Pyrenees Cup La Seu 2019; qp:5.77,22.86;Pyrenees Cup Pau 2019; qp:5.68,None,None,None,25.78;Oceania Championships Penrith 2019; qp:2.13,23.68;ICF World ranking Penrith 2019; qp:2.1,None,None,"4.15;World Championships Deodoro, Rio 2018; qp:0",None,14.78;World Cup La Seu 2018; qp:0,None,None,None,None,None,None,None,None,17.82;World Cup Augsburg 2018; qp:0,22.69;World Cup Krakow 2018; qp:0,17.37;World Cup Liptovsky Mikulas 2018; qp:0,None,None,None,None,24.66;Pyrenees Cup La Seu 2018; qp:7.58,None,None,None,None,None,None,None,20.99;World Championships Pau 2017; qp:0,None,17.23;World Cup La Seu 2017; qp:0,None,None,None,None,None,None,None,None,None,None,None,None,None,None,None,None,None,None,None,None,None,None,None,None,None,None,None,None,None,None,None,None,None,None,None,None,None,None,None,None,None,None,None,None,None,None,None,None,None,None,None,None,None,None,None
19e707cf556665ca674f830c156f069f,1778586524779198,Pavel EIGEL,EIGEL,Pavel,2019-05-11,2019,MK1,RUS,29,28,14.24,None,None,32.24;Pyrenees Cup La Seu 2019; qp:5.77,22.86;Pyrenees Cup Pau 2019; qp:5.68,None,None,None,25.78;Oceania Championships Penrith 2019; qp:2.13,23.68;ICF World ranking Penrith 2019; qp:2.1,None,None,"4.15;World Championships Deodoro, Rio 2018; qp:0",None,14.78;World Cup La Seu 2018; qp:0,None,None,None,None,None,None,None,None,17.82;World Cup Augsburg 2018; qp:0,22.69;World Cup Krakow 2018; qp:0,17.37;World Cup Liptovsky Mikulas 2018; qp:0,None,None,None,None,24.66;Pyrenees Cup La Seu 2018; qp:7.58,None,None,None,None,None,None,None,None,20.99;World Championships Pau 2017; qp:0,None,17.23;World Cup La Seu 2017; qp:0,None,None,None,None,19.05;World Cup Markkleeberg 2017; qp:0,28.8;World Cup Augsburg 2017; qp:0,17.68;World Cup Prague 2017; qp:0,None,None,None,None,None,None,None,None,None,None,None,None,None,None,None,None,None,None,None,None,None,None,None,None,None,None,None,None,None,None,None,None,None,None,None,None,None,None,None,None,None,None,None,None,None,None,None,None,None,None,None,None
1dc1290d50af935cc8dfd8a7e1aad516,1778586524779198,Pavel EIGEL,EIGEL,Pavel,2018-09-25,2018,MK1,RUS,28,26,14.24,"4.15;World Championships Deodoro, Rio 2018; qp:0",None,14.78;World Cup La Seu 2018; qp:0,None,None,None,None,None,None,None,None,17.82;World Cup Augsburg 2018; qp:0,22.69;World Cup Krakow 2018; qp:0,17.37;World Cup Liptovsky Mikulas 2018; qp:0,None,None,None,None,24.66;Pyrenees Cup La Seu 2018; qp:7.58,None,None,None,None,None,None,None,None,20.99;World Championships Pau 2017; qp:0,None,17.23;World Cup La Seu 2017; qp:0,None,None,None,None,19.05;World Cup Markkleeberg 2017; qp:0,28.8;World Cup Augsburg 2017; qp:0,17.68;World Cup Prague 2017; qp:0,None,None,None,None,None,None,None,None,None,None,None,None,None,None,None,None,None,None,None,None,None,None,None,None,None,None,None,None,None,None,None,None,None,None,None,None,None,None,None,None,None,None,None,None,None,None,None,None,None,None,None,None,None,None,None,None,None,None,None,None,None,None,None
c62fd919174158f8adc8e0f217b933fc,1778586524779198,Pavel EIGEL,EIGEL,Pavel,2018-09-07,2018,MK1,RUS,28,26,14.8,14.78;World Cup La Seu 2018; qp:0,None,None,None,None,None,None,None,None,17.82;World Cup Augsburg 2018; qp:0,22.69;World Cup Krakow 2018; qp:0,17.37;World Cup Liptovsky Mikulas 2018; qp:0,None,None,None,None,24.66;Pyrenees Cup La Seu 2018; qp:7.58,None,None,None,None,None,None,None,None,20.99;World Championships Pau 2017; qp:0,None,17.23;World Cup La Seu 2017; qp:0,None,None,None,None,19.05;World Cup Markkleeberg 2017; qp:0,28.8;World Cup Augsburg 2017; qp:0,17.68;World Cup Prague 2017; qp:0,None,None,None,None,None,None,None,None,None,None,None,"6.93;Olympic Games Deodoro, Rio 2016; qp:0",None,None,None,None,None,None,None,None,None,None,None,None,None,None,None,None,None,None,None,None,None,None,None,None,None,None,None,None,None,None,None,None,None,None,None,None,None,None,None,None,None,None,None,None,None,None,None,None,None,None,None,None,None
0626772d3d2ac3e052143238056328f4,1778586524779198,Pavel EIGEL,EIGEL,Pavel,2018-07-06,2018,MK1,RUS,28,33,15.41,17.82;World Cup Augsburg 2018; qp:0,22.69;World Cup Krakow 2018; qp:0,17.37;World Cup Liptovsky Mikulas 2018; qp:0,None,None,None,None,24.66;Pyrenees Cup La Seu 2018; qp:7.58,None,None,None,None,None,None,None,None,20.99;World Championships Pau 2017; qp:0,None,17.23;World Cup La Seu 2017; qp:0,None,None,None,None,19.05;World Cup Markkleeberg 2017; qp:0,28.8;World Cup Augsburg 2017; qp:0,17.68;World Cup Prague 2017; qp:0,None,None,None,None,None,None,None,None,None,None,None,None,None,"6.93;Olympic Games Deodoro, Rio 2016; qp:0",None,None,None,None,None,None,None,None,None,None,None,None,None,None,None,None,None,None,None,None,None,None,None,None,None,None,None,None,None,None,None,None,None,None,None,None,None,None,None,None,None,None,None,None,None,None,None,None,None,None,None,None,None,None,None,None,None,None,None,None
23296ed33695ed2567dd16c5b6826aa9,1778586524779198,Pavel EIGEL,EIGEL,Pavel,2018-06-08,2018,MK1,RUS,28,29,15.44,None,None,None,None,24.66;Pyrenees Cup La Seu 2018; qp:7.58,None,None,None,None,None,None,None,None,20.99;World Championships Pau 2017; qp:0,None,17.23;World Cup La Seu 2017; qp:0,None,None,None,None,19.05;World Cup Markkleeberg 2017; qp:0,28.8;World Cup Augsburg 2017; qp:0,17.68;World Cup Prague 2017; qp:0,None,None,None,None,None,None,None,None,None,None,None,None,None,"6.93;Olympic Games Deodoro, Rio 2016; qp:0",None,None,30.57;World Cup Pau 2016; qp:0,16.32;World Cup La Seu 2016; qp:0,None,None,None,None,None,None,None,None,None,None,None,None,None,None,None,None,None,None,None,None,None,None,None,None,None,None,None,None,None,None,None,None,None,None,None,None,None,None,None,None,None,None,None,None,None,None,None,None,None,None,None,None,None,None,None,None,None,None,None
0916ec08764519f89107364055cfcfe0,1778586524779198,Pavel EIGEL,EIGEL,Pavel,2017-09-27,2017,MK1,RUS,27,28,14.47,20.99;World Championships Pau 2017; qp:0,None,17.23;World Cup La Seu 2017; qp:0,None,None,None,None,19.05;World Cup Markkleeberg 2017; qp:0,28.8;World Cup Augsburg 2017; qp:0,17.68;World Cup Prague 2017; qp:0,None,None,None,None,None,None,None,None,None,None,None,None,None,"6.93;Olympic Games Deodoro, Rio 2016; qp:0",None,None,30.57;World Cup Pau 2016; qp:0,16.32;World Cup La Seu 2016; qp:0,None,None,None,None,24.92;ICF World ranking Liptovsky Mikulas 2016; qp:7.56,None,None,None,None,None,14.2;ICF World ranking Penrith 2016; qp:4.2,None,None,None,None,None,None,None,None,None,None,None,None,None,None,None,None,None,None,None,None,None,None,None,None,None,None,None,None,None,None,None,None,None,None,None,None,None,None,None,None,None,None,None,None,None,None,None,None,None,None,None,None,None,None,None,None,None,None,None,None,None
4450b198736cdb729f36c53dbf7b9562,1778586524779198,Pavel EIGEL,EIGEL,Pavel,2017-09-08,2017,MK1,RUS,27,29,14.47,17.23;World Cup La Seu 2017; qp:0,None,None,None,None,19.05;World Cup Markkleeberg 2017; qp:0,28.8;World Cup Augsburg 2017; qp:0,17.68;World Cup Prague 2017; qp:0,None,None,None,None,None,None,None,None,None,None,None,None,None,"6.93;Olympic Games Deodoro, Rio 2016; qp:0",None,None,30.57;World Cup Pau 2016; qp:0,16.32;World Cup La Seu 2016; qp:0,None,None,None,None,24.92;ICF World ranking Liptovsky Mikulas 2016; qp:7.56,None,None,None,None,None,14.2;ICF World ranking Penrith 2016; qp:4.2,None,20.53;World Championships Lee Valley 2015; qp:0,None,None,None,None,None,None,None,None,None,None,None,None,None,None,None,None,None,None,None,None,None,None,None,None,None,None,None,None,None,None,None,None,None,None,None,None,None,None,None,None,None,None,None,None,None,None,None,None,None,None,None,None,None,None,None,None,None,None,None,None,None
7db8ab49467af4b3fce36f0a28535351,1778586524779198,Pavel EIGEL,EIGEL,Pavel,2017-06-30,2017,MK1,RUS,27,29,14.1,19.05;World Cup Markkleeberg 2017; qp:0,28.8;World Cup Augsburg 2017; qp:0,17.68;World Cup Prague 2017; qp:0,None,None,None,None,None,None,None,None,None,None,None,None,None,"6.93;Olympic Games Deodoro, Rio 2016; qp:0",None,None,30.57;World Cup Pau 2016; qp:0,16.32;World Cup La Seu 2016; qp:0,None,None,None,None,None,24.92;ICF World ranking Liptovsky Mikulas 2016; qp:7.56,None,None,None,None,14.2;ICF World ranking Penrith 2016; qp:4.2,None,20.53;World Championships Lee Valley 2015; qp:0,32.34;World Cup Pau 2015; qp:0,15.36;World Cup La Seu 2015; qp:0,None,None,None,None,None,None,None,None,None,None,None,None,None,None,None,None,None,None,None,None,None,None,None,None,None,None,None,None,None,None,None,None,None,None,None,None,None,None,None,None,None,None,None,None,None,None,None,None,None,None,None,None,None,None,None,None,None,None,None,None,None,None,None,None
e31e1c485f0d5f94eb963a93174b50f8,1778586524779198,Pavel EIGEL,EIGEL,Pavel,2017-05-26,2017,MK1,RUS,27,29,13.56,None,None,None,None,None,None,None,None,None,None,None,None,None,"6.93;Olympic Games Deodoro, Rio 2016; qp:0",None,None,30.57;World Cup Pau 2016; qp:0,16.32;World Cup La Seu 2016; qp:0,None,None,None,None,24.92;ICF World ranking Liptovsky Mikulas 2016; qp:7.56,None,None,None,None,None,14.2;ICF World ranking Penrith 2016; qp:4.2,None,20.53;World Championships Lee Valley 2015; qp:0,32.34;World Cup Pau 2015; qp:0,15.36;World Cup La Seu 2015; qp:0,18.26;World Cup Liptovsky Mikulas 2015; qp:0,14.98;World Cup Krakow 2015; qp:0,None,None,None,None,None,None,None,None,None,None,None,None,None,None,None,None,None,None,None,None,None,None,None,None,None,None,None,None,None,None,None,None,None,None,None,None,None,None,None,None,None,None,None,None,None,None,None,None,None,None,None,None,None,None,None,None,None,None,None,None,None,None,None,None,None
298a994a40335f6996a397a1b59ce0be,1778586524779198,Pavel EIGEL,EIGEL,Pavel,2016-09-09,2016,MK1,RUS,26,28,12.45,None,None,"6.93;Olympic Games Deodoro, Rio 2016; qp:0",None,None,30.57;World Cup Pau 2016; qp:0,16.32;World Cup La Seu 2016; qp:0,None,None,None,None,24.92;ICF World ranking Liptovsky Mikulas 2016; qp:7.56,None,None,None,None,None,14.2;ICF World ranking Penrith 2016; qp:4.2,None,20.53;World Championships Lee Valley 2015; qp:0,32.34;World Cup Pau 2015; qp:0,15.36;World Cup La Seu 2015; qp:0,None,18.26;World Cup Liptovsky Mikulas 2015; qp:0,14.98;World Cup Krakow 2015; qp:0,None,None,None,None,None,None,None,None,10.77;ICF World ranking Liptovsky Mikulas 2015; qp:8.77,None,None,None,None,None,None,None,None,None,None,None,None,None,None,None,None,None,None,None,None,None,None,None,None,None,None,None,None,None,None,None,None,None,None,None,None,None,None,None,None,None,None,None,None,None,None,None,None,None,None,None,None,None,None,None,None,None,None,None,None,None,None,None,None,None,None
abfbdcc42bb1b738ffff8d7c78501ab6,1778586524779198,Pavel EIGEL,EIGEL,Pavel,2016-08-07,2016,MK1,RUS,26,26,12.45,"6.93;Olympic Games Deodoro, Rio 2016; qp:0",None,None,30.57;World Cup Pau 2016; qp:0,16.32;World Cup La Seu 2016; qp:0,None,None,None,None,None,24.92;ICF World ranking Liptovsky Mikulas 2016; qp:7.56,None,None,None,None,14.2;ICF World ranking Penrith 2016; qp:4.2,None,20.53;World Championships Lee Valley 2015; qp:0,32.34;World Cup Pau 2015; qp:0,15.36;World Cup La Seu 2015; qp:0,None,18.26;World Cup Liptovsky Mikulas 2015; qp:0,14.98;World Cup Krakow 2015; qp:0,None,None,None,None,None,None,None,None,10.77;ICF World ranking Liptovsky Mikulas 2015; qp:8.77,None,None,None,None,15.46;World Championships Deep Creek 2014; qp:0,31.07;World Cup Augsburg 2014; qp:0,None,None,None,None,None,None,None,None,None,None,None,None,None,None,None,None,None,None,None,None,None,None,None,None,None,None,None,None,None,None,None,None,None,None,None,None,None,None,None,None,None,None,None,None,None,None,None,None,None,None,None,None,None,None,None,None,None,None,None,None,None,None
adc098af942856052bfbdc61a8923f88,1778586524779198,Pavel EIGEL,EIGEL,Pavel,2016-06-17,2016,MK1,RUS,26,33,14.15,30.57;World Cup Pau 2016; qp:0,16.32;World Cup La Seu 2016; qp:0,None,None,None,None,None,24.92;ICF World ranking Liptovsky Mikulas 2016; qp:7.56,None,None,None,None,14.2;ICF World ranking Penrith 2016; qp:4.2,None,20.53;World Championships Lee Valley 2015; qp:0,32.34;World Cup Pau 2015; qp:0,15.36;World Cup La Seu 2015; qp:0,None,18.26;World Cup Liptovsky Mikulas 2015; qp:0,14.98;World Cup Krakow 2015; qp:0,None,None,None,None,None,None,None,None,10.77;ICF World ranking Liptovsky Mikulas 2015; qp:8.77,None,None,None,None,15.46;World Championships Deep Creek 2014; qp:0,31.07;World Cup Augsburg 2014; qp:0,None,None,None,None,None,None,None,None,None,None,None,None,None,None,None,None,None,None,None,None,None,None,None,None,None,None,None,None,None,None,None,None,None,None,None,None,None,None,None,None,None,None,None,None,None,None,None,None,None,None,None,None,None,None,None,None,None,None,None,None,None,None,None,None,None
a1fa32eafb7f1935e114d443ebb10727,1778586524779198,Pavel EIGEL,EIGEL,Pavel,2016-04-30,2016,MK1,RUS,26,34,14.15,None,None,24.92;ICF World ranking Liptovsky Mikulas 2016; qp:7.56,None,None,None,None,None,14.2;ICF World ranking Penrith 2016; qp:4.2,None,20.53;World Championships Lee Valley 2015; qp:0,32.34;World Cup Pau 2015; qp:0,15.36;World Cup La Seu 2015; qp:0,None,18.26;World Cup Liptovsky Mikulas 2015; qp:0,14.98;World Cup Krakow 2015; qp:0,None,None,None,None,None,None,None,None,10.77;ICF World ranking Liptovsky Mikulas 2015; qp:8.77,None,None,None,None,15.46;World Championships Deep Creek 2014; qp:0,None,31.07;World Cup Augsburg 2014; qp:0,None,None,24.81;World Cup Prague 2014; qp:0,31.82;World Cup Tacen 2014; qp:0,None,None,None,None,None,None,None,None,None,None,None,None,None,None,None,None,None,None,None,None,None,None,None,None,None,None,None,None,None,None,None,None,None,None,None,None,None,None,None,None,None,None,None,None,None,None,None,None,None,None,None,None,None,None,None,None,None,None,None,None,None,None,None,None
2b04682bdf04a16da8fc420b5f1f3137,1778586524779198,Pavel EIGEL,EIGEL,Pavel,2015-09-16,2015,MK1,RUS,25,40,14.97,20.53;World Championships Lee Valley 2015; qp:0,32.34;World Cup Pau 2015; qp:0,15.36;World Cup La Seu 2015; qp:0,None,18.26;World Cup Liptovsky Mikulas 2015; qp:0,14.98;World Cup Krakow 2015; qp:0,None,None,None,None,None,None,None,None,10.77;ICF World ranking Liptovsky Mikulas 2015; qp:8.77,None,None,None,None,15.46;World Championships Deep Creek 2014; qp:0,None,31.07;World Cup Augsburg 2014; qp:0,None,None,None,24.81;World Cup Prague 2014; qp:0,31.82;World Cup Tacen 2014; qp:0,None,None,None,None,None,None,None,None,None,None,None,None,None,None,None,None,None,None,None,None,None,None,None,None,None,None,None,None,None,None,None,None,None,None,None,None,None,None,None,None,None,None,None,None,None,None,None,None,None,None,None,None,None,None,None,None,None,None,None,None,None,None,None,None,None,None,None,None,None,None,None,None,None
52bfc6e7bfd37147abb1220f6f8b898b,1778586524779198,Pavel EIGEL,EIGEL,Pavel,2015-08-14,2015,MK1,RUS,25,40,14.97,32.34;World Cup Pau 2015; qp:0,15.36;World Cup La Seu 2015; qp:0,None,18.26;World Cup Liptovsky Mikulas 2015; qp:0,14.98;World Cup Krakow 2015; qp:0,None,None,None,None,None,None,None,None,10.77;ICF World ranking Liptovsky Mikulas 2015; qp:8.77,None,None,None,None,15.46;World Championships Deep Creek 2014; qp:0,None,31.07;World Cup Augsburg 2014; qp:0,None,None,None,24.81;World Cup Prague 2014; qp:0,31.82;World Cup Tacen 2014; qp:0,None,None,None,None,None,None,None,None,None,None,None,None,None,23.44;World Championships Prague 2013; qp:0,None,None,None,None,None,None,None,None,None,None,None,None,None,None,None,None,None,None,None,None,None,None,None,None,None,None,None,None,None,None,None,None,None,None,None,None,None,None,None,None,None,None,None,None,None,None,None,None,None,None,None,None,None,None,None,None,None,None,None,None
03304814bf91483e37fe2d10e1cc7bbf,1778586524779198,Pavel EIGEL,EIGEL,Pavel,2015-07-03,2015,MK1,RUS,25,46,16.58,18.26;World Cup Liptovsky Mikulas 2015; qp:0,14.98;World Cup Krakow 2015; qp:0,None,None,None,None,None,None,None,None,10.77;ICF World ranking Liptovsky Mikulas 2015; qp:8.77,None,None,None,None,15.46;World Championships Deep Creek 2014; qp:0,None,31.07;World Cup Augsburg 2014; qp:0,None,None,None,24.81;World Cup Prague 2014; qp:0,31.82;World Cup Tacen 2014; qp:0,None,None,None,None,None,None,None,None,None,None,None,None,None,23.44;World Championships Prague 2013; qp:0,None,None,None,None,None,None,None,None,None,None,None,None,None,None,None,None,None,None,None,None,None,None,None,None,None,None,None,None,None,None,None,None,None,None,None,None,None,None,None,None,None,None,None,None,None,None,None,None,None,None,None,None,None,None,None,None,None,None,None,None,None,None,None
202ad91175f4e0ee7ed6b20a3cee86c8,1778586524779198,Pavel EIGEL,EIGEL,Pavel,2015-06-06,2015,MK1,RUS,25,50,18.05,None,None,None,None,None,None,None,10.77;ICF World ranking Liptovsky Mikulas 2015; qp:8.77,None,None,None,None,15.46;World Championships Deep Creek 2014; qp:0,None,31.07;World Cup Augsburg 2014; qp:0,None,None,None,24.81;World Cup Prague 2014; qp:0,31.82;World Cup Tacen 2014; qp:0,None,None,None,None,None,None,None,None,None,None,None,None,None,23.44;World Championships Prague 2013; qp:0,None,None,None,None,33.87;World Cup La Seu 2013; qp:0,None,15.76;World Cup Cardiff 2013; qp:0,None,None,None,None,None,None,None,None,None,None,None,None,None,None,None,None,None,None,None,None,None,None,None,None,None,None,None,None,None,None,None,None,None,None,None,None,None,None,None,None,None,None,None,None,None,None,None,None,None,None,None,None,None,None,None,None,None,None,None
d2c44f94bc0728c5f7a9f870f62ba8a8,1778586524779198,Pavel EIGEL,EIGEL,Pavel,2014-09-17,2014,MK1,RUS,24,39,15.52,15.46;World Championships Deep Creek 2014; qp:0,None,31.07;World Cup Augsburg 2014; qp:0,None,None,None,24.81;World Cup Prague 2014; qp:0,31.82;World Cup Tacen 2014; qp:0,None,None,None,None,None,None,None,None,None,None,None,None,None,23.44;World Championships Prague 2013; qp:0,None,None,None,None,33.87;World Cup La Seu 2013; qp:0,None,15.76;World Cup Cardiff 2013; qp:0,None,None,None,None,None,None,None,None,None,None,None,None,None,None,None,None,None,None,None,None,None,None,None,None,None,None,None,None,None,None,None,None,None,None,None,None,None,None,None,None,None,None,None,None,None,None,None,None,None,None,None,None,None,None,None,None,None,None,None,None,None,None,None,None,None,None,None,None,None,None,None
69a80e0e0d8df616743495195ed975fd,1778586524779198,Pavel EIGEL,EIGEL,Pavel,2014-08-15,2014,MK1,RUS,24,46,17.39,31.07;World Cup Augsburg 2014; qp:0,None,None,None,24.81;World Cup Prague 2014; qp:0,31.82;World Cup Tacen 2014; qp:0,None,None,None,None,None,None,None,None,None,None,None,None,None,23.44;World Championships Prague 2013; qp:0,None,None,None,29.09;ICF World ranking Liptovsky Mikulas 2013; qp:10.24,None,None,33.87;World Cup La Seu 2013; qp:0,None,15.76;World Cup Cardiff 2013; qp:0,None,None,None,13.52;ICF World ranking Liptovsky Mikulas 2013; qp:6.38,None,None,None,9.43;ICF World ranking Liptovsky Mikulas 2013; qp:7.76,None,None,None,None,None,None,None,None,None,None,None,None,None,None,None,None,None,None,None,None,None,None,None,None,None,None,None,None,None,None,None,None,None,None,None,None,None,None,None,None,None,None,None,None,None,None,None,None,None,None,None,None,None,None,None,None,None,None,None,None,None,None,None
7e4ac8ba18aa72434eb7ec085290852c,1778586524779198,Pavel EIGEL,EIGEL,Pavel,2014-06-20,2014,MK1,RUS,24,43,17.39,24.81;World Cup Prague 2014; qp:0,31.82;World Cup Tacen 2014; qp:0,None,None,None,None,None,None,None,None,None,None,None,None,None,23.44;World Championships Prague 2013; qp:0,None,None,None,29.09;ICF World ranking Liptovsky Mikulas 2013; qp:10.24,None,None,33.87;World Cup La Seu 2013; qp:0,None,15.76;World Cup Cardiff 2013; qp:0,None,None,None,13.52;ICF World ranking Liptovsky Mikulas 2013; qp:6.38,None,None,None,9.43;ICF World ranking Liptovsky Mikulas 2013; qp:7.76,None,None,None,None,None,None,None,None,None,None,None,None,None,None,None,None,None,None,None,None,None,None,None,None,None,None,None,None,None,None,None,None,None,None,None,None,None,None,None,None,None,None,None,None,None,None,None,None,None,None,None,None,None,None,None,None,None,None,None,None,None,None,None,None,None,None,None
870a59de956faf8ed6a362db569bb2c3,1778586524779198,Pavel EIGEL,EIGEL,Pavel,2014-05-23,2014,MK1,RUS,24,44,18.25,None,None,None,None,None,None,None,None,None,None,None,None,23.44;World Championships Prague 2013; qp:0,None,None,None,29.09;ICF World ranking Liptovsky Mikulas 2013; qp:10.24,None,None,33.87;World Cup La Seu 2013; qp:0,None,15.76;World Cup Cardiff 2013; qp:0,None,None,None,13.52;ICF World ranking Liptovsky Mikulas 2013; qp:6.38,None,None,None,None,None,None,None,None,None,None,None,None,None,None,29.95;World Cup La Seu 2012; qp:0,None,None,None,None,None,None,None,None,None,None,None,None,None,None,None,None,None,None,None,None,None,None,None,None,None,None,None,None,None,None,None,None,None,None,None,None,None,None,None,None,None,None,None,None,None,None,None,None,None,None,None,None,None,None,None,None,None,None,None
122581eb9f3e6e34356f75f8712c8a89,1778586524779198,Pavel EIGEL,EIGEL,Pavel,2013-09-11,2013,MK1,RUS,23,39,16.57,23.44;World Championships Prague 2013; qp:0,None,None,None,29.09;ICF World ranking Liptovsky Mikulas 2013; qp:10.24,None,None,33.87;World Cup La Seu 2013; qp:0,None,15.76;World Cup Cardiff 2013; qp:0,None,None,None,13.52;ICF World ranking Liptovsky Mikulas 2013; qp:6.38,None,None,None,9.43;ICF World ranking Liptovsky Mikulas 2013; qp:7.76,None,None,None,None,None,None,None,None,None,24;ICF World ranking Wausau 2012; qp:8.28,None,None,29.95;World Cup La Seu 2012; qp:0,None,None,None,None,None,None,None,None,None,32.02;Oceania Championships Penrith 2012; qp:1.41,20.69;ICF World ranking Penrith 2012; qp:1.73,None,None,None,None,None,None,None,None,None,None,None,None,None,None,None,None,None,None,None,None,None,None,None,None,None,None,None,None,None,None,None,None,None,None,None,None,None,None,None,None,None,None,None,None,None,None,None,None,None,None,None,None,None,None,None,None,None,None
c0a860884343bb2efcc5ba1e0d069819,1778586524779198,Pavel EIGEL,EIGEL,Pavel,2013-08-23,2013,MK1,RUS,23,39,16.67,None,None,None,29.09;ICF World ranking Liptovsky Mikulas 2013; qp:10.24,None,None,33.87;World Cup La Seu 2013; qp:0,None,15.76;World Cup Cardiff 2013; qp:0,None,None,None,13.52;ICF World ranking Liptovsky Mikulas 2013; qp:6.38,None,None,None,9.43;ICF World ranking Liptovsky Mikulas 2013; qp:7.76,None,None,None,None,None,None,None,None,None,24;ICF World ranking Wausau 2012; qp:8.28,None,None,29.95;World Cup La Seu 2012; qp:0,None,None,None,None,None,None,None,None,None,32.02;Oceania Championships Penrith 2012; qp:1.41,20.69;ICF World ranking Penrith 2012; qp:1.73,None,None,23.97;ICF World ranking Bratislava 2011; qp:0,None,None,None,None,None,None,None,None,None,None,None,None,None,None,None,None,None,None,None,None,None,None,None,None,None,None,None,None,None,None,None,None,None,None,None,None,None,None,None,None,None,None,None,None,None,None,None,None,None,None,None,None,None,None,None,None
debe1e041219a95e742916a66c5a6cf7,1778586524779198,Pavel EIGEL,EIGEL,Pavel,2013-05-25,2013,MK1,RUS,23,48,18.32,None,None,None,13.52;ICF World ranking Liptovsky Mikulas 2013; qp:6.38,None,None,None,9.43;ICF World ranking Liptovsky Mikulas 2013; qp:7.76,None,None,None,None,None,None,None,None,None,24;ICF World ranking Wausau 2012; qp:8.28,None,None,29.95;World Cup La Seu 2012; qp:0,None,None,None,None,None,None,None,None,None,32.02;Oceania Championships Penrith 2012; qp:1.41,20.69;ICF World ranking Penrith 2012; qp:1.73,None,None,23.97;ICF World ranking Bratislava 2011; qp:0,27.75;World Cup Prague 2011; qp:0,None,None,None,37.22;World Cup Tacen 2011; qp:0,None,None,None,None,None,None,None,None,None,None,None,None,None,None,None,None,None,None,None,None,None,None,None,None,None,None,None,None,None,None,None,None,None,None,None,None,None,None,None,None,None,None,None,None,None,None,None,None,None,None,None,None,None,None,None,None,None,None,None,None
2b4cacee182f9e3c2efa03c5ab8aa7ce,1778586524779198,Pavel EIGEL,EIGEL,Pavel,2013-04-13,2013,MK1,RUS,23,58,21.21,None,None,None,None,None,None,None,None,None,24;ICF World ranking Wausau 2012; qp:8.28,None,None,29.95;World Cup La Seu 2012; qp:0,None,None,None,None,None,None,None,None,None,32.02;Oceania Championships Penrith 2012; qp:1.41,20.69;ICF World ranking Penrith 2012; qp:1.73,None,None,23.97;ICF World ranking Bratislava 2011; qp:0,27.75;World Cup Prague 2011; qp:0,None,None,None,37.22;World Cup Tacen 2011; qp:0,None,None,9.62;ICF World ranking Liptovsky Mikulas 2011; qp:5.07,None,None,None,None,None,None,None,None,None,None,None,None,None,None,None,None,None,None,None,None,None,None,None,None,None,None,None,None,None,None,None,None,None,None,None,None,None,None,None,None,None,None,None,None,None,None,None,None,None,None,None,None,None,None,None,None,None,None,None,None,None,None,None,None,None
a731f3a25f5c8b0c8894f264b9d65a5f,1778586524779198,Pavel EIGEL,EIGEL,Pavel,2012-08-31,2012,MK1,RUS,22,62,18.09,None,None,None,24;ICF World ranking Wausau 2012; qp:8.28,None,None,29.95;World Cup La Seu 2012; qp:0,None,None,None,None,None,None,None,None,None,32.02;Oceania Championships Penrith 2012; qp:1.41,20.69;ICF World ranking Penrith 2012; qp:1.73,None,None,23.97;ICF World ranking Bratislava 2011; qp:0,27.75;World Cup Prague 2011; qp:0,None,None,None,37.22;World Cup Tacen 2011; qp:0,None,None,9.62;ICF World ranking Liptovsky Mikulas 2011; qp:5.07,None,None,None,None,None,None,None,None,None,None,None,None,None,None,None,None,None,None,None,None,None,None,None,None,None,None,None,None,None,None,None,None,None,None,None,None,None,None,None,None,None,None,None,None,None,None,None,None,None,None,None,None,None,None,None,None,None,None,None,None,None,None,None,None,None,None,None,None,None,None,None
7e5187bad30fc7054d2c1856f3b66fd8,1778586524779198,Pavel EIGEL,EIGEL,Pavel,2012-07-28,2012,MK1,RUS,22,65,18.09,None,24;ICF World ranking Wausau 2012; qp:8.28,None,None,29.95;World Cup La Seu 2012; qp:0,None,None,None,None,None,None,None,None,None,32.02;Oceania Championships Penrith 2012; qp:1.41,20.69;ICF World ranking Penrith 2012; qp:1.73,None,None,23.97;ICF World ranking Bratislava 2011; qp:0,27.75;World Cup Prague 2011; qp:0,None,None,None,37.22;World Cup Tacen 2011; qp:0,None,None,9.62;ICF World ranking Liptovsky Mikulas 2011; qp:5.07,None,None,None,None,None,None,None,None,None,None,None,None,None,None,None,None,None,None,None,None,None,None,None,None,None,None,None,None,None,None,None,None,None,None,None,None,None,None,None,None,None,None,None,None,None,None,None,None,None,None,None,None,None,None,None,None,None,None,None,None,None,None,None,None,None,None,None,None,None,None,None,None,None
1d9e74b131fdc11043fcb834bb01e7a5,1778586524779198,Pavel EIGEL,EIGEL,Pavel,2012-06-22,2012,MK1,RUS,22,68,18.07,29.95;World Cup La Seu 2012; qp:0,None,None,None,None,None,None,None,None,None,32.02;Oceania Championships Penrith 2012; qp:1.41,20.69;ICF World ranking Penrith 2012; qp:1.73,None,None,23.97;ICF World ranking Bratislava 2011; qp:0,27.75;World Cup Prague 2011; qp:0,None,None,None,37.22;World Cup Tacen 2011; qp:0,None,None,9.62;ICF World ranking Liptovsky Mikulas 2011; qp:5.07,None,None,None,None,None,None,None,None,None,23.91;ICF World ranking Markkleeberg 2010; qp:5.79,None,39.37;World Cup Augsburg 2010; qp:0,None,None,None,None,None,None,None,None,None,None,None,None,None,None,None,None,None,None,None,None,None,None,None,None,None,None,None,None,None,None,None,None,None,None,None,None,None,None,None,None,None,None,None,None,None,None,None,None,None,None,None,None,None,None,None,None,None,None,None,None,None,None,None,None,None
a1918240b82cbffd872e0bf9bbac524e,1778586524779198,Pavel EIGEL,EIGEL,Pavel,2012-05-05,2012,MK1,RUS,22,69,18.07,None,None,None,None,None,None,None,32.02;Oceania Championships Penrith 2012; qp:1.41,20.69;ICF World ranking Penrith 2012; qp:1.73,None,None,23.97;ICF World ranking Bratislava 2011; qp:0,27.75;World Cup Prague 2011; qp:0,None,None,None,37.22;World Cup Tacen 2011; qp:0,None,None,9.62;ICF World ranking Liptovsky Mikulas 2011; qp:5.07,None,None,None,None,None,None,None,None,None,23.91;ICF World ranking Markkleeberg 2010; qp:5.79,None,39.37;World Cup Augsburg 2010; qp:0,None,32.67;World Cup Prague 2010; qp:0,None,None,None,None,None,None,None,None,None,None,None,None,None,None,None,None,None,None,None,None,None,None,None,None,None,None,None,None,None,None,None,None,None,None,None,None,None,None,None,None,None,None,None,None,None,None,None,None,None,None,None,None,None,None,None,None,None,None,None,None,None,None,None,None,None,None
94b43fc262bf7efcfd5b95bb3c400f17,1778586524779198,Pavel EIGEL,EIGEL,Pavel,2011-09-07,2011,MK1,RUS,21,66,19.17,23.97;ICF World ranking Bratislava 2011; qp:0,27.75;World Cup Prague 2011; qp:0,None,None,None,37.22;World Cup Tacen 2011; qp:0,None,None,9.62;ICF World ranking Liptovsky Mikulas 2011; qp:5.07,None,None,None,None,None,None,None,None,None,23.91;ICF World ranking Markkleeberg 2010; qp:5.79,None,39.37;World Cup Augsburg 2010; qp:0,None,32.67;World Cup Prague 2010; qp:0,None,None,None,None,39.93;ICF World ranking Liptovsky Mikulas 2010; qp:6.51,None,None,None,None,None,None,None,None,None,None,None,None,None,None,None,None,None,None,None,None,None,None,None,None,None,None,None,None,None,None,None,None,None,None,None,None,None,None,None,None,None,None,None,None,None,None,None,None,None,None,None,None,None,None,None,None,None,None,None,None,None,None,None,None,None,None,None,None,None,None,None,None
956bc2777f29f35d9ef2a355e01014e4,1778586524779198,Pavel EIGEL,EIGEL,Pavel,2011-08-12,2011,MK1,RUS,21,75,20.43,27.75;World Cup Prague 2011; qp:0,None,None,None,37.22;World Cup Tacen 2011; qp:0,None,None,9.62;ICF World ranking Liptovsky Mikulas 2011; qp:5.07,None,None,None,None,None,None,None,None,None,23.91;ICF World ranking Markkleeberg 2010; qp:5.79,None,39.37;World Cup Augsburg 2010; qp:0,None,32.67;World Cup Prague 2010; qp:0,None,None,None,None,39.93;ICF World ranking Liptovsky Mikulas 2010; qp:6.51,None,None,None,None,None,None,None,None,None,None,28.83;World Championships La Seu 2009; qp:0,None,None,None,None,None,None,None,None,None,None,None,None,None,None,None,None,None,None,None,None,None,None,None,None,None,None,None,None,None,None,None,None,None,None,None,None,None,None,None,None,None,None,None,None,None,None,None,None,None,None,None,None,None,None,None,None,None,None,None,None,None,None
3d5e81ed987bb837aed9a17cd5fdb53e,1778586524779198,Pavel EIGEL,EIGEL,Pavel,2011-07-08,2011,MK1,RUS,21,78,20.79,None,None,37.22;World Cup Tacen 2011; qp:0,None,None,9.62;ICF World ranking Liptovsky Mikulas 2011; qp:5.07,None,None,None,None,None,None,None,None,None,23.91;ICF World ranking Markkleeberg 2010; qp:5.79,None,39.37;World Cup Augsburg 2010; qp:0,None,32.67;World Cup Prague 2010; qp:0,None,None,None,None,39.93;ICF World ranking Liptovsky Mikulas 2010; qp:6.51,None,None,None,None,None,None,None,None,None,None,28.83;World Championships La Seu 2009; qp:0,None,None,None,None,None,None,None,None,None,None,None,None,None,None,None,None,None,None,None,None,None,None,None,None,None,None,None,None,None,None,None,None,None,None,None,None,None,None,None,None,None,None,None,None,None,None,None,None,None,None,None,None,None,None,None,None,None,None,None,None,None,None,None,None
23c9ae4791f2bf80bc473e9bdf79ccd3,1778586524779198,Pavel EIGEL,EIGEL,Pavel,2011-05-21,2011,MK1,RUS,21,74,20.79,None,9.62;ICF World ranking Liptovsky Mikulas 2011; qp:5.07,None,None,None,None,None,None,None,None,None,23.91;ICF World ranking Markkleeberg 2010; qp:5.79,None,39.37;World Cup Augsburg 2010; qp:0,None,32.67;World Cup Prague 2010; qp:0,None,None,None,None,39.93;ICF World ranking Liptovsky Mikulas 2010; qp:6.51,None,None,None,None,None,None,None,None,None,None,28.83;World Championships La Seu 2009; qp:0,None,None,None,None,None,None,None,None,None,None,None,None,None,None,None,None,None,None,None,None,None,None,None,None,None,None,None,None,None,None,None,None,None,None,None,None,None,None,None,None,None,None,None,None,None,None,None,None,None,None,None,None,None,None,None,None,None,None,None,None,None,None,None,None,None,None,None,None
ed68550eec21e0492730f6061446e63a,1778586524779198,Pavel EIGEL,EIGEL,Pavel,2010-09-09,2010,MK1,RUS,20,76,21.99,None,None,None,23.91;ICF World ranking Markkleeberg 2010; qp:5.79,None,39.37;World Cup Augsburg 2010; qp:0,None,32.67;World Cup Prague 2010; qp:0,None,None,None,None,39.93;ICF World ranking Liptovsky Mikulas 2010; qp:6.51,None,None,None,None,None,None,None,None,None,None,28.83;World Championships La Seu 2009; qp:0,None,None,None,None,None,None,None,None,None,None,32.09;ICF World ranking Nottingham 2009; qp:0.91,10.52;Tatra slalom Liptovsky Mikulas 2009; qp:2.36,None,34.75;Australian Open Penrith 2009; qp:2.53,None,None,None,None,None,None,None,None,None,None,None,None,None,None,None,None,None,None,None,None,None,None,None,None,None,None,None,None,None,None,None,None,None,None,None,None,None,None,None,None,None,None,None,None,None,None,None,None,None,None,None,None,None,None,None,None,None,None,None,None,None,None
460f308fa2601bbf9d21111020b3b6db,1778586524779198,Pavel EIGEL,EIGEL,Pavel,2010-08-21,2010,MK1,RUS,20,75,21.99,None,None,23.91;ICF World ranking Markkleeberg 2010; qp:5.79,None,39.37;World Cup Augsburg 2010; qp:0,None,32.67;World Cup Prague 2010; qp:0,None,None,None,None,39.93;ICF World ranking Liptovsky Mikulas 2010; qp:6.51,None,None,None,None,None,None,None,None,None,None,28.83;World Championships La Seu 2009; qp:0,None,None,None,None,None,None,None,None,None,None,32.09;ICF World ranking Nottingham 2009; qp:0.91,10.52;Tatra slalom Liptovsky Mikulas 2009; qp:2.36,None,34.75;Australian Open Penrith 2009; qp:2.53,None,None,None,None,None,None,None,None,None,None,None,None,None,None,None,None,None,None,None,None,None,None,None,None,None,None,None,None,None,None,None,None,None,None,None,None,None,None,None,None,None,None,None,None,None,None,None,None,None,None,None,None,None,None,None,None,None,None,None,None,None,None,None
87073bc3c9db87a6cc44046c6115085c,1778586524779198,Pavel EIGEL,EIGEL,Pavel,2010-07-02,2010,MK1,RUS,20,83,23.81,39.37;World Cup Augsburg 2010; qp:0,None,32.67;World Cup Prague 2010; qp:0,15.87;ICF World ranking Cunovo 2010; qp:-18.68,None,None,None,None,39.93;ICF World ranking Liptovsky Mikulas 2010; qp:6.51,None,None,None,None,None,None,None,None,None,28.83;World Championships La Seu 2009; qp:0,None,None,None,None,None,None,None,None,None,None,32.09;ICF World ranking Nottingham 2009; qp:0.91,10.52;Tatra slalom Liptovsky Mikulas 2009; qp:2.36,None,34.75;Australian Open Penrith 2009; qp:2.53,None,None,None,None,None,None,None,None,None,None,None,None,None,None,None,None,None,None,None,None,None,None,None,None,None,None,None,None,None,None,None,None,None,None,None,None,None,None,None,None,None,None,None,None,None,None,None,None,None,None,None,None,None,None,None,None,None,None,None,None,None,None,None,None,None,None,None
388d1eaa42b98f1b6b81b2b107be61e5,1778586524779198,Pavel EIGEL,EIGEL,Pavel,2010-06-05,2010,MK1,RUS,20,77,23.81,15.87;ICF World ranking Cunovo 2010; qp:-18.68,None,None,None,None,39.93;ICF World ranking Liptovsky Mikulas 2010; qp:6.51,None,None,None,None,None,None,None,None,None,None,28.83;World Championships La Seu 2009; qp:0,None,None,None,None,None,None,None,None,None,None,32.09;ICF World ranking Nottingham 2009; qp:0.91,10.52;Tatra slalom Liptovsky Mikulas 2009; qp:2.36,None,34.75;Australian Open Penrith 2009; qp:2.53,None,None,None,None,None,None,None,None,None,None,None,None,None,None,None,None,None,None,None,None,None,None,None,None,None,None,None,None,None,None,None,None,None,None,None,None,None,None,None,None,None,None,None,None,None,None,None,None,None,None,None,None,None,None,None,None,None,None,None,None,None,None,None,None,None,None,None,None,None
ba0edbdaf8bee318df0583a6e1f853d3,1778586524779198,Pavel EIGEL,EIGEL,Pavel,2009-10-24,2009,MK1,RUS,19,79,23.81,None,None,None,None,28.83;World Championships La Seu 2009; qp:0,None,None,None,None,None,None,None,None,None,None,32.09;ICF World ranking Nottingham 2009; qp:0.91,10.52;Tatra slalom Liptovsky Mikulas 2009; qp:2.36,None,34.75;Australian Open Penrith 2009; qp:2.53,None,None,None,None,None,None,None,None,None,None,None,None,None,None,None,None,None,None,None,None,None,None,None,None,None,None,None,None,None,None,None,None,None,None,None,None,None,None,None,None,None,None,None,None,None,None,None,None,None,None,None,None,None,None,None,None,None,None,None,None,None,None,None,None,None,None,None,None,None,None,None,None,None,None,None,None,None,None,None,None,None
feef2263edb9dc81952353f50d2d5668,1778586524779198,Pavel EIGEL,EIGEL,Pavel,2009-08-22,2009,MK1,RUS,19,77,25.79,None,None,None,None,None,None,None,None,None,None,32.09;ICF World ranking Nottingham 2009; qp:0.91,10.52;Tatra slalom Liptovsky Mikulas 2009; qp:2.36,None,34.75;Australian Open Penrith 2009; qp:2.53,None,None,None,None,None,None,None,None,None,None,None,None,None,None,None,None,None,None,None,None,None,None,None,None,None,None,None,None,None,None,None,None,None,None,None,None,None,None,None,None,None,None,None,None,None,None,None,None,None,None,None,None,None,None,None,None,None,None,None,None,None,None,None,None,None,None,None,None,None,None,None,None,None,None,None,None,None,None,None,None,None,None,None,None,None,None
baa5e2eca6eb7898aa87f0e3059b442e,1778586524779198,Pavel EIGEL,EIGEL,Pavel,2009-07-11,2009,MK1,RUS,19,71,25.79,None,None,None,None,None,None,32.09;ICF World ranking Nottingham 2009; qp:0.91,10.52;Tatra slalom Liptovsky Mikulas 2009; qp:2.36,None,34.75;Australian Open Penrith 2009; qp:2.53,None,None,None,None,None,None,None,None,None,None,None,None,None,None,None,None,None,None,None,None,None,None,None,None,None,None,None,None,None,None,None,None,None,None,None,None,None,None,None,None,None,None,None,None,None,None,None,None,None,None,None,None,None,None,None,None,None,None,None,None,None,None,None,None,None,None,None,None,None,None,None,None,None,None,None,None,None,None,None,None,None,None,None,None,None,None,None,None,None,None
ea1453e40fc33b8dbb8cfdcad9f842c6,1778586524779198,Pavel EIGEL,EIGEL,Pavel,2009-06-20,2009,MK1,RUS,19,76,25.79,None,None,None,32.09;ICF World ranking Nottingham 2009; qp:0.91,10.52;Tatra slalom Liptovsky Mikulas 2009; qp:2.36,None,34.75;Australian Open Penrith 2009; qp:2.53,None,None,None,None,None,None,None,None,None,None,None,None,None,None,None,None,None,None,None,None,None,None,None,None,None,None,None,None,None,None,None,None,None,None,None,None,None,None,None,None,None,None,None,None,None,None,None,None,None,None,None,None,None,None,None,None,None,None,None,None,None,None,None,None,None,None,None,None,None,None,None,None,None,None,None,None,None,None,None,None,None,None,None,None,None,None,None,None,None,None,None,None,None
3db2a6968b8a99095fe36b1f9a9c8662,1787573484683840,Peter KAUZER,KAUZER,Peter,2026-08-21,2026,MK1,SLO,43,9,4.64,None,None,None,14.97;World Championships Oklahoma 2026; qp:0,None,None,10.92;World Cup Augsburg 2026; qp:0,24.41;World Cup Prague 2026; qp:0,132.21;World Cup Tacen 2026; qp:0,None,None,None,9.23;ICF World ranking Tacen 2026; qp:4.77,None,None,18.79;ICF World ranking Ivrea 2026; qp:4.77,None,None,None,13;ICF World ranking Solkan 2026; qp:7.32,30.81;ICF World ranking Oklahoma 2026; qp:1.89,None,None,None,None,None,None,None,None,None,None,None,None,None,None,4.05;World Championships Penrtih 2025; qp:0,21.81;World Cup Augsburg 2025; qp:0,7.13;World Cup Tacen 2025; qp:0,None,None,None,None,None,None,None,None,15.06;World Cup Prague 2025; qp:0,27.7;World Cup Pau 2025; qp:0,16.56;World Cup La Seu 2025; qp:0,12.06;ICF World ranking Vaires sur Marne 2025; qp:1.55,None,None,40.32;ICF World ranking Ivrea 2025; qp:6.02,None,5.28;ICF World ranking Tacen 2025; qp:5.28,None,None,None,None,21.66;ICF World ranking Solkan 2025; qp:8.95,None,None,None,None,None,None,None,None,None,None,None,6.06;ICF World ranking Ile de la Reunion 2025; qp:6.06,None,None,None,None,None,None,None,None,5.88;World Cup La Seu 2024; qp:0,1.91;World Cup Ivrea 2024; qp:0,29.22;ICF World ranking Tacen 2024; qp:1.01,None,None,None,None,None,None,None,None,None,None,None,None,None,None,None,None,None
19c8aa452450801a19716a7f34470b5e,1787573484683840,Peter KAUZER,KAUZER,Peter,2026-07-06,2026,MK1,SLO,43,9,4.64,10.92;Team trials Augsburg 2026; qp:0,24.41;Team trials Ceske Budejovice 2026; qp:0,132.21;Team trials Solkan 2026; qp:0,None,None,None,9.23;Team trials Solkan 2026; qp:4.77,None,None,18.79;Team trials Ivrea 2026; qp:4.77,None,None,None,13;Team trials Solkan 2026; qp:7.32,30.81;Team trials Deep Creek 2026; qp:1.89,None,None,None,None,None,None,None,None,None,None,None,None,None,None,4.05;World Championships Penrtih 2025; qp:0,21.81;Team trials Augsburg 2025; qp:0,7.13;Team trials Solkan 2025; qp:0,None,None,None,None,None,None,None,None,15.06;Team trials Ceske Budejovice 2025; qp:0,27.7;Team trials Orthez 2025; qp:0,16.56;Team trials Mondariz 2025; qp:0,12.06;Team trials Solkan 2025; qp:1.55,None,None,40.32;Team trials Ivrea 2025; qp:6.02,None,5.28;Team trials Solkan 2025; qp:5.28,None,None,None,None,21.66;Team trials Solkan 2025; qp:8.95,None,None,None,None,None,None,None,None,None,None,None,6.06;Team trials Orthez 2025; qp:6.06,None,None,None,None,None,None,None,None,5.88;Team trials Mondariz 2024; qp:0,1.91;Team trials Ivrea 2024; qp:0,None,36.39;Olympic Games Paris 2024; qp:0,None,None,29.22;ICF World ranking Tacen 2024; qp:1.01,None,None,None,None,None,None,None,None,None,None,None,None,None,None,None,None,None,None,None
91b70a7850d479913598d6d09b82f8b6,1778585356774369,Peter KAUZER,KAUZER,Peter,2026-03-31,2026,MK1,SLO,43,7,3.61,30.81;ICF World ranking Oklahoma 2026; qp:1.89,None,None,None,None,None,None,None,None,None,None,None,None,None,None,4.05;World Championships Penrtih 2025; qp:0,21.81;World Cup Augsburg 2025; qp:0,7.13;World Cup Tacen 2025; qp:0,None,None,None,None,None,None,None,None,15.06;World Cup Prague 2025; qp:0,27.7;World Cup Pau 2025; qp:0,16.56;World Cup La Seu 2025; qp:0,12.06;ICF World ranking Vaires sur Marne 2025; qp:1.55,None,None,40.32;ICF World ranking Ivrea 2025; qp:6.02,None,5.28;ICF World ranking Tacen 2025; qp:5.28,None,None,None,None,21.66;ICF World ranking Solkan 2025; qp:8.95,None,None,None,None,None,None,None,None,None,None,None,6.06;ICF World ranking Ile de la Reunion 2025; qp:6.06,None,None,None,None,None,None,None,None,5.88;World Cup La Seu 2024; qp:0,1.91;World Cup Ivrea 2024; qp:0,None,36.39;Olympic Games Paris 2024; qp:0,None,None,None,5.31;World Cup Prague 2024; qp:0,1.52;World Cup Augsburg 2024; qp:0,None,None,29.22;ICF World ranking Tacen 2024; qp:1.01,None,5.63;ICF World ranking Tacen 2024; qp:3.64,11.68;ICF World ranking Solkan 2024; qp:10.07,None,None,None,None,None,None,None,None,None,None,None,None,None,None,None,None,None,None,None,None,None,None,None,None,None
ca0a73ae02902cb63370e6f70d3504e2,1778585356774369,Peter KAUZER,KAUZER,Peter,2025-10-15,2025,MK1,SLO,42,6,3.61,4.05;World Championships Penrtih 2025; qp:0,21.81;World Cup Augsburg 2025; qp:0,7.13;World Cup Tacen 2025; qp:0,None,None,None,None,None,None,None,None,15.06;World Cup Prague 2025; qp:0,27.7;World Cup Pau 2025; qp:0,16.56;World Cup La Seu 2025; qp:0,12.06;ICF World ranking Vaires sur Marne 2025; qp:1.55,None,None,40.32;ICF World ranking Ivrea 2025; qp:6.02,None,5.28;ICF World ranking Tacen 2025; qp:5.28,None,None,None,None,21.66;ICF World ranking Solkan 2025; qp:8.95,None,None,None,None,None,None,None,None,None,None,None,6.06;ICF World ranking Ile de la Reunion 2025; qp:6.06,None,None,None,None,None,None,None,None,5.88;World Cup La Seu 2024; qp:0,1.91;World Cup Ivrea 2024; qp:0,None,36.39;Olympic Games Paris 2024; qp:0,None,None,None,5.31;World Cup Prague 2024; qp:0,1.52;World Cup Augsburg 2024; qp:0,None,None,29.22;ICF World ranking Tacen 2024; qp:1.01,None,5.63;ICF World ranking Tacen 2024; qp:3.64,11.68;ICF World ranking Solkan 2024; qp:10.07,None,None,None,None,None,None,None,None,None,None,None,None,None,None,None,None,None,None,None,None,None,None,None,None,None,None,None,None,None,None,None,None,None,None,None,None,None,None,None,None
4f17672ea0a753bfd2e44ecf0c8c459e,1778585356774369,Peter KAUZER,KAUZER,Peter,2025-09-10,2025,MK1,SLO,42,5,3.93,21.81;World Cup Augsburg 2025; qp:0,7.13;World Cup Tacen 2025; qp:0,None,None,None,None,None,None,None,None,15.06;World Cup Prague 2025; qp:0,27.7;World Cup Pau 2025; qp:0,16.56;World Cup La Seu 2025; qp:0,12.06;ICF World ranking Vaires sur Marne 2025; qp:1.55,None,None,40.32;ICF World ranking Ivrea 2025; qp:6.02,None,5.28;ICF World ranking Tacen 2025; qp:5.28,None,None,None,None,21.66;ICF World ranking Solkan 2025; qp:8.95,None,None,None,None,None,None,None,None,None,None,None,6.06;ICF World ranking Ile de la Reunion 2025; qp:6.06,None,None,None,None,None,None,None,None,5.88;World Cup La Seu 2024; qp:0,1.91;World Cup Ivrea 2024; qp:0,None,36.39;Olympic Games Paris 2024; qp:0,None,None,None,5.31;World Cup Prague 2024; qp:0,1.52;World Cup Augsburg 2024; qp:0,None,None,29.22;ICF World ranking Tacen 2024; qp:1.01,None,5.63;ICF World ranking Tacen 2024; qp:3.64,11.68;ICF World ranking Solkan 2024; qp:10.07,None,None,None,None,None,None,None,None,None,None,17.72;World Championships Lee Valley 2023; qp:0,None,None,None,None,None,None,None,None,None,None,None,None,None,None,None,None,None,None,None,None,None,None,None,None,None,None,None,None,None,None
3e34beb5c552dc7eac572268a9f5ed3e,1778585356774369,Peter KAUZER,KAUZER,Peter,2025-07-01,2025,MK1,SLO,42,5,2.8,15.06;World Cup Prague 2025; qp:0,27.7;World Cup Pau 2025; qp:0,16.56;World Cup La Seu 2025; qp:0,12.06;Euros Vaires sur Marne 2025; qp:1.55,None,None,40.32;ICF World ranking Ivrea 2025; qp:6.02,None,5.28;ICF World ranking Tacen 2025; qp:5.28,None,None,None,None,21.66;ICF World ranking Solkan 2025; qp:8.95,None,None,None,None,None,None,None,None,None,None,None,6.06;ICF World ranking Ile de la Reunion 2025; qp:6.06,None,None,None,None,None,None,None,None,5.88;World Cup La Seu 2024; qp:0,1.91;World Cup Ivrea 2024; qp:0,None,36.39;Olympic Games Paris 2024; qp:0,None,None,None,5.31;World Cup Prague 2024; qp:0,1.52;World Cup Augsburg 2024; qp:0,None,None,29.22;ICF World ranking Tacen 2024; qp:1.01,None,5.63;ICF World ranking Tacen 2024; qp:3.64,11.68;ICF World ranking Solkan 2024; qp:10.07,None,None,None,None,None,None,None,None,None,None,None,None,None,None,22.66;World Cup Vaires sur Marne 2023; qp:0,17.72;World Championships Lee Valley 2023; qp:0,0;World Cup La Seu 2023; qp:0,None,None,None,None,None,None,None,None,None,None,None,None,None,None,None,None,None,None,None,None,None,None,None,None,None,None,None,None,None,None,None,None,None,None
849b5590d8ea8c2a0f8ca96b5121cff9,1778585356774369,Peter KAUZER,KAUZER,Peter,2025-05-30,2025,MK1,SLO,42,5,2.8,12.06;Euros Vaires sur Marne 2025; qp:1.55,None,None,40.32;ICF World ranking Ivrea 2025; qp:6.02,None,5.28;ICF World ranking Tacen 2025; qp:5.28,None,None,None,None,21.66;ICF World ranking Solkan 2025; qp:8.95,None,None,None,None,None,None,None,None,None,None,None,6.06;ICF World ranking Ile de la Reunion 2025; qp:6.06,None,None,None,None,None,None,None,None,5.88;World Cup La Seu 2024; qp:0,1.91;World Cup Ivrea 2024; qp:0,None,36.39;Olympic Games Paris 2024; qp:0,None,None,None,5.31;World Cup Prague 2024; qp:0,1.52;World Cup Augsburg 2024; qp:0,None,None,29.22;ICF World ranking Tacen 2024; qp:1.01,None,5.63;ICF World ranking Tacen 2024; qp:3.64,11.68;ICF World ranking Solkan 2024; qp:10.07,None,None,None,None,None,None,None,None,None,None,None,None,None,None,22.66;World Cup Vaires sur Marne 2023; qp:0,17.72;World Championships Lee Valley 2023; qp:0,0;World Cup La Seu 2023; qp:0,None,None,None,None,None,None,19.1;World Cup Tacen 2023; qp:0,20.15;World Cup Prague 2023; qp:0,24.53;World Cup Augsburg 2023; qp:0,None,None,None,None,None,None,None,None,None,None,None,None,None,None,None,None,None,None,None,None,None,None,None,None,None,None,None,None
164bf6acd83b4e66f5f69bb801415c0f,1778585356774369,Peter KAUZER,KAUZER,Peter,2025-04-03,2025,MK1,SLO,42,5,2.87,None,None,None,None,None,None,None,None,None,None,None,6.06;ICF World ranking Ile de la Reunion 2025; qp:6.06,None,None,None,None,None,None,None,None,5.88;World Cup La Seu 2024; qp:0,1.91;World Cup Ivrea 2024; qp:0,None,36.39;Olympic Games Paris 2024; qp:0,None,None,None,5.31;World Cup Prague 2024; qp:0,1.52;World Cup Augsburg 2024; qp:0,None,None,29.22;ICF World ranking Tacen 2024; qp:1.01,None,5.63;ICF World ranking Tacen 2024; qp:3.64,11.68;ICF World ranking Solkan 2024; qp:10.07,None,None,None,None,None,None,None,None,None,None,None,None,None,None,22.66;World Cup Vaires sur Marne 2023; qp:0,17.72;World Championships Lee Valley 2023; qp:0,0;World Cup La Seu 2023; qp:0,None,None,None,None,None,16.56;ICF World ranking Krakow 2023; qp:0.71,None,19.1;World Cup Tacen 2023; qp:0,20.15;World Cup Prague 2023; qp:0,24.53;World Cup Augsburg 2023; qp:0,None,None,6.58;ICF World ranking Tacen 2023; qp:6.58,7.97;ICF World ranking Solkan 2023; qp:7.97,None,None,None,None,None,None,None,None,None,None,None,None,None,None,None,None,None,None,None,None,None,None,None,None,None,None,None,None,None,None,None,None,None,None
8064aa852623cb9bc0858415c0390778,1778585356774369,Peter KAUZER,KAUZER,Peter,2024-09-25,2024,MK1,SLO,41,5,2.87,5.88;World Cup La Seu 2024; qp:0,1.91;World Cup Ivrea 2024; qp:0,None,36.39;Olympic Games Vaires sur Marne 2024; qp:0,None,None,None,5.31;World Cup Prague 2024; qp:0,1.52;World Cup Augsburg 2024; qp:0,None,None,29.22;Euros Tacen 2024; qp:1.01,None,5.63;ICF World ranking Tacen 2024; qp:3.64,11.68;ICF World ranking Solkan 2024; qp:10.07,None,None,None,None,None,None,None,None,None,None,None,None,None,None,22.66;World Cup Vaires sur Marne 2023; qp:0,17.72;World Championships Lee Valley 2023; qp:0,0;World Cup La Seu 2023; qp:0,None,None,None,None,None,16.56;ICF World ranking Krakow 2023; qp:0.71,None,19.1;World Cup Tacen 2023; qp:0,20.15;World Cup Prague 2023; qp:0,24.53;World Cup Augsburg 2023; qp:0,None,None,None,None,None,6.58;ICF World ranking Tacen 2023; qp:6.58,None,7.97;ICF World ranking Solkan 2023; qp:7.97,None,None,None,None,None,None,None,None,None,None,None,None,None,None,None,None,None,None,None,None,None,None,None,None,None,None,None,None,None,None,None,None,None,None,None,None,None,None,None,None,None,None,None,None,None,None,None,None,None,None
6a09556063ee504c7ef3df8c9eb80f82,1778585356774369,Peter KAUZER,KAUZER,Peter,2024-06-20,2024,MK1,SLO,41,5,2.68,None,5.31;World Cup Prague 2024; qp:0,1.52;World Cup Augsburg 2024; qp:0,None,None,29.22;Euros Tacen 2024; qp:1.01,None,None,11.68;ICF World ranking Solkan 2024; qp:10.07,None,None,None,None,None,None,None,None,None,None,None,None,None,None,22.66;World Cup Vaires sur Marne 2023; qp:0,17.72;World Championships Lee Valley 2023; qp:0,0;World Cup La Seu 2023; qp:0,None,None,None,None,None,16.56;Euros Krakow 2023; qp:0.71,None,19.1;World Cup Tacen 2023; qp:0,20.15;World Cup Prague 2023; qp:0,24.53;World Cup Augsburg 2023; qp:0,None,None,None,None,None,6.58;ICF World ranking Tacen 2023; qp:6.58,None,7.97;ICF World ranking Solkan 2023; qp:7.97,None,None,None,None,0.96;ICF World ranking Lee Valley 2022; qp:0.96,None,7.7;World Cup La Seu 2022; qp:0,24.86;World Cup Pau 2022; qp:0,None,10;World Championships Augsburg 2022; qp:0,None,None,None,None,None,None,None,None,None,None,None,None,None,None,None,None,None,None,None,None,None,None,None,None,None,None,None,None,None,None,None,None,None,None,None,None,None,None,None,None,None,None,None,None,None,None
2d93431269c2be88f12490971dd43637,1778585356774369,Peter KAUZER,KAUZER,Peter,2024-05-22,2024,MK1,SLO,41,5,1.83,29.22;Euros Tacen 2024; qp:1.01,None,None,11.68;ICF World ranking Solkan 2024; qp:10.07,None,None,None,None,None,None,None,None,None,None,None,None,None,None,22.66;World Cup Vaires sur Marne 2023; qp:0,17.72;World Championships Lee Valley 2023; qp:0,0;World Cup La Seu 2023; qp:0,None,None,None,None,None,16.56;Euros Krakow 2023; qp:0.71,None,19.1;World Cup Tacen 2023; qp:0,20.15;World Cup Prague 2023; qp:0,24.53;World Cup Augsburg 2023; qp:0,None,None,None,None,None,6.58;ICF World ranking Tacen 2023; qp:6.58,None,7.97;ICF World ranking Solkan 2023; qp:7.97,None,None,None,None,0.96;ICF World ranking Lee Valley 2022; qp:0.96,None,7.7;World Cup La Seu 2022; qp:0,24.86;World Cup Pau 2022; qp:0,None,10;World Championships Augsburg 2022; qp:0,None,None,10.46;World Cup Tacen 2022; qp:0,12.45;World Cup Krakow 2022; qp:0,0;World Cup Prague 2022; qp:0,2.54;ICF World ranking Augsburg 2022; qp:2.54,None,None,None,None,None,None,None,None,None,None,None,None,None,None,None,None,None,None,None,None,None,None,None,None,None,None,None,None,None,None,None,None,None,None,None,None,None,None,None,None,None,None,None,None,None
d93147e08e7357095449b8997ed20924,1778585356774369,Peter KAUZER,KAUZER,Peter,2023-11-16,2023,MK1,SLO,40,3,1.08,None,None,None,None,22.66;World Cup Vaires sur Marne 2023; qp:0,17.72;World Championships Lee Valley 2023; qp:0,0;World Cup La Seu 2023; qp:0,None,None,None,None,None,16.56;Euros Krakow 2023; qp:0.71,None,19.1;World Cup Tacen 2023; qp:0,20.15;World Cup Prague 2023; qp:0,24.53;World Cup Augsburg 2023; qp:0,None,None,None,None,None,6.58;ICF World ranking Tacen 2023; qp:6.58,None,7.97;ICF World ranking Solkan 2023; qp:7.97,None,None,None,None,0.96;ICF World ranking Lee Valley 2022; qp:0.96,None,7.7;World Cup La Seu 2022; qp:0,24.86;World Cup Pau 2022; qp:0,None,10;World Championships Augsburg 2022; qp:0,None,None,10.46;World Cup Tacen 2022; qp:0,12.45;World Cup Krakow 2022; qp:0,0;World Cup Prague 2022; qp:0,2.54;ICF World ranking Augsburg 2022; qp:2.54,None,36.23;ICF World ranking Liptovsky Mikulas 2022; qp:1.34,None,None,None,None,9.67;ICF World ranking Tacen 2022; qp:7.71,None,None,None,None,1.91;ICF World ranking Ile de la Reunion 2022; qp:1.91,None,None,None,None,None,None,None,None,None,None,None,None,None,None,None,None,None,None,None,None,None,None,None,None,None,None,None,None,None,None,None,None,None,None,None,None,None,None,None,None,None,None,None,None,None,None,None
993995886334c11748b5edf4a9adfc18,1778585356774369,Peter KAUZER,KAUZER,Peter,2023-09-04,2023,MK1,SLO,40,3,0.55,0;World Cup La Seu 2023; qp:0,None,None,None,None,None,16.56;Euros Krakow 2023; qp:0.71,None,19.1;World Cup Tacen 2023; qp:0,20.15;World Cup Prague 2023; qp:0,24.53;World Cup Augsburg 2023; qp:0,None,None,None,None,None,6.58;ICF World ranking Tacen 2023; qp:6.58,None,7.97;ICF World ranking Solkan 2023; qp:7.97,None,None,None,None,0.96;ICF World ranking Lee Valley 2022; qp:0.96,None,7.7;World Cup La Seu 2022; qp:0,24.86;World Cup Pau 2022; qp:0,None,10;World Championships Augsburg 2022; qp:0,None,None,10.46;World Cup Tacen 2022; qp:0,12.45;World Cup Krakow 2022; qp:0,0;World Cup Prague 2022; qp:0,2.54;ICF World ranking Augsburg 2022; qp:2.54,None,36.23;ICF World ranking Liptovsky Mikulas 2022; qp:1.34,None,None,None,None,9.67;ICF World ranking Tacen 2022; qp:7.71,None,None,None,None,1.91;ICF World ranking Ile de la Reunion 2022; qp:1.91,None,14.07;World Championships Bratislava 2021; qp:0,0.87;World Cup Pau 2021; qp:0,0.91;World Cup La Seu 2021; qp:0,17.65;Olympic Games Tokyo 2021; qp:0,None,None,None,23.36;World Championships La Seu 2019; qp:0,6.87;World Cup Prague 2019; qp:0,None,None,None,None,None,None,None,None,None,None,None,None,None,None,None,None,None,None,None,None,None,None,None,None,None,None,None,None,None,None,None,None,None,None,None,None,None,None,None,None,None,None,None
c99b5d65342d5bb2a4fe3fffc020d4d7,1778585356774369,Peter KAUZER,KAUZER,Peter,2023-07-03,2023,MK1,SLO,40,3,0.93,19.1;World Cup Tacen 2023; qp:0,20.15;World Cup Prague 2023; qp:0,24.53;World Cup Augsburg 2023; qp:0,None,None,None,None,None,6.58;ICF World ranking Tacen 2023; qp:6.58,None,7.97;ICF World ranking Solkan 2023; qp:7.97,None,None,None,None,0.96;ICF World ranking Lee Valley 2022; qp:0.96,None,7.7;World Cup La Seu 2022; qp:0,24.86;World Cup Pau 2022; qp:0,None,10;World Championships Augsburg 2022; qp:0,None,None,10.46;World Cup Tacen 2022; qp:0,12.45;World Cup Krakow 2022; qp:0,0;World Cup Prague 2022; qp:0,2.54;ICF World ranking Augsburg 2022; qp:2.54,None,36.23;ICF World ranking Liptovsky Mikulas 2022; qp:1.34,None,None,None,None,9.67;ICF World ranking Tacen 2022; qp:7.71,None,None,None,None,1.91;ICF World ranking Ile de la Reunion 2022; qp:1.91,None,14.07;World Championships Bratislava 2021; qp:0,0.87;World Cup Pau 2021; qp:0,0.91;World Cup La Seu 2021; qp:0,17.65;Olympic Games Tokyo 2021; qp:0,None,None,None,23.36;World Championships La Seu 2019; qp:0,6.87;World Cup Prague 2019; qp:0,9.4;World Cup Markkleeberg 2019; qp:0,None,None,None,None,None,None,None,None,None,None,None,None,None,None,None,None,None,None,None,None,None,None,None,None,None,None,None,None,None,None,None,None,None,None,None,None,None,None,None,None,None,None,None,None,None,None,None,None,None,None
92af98e5dbcb73ba87d9ed54cc3c7375,1778585356774369,Peter KAUZER,KAUZER,Peter,2023-05-29,2023,MK1,SLO,40,3,0.57,None,None,None,None,None,None,None,None,None,None,None,0.96;ICF World ranking Lee Valley 2022; qp:0.96,None,7.7;World Cup La Seu 2022; qp:0,24.86;World Cup Pau 2022; qp:0,None,10;World Championships Augsburg 2022; qp:0,None,None,10.46;World Cup Tacen 2022; qp:0,12.45;World Cup Krakow 2022; qp:0,0;World Cup Prague 2022; qp:0,2.54;ICF World ranking Augsburg 2022; qp:2.54,None,36.23;ICF World ranking Liptovsky Mikulas 2022; qp:1.34,None,None,None,None,9.67;ICF World ranking Tacen 2022; qp:7.71,None,None,None,None,1.91;ICF World ranking Ile de la Reunion 2022; qp:1.91,None,14.07;World Championships Bratislava 2021; qp:0,0.87;World Cup Pau 2021; qp:0,0.91;World Cup La Seu 2021; qp:0,17.65;Olympic Games Tokyo 2021; qp:0,None,None,None,23.36;World Championships La Seu 2019; qp:0,6.87;World Cup Prague 2019; qp:0,9.4;World Cup Markkleeberg 2019; qp:0,None,None,None,None,None,None,0.09;World Cup Tacen 2019; qp:0,13.65;World Cup Bratislava 2019; qp:0,16.63;World Cup Lee Valley 2019; qp:0,None,None,None,None,None,None,None,None,None,None,None,None,None,None,None,None,None,None,None,None,None,None,None,None,None,None,None,None,None,None,None,None,None,None,None,None,None,None,None,None,None,None,None,None,None
b60ea65001c68fc6f1e1884a0466ef88,1778585356774369,Peter KAUZER,KAUZER,Peter,2022-09-23,2022,MK1,SLO,39,3,0.57,0.96;ICF World ranking Lee Valley 2022; qp:0.96,None,7.7;World Cup La Seu 2022; qp:0,24.86;World Cup Pau 2022; qp:0,None,10;World Championships Augsburg 2022; qp:0,None,None,10.46;World Cup Tacen 2022; qp:0,12.45;World Cup Krakow 2022; qp:0,0;World Cup Prague 2022; qp:0,2.54;ICF World ranking Augsburg 2022; qp:2.54,None,36.23;ICF World ranking Liptovsky Mikulas 2022; qp:1.34,None,None,None,None,9.67;ICF World ranking Tacen 2022; qp:7.71,None,None,None,None,1.91;ICF World ranking Ile de la Reunion 2022; qp:1.91,None,14.07;World Championships Bratislava 2021; qp:0,0.87;World Cup Pau 2021; qp:0,0.91;World Cup La Seu 2021; qp:0,17.65;Olympic Games Tokyo 2021; qp:0,None,None,None,23.36;World Championships La Seu 2019; qp:0,6.87;World Cup Prague 2019; qp:0,9.4;World Cup Markkleeberg 2019; qp:0,None,None,None,None,None,None,0.09;World Cup Tacen 2019; qp:0,13.65;World Cup Bratislava 2019; qp:0,16.63;World Cup Lee Valley 2019; qp:0,None,None,14.48;ICF World ranking Tacen 2019; qp:11.03,None,None,None,None,13.89;ICF World ranking Solkan 2019; qp:13.89,None,8.68;Oceania Championships Penrith 2019; qp:2.13,17.39;ICF World ranking Penrith 2019; qp:2.1,None,None,None,None,None,None,None,None,None,None,None,None,None,None,None,None,None,None,None,None,None,None,None,None,None,None,None,None,None,None,None,None,None,None,None,None,None,None,None,None,None,None,None,None,None
3a246a2354c9cdbd3a46096bc2ba4061,1778585356774369,Peter KAUZER,KAUZER,Peter,2022-08-01,2022,MK1,SLO,39,3,0.76,None,10;World Championships Augsburg 2022; qp:0,None,None,10.46;World Cup Tacen 2022; qp:0,12.45;World Cup Krakow 2022; qp:0,0;World Cup Prague 2022; qp:0,2.54;ICF World ranking Augsburg 2022; qp:2.54,None,36.23;ICF World ranking Liptovsky Mikulas 2022; qp:1.34,None,None,None,None,9.67;ICF World ranking Tacen 2022; qp:7.71,None,None,None,None,1.91;ICF World ranking Ile de la Reunion 2022; qp:1.91,None,14.07;World Championships Bratislava 2021; qp:0,0.87;World Cup Pau 2021; qp:0,0.91;World Cup La Seu 2021; qp:0,17.65;Olympic Games Tokyo 2021; qp:0,None,None,None,23.36;World Championships La Seu 2019; qp:0,6.87;World Cup Prague 2019; qp:0,9.4;World Cup Markkleeberg 2019; qp:0,None,None,None,None,None,None,0.09;World Cup Tacen 2019; qp:0,13.65;World Cup Bratislava 2019; qp:0,16.63;World Cup Lee Valley 2019; qp:0,None,None,None,14.48;ICF World ranking Tacen 2019; qp:11.03,None,None,None,13.89;ICF World ranking Solkan 2019; qp:13.89,None,8.68;Oceania Championships Penrith 2019; qp:2.13,17.39;ICF World ranking Penrith 2019; qp:2.1,None,None,"10.77;World Championships Deodoro, Rio 2018; qp:0",None,15.67;World Cup La Seu 2018; qp:0,25.99;World Cup Tacen 2018; qp:0,None,None,None,None,None,None,None,None,None,None,None,None,None,None,None,None,None,None,None,None,None,None,None,None,None,None,None,None,None,None,None,None,None,None,None,None,None,None,None,None,None,None,None
ac8f7ad19386d197bc7852c6d64109f4,1778585356774369,Peter KAUZER,KAUZER,Peter,2022-05-01,2022,MK1,SLO,39,2,0.76,None,None,None,None,9.67;ICF World ranking Tacen 2022; qp:7.71,None,None,None,None,1.91;ICF World ranking Ile de la Reunion 2022; qp:1.91,None,14.07;World Championships Bratislava 2021; qp:0,0.87;World Cup Pau 2021; qp:0,0.91;World Cup La Seu 2021; qp:0,17.65;Olympic Games Tokyo 2021; qp:0,None,None,None,23.36;World Championships La Seu 2019; qp:0,6.87;World Cup Prague 2019; qp:0,9.4;World Cup Markkleeberg 2019; qp:0,None,None,None,None,None,None,0.09;World Cup Tacen 2019; qp:0,13.65;World Cup Bratislava 2019; qp:0,16.63;World Cup Lee Valley 2019; qp:0,None,None,14.48;ICF World ranking Tacen 2019; qp:11.03,None,None,None,None,13.89;ICF World ranking Solkan 2019; qp:13.89,None,8.68;Oceania Championships Penrith 2019; qp:2.13,17.39;ICF World ranking Penrith 2019; qp:2.1,None,None,"10.77;World Championships Deodoro, Rio 2018; qp:0",None,15.67;World Cup La Seu 2018; qp:0,25.99;World Cup Tacen 2018; qp:0,None,None,None,None,None,None,None,0;World Cup Augsburg 2018; qp:0,2.55;World Cup Krakow 2018; qp:0,22.36;World Cup Liptovsky Mikulas 2018; qp:0,None,None,None,None,None,None,None,None,None,None,None,None,None,None,None,None,None,None,None,None,None,None,None,None,None,None,None,None,None,None,None,None,None,None,None,None,None,None,None,None,None,None,None
53575482680d7b06cfcc58b93347801e,1778585356774369,Peter KAUZER,KAUZER,Peter,2021-11-01,2021,MK1,SLO,38,2,0.88,14.07;World Championships Bratislava 2021; qp:0,0.87;World Cup Pau 2021; qp:0,0.91;World Cup La Seu 2021; qp:0,17.65;Olympic Games Tokyo 2021; qp:0,None,None,None,23.36;World Championships La Seu 2019; qp:0,6.87;World Cup Prague 2019; qp:0,9.4;World Cup Markkleeberg 2019; qp:0,None,None,None,None,None,None,0.09;World Cup Tacen 2019; qp:0,13.65;World Cup Bratislava 2019; qp:0,16.63;World Cup Lee Valley 2019; qp:0,None,None,14.48;ICF World ranking Tacen 2019; qp:11.03,None,None,None,None,13.89;ICF World ranking Solkan 2019; qp:13.89,None,8.68;Oceania Championships Penrith 2019; qp:2.13,17.39;ICF World ranking Penrith 2019; qp:2.1,None,None,"10.77;World Championships Deodoro, Rio 2018; qp:0",None,15.67;World Cup La Seu 2018; qp:0,25.99;World Cup Tacen 2018; qp:0,None,None,None,None,None,None,None,0;World Cup Augsburg 2018; qp:0,2.55;World Cup Krakow 2018; qp:0,22.36;World Cup Liptovsky Mikulas 2018; qp:0,None,None,None,None,None,None,None,4.58;ICF World ranking Solkan 2018; qp:4.58,None,None,None,None,None,None,None,None,None,None,None,None,None,None,None,None,None,None,None,None,None,None,None,None,None,None,None,None,None,None,None,None,None,None,None,None,None,None,None,None,None,None,None,None,None,None
1e317b4b6d29657bf5227d26bcacfa4b,1778585356774369,Peter KAUZER,KAUZER,Peter,2021-09-10,2021,MK1,SLO,38,2,0.88,0.87;World Cup Pau 2021; qp:0,0.91;World Cup La Seu 2021; qp:0,17.65;Olympic Games Tokyo 2021; qp:0,None,None,None,23.36;World Championships La Seu 2019; qp:0,6.87;World Cup Prague 2019; qp:0,9.4;World Cup Markkleeberg 2019; qp:0,None,None,None,None,None,None,0.09;World Cup Tacen 2019; qp:0,13.65;World Cup Bratislava 2019; qp:0,16.63;World Cup Lee Valley 2019; qp:0,None,None,14.48;ICF World ranking Tacen 2019; qp:11.03,None,None,None,None,13.89;ICF World ranking Solkan 2019; qp:13.89,None,8.68;Oceania Championships Penrith 2019; qp:2.13,17.39;ICF World ranking Penrith 2019; qp:2.1,None,None,"10.77;World Championships Deodoro, Rio 2018; qp:0",None,15.67;World Cup La Seu 2018; qp:0,25.99;World Cup Tacen 2018; qp:0,None,None,None,None,None,None,None,0;World Cup Augsburg 2018; qp:0,2.55;World Cup Krakow 2018; qp:0,22.36;World Cup Liptovsky Mikulas 2018; qp:0,None,None,None,None,None,None,None,4.58;ICF World ranking Solkan 2018; qp:4.58,None,None,None,None,None,None,None,None,None,None,None,None,None,None,None,None,None,None,None,None,None,None,None,None,None,None,None,None,None,None,None,None,None,None,None,None,None,None,None,None,None,None,None,None,None,None,None
7e75fbb0b6038f3e91abc569723e93fe,1778585356774369,Peter KAUZER,KAUZER,Peter,2020-02-01,2020,MK1,SLO,37,4,2.82,None,None,None,23.36;World Championships La Seu 2019; qp:0,6.87;World Cup Prague 2019; qp:0,9.4;World Cup Markkleeberg 2019; qp:0,None,None,None,None,None,None,0.09;World Cup Tacen 2019; qp:0,13.65;World Cup Bratislava 2019; qp:0,16.63;World Cup Lee Valley 2019; qp:0,None,None,14.48;ICF World ranking Tacen 2019; qp:11.03,None,None,None,None,13.89;ICF World ranking Solkan 2019; qp:13.89,None,8.68;Oceania Championships Penrith 2019; qp:2.13,17.39;ICF World ranking Penrith 2019; qp:2.1,None,None,"10.77;World Championships Deodoro, Rio 2018; qp:0",None,15.67;World Cup La Seu 2018; qp:0,25.99;World Cup Tacen 2018; qp:0,None,None,None,None,None,None,None,0;World Cup Augsburg 2018; qp:0,2.55;World Cup Krakow 2018; qp:0,22.36;World Cup Liptovsky Mikulas 2018; qp:0,None,None,None,None,None,None,None,4.58;ICF World ranking Solkan 2018; qp:4.58,None,26.51;ICF World ranking Penrith 2018; qp:1.54,None,None,None,None,None,None,None,None,None,None,None,None,None,None,None,None,None,None,None,None,None,None,None,None,None,None,None,None,None,None,None,None,None,None,None,None,None,None,None,None,None,None,None,None,None,None,None,None
39a3813a6885337b8043bc5d13162773,1778585356774369,Peter KAUZER,KAUZER,Peter,2019-09-25,2019,MK1,SLO,36,4,2.82,23.36;World Championships La Seu 2019; qp:0,6.87;World Cup Prague 2019; qp:0,9.4;World Cup Markkleeberg 2019; qp:0,None,None,None,None,None,None,0.09;World Cup Tacen 2019; qp:0,13.65;World Cup Bratislava 2019; qp:0,16.63;World Cup Lee Valley 2019; qp:0,None,None,14.48;ICF World ranking Tacen 2019; qp:11.03,None,None,None,None,13.89;ICF World ranking Solkan 2019; qp:13.89,None,8.68;Oceania Championships Penrith 2019; qp:2.13,17.39;ICF World ranking Penrith 2019; qp:2.1,None,None,"10.77;World Championships Deodoro, Rio 2018; qp:0",None,15.67;World Cup La Seu 2018; qp:0,25.99;World Cup Tacen 2018; qp:0,None,None,None,None,None,None,None,0;World Cup Augsburg 2018; qp:0,2.55;World Cup Krakow 2018; qp:0,22.36;World Cup Liptovsky Mikulas 2018; qp:0,None,None,None,None,None,None,None,4.58;ICF World ranking Solkan 2018; qp:4.58,None,26.51;ICF World ranking Penrith 2018; qp:1.54,None,None,None,None,None,None,None,None,None,None,None,None,None,None,None,None,None,None,None,None,None,None,None,None,None,None,None,None,None,None,None,None,None,None,None,None,None,None,None,None,None,None,None,None,None,None,None,None,None,None,None
ba43b911485f1f75e928ad025ea1b8ab,1778585356774369,Peter KAUZER,KAUZER,Peter,2019-09-06,2019,MK1,SLO,36,3,1.54,6.87;World Cup Prague 2019; qp:0,9.4;World Cup Markkleeberg 2019; qp:0,None,None,None,None,None,None,0.09;World Cup Tacen 2019; qp:0,13.65;World Cup Bratislava 2019; qp:0,16.63;World Cup Lee Valley 2019; qp:0,None,None,14.48;ICF World ranking Tacen 2019; qp:11.03,None,None,None,None,13.89;ICF World ranking Solkan 2019; qp:13.89,None,8.68;Oceania Championships Penrith 2019; qp:2.13,17.39;ICF World ranking Penrith 2019; qp:2.1,None,None,"10.77;World Championships Deodoro, Rio 2018; qp:0",None,15.67;World Cup La Seu 2018; qp:0,25.99;World Cup Tacen 2018; qp:0,None,None,None,None,None,None,None,0;World Cup Augsburg 2018; qp:0,2.55;World Cup Krakow 2018; qp:0,22.36;World Cup Liptovsky Mikulas 2018; qp:0,None,None,None,None,None,None,None,4.58;ICF World ranking Solkan 2018; qp:4.58,None,26.51;ICF World ranking Penrith 2018; qp:1.54,None,None,0.47;World Championships Pau 2017; qp:0,None,None,None,None,None,None,None,None,None,None,None,None,None,None,None,None,None,None,None,None,None,None,None,None,None,None,None,None,None,None,None,None,None,None,None,None,None,None,None,None,None,None,None,None,None,None,None,None,None
6b33483c09a1493a712ecf538e2c9df1,1778585356774369,Peter KAUZER,KAUZER,Peter,2019-06-28,2019,MK1,SLO,36,1,0.62,0.09;World Cup Tacen 2019; qp:0,13.65;World Cup Bratislava 2019; qp:0,16.63;World Cup Lee Valley 2019; qp:0,None,None,14.48;ICF World ranking Tacen 2019; qp:11.03,None,None,None,None,13.89;ICF World ranking Solkan 2019; qp:13.89,None,8.68;Oceania Championships Penrith 2019; qp:2.13,17.39;ICF World ranking Penrith 2019; qp:2.1,None,None,"10.77;World Championships Deodoro, Rio 2018; qp:0",None,15.67;World Cup La Seu 2018; qp:0,25.99;World Cup Tacen 2018; qp:0,None,None,None,None,None,None,None,0;World Cup Augsburg 2018; qp:0,2.55;World Cup Krakow 2018; qp:0,22.36;World Cup Liptovsky Mikulas 2018; qp:0,None,None,None,None,None,None,None,4.58;ICF World ranking Solkan 2018; qp:4.58,None,26.51;ICF World ranking Penrith 2018; qp:1.54,None,None,0.47;World Championships Pau 2017; qp:0,None,0;World Cup La Seu 2017; qp:0,3.72;World Cup Ivrea 2017; qp:0,None,None,None,None,None,None,None,None,None,None,None,None,None,None,None,None,None,None,None,None,None,None,None,None,None,None,None,None,None,None,None,None,None,None,None,None,None,None,None,None,None,None,None,None,None,None,None,None,None,None,None,None,None,None
8f2f204debb5327f852fa25b7e184e60,1778585356774369,Peter KAUZER,KAUZER,Peter,2019-05-11,2019,MK1,SLO,36,2,1.35,None,14.48;ICF World ranking Tacen 2019; qp:11.03,None,None,None,13.89;ICF World ranking Solkan 2019; qp:13.89,None,8.68;Oceania Championships Penrith 2019; qp:2.13,17.39;ICF World ranking Penrith 2019; qp:2.1,None,None,"10.77;World Championships Deodoro, Rio 2018; qp:0",None,15.67;World Cup La Seu 2018; qp:0,25.99;World Cup Tacen 2018; qp:0,None,None,None,None,None,None,None,0;World Cup Augsburg 2018; qp:0,2.55;World Cup Krakow 2018; qp:0,22.36;World Cup Liptovsky Mikulas 2018; qp:0,None,None,None,None,None,None,None,4.58;ICF World ranking Solkan 2018; qp:4.58,None,26.51;ICF World ranking Penrith 2018; qp:1.54,None,None,None,0.47;World Championships Pau 2017; qp:0,None,0;World Cup La Seu 2017; qp:0,3.72;World Cup Ivrea 2017; qp:0,None,None,None,17.6;World Cup Markkleeberg 2017; qp:0,11.43;World Cup Augsburg 2017; qp:0,23.09;World Cup Prague 2017; qp:0,None,None,None,None,None,None,None,None,None,None,None,None,None,None,None,None,None,None,None,None,None,None,None,None,None,None,None,None,None,None,None,None,None,None,None,None,None,None,None,None,None,None,None,None,None,None,None,None,None,None,None,None
53e90d9a5488e7e3012a210cf3fc2261,1778585356774369,Peter KAUZER,KAUZER,Peter,2018-09-25,2018,MK1,SLO,35,2,1.35,"10.77;World Championships Deodoro, Rio 2018; qp:0",None,15.67;World Cup La Seu 2018; qp:0,25.99;World Cup Tacen 2018; qp:0,None,None,None,None,None,None,None,0;World Cup Augsburg 2018; qp:0,2.55;World Cup Krakow 2018; qp:0,22.36;World Cup Liptovsky Mikulas 2018; qp:0,None,None,None,None,None,None,None,4.58;ICF World ranking Solkan 2018; qp:4.58,None,26.51;ICF World ranking Penrith 2018; qp:1.54,None,None,None,0.47;World Championships Pau 2017; qp:0,None,0;World Cup La Seu 2017; qp:0,3.72;World Cup Ivrea 2017; qp:0,None,None,None,17.6;World Cup Markkleeberg 2017; qp:0,11.43;World Cup Augsburg 2017; qp:0,23.09;World Cup Prague 2017; qp:0,None,None,None,None,None,4.92;ICF World ranking Solkan 2017; qp:4.92,None,None,None,None,None,None,None,None,None,None,None,None,None,None,None,None,None,None,None,None,None,None,None,None,None,None,None,None,None,None,None,None,None,None,None,None,None,None,None,None,None,None,None,None,None,None,None,None,None,None,None,None,None,None,None,None,None
8b44eaf5194ad31a213501eb45bdd828,1778585356774369,Peter KAUZER,KAUZER,Peter,2018-09-07,2018,MK1,SLO,35,1,0.66,15.67;World Cup La Seu 2018; qp:0,25.99;World Cup Tacen 2018; qp:0,None,None,None,None,None,None,None,0;World Cup Augsburg 2018; qp:0,2.55;World Cup Krakow 2018; qp:0,22.36;World Cup Liptovsky Mikulas 2018; qp:0,None,None,None,None,None,None,None,4.58;ICF World ranking Solkan 2018; qp:4.58,None,26.51;ICF World ranking Penrith 2018; qp:1.54,None,None,None,0.47;World Championships Pau 2017; qp:0,None,0;World Cup La Seu 2017; qp:0,3.72;World Cup Ivrea 2017; qp:0,None,None,None,17.6;World Cup Markkleeberg 2017; qp:0,11.43;World Cup Augsburg 2017; qp:0,23.09;World Cup Prague 2017; qp:0,None,None,None,None,None,4.92;ICF World ranking Solkan 2017; qp:4.92,None,None,None,None,None,"0.29;Olympic Games Deodoro, Rio 2016; qp:0",None,None,None,None,None,None,None,None,None,None,None,None,None,None,None,None,None,None,None,None,None,None,None,None,None,None,None,None,None,None,None,None,None,None,None,None,None,None,None,None,None,None,None,None,None,None,None,None,None,None,None,None,None
209b7beed7cc3497620a39b982f3cbab,1778585356774369,Peter KAUZER,KAUZER,Peter,2018-07-06,2018,MK1,SLO,35,1,0.15,0;World Cup Augsburg 2018; qp:0,2.55;World Cup Krakow 2018; qp:0,22.36;World Cup Liptovsky Mikulas 2018; qp:0,None,None,None,None,None,None,None,4.58;ICF World ranking Solkan 2018; qp:4.58,None,26.51;ICF World ranking Penrith 2018; qp:1.54,None,None,None,0.47;World Championships Pau 2017; qp:0,None,0;World Cup La Seu 2017; qp:0,3.72;World Cup Ivrea 2017; qp:0,None,None,None,17.6;World Cup Markkleeberg 2017; qp:0,11.43;World Cup Augsburg 2017; qp:0,23.09;World Cup Prague 2017; qp:0,None,None,None,None,None,4.92;ICF World ranking Solkan 2017; qp:4.92,None,None,None,None,None,0;World Cup Tacen 2016; qp:0,None,"0.29;Olympic Games Deodoro, Rio 2016; qp:0",None,None,None,None,None,None,None,None,None,None,None,None,None,None,None,None,None,None,None,None,None,None,None,None,None,None,None,None,None,None,None,None,None,None,None,None,None,None,None,None,None,None,None,None,None,None,None,None,None,None,None,None,None,None,None,None,None,None,None,None
4aed97d8facb7e1d4568957edb5e45bd,1778585356774369,Peter KAUZER,KAUZER,Peter,2018-06-08,2018,MK1,SLO,35,2,0.26,None,None,None,None,None,None,None,4.58;ICF World ranking Solkan 2018; qp:4.58,None,26.51;ICF World ranking Penrith 2018; qp:1.54,None,None,None,0.47;World Championships Pau 2017; qp:0,None,0;World Cup La Seu 2017; qp:0,3.72;World Cup Ivrea 2017; qp:0,None,None,None,17.6;World Cup Markkleeberg 2017; qp:0,11.43;World Cup Augsburg 2017; qp:0,23.09;World Cup Prague 2017; qp:0,None,None,None,None,None,4.92;ICF World ranking Solkan 2017; qp:4.92,None,None,None,None,None,0;World Cup Tacen 2016; qp:0,None,"0.29;Olympic Games Deodoro, Rio 2016; qp:0",None,None,10.25;World Cup Pau 2016; qp:0,0.54;World Cup La Seu 2016; qp:0,None,None,None,None,None,None,None,None,None,None,None,None,None,None,None,None,None,None,None,None,None,None,None,None,None,None,None,None,None,None,None,None,None,None,None,None,None,None,None,None,None,None,None,None,None,None,None,None,None,None,None,None,None,None,None,None,None,None,None
b9b2851ee2908722ae96c159fb3015e7,1778585356774369,Peter KAUZER,KAUZER,Peter,2017-09-27,2017,MK1,SLO,34,2,0.26,0.47;World Championships Pau 2017; qp:0,None,0;World Cup La Seu 2017; qp:0,3.72;World Cup Ivrea 2017; qp:0,None,None,None,17.6;World Cup Markkleeberg 2017; qp:0,11.43;World Cup Augsburg 2017; qp:0,23.09;World Cup Prague 2017; qp:0,None,None,None,None,None,4.92;ICF World ranking Solkan 2017; qp:4.92,None,None,None,None,None,0;World Cup Tacen 2016; qp:0,None,"0.29;Olympic Games Deodoro, Rio 2016; qp:0",None,None,10.25;World Cup Pau 2016; qp:0,0.54;World Cup La Seu 2016; qp:0,None,None,None,None,None,None,None,None,11.18;ICF World ranking Solkan 2016; qp:10.13,None,5.1;ICF World ranking Penrith 2016; qp:4.2,None,None,None,None,None,None,None,None,None,None,None,None,None,None,None,None,None,None,None,None,None,None,None,None,None,None,None,None,None,None,None,None,None,None,None,None,None,None,None,None,None,None,None,None,None,None,None,None,None,None,None,None,None,None,None,None,None,None,None,None,None
1fe0ba8392b49d29ef0c4da632cd3d13,1778585356774369,Peter KAUZER,KAUZER,Peter,2017-09-08,2017,MK1,SLO,34,3,0.91,0;World Cup La Seu 2017; qp:0,3.72;World Cup Ivrea 2017; qp:0,None,None,None,17.6;World Cup Markkleeberg 2017; qp:0,11.43;World Cup Augsburg 2017; qp:0,23.09;World Cup Prague 2017; qp:0,None,None,None,None,None,4.92;ICF World ranking Solkan 2017; qp:4.92,None,None,None,None,None,0;World Cup Tacen 2016; qp:0,None,"0.29;Olympic Games Deodoro, Rio 2016; qp:0",None,None,10.25;World Cup Pau 2016; qp:0,0.54;World Cup La Seu 2016; qp:0,None,None,None,None,None,None,None,None,11.18;ICF World ranking Solkan 2016; qp:10.13,None,5.1;ICF World ranking Penrith 2016; qp:4.2,None,6.27;World Championships Lee Valley 2015; qp:0,None,None,None,None,None,None,None,None,None,None,None,None,None,None,None,None,None,None,None,None,None,None,None,None,None,None,None,None,None,None,None,None,None,None,None,None,None,None,None,None,None,None,None,None,None,None,None,None,None,None,None,None,None,None,None,None,None,None,None,None,None
6da9301bdb5389dc4bc2570d4cc7a17a,1778585356774369,Peter KAUZER,KAUZER,Peter,2017-06-30,2017,MK1,SLO,34,3,1.15,17.6;World Cup Markkleeberg 2017; qp:0,11.43;World Cup Augsburg 2017; qp:0,23.09;World Cup Prague 2017; qp:0,None,None,None,None,None,4.92;ICF World ranking Solkan 2017; qp:4.92,None,None,None,None,None,0;World Cup Tacen 2016; qp:0,None,"0.29;Olympic Games Deodoro, Rio 2016; qp:0",None,None,10.25;World Cup Pau 2016; qp:0,0.54;World Cup La Seu 2016; qp:0,None,None,None,None,None,None,None,None,11.18;ICF World ranking Solkan 2016; qp:10.13,None,5.1;ICF World ranking Penrith 2016; qp:4.2,None,6.27;World Championships Lee Valley 2015; qp:0,0;World Cup Pau 2015; qp:0,6.82;World Cup La Seu 2015; qp:0,None,None,None,None,None,None,None,None,None,None,None,None,None,None,None,None,None,None,None,None,None,None,None,None,None,None,None,None,None,None,None,None,None,None,None,None,None,None,None,None,None,None,None,None,None,None,None,None,None,None,None,None,None,None,None,None,None,None,None,None,None,None,None,None
f27e4a16065d01b9f8dac498d66dddde,1778585356774369,Peter KAUZER,KAUZER,Peter,2017-05-26,2017,MK1,SLO,34,2,1.15,None,None,None,None,None,4.92;ICF World ranking Solkan 2017; qp:4.92,None,None,None,None,None,0;World Cup Tacen 2016; qp:0,None,"0.29;Olympic Games Deodoro, Rio 2016; qp:0",None,None,10.25;World Cup Pau 2016; qp:0,0.54;World Cup La Seu 2016; qp:0,None,None,None,None,None,None,None,None,11.18;ICF World ranking Solkan 2016; qp:10.13,None,5.1;ICF World ranking Penrith 2016; qp:4.2,None,6.27;World Championships Lee Valley 2015; qp:0,0;World Cup Pau 2015; qp:0,6.82;World Cup La Seu 2015; qp:0,5.89;World Cup Liptovsky Mikulas 2015; qp:0,22.04;World Cup Krakow 2015; qp:0,19.59;World Cup Prague 2015; qp:0,None,None,None,None,None,None,None,None,None,None,None,None,None,None,None,None,None,None,None,None,None,None,None,None,None,None,None,None,None,None,None,None,None,None,None,None,None,None,None,None,None,None,None,None,None,None,None,None,None,None,None,None,None,None,None,None,None,None,None,None,None,None,None,None
616a5e9f5883015cac30eb4f5f7f7d8f,1778585356774369,Peter KAUZER,KAUZER,Peter,2016-09-09,2016,MK1,SLO,33,2,1.19,0;World Cup Tacen 2016; qp:0,None,"0.29;Olympic Games Deodoro, Rio 2016; qp:0",None,None,10.25;World Cup Pau 2016; qp:0,0.54;World Cup La Seu 2016; qp:0,None,None,None,None,None,None,None,None,11.18;ICF World ranking Solkan 2016; qp:10.13,None,5.1;ICF World ranking Penrith 2016; qp:4.2,None,6.27;World Championships Lee Valley 2015; qp:0,0;World Cup Pau 2015; qp:0,6.82;World Cup La Seu 2015; qp:0,None,5.89;World Cup Liptovsky Mikulas 2015; qp:0,22.04;World Cup Krakow 2015; qp:0,19.59;World Cup Prague 2015; qp:0,None,None,16.01;ICF World ranking Tacen 2015; qp:11.01,None,None,None,None,11.52;ICF World ranking Liptovsky Mikulas 2015; qp:8.77,22.25;ICF World ranking Markleeberg 2015; qp:3.5,10.12;ICF World ranking Solkan 2015; qp:9.03,None,None,None,None,None,None,None,None,None,None,None,None,None,None,None,None,None,None,None,None,None,None,None,None,None,None,None,None,None,None,None,None,None,None,None,None,None,None,None,None,None,None,None,None,None,None,None,None,None,None,None,None,None,None,None,None,None,None,None,None,None,None,None,None
b2b6aa4d49a8ab97f1f8b7a1fc8e68c1,1778585356774369,Peter KAUZER,KAUZER,Peter,2016-08-07,2016,MK1,SLO,33,4,2.36,"0.29;Olympic Games Deodoro, Rio 2016; qp:0",None,None,10.25;World Cup Pau 2016; qp:0,0.54;World Cup La Seu 2016; qp:0,None,None,None,None,None,None,None,None,11.18;ICF World ranking Solkan 2016; qp:10.13,None,5.1;ICF World ranking Penrith 2016; qp:4.2,None,6.27;World Championships Lee Valley 2015; qp:0,0;World Cup Pau 2015; qp:0,6.82;World Cup La Seu 2015; qp:0,None,5.89;World Cup Liptovsky Mikulas 2015; qp:0,22.04;World Cup Krakow 2015; qp:0,19.59;World Cup Prague 2015; qp:0,None,None,16.01;ICF World ranking Tacen 2015; qp:11.01,None,None,None,None,11.52;ICF World ranking Liptovsky Mikulas 2015; qp:8.77,22.25;ICF World ranking Markleeberg 2015; qp:3.5,10.12;ICF World ranking Solkan 2015; qp:9.03,None,None,None,None,None,None,None,None,None,None,None,None,None,None,None,None,None,None,None,None,None,None,None,None,None,None,None,None,None,None,None,None,None,None,None,None,None,None,None,None,None,None,None,None,None,None,None,None,None,None,None,None,None,None,None,None,None,None,None,None,None,None,None,None,None,None
1fbf5d785be6ad3cd92b743c4673783f,1778585356774369,Peter KAUZER,KAUZER,Peter,2016-06-17,2016,MK1,SLO,33,5,3.56,10.25;World Cup Pau 2016; qp:0,0.54;World Cup La Seu 2016; qp:0,None,None,None,None,None,None,None,None,11.18;ICF World ranking Solkan 2016; qp:10.13,None,5.1;ICF World ranking Penrith 2016; qp:4.2,None,6.27;World Championships Lee Valley 2015; qp:0,0;World Cup Pau 2015; qp:0,6.82;World Cup La Seu 2015; qp:0,None,5.89;World Cup Liptovsky Mikulas 2015; qp:0,22.04;World Cup Krakow 2015; qp:0,19.59;World Cup Prague 2015; qp:0,None,None,16.01;ICF World ranking Tacen 2015; qp:11.01,None,None,None,None,11.52;ICF World ranking Liptovsky Mikulas 2015; qp:8.77,22.25;ICF World ranking Markleeberg 2015; qp:3.5,10.12;ICF World ranking Solkan 2015; qp:9.03,None,None,None,None,None,None,None,None,None,None,None,None,None,None,None,None,None,None,None,None,None,None,None,None,None,None,None,None,None,None,None,None,None,None,None,None,None,None,None,None,None,None,None,None,None,None,None,None,None,None,None,None,None,None,None,None,None,None,None,None,None,None,None,None,None,None,None,None,None
40821675601da805a487605290311368,1778585356774369,Peter KAUZER,KAUZER,Peter,2016-04-30,2016,MK1,SLO,33,5,4.82,None,None,None,None,None,None,11.18;ICF World ranking Solkan 2016; qp:10.13,None,5.1;ICF World ranking Penrith 2016; qp:4.2,None,6.27;World Championships Lee Valley 2015; qp:0,0;World Cup Pau 2015; qp:0,6.82;World Cup La Seu 2015; qp:0,None,5.89;World Cup Liptovsky Mikulas 2015; qp:0,22.04;World Cup Krakow 2015; qp:0,19.59;World Cup Prague 2015; qp:0,None,None,16.01;ICF World ranking Tacen 2015; qp:11.01,None,None,None,None,11.52;ICF World ranking Liptovsky Mikulas 2015; qp:8.77,22.25;ICF World ranking Markleeberg 2015; qp:3.5,10.12;ICF World ranking Solkan 2015; qp:9.03,None,None,None,None,None,None,None,None,None,20;World Cup Lee Valley 2014; qp:0,None,None,None,None,None,None,None,None,None,None,None,None,None,None,None,None,None,None,None,None,None,None,None,None,None,None,None,None,None,None,None,None,None,None,None,None,None,None,None,None,None,None,None,None,None,None,None,None,None,None,None,None,None,None,None,None,None,None,None,None,None,None,None
83b46fc0f4060837c2ef617cb262ad59,1778585356774369,Peter KAUZER,KAUZER,Peter,2015-09-16,2015,MK1,SLO,32,7,5.31,6.27;World Championships Lee Valley 2015; qp:0,0;World Cup Pau 2015; qp:0,6.82;World Cup La Seu 2015; qp:0,None,5.89;World Cup Liptovsky Mikulas 2015; qp:0,22.04;World Cup Krakow 2015; qp:0,19.59;World Cup Prague 2015; qp:0,None,None,16.01;ICF World ranking Tacen 2015; qp:11.01,None,None,None,None,11.52;ICF World ranking Liptovsky Mikulas 2015; qp:8.77,22.25;ICF World ranking Markleeberg 2015; qp:3.5,10.12;ICF World ranking Solkan 2015; qp:9.03,None,None,None,None,None,None,None,None,None,None,20;World Cup Lee Valley 2014; qp:0,None,8.92;ICF World ranking Tacen 2014; qp:8.92,None,None,None,None,None,None,7.59;ICF World ranking Solkan 2014; qp:4.45,None,None,None,None,None,None,None,None,None,None,None,None,None,None,None,None,None,None,None,None,None,None,None,None,None,None,None,None,None,None,None,None,None,None,None,None,None,None,None,None,None,None,None,None,None,None,None,None,None,None,None,None,None,None,None,None,None,None,None,None,None,None,None
fb583731bed940c5f86672efe85550c9,1778585356774369,Peter KAUZER,KAUZER,Peter,2015-08-14,2015,MK1,SLO,32,11,5.84,0;World Cup Pau 2015; qp:0,6.82;World Cup La Seu 2015; qp:0,None,5.89;World Cup Liptovsky Mikulas 2015; qp:0,22.04;World Cup Krakow 2015; qp:0,19.59;World Cup Prague 2015; qp:0,None,None,16.01;ICF World ranking Tacen 2015; qp:11.01,None,None,None,None,11.52;ICF World ranking Liptovsky Mikulas 2015; qp:8.77,22.25;ICF World ranking Markleeberg 2015; qp:3.5,10.12;ICF World ranking Solkan 2015; qp:9.03,None,None,None,None,None,None,None,None,None,None,20;World Cup Lee Valley 2014; qp:0,None,8.92;ICF World ranking Tacen 2014; qp:8.92,None,None,None,None,None,None,7.59;ICF World ranking Solkan 2014; qp:4.45,None,None,None,19.67;World Championships Prague 2013; qp:0,None,None,None,None,None,None,None,None,None,None,None,None,None,None,None,None,None,None,None,None,None,None,None,None,None,None,None,None,None,None,None,None,None,None,None,None,None,None,None,None,None,None,None,None,None,None,None,None,None,None,None,None,None,None,None,None,None,None,None,None
5ef234e181d6d722de285dab4f0d7788,1778585356774369,Peter KAUZER,KAUZER,Peter,2015-07-03,2015,MK1,SLO,32,5,4.62,5.89;World Cup Liptovsky Mikulas 2015; qp:0,22.04;World Cup Krakow 2015; qp:0,19.59;World Cup Prague 2015; qp:0,None,None,16.01;ICF World ranking Tacen 2015; qp:11.01,None,None,None,None,11.52;ICF World ranking Liptovsky Mikulas 2015; qp:8.77,22.25;ICF World ranking Markleeberg 2015; qp:3.5,10.12;ICF World ranking Solkan 2015; qp:9.03,None,None,None,None,None,None,None,None,None,None,20;World Cup Lee Valley 2014; qp:0,None,8.92;ICF World ranking Tacen 2014; qp:8.92,None,None,None,None,None,None,7.59;ICF World ranking Solkan 2014; qp:4.45,None,None,None,19.67;World Championships Prague 2013; qp:0,0.72;World Cup Bratislava 2013; qp:0,0;World Cup Tacen 2013; qp:0,None,None,None,None,None,None,None,None,None,None,None,None,None,None,None,None,None,None,None,None,None,None,None,None,None,None,None,None,None,None,None,None,None,None,None,None,None,None,None,None,None,None,None,None,None,None,None,None,None,None,None,None,None,None,None,None,None,None,None,None,None
90c4968a90d870554f440f2dc4e3f60e,1778585356774369,Peter KAUZER,KAUZER,Peter,2015-06-06,2015,MK1,SLO,32,6,5.47,None,None,16.01;ICF World ranking Tacen 2015; qp:11.01,None,None,None,None,11.52;ICF World ranking Liptovsky Mikulas 2015; qp:8.77,22.25;ICF World ranking Markleeberg 2015; qp:3.5,10.12;ICF World ranking Solkan 2015; qp:9.03,None,None,None,None,None,None,None,None,None,None,20;World Cup Lee Valley 2014; qp:0,None,8.92;ICF World ranking Tacen 2014; qp:8.92,None,None,None,None,None,None,7.59;ICF World ranking Solkan 2014; qp:4.45,None,None,None,19.67;World Championships Prague 2013; qp:0,0.72;World Cup Bratislava 2013; qp:0,0;World Cup Tacen 2013; qp:0,None,None,18.09;World Cup La Seu 2013; qp:0,15.86;World Cup Augsburg 2013; qp:0,13.48;World Cup Cardiff 2013; qp:0,None,None,None,None,None,None,None,None,None,None,None,None,None,None,None,None,None,None,None,None,None,None,None,None,None,None,None,None,None,None,None,None,None,None,None,None,None,None,None,None,None,None,None,None,None,None,None,None,None,None,None,None,None,None,None,None,None,None,None
d276024516655fedbe6989ce658e4a68,1778585356774369,Peter KAUZER,KAUZER,Peter,2014-09-17,2014,MK1,SLO,31,5,5,None,None,None,None,None,None,None,None,20;World Cup Lee Valley 2014; qp:0,None,8.92;ICF World ranking Tacen 2014; qp:8.92,None,None,None,None,None,None,7.59;ICF World ranking Solkan 2014; qp:4.45,None,None,None,19.67;World Championships Prague 2013; qp:0,0.72;World Cup Bratislava 2013; qp:0,0;World Cup Tacen 2013; qp:0,None,None,18.09;World Cup La Seu 2013; qp:0,15.86;World Cup Augsburg 2013; qp:0,13.48;World Cup Cardiff 2013; qp:0,None,None,None,None,None,None,None,None,None,None,None,None,None,None,None,None,None,None,None,None,None,None,None,None,None,None,None,None,None,None,None,None,None,None,None,None,None,None,None,None,None,None,None,None,None,None,None,None,None,None,None,None,None,None,None,None,None,None,None,None,None,None,None,None,None,None,None,None,None,None,None
56b83f1a9df3281e22348a7db756a17d,1778585356774369,Peter KAUZER,KAUZER,Peter,2014-08-15,2014,MK1,SLO,31,6,5,None,None,None,None,None,None,20;World Cup Lee Valley 2014; qp:0,None,8.92;ICF World ranking Tacen 2014; qp:8.92,None,None,None,None,None,None,7.59;ICF World ranking Solkan 2014; qp:4.45,None,None,None,19.67;World Championships Prague 2013; qp:0,0.72;World Cup Bratislava 2013; qp:0,0;World Cup Tacen 2013; qp:0,None,None,None,None,18.09;World Cup La Seu 2013; qp:0,15.86;World Cup Augsburg 2013; qp:0,13.48;World Cup Cardiff 2013; qp:0,26.02;ICF World ranking Tacen 2013; qp:4.55,None,None,None,None,None,None,7.76;ICF World ranking Liptovsky Mikulas 2013; qp:7.76,28.09;ICF World ranking Solkan 2013; qp:5.88,None,None,None,None,None,10;Olympic Games Broxbourne 2012; qp:0,None,None,None,None,None,None,None,None,None,None,None,None,None,None,None,None,None,None,None,None,None,None,None,None,None,None,None,None,None,None,None,None,None,None,None,None,None,None,None,None,None,None,None,None,None,None,None,None,None,None,None,None,None,None,None,None
6da2879651ff57961f9b6ce8a1c3dc61,1778585356774369,Peter KAUZER,KAUZER,Peter,2014-06-20,2014,MK1,SLO,31,8,5,None,None,20;World Cup Lee Valley 2014; qp:0,None,8.92;ICF World ranking Tacen 2014; qp:8.92,None,None,None,None,None,None,7.59;ICF World ranking Solkan 2014; qp:4.45,None,None,None,19.67;World Championships Prague 2013; qp:0,0.72;World Cup Bratislava 2013; qp:0,0;World Cup Tacen 2013; qp:0,None,None,None,None,18.09;World Cup La Seu 2013; qp:0,15.86;World Cup Augsburg 2013; qp:0,13.48;World Cup Cardiff 2013; qp:0,26.02;ICF World ranking Tacen 2013; qp:4.55,None,None,None,None,None,None,7.76;ICF World ranking Liptovsky Mikulas 2013; qp:7.76,28.09;ICF World ranking Solkan 2013; qp:5.88,None,None,None,None,None,None,None,10;Olympic Games Broxbourne 2012; qp:0,None,None,None,None,None,None,None,None,None,None,None,None,None,None,None,None,None,None,None,None,None,None,None,None,None,None,None,None,None,None,None,None,None,None,None,None,None,None,None,None,None,None,None,None,None,None,None,None,None,None,None,None,None,None,None,None,None,None
2dc169e41e16743a53992a32b4df457a,1778585356774369,Peter KAUZER,KAUZER,Peter,2014-05-23,2014,MK1,SLO,31,7,4,None,8.92;ICF World ranking Tacen 2014; qp:8.92,None,None,None,None,None,None,7.59;ICF World ranking Solkan 2014; qp:4.45,None,None,None,19.67;World Championships Prague 2013; qp:0,0.72;World Cup Bratislava 2013; qp:0,0;World Cup Tacen 2013; qp:0,None,None,None,None,18.09;World Cup La Seu 2013; qp:0,15.86;World Cup Augsburg 2013; qp:0,13.48;World Cup Cardiff 2013; qp:0,26.02;ICF World ranking Tacen 2013; qp:4.55,None,None,None,None,None,None,None,28.09;ICF World ranking Solkan 2013; qp:5.88,None,None,None,None,None,None,None,10;Olympic Games Broxbourne 2012; qp:0,None,None,20;World Cup Pau 2012; qp:0,3.93;World Cup Cardiff 2012; qp:0,None,None,None,None,None,None,None,None,None,None,None,None,None,None,None,None,None,None,None,None,None,None,None,None,None,None,None,None,None,None,None,None,None,None,None,None,None,None,None,None,None,None,None,None,None,None,None,None,None,None,None,None,None,None,None,None,None
f95af011f575b58c498335f3c18066aa,1778585356774369,Peter KAUZER,KAUZER,Peter,2013-09-11,2013,MK1,SLO,30,4,2.62,19.67;World Championships Prague 2013; qp:0,0.72;World Cup Bratislava 2013; qp:0,0;World Cup Tacen 2013; qp:0,None,None,None,None,18.09;World Cup La Seu 2013; qp:0,15.86;World Cup Augsburg 2013; qp:0,13.48;World Cup Cardiff 2013; qp:0,26.02;ICF World ranking Tacen 2013; qp:4.55,None,None,None,None,None,None,7.76;ICF World ranking Liptovsky Mikulas 2013; qp:7.76,28.09;ICF World ranking Solkan 2013; qp:5.88,None,None,None,None,None,None,None,10;Olympic Games Broxbourne 2012; qp:0,None,None,None,None,20;World Cup Pau 2012; qp:0,3.93;World Cup Cardiff 2012; qp:0,None,None,None,17.74;ICF World ranking Tacen 2012; qp:4.72,4.72;ICF World ranking Solkan 2012; qp:4.72,None,None,26.9;Oceania Championships Penrith 2012; qp:1.41,3.73;ICF World ranking Penrith 2012; qp:1.73,None,None,None,None,None,None,None,None,None,None,None,None,None,None,None,None,None,None,None,None,None,None,None,None,None,None,None,None,None,None,None,None,None,None,None,None,None,None,None,None,None,None,None,None,None,None,None,None,None,None,None,None,None,None,None,None,None,None
5b6bd24b2fdb538a24d992452045cf52,1778585356774369,Peter KAUZER,KAUZER,Peter,2013-08-23,2013,MK1,SLO,30,4,1.68,0.72;World Cup Bratislava 2013; qp:0,0;World Cup Tacen 2013; qp:0,None,None,None,None,18.09;World Cup La Seu 2013; qp:0,15.86;World Cup Augsburg 2013; qp:0,13.48;World Cup Cardiff 2013; qp:0,26.02;ICF World ranking Tacen 2013; qp:4.55,None,None,None,None,None,None,7.76;ICF World ranking Liptovsky Mikulas 2013; qp:7.76,28.09;ICF World ranking Solkan 2013; qp:5.88,None,None,None,None,None,None,None,10;Olympic Games Broxbourne 2012; qp:0,None,None,None,None,20;World Cup Pau 2012; qp:0,3.93;World Cup Cardiff 2012; qp:0,None,None,None,17.74;ICF World ranking Tacen 2012; qp:4.72,4.72;ICF World ranking Solkan 2012; qp:4.72,None,None,26.9;Oceania Championships Penrith 2012; qp:1.41,3.73;ICF World ranking Penrith 2012; qp:1.73,None,None,0;ICF World ranking Bratislava 2011; qp:0,None,None,None,None,None,None,None,None,None,None,None,None,None,None,None,None,None,None,None,None,None,None,None,None,None,None,None,None,None,None,None,None,None,None,None,None,None,None,None,None,None,None,None,None,None,None,None,None,None,None,None,None,None,None,None,None
8e077cfb2bba8b8f49459d1a33e9c960,1778585356774369,Peter KAUZER,KAUZER,Peter,2013-05-25,2013,MK1,SLO,30,2,1.1,26.02;ICF World ranking Tacen 2013; qp:4.55,None,None,None,None,None,None,7.76;ICF World ranking Liptovsky Mikulas 2013; qp:7.76,28.09;ICF World ranking Solkan 2013; qp:5.88,None,None,None,None,None,None,None,10;Olympic Games Broxbourne 2012; qp:0,None,None,None,None,20;World Cup Pau 2012; qp:0,3.93;World Cup Cardiff 2012; qp:0,None,None,None,17.74;ICF World ranking Tacen 2012; qp:4.72,4.72;ICF World ranking Solkan 2012; qp:4.72,None,None,26.9;Oceania Championships Penrith 2012; qp:1.41,3.73;ICF World ranking Penrith 2012; qp:1.73,None,None,0;ICF World ranking Bratislava 2011; qp:0,2.4;World Cup Prague 2011; qp:0,3.1;ICF World ranking Broxbourne 2011; qp:1.56,21.22;World Cup Markkleeberg 2011; qp:0,None,0;World Cup Tacen 2011; qp:0,None,None,None,None,None,None,None,None,None,None,None,None,None,None,None,None,None,None,None,None,None,None,None,None,None,None,None,None,None,None,None,None,None,None,None,None,None,None,None,None,None,None,None,None,None,None,None,None,None,None,None,None,None,None,None,None,None,None,None,None
d917699579ff195a160341428a34ffec,1778585356774369,Peter KAUZER,KAUZER,Peter,2013-04-13,2013,MK1,SLO,30,2,1.1,28.09;ICF World ranking Solkan 2013; qp:5.88,None,None,None,None,None,None,None,10;Olympic Games Broxbourne 2012; qp:0,None,None,None,None,20;World Cup Pau 2012; qp:0,3.93;World Cup Cardiff 2012; qp:0,None,None,None,17.74;ICF World ranking Tacen 2012; qp:4.72,4.72;ICF World ranking Solkan 2012; qp:4.72,None,None,26.9;Oceania Championships Penrith 2012; qp:1.41,3.73;ICF World ranking Penrith 2012; qp:1.73,None,None,0;ICF World ranking Bratislava 2011; qp:0,2.4;World Cup Prague 2011; qp:0,3.1;ICF World ranking Broxbourne 2011; qp:1.56,21.22;World Cup Markkleeberg 2011; qp:0,None,0;World Cup Tacen 2011; qp:0,None,4.64;ICF World ranking Tacen 2011; qp:3.34,18.34;ICF World ranking Liptovsky Mikulas 2011; qp:5.07,None,None,None,None,None,None,None,None,None,None,None,None,None,None,None,None,None,None,None,None,None,None,None,None,None,None,None,None,None,None,None,None,None,None,None,None,None,None,None,None,None,None,None,None,None,None,None,None,None,None,None,None,None,None,None,None,None,None,None,None,None,None,None,None,None
458dced4beb8f1aba039f0c78bb03ebe,1778585356774369,Peter KAUZER,KAUZER,Peter,2012-08-31,2012,MK1,SLO,29,2,0,None,None,10;Olympic Games Broxbourne 2012; qp:0,None,None,None,None,20;World Cup Pau 2012; qp:0,3.93;World Cup Cardiff 2012; qp:0,None,None,None,17.74;ICF World ranking Tacen 2012; qp:4.72,4.72;ICF World ranking Solkan 2012; qp:4.72,None,None,26.9;Oceania Championships Penrith 2012; qp:1.41,3.73;ICF World ranking Penrith 2012; qp:1.73,None,None,0;ICF World ranking Bratislava 2011; qp:0,2.4;World Cup Prague 2011; qp:0,3.1;ICF World ranking Broxbourne 2011; qp:1.56,21.22;World Cup Markkleeberg 2011; qp:0,0;World Cup Argentiere la Bessee 2011; qp:0,0;World Cup Tacen 2011; qp:0,None,4.64;ICF World ranking Tacen 2011; qp:3.34,18.34;ICF World ranking Liptovsky Mikulas 2011; qp:5.07,None,None,24.77;ICF World ranking Solkan 2011; qp:4.33,3.38;ICF World ranking Penrith 2011; qp:2.17,None,None,None,None,None,None,None,None,None,None,None,None,None,None,None,None,None,None,None,None,None,None,None,None,None,None,None,None,None,None,None,None,None,None,None,None,None,None,None,None,None,None,None,None,None,None,None,None,None,None,None,None,None,None,None,None,None,None,None,None,None,None,None,None,None,None,None
fa969ac8929f63fb8a01302171c9d6fd,1778585356774369,Peter KAUZER,KAUZER,Peter,2012-07-28,2012,MK1,SLO,29,1,0,10;Olympic Games Broxbourne 2012; qp:0,None,None,None,None,20;World Cup Pau 2012; qp:0,3.93;World Cup Cardiff 2012; qp:0,None,None,None,17.74;ICF World ranking Tacen 2012; qp:4.72,4.72;ICF World ranking Solkan 2012; qp:4.72,None,None,26.9;Oceania Championships Penrith 2012; qp:1.41,3.73;ICF World ranking Penrith 2012; qp:1.73,None,None,0;ICF World ranking Bratislava 2011; qp:0,2.4;World Cup Prague 2011; qp:0,3.1;ICF World ranking Broxbourne 2011; qp:1.56,21.22;World Cup Markkleeberg 2011; qp:0,0;World Cup Argentiere la Bessee 2011; qp:0,0;World Cup Tacen 2011; qp:0,None,4.64;ICF World ranking Tacen 2011; qp:3.34,18.34;ICF World ranking Liptovsky Mikulas 2011; qp:5.07,None,None,24.77;ICF World ranking Solkan 2011; qp:4.33,3.38;ICF World ranking Penrith 2011; qp:2.17,None,None,13.07;World Championships Tacen 2010; qp:0,None,None,None,None,None,None,None,None,None,None,None,None,None,None,None,None,None,None,None,None,None,None,None,None,None,None,None,None,None,None,None,None,None,None,None,None,None,None,None,None,None,None,None,None,None,None,None,None,None,None,None,None,None,None,None,None,None,None,None,None,None,None,None,None,None,None
b1b8bd070d6160ab05e161ff6ec599be,1778585356774369,Peter KAUZER,KAUZER,Peter,2012-06-22,2012,MK1,SLO,29,1,0,None,20;World Cup Pau 2012; qp:0,3.93;World Cup Cardiff 2012; qp:0,None,None,None,17.74;ICF World ranking Tacen 2012; qp:4.72,4.72;ICF World ranking Solkan 2012; qp:4.72,None,None,26.9;Oceania Championships Penrith 2012; qp:1.41,3.73;ICF World ranking Penrith 2012; qp:1.73,None,None,0;ICF World ranking Bratislava 2011; qp:0,2.4;World Cup Prague 2011; qp:0,3.1;ICF World ranking Broxbourne 2011; qp:1.56,21.22;World Cup Markkleeberg 2011; qp:0,0;World Cup Argentiere la Bessee 2011; qp:0,0;World Cup Tacen 2011; qp:0,None,4.64;ICF World ranking Tacen 2011; qp:3.34,18.34;ICF World ranking Liptovsky Mikulas 2011; qp:5.07,None,None,24.77;ICF World ranking Solkan 2011; qp:4.33,3.38;ICF World ranking Penrith 2011; qp:2.17,None,None,13.07;World Championships Tacen 2010; qp:0,None,1.44;ICF World ranking Cunovo 2010; qp:1.44,None,None,2.12;World Cup Augsburg 2010; qp:0,None,None,None,None,None,None,None,None,None,None,None,None,None,None,None,None,None,None,None,None,None,None,None,None,None,None,None,None,None,None,None,None,None,None,None,None,None,None,None,None,None,None,None,None,None,None,None,None,None,None,None,None,None,None,None,None,None,None,None,None,None,None,None,None,None
7f3db278bfc1a61f2e3bb19a7fd83fab,1778585356774369,Peter KAUZER,KAUZER,Peter,2012-05-05,2012,MK1,SLO,29,2,0,None,None,None,17.74;ICF World ranking Tacen 2012; qp:4.72,4.72;ICF World ranking Solkan 2012; qp:4.72,None,None,26.9;Oceania Championships Penrith 2012; qp:1.41,3.73;ICF World ranking Penrith 2012; qp:1.73,None,None,0;ICF World ranking Bratislava 2011; qp:0,2.4;World Cup Prague 2011; qp:0,3.1;ICF World ranking Broxbourne 2011; qp:1.56,21.22;World Cup Markkleeberg 2011; qp:0,None,0;World Cup Tacen 2011; qp:0,None,4.64;ICF World ranking Tacen 2011; qp:3.34,18.34;ICF World ranking Liptovsky Mikulas 2011; qp:5.07,None,None,24.77;ICF World ranking Solkan 2011; qp:4.33,3.38;ICF World ranking Penrith 2011; qp:2.17,None,None,13.07;World Championships Tacen 2010; qp:0,None,1.44;ICF World ranking Cunovo 2010; qp:1.44,None,None,2.12;World Cup Augsburg 2010; qp:0,2.2;World Cup La Seu 2010; qp:0,7.04;World Cup Prague 2010; qp:0,None,None,None,None,None,None,None,None,None,None,None,None,None,None,None,None,None,None,None,None,None,None,None,None,None,None,None,None,None,None,None,None,None,None,None,None,None,None,None,None,None,None,None,None,None,None,None,None,None,None,None,None,None,None,None,None,None,None,None,None,None,None,None,None,None,None
4447a93cfc31350cd90b915a95864243,1778585356774369,Peter KAUZER,KAUZER,Peter,2011-09-07,2011,MK1,SLO,28,2,0,0;ICF World ranking Bratislava 2011; qp:0,2.4;World Cup Prague 2011; qp:0,3.1;ICF World ranking Broxbourne 2011; qp:1.56,21.22;World Cup Markkleeberg 2011; qp:0,0;World Cup Argentiere la Bessee 2011; qp:0,0;World Cup Tacen 2011; qp:0,None,4.64;ICF World ranking Tacen 2011; qp:3.34,18.34;ICF World ranking Liptovsky Mikulas 2011; qp:5.07,None,None,24.77;ICF World ranking Solkan 2011; qp:4.33,3.38;ICF World ranking Penrith 2011; qp:2.17,None,None,13.07;World Championships Tacen 2010; qp:0,None,1.44;ICF World ranking Cunovo 2010; qp:1.44,None,None,2.12;World Cup Augsburg 2010; qp:0,2.2;World Cup La Seu 2010; qp:0,7.04;World Cup Prague 2010; qp:0,None,None,None,12.16;ICF World ranking Tacen 2010; qp:2.16,None,None,None,5.52;ICF World ranking Solkan 2010; qp:5.52,None,None,None,None,None,None,None,None,None,None,None,None,None,None,None,None,None,None,None,None,None,None,None,None,None,None,None,None,None,None,None,None,None,None,None,None,None,None,None,None,None,None,None,None,None,None,None,None,None,None,None,None,None,None,None,None,None,None,None,None,None,None,None,None,None,None,None,None,None
3c21e5dd3d8e2e7a709bf5d755f67abe,1778585356774369,Peter KAUZER,KAUZER,Peter,2011-08-12,2011,MK1,SLO,28,2,0,2.4;World Cup Prague 2011; qp:0,3.1;ICF World ranking Broxbourne 2011; qp:1.56,21.22;World Cup Markkleeberg 2011; qp:0,0;World Cup Argentiere la Bessee 2011; qp:0,0;World Cup Tacen 2011; qp:0,None,4.64;ICF World ranking Tacen 2011; qp:3.34,18.34;ICF World ranking Liptovsky Mikulas 2011; qp:5.07,None,None,24.77;ICF World ranking Solkan 2011; qp:4.33,3.38;ICF World ranking Penrith 2011; qp:2.17,None,None,13.07;World Championships Tacen 2010; qp:0,None,1.44;ICF World ranking Cunovo 2010; qp:1.44,None,None,2.12;World Cup Augsburg 2010; qp:0,2.2;World Cup La Seu 2010; qp:0,7.04;World Cup Prague 2010; qp:0,None,None,None,12.16;ICF World ranking Tacen 2010; qp:2.16,None,None,None,5.52;ICF World ranking Solkan 2010; qp:5.52,None,None,None,None,None,None,None,0;World Championships La Seu 2009; qp:0,None,None,None,None,None,None,None,None,None,None,None,None,None,None,None,None,None,None,None,None,None,None,None,None,None,None,None,None,None,None,None,None,None,None,None,None,None,None,None,None,None,None,None,None,None,None,None,None,None,None,None,None,None,None,None,None,None,None,None,None,None,None
99da28a1d3e8d047f8bdd8c9d0b62b48,1778585356774369,Peter KAUZER,KAUZER,Peter,2011-07-08,2011,MK1,SLO,28,1,0,21.22;World Cup Markkleeberg 2011; qp:0,0;World Cup Argentiere la Bessee 2011; qp:0,0;World Cup Tacen 2011; qp:0,None,4.64;ICF World ranking Tacen 2011; qp:3.34,18.34;ICF World ranking Liptovsky Mikulas 2011; qp:5.07,None,None,24.77;ICF World ranking Solkan 2011; qp:4.33,3.38;ICF World ranking Penrith 2011; qp:2.17,None,None,13.07;World Championships Tacen 2010; qp:0,None,1.44;ICF World ranking Cunovo 2010; qp:1.44,None,None,2.12;World Cup Augsburg 2010; qp:0,2.2;World Cup La Seu 2010; qp:0,7.04;World Cup Prague 2010; qp:0,None,None,None,12.16;ICF World ranking Tacen 2010; qp:2.16,None,None,None,5.52;ICF World ranking Solkan 2010; qp:5.52,None,None,None,None,None,None,None,0;World Championships La Seu 2009; qp:0,3.46;World Championships Tacen 2009; qp:3.46,2.82;Slovak Open Bratislava 2009; qp:2.82,None,None,None,None,None,None,None,None,None,None,None,None,None,None,None,None,None,None,None,None,None,None,None,None,None,None,None,None,None,None,None,None,None,None,None,None,None,None,None,None,None,None,None,None,None,None,None,None,None,None,None,None,None,None,None,None,None,None,None,None,None,None
9a85d4a3ad6c011a665b16490d28892b,1778585356774369,Peter KAUZER,KAUZER,Peter,2011-05-21,2011,MK1,SLO,28,1,0,4.64;ICF World ranking Tacen 2011; qp:3.34,18.34;ICF World ranking Liptovsky Mikulas 2011; qp:5.07,None,None,24.77;ICF World ranking Solkan 2011; qp:4.33,3.38;ICF World ranking Penrith 2011; qp:2.17,None,None,13.07;World Championships Tacen 2010; qp:0,None,1.44;ICF World ranking Cunovo 2010; qp:1.44,None,None,2.12;World Cup Augsburg 2010; qp:0,2.2;World Cup La Seu 2010; qp:0,7.04;World Cup Prague 2010; qp:0,None,None,None,12.16;ICF World ranking Tacen 2010; qp:2.16,None,None,None,5.52;ICF World ranking Solkan 2010; qp:5.52,None,None,None,None,None,None,None,0;World Championships La Seu 2009; qp:0,3.46;World Championships Tacen 2009; qp:3.46,2.82;Slovak Open Bratislava 2009; qp:2.82,None,0;World Cup Augsburg 2009; qp:0,19.44;World Cup Bratislava 2009; qp:0,0;World Cup Pau 2009; qp:0,None,None,None,None,None,None,None,None,None,None,None,None,None,None,None,None,None,None,None,None,None,None,None,None,None,None,None,None,None,None,None,None,None,None,None,None,None,None,None,None,None,None,None,None,None,None,None,None,None,None,None,None,None,None,None,None,None,None,None,None,None,None
7fb41ce632e8033b15354baeb9d2215f,1778585356774369,Peter KAUZER,KAUZER,Peter,2010-09-09,2010,MK1,SLO,27,2,0,13.07;World Championships Tacen 2010; qp:0,None,1.44;ICF World ranking Cunovo 2010; qp:1.44,None,None,2.12;World Cup Augsburg 2010; qp:0,2.2;World Cup La Seu 2010; qp:0,7.04;World Cup Prague 2010; qp:0,None,None,None,12.16;ICF World ranking Tacen 2010; qp:2.16,None,None,None,5.52;ICF World ranking Solkan 2010; qp:5.52,None,None,None,None,None,None,None,0;World Championships La Seu 2009; qp:0,3.46;World Championships Tacen 2009; qp:3.46,2.82;Slovak Open Bratislava 2009; qp:2.82,None,6.54;ICF World ranking Kananaskis 2009; qp:6.17,0;World Cup Augsburg 2009; qp:0,19.44;World Cup Bratislava 2009; qp:0,0;World Cup Pau 2009; qp:0,None,None,None,5.73;ICF World ranking Nottingham 2009; qp:0.91,2.81;Tatra slalom Liptovsky Mikulas 2009; qp:2.36,1.43;ICF World ranking Solkan 2009; qp:1.43,5.4;Australian Open Penrith 2009; qp:2.53,None,None,None,None,None,None,None,None,None,None,None,None,None,None,None,None,None,None,None,None,None,None,None,None,None,None,None,None,None,None,None,None,None,None,None,None,None,None,None,None,None,None,None,None,None,None,None,None,None,None,None,None,None,None,None,None,None,None,None,None,None,None
dece7ccbbb616e94a6355ecdb872d931,1778585356774369,Peter KAUZER,KAUZER,Peter,2010-08-21,2010,MK1,SLO,27,1,0,None,1.44;ICF World ranking Cunovo 2010; qp:1.44,None,None,2.12;World Cup Augsburg 2010; qp:0,2.2;World Cup La Seu 2010; qp:0,7.04;World Cup Prague 2010; qp:0,None,None,None,12.16;ICF World ranking Tacen 2010; qp:2.16,None,None,None,5.52;ICF World ranking Solkan 2010; qp:5.52,None,None,None,None,None,None,None,0;World Championships La Seu 2009; qp:0,3.46;World Championships Tacen 2009; qp:3.46,2.82;Slovak Open Bratislava 2009; qp:2.82,None,6.54;ICF World ranking Kananaskis 2009; qp:6.17,0;World Cup Augsburg 2009; qp:0,19.44;World Cup Bratislava 2009; qp:0,0;World Cup Pau 2009; qp:0,None,None,None,5.73;ICF World ranking Nottingham 2009; qp:0.91,2.81;Tatra slalom Liptovsky Mikulas 2009; qp:2.36,1.43;ICF World ranking Solkan 2009; qp:1.43,5.4;Australian Open Penrith 2009; qp:2.53,None,17.76;ICF World ranking Beijing 2008; qp:0,None,None,None,None,None,None,None,None,None,None,None,None,None,None,None,None,None,None,None,None,None,None,None,None,None,None,None,None,None,None,None,None,None,None,None,None,None,None,None,None,None,None,None,None,None,None,None,None,None,None,None,None,None,None,None,None,None,None,None,None,None
dc7bb44f24838852b3d8c10d78b08545,1778585356774369,Peter KAUZER,KAUZER,Peter,2010-07-02,2010,MK1,SLO,27,1,0,2.12;World Cup Augsburg 2010; qp:0,2.2;World Cup La Seu 2010; qp:0,7.04;World Cup Prague 2010; qp:0,4.38;ICF World ranking Cunovo 2010; qp:-18.68,None,None,None,12.16;ICF World ranking Tacen 2010; qp:2.16,None,None,None,5.52;ICF World ranking Solkan 2010; qp:5.52,None,None,None,None,None,None,0;World Championships La Seu 2009; qp:0,3.46;World Championships Tacen 2009; qp:3.46,2.82;Slovak Open Bratislava 2009; qp:2.82,None,6.54;ICF World ranking Kananaskis 2009; qp:6.17,0;World Cup Augsburg 2009; qp:0,19.44;World Cup Bratislava 2009; qp:0,0;World Cup Pau 2009; qp:0,None,None,None,5.73;ICF World ranking Nottingham 2009; qp:0.91,2.81;Tatra slalom Liptovsky Mikulas 2009; qp:2.36,1.43;ICF World ranking Solkan 2009; qp:1.43,5.4;Australian Open Penrith 2009; qp:2.53,None,17.76;ICF World ranking Beijing 2008; qp:0,None,None,None,None,None,None,None,None,None,None,None,None,None,None,None,None,None,None,None,None,None,None,None,None,None,None,None,None,None,None,None,None,None,None,None,None,None,None,None,None,None,None,None,None,None,None,None,None,None,None,None,None,None,None,None,None,None,None,None,None,None,None,None,None,None
ca6f903fa6abe0192bc9da08586000e0,1778585356774369,Peter KAUZER,KAUZER,Peter,2010-06-05,2010,MK1,SLO,27,1,0,4.38;ICF World ranking Cunovo 2010; qp:-18.68,None,None,None,12.16;ICF World ranking Tacen 2010; qp:2.16,None,None,None,5.52;ICF World ranking Solkan 2010; qp:5.52,None,None,None,None,None,None,None,0;World Championships La Seu 2009; qp:0,3.46;World Championships Tacen 2009; qp:3.46,2.82;Slovak Open Bratislava 2009; qp:2.82,None,6.54;ICF World ranking Kananaskis 2009; qp:6.17,0;World Cup Augsburg 2009; qp:0,19.44;World Cup Bratislava 2009; qp:0,0;World Cup Pau 2009; qp:0,None,None,None,5.73;ICF World ranking Nottingham 2009; qp:0.91,2.81;Tatra slalom Liptovsky Mikulas 2009; qp:2.36,1.43;ICF World ranking Solkan 2009; qp:1.43,5.4;Australian Open Penrith 2009; qp:2.53,None,17.76;ICF World ranking Beijing 2008; qp:0,None,None,0;World Cup Tacen 2008; qp:0,23.44;World Cup Prague 2008; qp:0,None,None,None,None,None,None,None,None,None,None,None,None,None,None,None,None,None,None,None,None,None,None,None,None,None,None,None,None,None,None,None,None,None,None,None,None,None,None,None,None,None,None,None,None,None,None,None,None,None,None,None,None,None,None,None,None,None,None,None,None,None,None,None
f3e487f61224932a54ffa7a5036d98ad,1778585356774369,Peter KAUZER,KAUZER,Peter,2009-10-24,2009,MK1,SLO,26,1,0,None,None,None,None,0;World Championships La Seu 2009; qp:0,3.46;World Championships Tacen 2009; qp:3.46,2.82;Slovak Open Bratislava 2009; qp:2.82,None,6.54;ICF World ranking Kananaskis 2009; qp:6.17,0;World Cup Augsburg 2009; qp:0,19.44;World Cup Bratislava 2009; qp:0,0;World Cup Pau 2009; qp:0,None,None,None,5.73;ICF World ranking Nottingham 2009; qp:0.91,2.81;Tatra slalom Liptovsky Mikulas 2009; qp:2.36,1.43;ICF World ranking Solkan 2009; qp:1.43,5.4;Australian Open Penrith 2009; qp:2.53,None,17.76;ICF World ranking Beijing 2008; qp:0,None,None,0;World Cup Tacen 2008; qp:0,23.44;World Cup Prague 2008; qp:0,None,2.37;ICF World ranking Cracow 2008; qp:1.23,None,None,None,None,None,None,None,None,None,None,None,None,None,None,None,None,None,None,None,None,None,None,None,None,None,None,None,None,None,None,None,None,None,None,None,None,None,None,None,None,None,None,None,None,None,None,None,None,None,None,None,None,None,None,None,None,None,None,None,None,None,None,None,None,None,None,None,None,None,None,None,None,None
1ee0c278620f8f93dbb77a17c694bf4a,1778585356774369,Peter KAUZER,KAUZER,Peter,2009-08-22,2009,MK1,SLO,26,1,0,3.46;World Championships Tacen 2009; qp:3.46,2.82;Slovak Open Bratislava 2009; qp:2.82,None,6.54;ICF World ranking Kananaskis 2009; qp:6.17,0;World Cup Augsburg 2009; qp:0,19.44;World Cup Bratislava 2009; qp:0,0;World Cup Pau 2009; qp:0,None,None,None,5.73;ICF World ranking Nottingham 2009; qp:0.91,2.81;Tatra slalom Liptovsky Mikulas 2009; qp:2.36,1.43;ICF World ranking Solkan 2009; qp:1.43,5.4;Australian Open Penrith 2009; qp:2.53,None,17.76;ICF World ranking Beijing 2008; qp:0,None,None,0;World Cup Tacen 2008; qp:0,23.44;World Cup Prague 2008; qp:0,None,2.37;ICF World ranking Cracow 2008; qp:1.23,None,None,None,16.34;World Championships Foz do Iguassu 2007; qp:0,None,None,None,None,None,None,None,None,None,None,None,None,None,None,None,None,None,None,None,None,None,None,None,None,None,None,None,None,None,None,None,None,None,None,None,None,None,None,None,None,None,None,None,None,None,None,None,None,None,None,None,None,None,None,None,None,None,None,None,None,None,None,None,None,None,None,None,None,None,None,None,None,None,None
758abdaaf72cbf457f73d1953840b77b,1778585356774369,Peter KAUZER,KAUZER,Peter,2009-07-11,2009,MK1,SLO,26,1,0,0;World Cup Augsburg 2009; qp:0,19.44;World Cup Bratislava 2009; qp:0,0;World Cup Pau 2009; qp:0,None,None,None,5.73;ICF World ranking Nottingham 2009; qp:0.91,2.81;Tatra slalom Liptovsky Mikulas 2009; qp:2.36,1.43;ICF World ranking Solkan 2009; qp:1.43,5.4;Australian Open Penrith 2009; qp:2.53,None,17.76;ICF World ranking Beijing 2008; qp:0,None,None,0;World Cup Tacen 2008; qp:0,23.44;World Cup Prague 2008; qp:0,None,2.37;ICF World ranking Cracow 2008; qp:1.23,None,None,None,16.34;World Championships Foz do Iguassu 2007; qp:0,None,52.56;ICF World ranking Foz do Iguassu 2007; qp:1.19,None,None,None,None,None,None,None,None,None,None,None,None,None,None,None,None,None,None,None,None,None,None,None,None,None,None,None,None,None,None,None,None,None,None,None,None,None,None,None,None,None,None,None,None,None,None,None,None,None,None,None,None,None,None,None,None,None,None,None,None,None,None,None,None,None,None,None,None,None,None,None,None,None,None,None,None
25ee21cd3e0c673d76325e45c3603d15,1778585356774369,Peter KAUZER,KAUZER,Peter,2009-06-20,2009,MK1,SLO,26,2,0.88,None,None,None,5.73;ICF World ranking Nottingham 2009; qp:0.91,2.81;Tatra slalom Liptovsky Mikulas 2009; qp:2.36,1.43;ICF World ranking Solkan 2009; qp:1.43,5.4;Australian Open Penrith 2009; qp:2.53,None,17.76;ICF World ranking Beijing 2008; qp:0,None,None,0;World Cup Tacen 2008; qp:0,23.44;World Cup Prague 2008; qp:0,None,2.37;ICF World ranking Cracow 2008; qp:1.23,None,None,None,16.34;World Championships Foz do Iguassu 2007; qp:0,None,1.79;World Cup Augsburg 2007; qp:0,10;World Cup Tacen 2007; qp:0,2.56;World Cup Prague 2007; qp:0,1.2;ICF World ranking Liptovsky Mikulas 2007; qp:0.99,52.56;ICF World ranking Foz do Iguassu 2007; qp:1.19,None,None,None,None,None,None,None,None,None,None,None,None,None,None,None,None,None,None,None,None,None,None,None,None,None,None,None,None,None,None,None,None,None,None,None,None,None,None,None,None,None,None,None,None,None,None,None,None,None,None,None,None,None,None,None,None,None,None,None,None,None,None,None,None,None,None,None,None,None,None,None,None,None,None,None
11bdcfd0871d1601f0ffcb643c1f5b26,1778585356774369,Peter KAUZER,KAUZER,Peter,2008-08-08,2008,MK1,SLO,25,3,0.4,17.76;ICF World ranking Beijing 2008; qp:0,None,None,0;World Cup Tacen 2008; qp:0,23.44;World Cup Prague 2008; qp:0,None,2.37;ICF World ranking Cracow 2008; qp:1.23,None,None,None,16.34;World Championships Foz do Iguassu 2007; qp:0,None,1.79;World Cup Augsburg 2007; qp:0,10;World Cup Tacen 2007; qp:0,2.56;World Cup Prague 2007; qp:0,1.2;ICF World ranking Liptovsky Mikulas 2007; qp:0.99,52.56;ICF World ranking Foz do Iguassu 2007; qp:1.19,None,4.66;World Championships Prague 2006; qp:0,1.87;ICF World ranking Argentiere la Bessee 2006; qp:0.98,0;World Cup La Seu 2006; qp:0,15.4;World Cup Ausgburg 2006; qp:0,20.28;World Cup Athens 2006; qp:0,None,None,None,None,None,None,None,None,None,None,None,None,None,None,None,None,None,None,None,None,None,None,None,None,None,None,None,None,None,None,None,None,None,None,None,None,None,None,None,None,None,None,None,None,None,None,None,None,None,None,None,None,None,None,None,None,None,None,None,None,None,None,None,None,None,None,None,None,None,None,None,None,None,None,None,None,None
56abc8ba70508cc8ae7caba9e130abb6,1778585356774369,Peter KAUZER,KAUZER,Peter,2008-07-11,2008,MK1,SLO,25,2,0.4,None,None,0;World Cup Tacen 2008; qp:0,23.44;World Cup Prague 2008; qp:0,None,2.37;ICF World ranking Cracow 2008; qp:1.23,None,None,None,16.34;World Championships Foz do Iguassu 2007; qp:0,None,1.79;World Cup Augsburg 2007; qp:0,10;World Cup Tacen 2007; qp:0,2.56;World Cup Prague 2007; qp:0,1.2;ICF World ranking Liptovsky Mikulas 2007; qp:0.99,52.56;ICF World ranking Foz do Iguassu 2007; qp:1.19,None,4.66;World Championships Prague 2006; qp:0,1.87;ICF World ranking Argentiere la Bessee 2006; qp:0.98,0;World Cup La Seu 2006; qp:0,15.4;World Cup Ausgburg 2006; qp:0,20.28;World Cup Athens 2006; qp:0,None,None,None,None,None,None,None,None,None,None,None,None,None,None,None,None,None,None,None,None,None,None,None,None,None,None,None,None,None,None,None,None,None,None,None,None,None,None,None,None,None,None,None,None,None,None,None,None,None,None,None,None,None,None,None,None,None,None,None,None,None,None,None,None,None,None,None,None,None,None,None,None,None,None,None,None,None,None
376009e9dc6f8f896f0d5358c1044ee3,1778585356774369,Peter KAUZER,KAUZER,Peter,2008-05-17,2008,MK1,SLO,25,4,1,None,2.37;ICF World ranking Cracow 2008; qp:1.23,None,None,None,16.34;World Championships Foz do Iguassu 2007; qp:0,None,1.79;World Cup Augsburg 2007; qp:0,10;World Cup Tacen 2007; qp:0,2.56;World Cup Prague 2007; qp:0,1.2;ICF World ranking Liptovsky Mikulas 2007; qp:0.99,52.56;ICF World ranking Foz do Iguassu 2007; qp:1.19,None,4.66;World Championships Prague 2006; qp:0,1.87;ICF World ranking Argentiere la Bessee 2006; qp:0.98,0;World Cup La Seu 2006; qp:0,15.4;World Cup Ausgburg 2006; qp:0,20.28;World Cup Athens 2006; qp:0,None,None,None,None,None,None,None,None,None,None,None,None,None,None,None,None,None,None,None,None,None,None,None,None,None,None,None,None,None,None,None,None,None,None,None,None,None,None,None,None,None,None,None,None,None,None,None,None,None,None,None,None,None,None,None,None,None,None,None,None,None,None,None,None,None,None,None,None,None,None,None,None,None,None,None,None,None,None,None,None,None,None
494d0d1a3bc8d1b8e0c5296adb1b9aa5,1778585356774369,Peter KAUZER,KAUZER,Peter,2007-09-19,2007,MK1,SLO,24,4,1,16.34;World Championships Foz do Iguassu 2007; qp:0,None,1.79;World Cup Augsburg 2007; qp:0,10;World Cup Tacen 2007; qp:0,2.56;World Cup Prague 2007; qp:0,1.2;ICF World ranking Liptovsky Mikulas 2007; qp:0.99,52.56;ICF World ranking Foz do Iguassu 2007; qp:1.19,None,4.66;World Championships Prague 2006; qp:0,1.87;ICF World ranking Argentiere la Bessee 2006; qp:0.98,0;World Cup La Seu 2006; qp:0,15.4;World Cup Ausgburg 2006; qp:0,20.28;World Cup Athens 2006; qp:0,None,None,None,None,None,None,None,None,None,None,None,None,None,None,None,None,None,None,None,None,None,None,None,None,None,None,None,None,None,None,None,None,None,None,None,None,None,None,None,None,None,None,None,None,None,None,None,None,None,None,None,None,None,None,None,None,None,None,None,None,None,None,None,None,None,None,None,None,None,None,None,None,None,None,None,None,None,None,None,None,None,None,None,None,None,None,None
e64aaa2a86ea27e053ffb9272d7c3bf6,1778585356774369,Peter KAUZER,KAUZER,Peter,2007-08-16,2007,MK1,SLO,24,4,1,None,1.79;World Cup Augsburg 2007; qp:0,10;World Cup Tacen 2007; qp:0,2.56;World Cup Prague 2007; qp:0,1.2;ICF World ranking Liptovsky Mikulas 2007; qp:0.99,52.56;ICF World ranking Foz do Iguassu 2007; qp:1.19,None,4.66;World Championships Prague 2006; qp:0,1.87;ICF World ranking Argentiere la Bessee 2006; qp:0.98,0;World Cup La Seu 2006; qp:0,15.4;World Cup Ausgburg 2006; qp:0,20.28;World Cup Athens 2006; qp:0,None,None,None,None,None,None,None,None,None,None,None,None,None,None,None,None,None,None,None,None,None,None,None,None,None,None,None,None,None,None,None,None,None,None,None,None,None,None,None,None,None,None,None,None,None,None,None,None,None,None,None,None,None,None,None,None,None,None,None,None,None,None,None,None,None,None,None,None,None,None,None,None,None,None,None,None,None,None,None,None,None,None,None,None,None,None,None,None
043015e9e42dbbec570bed47abdc53cf,1778585356774369,Peter KAUZER,KAUZER,Peter,2007-07-14,2007,MK1,SLO,24,4,1,1.79;World Cup Augsburg 2007; qp:0,10;World Cup Tacen 2007; qp:0,2.56;World Cup Prague 2007; qp:0,1.2;ICF World ranking Liptovsky Mikulas 2007; qp:0.99,52.56;ICF World ranking Foz do Iguassu 2007; qp:1.19,None,None,4.66;World Championships Prague 2006; qp:0,1.87;ICF World ranking Argentiere la Bessee 2006; qp:0.98,0;World Cup La Seu 2006; qp:0,15.4;World Cup Ausgburg 2006; qp:0,20.28;World Cup Athens 2006; qp:0,None,None,None,None,None,None,None,None,None,None,None,None,None,None,None,None,None,None,None,None,None,None,None,None,None,None,None,None,None,None,None,None,None,None,None,None,None,None,None,None,None,None,None,None,None,None,None,None,None,None,None,None,None,None,None,None,None,None,None,None,None,None,None,None,None,None,None,None,None,None,None,None,None,None,None,None,None,None,None,None,None,None,None,None,None,None,None,None
b6b610bafe26e2862032dafed8976e5d,1778585356774369,Peter KAUZER,KAUZER,Peter,2007-06-14,2007,MK1,SLO,24,1,1.35,1.2;ICF World ranking Liptovsky Mikulas 2007; qp:0.99,52.56;ICF World ranking Foz do Iguassu 2007; qp:1.19,None,None,4.66;World Championships Prague 2006; qp:0,1.87;ICF World ranking Argentiere la Bessee 2006; qp:0.98,0;World Cup La Seu 2006; qp:0,15.4;World Cup Ausgburg 2006; qp:0,20.28;World Cup Athens 2006; qp:0,None,None,None,None,None,None,None,None,None,None,None,None,None,None,None,None,None,None,None,None,None,None,None,None,None,None,None,None,None,None,None,None,None,None,None,None,None,None,None,None,None,None,None,None,None,None,None,None,None,None,None,None,None,None,None,None,None,None,None,None,None,None,None,None,None,None,None,None,None,None,None,None,None,None,None,None,None,None,None,None,None,None,None,None,None,None,None,None,None,None,None
5f446ebdfd54e2869e2143ae7e56dd73,1787573484683840,Titouan CASTRYCK,CASTRYCK,Titouan,2026-08-21,2026,MK1,FRA,22,1,0.13,None,None,None,15.19;World Championships Oklahoma 2026; qp:0,None,None,14.22;World Cup Augsburg 2026; qp:0,10.41;World Cup Prague 2026; qp:0,28.26;World Cup Tacen 2026; qp:0,None,None,None,None,None,None,None,None,None,None,None,5.38;ICF World ranking Oklahoma 2026; qp:1.89,None,None,None,None,None,None,None,None,None,None,None,None,None,None,0;World Championships Penrtih 2025; qp:0,0.67;World Cup Augsburg 2025; qp:0,0;World Cup Tacen 2025; qp:0,None,None,None,None,None,None,8.71;World Championships Foix 2025; qp:8.71,None,0;World Cup Prague 2025; qp:0,3.71;World Cup Pau 2025; qp:0,0;World Cup La Seu 2025; qp:0,3.82;ICF World ranking Vaires sur Marne 2025; qp:1.55,None,None,None,None,None,None,None,None,None,None,None,None,None,None,None,None,None,None,None,2.79;Australian Open Penrith 2025; qp:2.69,None,None,None,100.21;Oceania Championships Penrith 2025; qp:3.55,None,None,None,None,None,None,3.33;World Cup La Seu 2024; qp:0,None,38.64;ICF World ranking Tacen 2024; qp:1.01,None,None,None,None,None,None,None,None,None,None,None,None,None,None,None,None,None
a6d4be6044154f73d3070b766bcdfeb8,1787573484683840,Titouan CASTRYCK,CASTRYCK,Titouan,2026-07-06,2026,MK1,FRA,22,1,0.07,14.22;Team trials Augsburg 2026; qp:0,10.41;Team trials Ceske Budejovice 2026; qp:0,28.26;Team trials Solkan 2026; qp:0,None,None,None,None,None,None,None,None,None,None,None,5.38;Team trials Deep Creek 2026; qp:1.89,None,None,None,None,None,None,None,None,None,None,None,None,None,None,0;World Championships Penrtih 2025; qp:0,0.67;Team trials Augsburg 2025; qp:0,0;Team trials Solkan 2025; qp:0,None,None,None,None,None,None,8.71;World Championships Foix 2025; qp:8.71,None,0;Team trials Ceske Budejovice 2025; qp:0,3.71;Team trials Orthez 2025; qp:0,0;Team trials Mondariz 2025; qp:0,3.82;Team trials Solkan 2025; qp:1.55,None,None,None,None,None,None,None,None,None,None,None,None,None,None,None,None,None,None,None,2.79;Team trials Penrith 2025; qp:2.69,None,None,None,100.21;Team trials Penrith 2025; qp:3.55,None,None,None,None,None,None,3.33;Team trials Mondariz 2024; qp:0,None,None,0.34;Olympic Games Paris 2024; qp:0,None,None,38.64;ICF World ranking Tacen 2024; qp:1.01,None,None,None,None,None,None,None,None,None,None,None,None,None,None,None,None,None,None,None
6696810adf60b8b18aeda2b1c3fb7959,1778586295805429,Titouan CASTRYCK,CASTRYCK,Titouan,2026-03-31,2026,MK1,FRA,22,1,0.07,5.38;ICF World ranking Oklahoma 2026; qp:1.89,None,None,None,None,None,None,None,None,None,None,None,None,None,None,0;World Championships Penrtih 2025; qp:0,0.67;World Cup Augsburg 2025; qp:0,0;World Cup Tacen 2025; qp:0,None,None,None,None,None,None,8.71;World Championships Foix 2025; qp:8.71,None,0;World Cup Prague 2025; qp:0,3.71;World Cup Pau 2025; qp:0,0;World Cup La Seu 2025; qp:0,3.82;ICF World ranking Vaires sur Marne 2025; qp:1.55,None,None,None,None,None,None,None,None,None,None,None,None,None,None,None,None,None,None,None,2.79;Australian Open Penrith 2025; qp:2.69,None,None,None,100.21;Oceania Championships Penrith 2025; qp:3.55,None,None,None,None,None,None,3.33;World Cup La Seu 2024; qp:0,None,None,0.34;Olympic Games Paris 2024; qp:0,None,None,17.44;World Cup Krakow 2024; qp:0,5.56;World Cup Prague 2024; qp:0,None,None,None,38.64;ICF World ranking Tacen 2024; qp:1.01,None,None,None,None,None,None,None,None,None,None,None,None,None,None,None,None,None,None,None,None,None,None,None,None,None,None,None,None
d81d48a4a143d200524d5dbf14c37caf,1778586295805429,Titouan CASTRYCK,CASTRYCK,Titouan,2025-10-15,2025,MK1,FRA,21,1,0.07,0;World Championships Penrtih 2025; qp:0,0.67;World Cup Augsburg 2025; qp:0,0;World Cup Tacen 2025; qp:0,None,None,None,None,None,None,None,8.71;World Championships Foix 2025; qp:8.71,0;World Cup Prague 2025; qp:0,3.71;World Cup Pau 2025; qp:0,0;World Cup La Seu 2025; qp:0,3.82;ICF World ranking Vaires sur Marne 2025; qp:1.55,None,None,None,None,None,None,None,None,None,None,None,None,None,None,None,None,None,None,None,2.79;Australian Open Penrith 2025; qp:2.69,None,None,None,100.21;Oceania Championships Penrith 2025; qp:3.55,None,None,None,None,None,None,3.33;World Cup La Seu 2024; qp:0,None,None,0.34;Olympic Games Paris 2024; qp:0,None,None,17.44;World Cup Krakow 2024; qp:0,5.56;World Cup Prague 2024; qp:0,None,None,None,38.64;ICF World ranking Tacen 2024; qp:1.01,None,None,None,None,None,None,None,None,None,None,None,32.58;Australian Open Penrith 2024; qp:1.97,17.54;Oceania Championships Penrith 2024; qp:4.68,None,None,None,None,None,None,None,None,None,None,None,None,None,None,None,None,None,None,None,None,None,None,None,None,None,None,None,None,None,None
3787d82002cb87037aa6b30dea5871e2,1778586295805429,Titouan CASTRYCK,CASTRYCK,Titouan,2025-09-10,2025,MK1,FRA,21,1,0.2,0.67;World Cup Augsburg 2025; qp:0,0;World Cup Tacen 2025; qp:0,None,None,None,None,None,None,None,8.71;World Championships Foix 2025; qp:8.71,0;World Cup Prague 2025; qp:0,3.71;World Cup Pau 2025; qp:0,0;World Cup La Seu 2025; qp:0,3.82;ICF World ranking Vaires sur Marne 2025; qp:1.55,None,None,None,None,None,None,None,None,None,None,None,None,None,None,None,None,None,None,None,2.79;Australian Open Penrith 2025; qp:2.69,None,None,None,100.21;Oceania Championships Penrith 2025; qp:3.55,None,None,None,None,None,None,3.33;World Cup La Seu 2024; qp:0,None,None,0.34;Olympic Games Paris 2024; qp:0,None,None,17.44;World Cup Krakow 2024; qp:0,5.56;World Cup Prague 2024; qp:0,None,None,None,38.64;ICF World ranking Tacen 2024; qp:1.01,None,None,None,None,None,None,None,None,None,None,None,32.58;Australian Open Penrith 2024; qp:1.97,17.54;Oceania Championships Penrith 2024; qp:4.68,19.96;World Championships Lee Valley 2023; qp:0,None,None,None,None,None,None,None,None,None,None,None,None,None,None,None,None,None,None,None,None,None,None,None,None,None,None,None,None,None,None
815993625a77b77178dbcb528aeae6a2,1778586295805429,Titouan CASTRYCK,CASTRYCK,Titouan,2025-07-01,2025,MK1,FRA,21,1,0.63,0;World Cup Prague 2025; qp:0,3.71;World Cup Pau 2025; qp:0,0;World Cup La Seu 2025; qp:0,3.82;Euros Vaires sur Marne 2025; qp:1.55,None,None,None,None,None,None,None,None,None,None,None,None,None,None,None,None,None,None,None,2.79;Australian Open Penrith 2025; qp:2.69,None,None,None,100.21;Oceania Championships Penrith 2025; qp:3.55,None,None,None,None,None,None,3.33;World Cup La Seu 2024; qp:0,None,None,0.34;Olympic Games Paris 2024; qp:0,None,None,17.44;World Cup Krakow 2024; qp:0,5.56;World Cup Prague 2024; qp:0,None,None,None,38.64;ICF World ranking Tacen 2024; qp:1.01,None,None,None,None,None,None,None,None,None,None,None,32.58;Australian Open Penrith 2024; qp:1.97,17.54;Oceania Championships Penrith 2024; qp:4.68,None,None,None,None,0;World Cup Vaires sur Marne 2023; qp:0,19.96;World Championships Lee Valley 2023; qp:0,3.12;World Cup La Seu 2023; qp:0,None,None,15.43;World Championships Krakow 2023; qp:13.98,None,None,None,None,None,None,None,None,None,None,None,None,None,None,None,None,None,None,None,None,None,None,None,None,None,None,None,None,None,None,None
80c4297e08ef33da226a8f7faba4d3ff,1778586295805429,Titouan CASTRYCK,CASTRYCK,Titouan,2025-05-30,2025,MK1,FRA,21,4,1.91,3.82;Euros Vaires sur Marne 2025; qp:1.55,None,None,None,None,None,None,None,None,None,None,None,None,None,None,None,None,None,None,None,2.79;Australian Open Penrith 2025; qp:2.69,None,None,None,100.21;Oceania Championships Penrith 2025; qp:3.55,None,None,None,None,None,None,3.33;World Cup La Seu 2024; qp:0,None,None,0.34;Olympic Games Paris 2024; qp:0,None,None,17.44;World Cup Krakow 2024; qp:0,5.56;World Cup Prague 2024; qp:0,None,None,None,38.64;ICF World ranking Tacen 2024; qp:1.01,None,None,None,None,None,None,None,None,None,None,None,32.58;Australian Open Penrith 2024; qp:1.97,17.54;Oceania Championships Penrith 2024; qp:4.68,None,None,None,None,0;World Cup Vaires sur Marne 2023; qp:0,19.96;World Championships Lee Valley 2023; qp:0,3.12;World Cup La Seu 2023; qp:0,None,None,15.43;World Championships Krakow 2023; qp:13.98,None,None,None,None,3.3;World Cup Prague 2023; qp:0,11.53;World Cup Augsburg 2023; qp:0,None,None,None,None,None,None,None,None,None,None,None,None,None,None,None,None,None,None,None,None,None,None,None,None,None,None,None,None
531d05321fe82aeeb91dd79f8af4121e,1778586295805429,Titouan CASTRYCK,CASTRYCK,Titouan,2025-04-03,2025,MK1,FRA,21,4,1.91,None,None,None,None,None,None,None,None,None,2.79;Australian Open Penrith 2025; qp:2.69,None,None,None,100.21;Oceania Championships Penrith 2025; qp:3.55,None,None,None,None,None,None,3.33;World Cup La Seu 2024; qp:0,None,None,0.34;Olympic Games Paris 2024; qp:0,None,None,17.44;World Cup Krakow 2024; qp:0,5.56;World Cup Prague 2024; qp:0,None,None,None,38.64;ICF World ranking Tacen 2024; qp:1.01,None,None,None,None,None,None,None,None,None,None,None,32.58;Australian Open Penrith 2024; qp:1.97,17.54;Oceania Championships Penrith 2024; qp:4.68,None,None,None,None,0;World Cup Vaires sur Marne 2023; qp:0,19.96;World Championships Lee Valley 2023; qp:0,3.12;World Cup La Seu 2023; qp:0,None,None,15.43;World Championships Krakow 2023; qp:13.98,None,None,17.24;ICF World ranking Krakow 2023; qp:0.71,None,None,3.3;World Cup Prague 2023; qp:0,11.53;World Cup Augsburg 2023; qp:0,None,None,None,None,None,None,None,None,None,None,None,None,None,None,None,None,None,None,None,None,None,None,None,None,None,None,None,None,None,None,None,None,None,None,None,None,None,None
e8a5209c288ebe62e1c3db174c015239,1778586295805429,Titouan CASTRYCK,CASTRYCK,Titouan,2024-09-25,2024,MK1,FRA,20,4,2.02,3.33;World Cup La Seu 2024; qp:0,None,None,0.34;Olympic Games Vaires sur Marne 2024; qp:0,None,None,17.44;World Cup Krakow 2024; qp:0,5.56;World Cup Prague 2024; qp:0,None,None,None,38.64;Euros Tacen 2024; qp:1.01,None,None,None,None,None,None,None,None,None,None,None,32.58;Australian Open Penrith 2024; qp:1.97,17.54;Oceania Championships Penrith 2024; qp:4.68,None,None,None,None,0;World Cup Vaires sur Marne 2023; qp:0,19.96;World Championships Lee Valley 2023; qp:0,3.12;World Cup La Seu 2023; qp:0,None,15.43;World Championships Krakow 2023; qp:13.98,None,None,None,17.24;ICF World ranking Krakow 2023; qp:0.71,None,None,3.3;World Cup Prague 2023; qp:0,11.53;World Cup Augsburg 2023; qp:0,None,None,None,None,None,None,None,None,None,None,20.46;ICF World ranking Ile de la Reunion 2023; qp:2.6,None,None,None,None,None,None,None,None,None,None,None,None,None,None,None,None,None,None,None,None,None,None,None,None,None,None,None,None,None,None,None,None,None,None,None,None,None,None,None,None,None,None,None,None,None,None,None
f5c5bf7668fb51087d510c50e93e08ff,1778586295805429,Titouan CASTRYCK,CASTRYCK,Titouan,2024-06-20,2024,MK1,FRA,20,7,4.58,17.44;World Cup Krakow 2024; qp:0,5.56;World Cup Prague 2024; qp:0,None,None,None,38.64;Euros Tacen 2024; qp:1.01,None,None,None,None,None,None,None,None,None,None,None,32.58;Australian Open Penrith 2024; qp:1.97,17.54;Oceania Championships Penrith 2024; qp:4.68,None,None,None,None,0;World Cup Vaires sur Marne 2023; qp:0,19.96;World Championships Lee Valley 2023; qp:0,3.12;World Cup La Seu 2023; qp:0,None,None,15.43;World Championships Krakow 2023; qp:13.98,None,None,17.24;Euros Krakow 2023; qp:0.71,None,None,3.3;World Cup Prague 2023; qp:0,11.53;World Cup Augsburg 2023; qp:0,None,None,None,None,None,None,None,None,None,None,20.46;ICF World ranking Ile de la Reunion 2023; qp:2.6,None,15.58;ICF World ranking Lee Valley 2022; qp:0.96,None,26.73;World Cup La Seu 2022; qp:0,17.21;World Cup Pau 2022; qp:0,None,10.9;World Championships Augsburg 2022; qp:0,30.72;World Championships Ivrea 2022; qp:30.72,None,None,None,None,None,None,None,None,None,None,None,None,None,None,None,None,None,None,None,None,None,None,None,None,None,None,None,None,None,None,None,None,None,None,None,None,None,None,None,None,None,None,None,None,None
21d871f1866bad66889831ad9cb8c459,1778586295805429,Titouan CASTRYCK,CASTRYCK,Titouan,2024-05-22,2024,MK1,FRA,20,7,5.77,38.64;Euros Tacen 2024; qp:1.01,None,None,None,None,None,None,None,None,None,None,None,32.58;Australian Open Penrith 2024; qp:1.97,17.54;Oceania Championships Penrith 2024; qp:4.68,None,None,None,None,0;World Cup Vaires sur Marne 2023; qp:0,19.96;World Championships Lee Valley 2023; qp:0,3.12;World Cup La Seu 2023; qp:0,None,None,15.43;World Championships Krakow 2023; qp:13.98,None,None,17.24;Euros Krakow 2023; qp:0.71,None,None,3.3;World Cup Prague 2023; qp:0,11.53;World Cup Augsburg 2023; qp:0,None,None,None,None,None,None,None,None,None,None,20.46;ICF World ranking Ile de la Reunion 2023; qp:2.6,None,15.58;ICF World ranking Lee Valley 2022; qp:0.96,None,26.73;World Cup La Seu 2022; qp:0,17.21;World Cup Pau 2022; qp:0,None,10.9;World Championships Augsburg 2022; qp:0,30.72;World Championships Ivrea 2022; qp:30.72,None,None,13.74;World Cup Krakow 2022; qp:0,31.52;World Cup Prague 2022; qp:0,None,None,None,None,None,None,None,None,None,None,None,None,None,None,None,None,None,None,None,None,None,None,None,None,None,None,None,None,None,None,None,None,None,None,None,None,None,None,None,None,None,None,None,None,None,None
390ba39c483f51f6784dda01ba9191a4,1778586295805429,Titouan CASTRYCK,CASTRYCK,Titouan,2023-11-16,2023,MK1,FRA,19,7,4.11,None,None,None,None,0;World Cup Vaires sur Marne 2023; qp:0,19.96;World Championships Lee Valley 2023; qp:0,3.12;World Cup La Seu 2023; qp:0,None,15.43;World Championships Krakow 2023; qp:13.98,None,None,None,17.24;Euros Krakow 2023; qp:0.71,None,None,3.3;World Cup Prague 2023; qp:0,11.53;World Cup Augsburg 2023; qp:0,None,None,None,None,None,None,None,None,None,None,20.46;ICF World ranking Ile de la Reunion 2023; qp:2.6,None,15.58;ICF World ranking Lee Valley 2022; qp:0.96,None,26.73;World Cup La Seu 2022; qp:0,17.21;World Cup Pau 2022; qp:0,None,10.9;World Championships Augsburg 2022; qp:0,None,30.72;World Championships Ivrea 2022; qp:30.72,None,13.74;World Cup Krakow 2022; qp:0,31.52;World Cup Prague 2022; qp:0,None,None,28.98;ICF World ranking Liptovsky Mikulas 2022; qp:1.34,None,None,None,None,None,None,None,None,None,3.23;ICF World ranking Ile de la Reunion 2022; qp:1.91,None,None,None,None,None,None,None,None,None,None,None,None,None,None,None,None,None,None,None,None,None,None,None,None,None,None,None,None,None,None,None,None,None,None,None,None,None,None,None,None,None,None,None,None,None,None,None
3f8910255b9787ed5d83f9679f1c7613,1778586295805429,Titouan CASTRYCK,CASTRYCK,Titouan,2023-09-04,2023,MK1,FRA,19,13,6.42,3.12;World Cup La Seu 2023; qp:0,None,15.43;World Championships Krakow 2023; qp:13.98,None,None,None,17.24;Euros Krakow 2023; qp:0.71,None,None,3.3;World Cup Prague 2023; qp:0,11.53;World Cup Augsburg 2023; qp:0,None,None,None,None,None,None,None,None,None,None,20.46;ICF World ranking Ile de la Reunion 2023; qp:2.6,None,15.58;ICF World ranking Lee Valley 2022; qp:0.96,None,26.73;World Cup La Seu 2022; qp:0,17.21;World Cup Pau 2022; qp:0,None,10.9;World Championships Augsburg 2022; qp:0,30.72;World Championships Ivrea 2022; qp:30.72,None,None,13.74;World Cup Krakow 2022; qp:0,31.52;World Cup Prague 2022; qp:0,None,None,28.98;ICF World ranking Liptovsky Mikulas 2022; qp:1.34,None,None,None,None,None,None,None,None,None,3.23;ICF World ranking Ile de la Reunion 2022; qp:1.91,None,None,None,117.39;World Cup La Seu 2021; qp:0,None,None,None,66.71;British Open Lee Valley 2019; qp:21.89,None,None,None,None,None,None,None,None,None,None,None,None,None,None,None,None,None,None,None,None,None,None,None,None,None,None,None,None,None,None,None,None,None,None,None,None,None,None,None,None,None,None,None,None,None
c16949441fa42422a5b7013ab90d907f,1778586295805429,Titouan CASTRYCK,CASTRYCK,Titouan,2023-07-03,2023,MK1,FRA,19,14,8.54,None,3.3;World Cup Prague 2023; qp:0,11.53;World Cup Augsburg 2023; qp:0,None,None,None,None,None,None,None,None,None,None,20.46;ICF World ranking Ile de la Reunion 2023; qp:2.6,None,15.58;ICF World ranking Lee Valley 2022; qp:0.96,None,26.73;World Cup La Seu 2022; qp:0,17.21;World Cup Pau 2022; qp:0,None,10.9;World Championships Augsburg 2022; qp:0,None,30.72;World Championships Ivrea 2022; qp:30.72,None,13.74;World Cup Krakow 2022; qp:0,31.52;World Cup Prague 2022; qp:0,None,None,28.98;ICF World ranking Liptovsky Mikulas 2022; qp:1.34,None,None,None,None,None,None,None,None,None,3.23;ICF World ranking Ile de la Reunion 2022; qp:1.91,None,None,None,117.39;World Cup La Seu 2021; qp:0,None,None,None,66.71;British Open Lee Valley 2019; qp:21.89,None,None,None,None,None,None,None,None,None,None,None,None,None,None,None,None,None,None,None,None,None,None,None,None,None,None,None,None,None,None,None,None,None,None,None,None,None,None,None,None,None,None,None,None,None,None,None,None,None,None,None,None,None
574ef662f71ccce3c7c4455f360f44ae,1778586295805429,Titouan CASTRYCK,CASTRYCK,Titouan,2023-05-29,2023,MK1,FRA,19,22,12.13,None,None,None,None,None,None,None,None,None,20.46;ICF World ranking Ile de la Reunion 2023; qp:2.6,None,15.58;ICF World ranking Lee Valley 2022; qp:0.96,None,26.73;World Cup La Seu 2022; qp:0,17.21;World Cup Pau 2022; qp:0,None,10.9;World Championships Augsburg 2022; qp:0,None,30.72;World Championships Ivrea 2022; qp:30.72,None,13.74;World Cup Krakow 2022; qp:0,31.52;World Cup Prague 2022; qp:0,None,None,28.98;ICF World ranking Liptovsky Mikulas 2022; qp:1.34,None,None,None,None,None,None,None,None,None,3.23;ICF World ranking Ile de la Reunion 2022; qp:1.91,None,None,None,117.39;World Cup La Seu 2021; qp:0,None,None,None,66.71;British Open Lee Valley 2019; qp:21.89,None,None,None,None,None,None,None,None,None,None,None,None,None,None,None,None,None,None,None,None,None,None,None,None,None,None,None,None,None,None,None,None,None,None,None,None,None,None,None,None,None,None,None,None,None,None,None,None,None,None,None,None,None,None,None,None,None
f960bab6e4c406d7a5799fcebca17070,1778586295805429,Titouan CASTRYCK,CASTRYCK,Titouan,2022-09-23,2022,MK1,FRA,18,25,12.13,15.58;ICF World ranking Lee Valley 2022; qp:0.96,None,26.73;World Cup La Seu 2022; qp:0,17.21;World Cup Pau 2022; qp:0,None,10.9;World Championships Augsburg 2022; qp:0,None,30.72;World Championships Ivrea 2022; qp:30.72,None,13.74;World Cup Krakow 2022; qp:0,31.52;World Cup Prague 2022; qp:0,None,None,28.98;ICF World ranking Liptovsky Mikulas 2022; qp:1.34,None,None,None,None,None,None,None,None,None,3.23;ICF World ranking Ile de la Reunion 2022; qp:1.91,None,None,None,117.39;World Cup La Seu 2021; qp:0,None,None,None,66.71;British Open Lee Valley 2019; qp:21.89,None,None,None,None,None,None,None,None,None,None,None,None,None,None,None,None,41.6;Pyrenees Cup La Seu 2019; qp:5.77,None,None,None,None,None,None,None,None,None,None,None,None,None,None,None,None,None,None,None,None,None,None,None,None,None,None,None,None,None,None,None,None,None,None,None,None,None,None,None,None,None,None,None,None,None,None,None,None,None,None,None
40ed37342cfff99be1ac4a77e4ec5113,1778586295805429,Titouan CASTRYCK,CASTRYCK,Titouan,2022-08-01,2022,MK1,FRA,18,47,17.51,None,10.9;World Championships Augsburg 2022; qp:0,None,30.72;World Championships Ivrea 2022; qp:30.72,None,13.74;World Cup Krakow 2022; qp:0,31.52;World Cup Prague 2022; qp:0,None,None,28.98;ICF World ranking Liptovsky Mikulas 2022; qp:1.34,None,None,None,None,None,None,None,None,None,3.23;ICF World ranking Ile de la Reunion 2022; qp:1.91,None,None,None,117.39;World Cup La Seu 2021; qp:0,None,None,None,66.71;British Open Lee Valley 2019; qp:21.89,None,None,None,None,None,None,None,None,None,None,None,None,None,None,None,None,41.6;Pyrenees Cup La Seu 2019; qp:5.77,None,None,None,None,None,None,None,None,None,None,None,None,None,None,None,None,None,None,None,None,None,None,None,None,None,None,None,None,None,None,None,None,None,None,None,None,None,None,None,None,None,None,None,None,None,None,None,None,None,None,None,None,None,None,None
a59f6b99bc94c956608c9edcadba90b1,1778586295805429,Titouan CASTRYCK,CASTRYCK,Titouan,2022-05-01,2022,MK1,FRA,18,257,57.23,None,None,None,None,None,None,None,None,None,3.23;ICF World ranking Ile de la Reunion 2022; qp:1.91,None,None,None,117.39;World Cup La Seu 2021; qp:0,None,None,None,66.71;British Open Lee Valley 2019; qp:21.89,None,None,None,None,None,None,None,None,None,None,None,None,None,None,None,None,41.6;Pyrenees Cup La Seu 2019; qp:5.77,None,None,None,None,None,None,None,None,None,None,None,None,None,None,None,None,None,None,None,None,None,None,None,None,None,None,None,None,None,None,None,None,None,None,None,None,None,None,None,None,None,None,None,None,None,None,None,None,None,None,None,None,None,None,None,None,None,None,None,None,None,None,None,None,None
1d3773dbe24f6cb8bec7f65da4034277,1778586295805429,Titouan CASTRYCK,CASTRYCK,Titouan,2021-11-01,2021,MK1,FRA,17,370,75.23,None,None,117.39;World Cup La Seu 2021; qp:0,None,None,None,66.71;British Open Lee Valley 2019; qp:21.89,None,None,None,None,None,None,None,None,None,None,None,None,None,None,None,None,41.6;Pyrenees Cup La Seu 2019; qp:5.77,None,None,None,None,None,None,None,None,None,None,None,None,None,None,None,None,None,None,None,None,None,None,None,None,None,None,None,None,None,None,None,None,None,None,None,None,None,None,None,None,None,None,None,None,None,None,None,None,None,None,None,None,None,None,None,None,None,None,None,None,None,None,None,None,None,None,None,None,None,None,None,None,None,None,None,None
681bfd0280bec6cce5905c516efbfa45,1778586295805429,Titouan CASTRYCK,CASTRYCK,Titouan,2021-09-10,2021,MK1,FRA,17,364,75.23,None,117.39;World Cup La Seu 2021; qp:0,None,None,None,66.71;British Open Lee Valley 2019; qp:21.89,None,None,None,None,None,None,None,None,None,None,None,None,None,None,None,None,41.6;Pyrenees Cup La Seu 2019; qp:5.77,None,None,None,None,None,None,None,None,None,None,None,None,None,None,None,None,None,None,None,None,None,None,None,None,None,None,None,None,None,None,None,None,None,None,None,None,None,None,None,None,None,None,None,None,None,None,None,None,None,None,None,None,None,None,None,None,None,None,None,None,None,None,None,None,None,None,None,None,None,None,None,None,None,None,None,None,None
a7e0aa5d9545a76fb21948e955ce7416,1778586295805429,Titouan CASTRYCK,CASTRYCK,Titouan,2020-02-01,2020,MK1,FRA,16,437,54.16,None,None,66.71;British Open Lee Valley 2019; qp:21.89,None,None,None,None,None,None,None,None,None,None,None,None,None,None,None,None,41.6;Pyrenees Cup La Seu 2019; qp:5.77,None,None,None,None,None,None,None,None,None,None,None,None,None,None,None,None,None,None,None,None,None,None,None,None,None,None,None,None,None,None,None,None,None,None,None,None,None,None,None,None,None,None,None,None,None,None,None,None,None,None,None,None,None,None,None,None,None,None,None,None,None,None,None,None,None,None,None,None,None,None,None,None,None,None,None,None,None,None,None,None
6d9b4e6e6e6e3f1558682a8944b293ad,1778586295805429,Titouan CASTRYCK,CASTRYCK,Titouan,2019-09-25,2019,MK1,FRA,15,601,41.6,None,None,None,None,None,None,None,None,None,None,None,None,None,None,None,None,41.6;Pyrenees Cup La Seu 2019; qp:5.77,None,None,None,None,None,None,None,None,None,None,None,None,None,None,None,None,None,None,None,None,None,None,None,None,None,None,None,None,None,None,None,None,None,None,None,None,None,None,None,None,None,None,None,None,None,None,None,None,None,None,None,None,None,None,None,None,None,None,None,None,None,None,None,None,None,None,None,None,None,None,None,None,None,None,None,None,None,None,None,None,None,None,None
5339dc026279ac7e956d8a9f722357cd,1778586295805429,Titouan CASTRYCK,CASTRYCK,Titouan,2019-09-06,2019,MK1,FRA,15,606,41.6,None,None,None,None,None,None,None,None,None,None,None,None,None,None,None,41.6;Pyrenees Cup La Seu 2019; qp:5.77,None,None,None,None,None,None,None,None,None,None,None,None,None,None,None,None,None,None,None,None,None,None,None,None,None,None,None,None,None,None,None,None,None,None,None,None,None,None,None,None,None,None,None,None,None,None,None,None,None,None,None,None,None,None,None,None,None,None,None,None,None,None,None,None,None,None,None,None,None,None,None,None,None,None,None,None,None,None,None,None,None,None,None,None
8d915338970518a34ccdd9b6494d7d0c,1778586295805429,Titouan CASTRYCK,CASTRYCK,Titouan,2019-06-28,2019,MK1,FRA,15,562,41.6,None,None,None,None,None,None,None,41.6;Pyrenees Cup La Seu 2019; qp:5.77,None,None,None,None,None,None,None,None,None,None,None,None,None,None,None,None,None,None,None,None,None,None,None,None,None,None,None,None,None,None,None,None,None,None,None,None,None,None,None,None,None,None,None,None,None,None,None,None,None,None,None,None,None,None,None,None,None,None,None,None,None,None,None,None,None,None,None,None,None,None,None,None,None,None,None,None,None,None,None,None,None,None,None,None,None,None,None,None,None,None,None,None
3af54f30f3d9aa5a90e3431c1b19c379,1778586295805429,Titouan CASTRYCK,CASTRYCK,Titouan,2019-05-11,2019,MK1,FRA,15,558,41.6,None,None,41.6;Pyrenees Cup La Seu 2019; qp:5.77,None,None,None,None,None,None,None,None,None,None,None,None,None,None,None,None,None,None,None,None,None,None,None,None,None,None,None,None,None,None,None,None,None,None,None,None,None,None,None,None,None,None,None,None,None,None,None,None,None,None,None,None,None,None,None,None,None,None,None,None,None,None,None,None,None,None,None,None,None,None,None,None,None,None,None,None,None,None,None,None,None,None,None,None,None,None,None,None,None,None,None,None,None,None,None,None,None
120b3ee0624498fc271235de3a125bc0,1787573484683840,Vit PRINDIS,PRINDIS,Vit,2026-08-21,2026,MK1,CZE,37,32,11.64,24.09;ICF World ranking Prague 2026; qp:12.54,None,None,11.71;World Championships Oklahoma 2026; qp:0,None,None,None,19.17;World Cup Prague 2026; qp:0,None,None,None,None,None,None,None,None,None,None,None,None,124.56;ICF World ranking Oklahoma 2026; qp:1.89,None,None,None,None,None,None,13.07;ICF World ranking Ile de la Reunion 2026; qp:11.25,None,None,None,None,None,None,None,None,29.29;World Cup Augsburg 2025; qp:0,None,None,12.85;ICF World ranking Prague 2025; qp:7.79,None,None,None,None,None,None,None,None,None,None,None,None,None,None,None,None,None,None,None,None,None,None,None,None,None,None,None,None,None,None,None,12.09;ICF World ranking Ile de la Reunion 2025; qp:6.06,None,None,None,None,None,None,None,None,20.29;World Cup La Seu 2024; qp:0,21.66;World Cup Ivrea 2024; qp:0,8.48;ICF World ranking Tacen 2024; qp:1.01,None,None,None,None,None,None,None,None,None,None,None,None,None,None,None,None,None
521ab92c61005b825999060d29dd7f1b,1787573484683840,Vit PRINDIS,PRINDIS,Vit,2026-07-06,2026,MK1,CZE,37,33,13.13,None,19.17;Team trials Ceske Budejovice 2026; qp:0,None,None,None,None,None,None,None,None,None,None,None,None,124.56;Team trials Deep Creek 2026; qp:1.89,None,None,None,None,None,None,13.07;ICF World ranking Ile de la Reunion 2026; qp:11.25,None,None,None,None,None,None,None,None,29.29;Team trials Augsburg 2025; qp:0,None,None,12.85;International race Prague 2025; qp:7.79,None,None,None,None,None,None,None,None,None,None,None,None,None,None,None,None,None,None,None,None,None,None,None,None,None,None,None,None,None,None,None,12.09;Team trials Orthez 2025; qp:6.06,None,None,None,None,None,None,None,None,20.29;Team trials Mondariz 2024; qp:0,21.66;Team trials Ivrea 2024; qp:0,None,None,None,None,8.48;ICF World ranking Tacen 2024; qp:1.01,None,None,None,None,None,None,None,None,None,None,None,None,None,None,None,None,None,None,None
3814db12e95a24796e71be4c58f9a7d7,1778586295805429,Vit PRINDIS,PRINDIS,Vit,2026-03-31,2026,MK1,CZE,37,21,9.48,124.56;ICF World ranking Oklahoma 2026; qp:1.89,None,None,None,None,None,None,13.07;ICF World ranking Ile de la Reunion 2026; qp:11.25,None,None,None,None,None,None,None,None,29.29;World Cup Augsburg 2025; qp:0,None,None,12.85;ICF World ranking Prague 2025; qp:7.79,None,None,None,None,None,None,None,None,None,None,None,None,None,None,None,None,None,None,None,None,None,None,None,None,None,None,None,None,None,None,None,12.09;ICF World ranking Ile de la Reunion 2025; qp:6.06,None,None,None,None,None,None,None,None,20.29;World Cup La Seu 2024; qp:0,21.66;World Cup Ivrea 2024; qp:0,None,None,None,None,0.93;World Cup Krakow 2024; qp:0,27.75;World Cup Prague 2024; qp:0,15.84;World Cup Augsburg 2024; qp:0,None,None,8.48;ICF World ranking Tacen 2024; qp:1.01,None,None,None,None,None,None,None,None,None,None,None,None,None,None,None,None,None,None,None,None,None,None,None,None,None,None,None,None
ce653a28f6b61f47e674fb97f7ea0d73,1778586295805429,Vit PRINDIS,PRINDIS,Vit,2025-10-15,2025,MK1,CZE,36,18,9,None,29.29;World Cup Augsburg 2025; qp:0,None,None,12.85;ICF World ranking Prague 2025; qp:7.79,None,None,None,None,None,None,None,None,None,None,None,None,None,None,None,None,None,None,None,None,None,None,None,None,None,None,None,None,None,None,None,12.09;ICF World ranking Ile de la Reunion 2025; qp:6.06,None,None,None,None,None,None,None,None,20.29;World Cup La Seu 2024; qp:0,21.66;World Cup Ivrea 2024; qp:0,None,None,None,None,0.93;World Cup Krakow 2024; qp:0,27.75;World Cup Prague 2024; qp:0,15.84;World Cup Augsburg 2024; qp:0,None,None,8.48;ICF World ranking Tacen 2024; qp:1.01,None,None,None,None,None,None,None,None,None,10.64;ICF World ranking Ile de la Reunion 2024; qp:8.57,None,None,None,None,None,None,None,None,None,None,None,None,None,None,None,None,None,None,None,None,None,None,None,None,None,None,None,None,None,None,None,None,None
0f74ec10e64f8161e185a60cc05ded06,1778586295805429,Vit PRINDIS,PRINDIS,Vit,2025-09-10,2025,MK1,CZE,36,19,9,29.29;World Cup Augsburg 2025; qp:0,None,None,12.85;ICF World ranking Prague 2025; qp:7.79,None,None,None,None,None,None,None,None,None,None,None,None,None,None,None,None,None,None,None,None,None,None,None,None,None,None,None,None,None,None,None,12.09;ICF World ranking Ile de la Reunion 2025; qp:6.06,None,None,None,None,None,None,None,None,20.29;World Cup La Seu 2024; qp:0,21.66;World Cup Ivrea 2024; qp:0,None,None,None,None,0.93;World Cup Krakow 2024; qp:0,27.75;World Cup Prague 2024; qp:0,15.84;World Cup Augsburg 2024; qp:0,None,None,8.48;ICF World ranking Tacen 2024; qp:1.01,None,None,None,None,None,None,None,None,None,10.64;ICF World ranking Ile de la Reunion 2024; qp:8.57,None,None,None,21.97;World Championships Lee Valley 2023; qp:0,None,None,None,None,None,None,None,None,None,None,None,None,None,None,None,None,None,None,None,None,None,None,None,None,None,None,None,None,None,None
0692a41d58ece2483f2352deec598074,1778586295805429,Vit PRINDIS,PRINDIS,Vit,2025-07-01,2025,MK1,CZE,36,10,5.4,None,None,None,None,None,None,None,None,None,None,None,None,None,None,None,None,None,None,None,None,None,None,None,None,None,12.09;ICF World ranking Ile de la Reunion 2025; qp:6.06,None,None,None,None,None,None,None,None,20.29;World Cup La Seu 2024; qp:0,21.66;World Cup Ivrea 2024; qp:0,None,None,None,None,0.93;World Cup Krakow 2024; qp:0,27.75;World Cup Prague 2024; qp:0,15.84;World Cup Augsburg 2024; qp:0,None,None,8.48;ICF World ranking Tacen 2024; qp:1.01,None,None,None,None,None,None,None,None,None,10.64;ICF World ranking Ile de la Reunion 2024; qp:8.57,None,None,None,None,None,None,None,4.34;World Cup Vaires sur Marne 2023; qp:0,21.97;World Championships Lee Valley 2023; qp:0,2.59;World Cup La Seu 2023; qp:0,None,None,None,None,None,None,None,None,None,None,None,None,None,None,None,None,None,None,None,None,None,None,None,None,None,None,None,None,None,None,None,None,None,None
e9c9af7c9439e015fa46aec69c98c6c7,1778586295805429,Vit PRINDIS,PRINDIS,Vit,2025-05-30,2025,MK1,CZE,36,7,3.43,None,None,None,None,None,None,None,None,None,None,None,None,None,None,None,None,None,None,None,None,None,None,12.09;ICF World ranking Ile de la Reunion 2025; qp:6.06,None,None,None,None,None,None,None,None,20.29;World Cup La Seu 2024; qp:0,21.66;World Cup Ivrea 2024; qp:0,None,None,None,None,0.93;World Cup Krakow 2024; qp:0,27.75;World Cup Prague 2024; qp:0,15.84;World Cup Augsburg 2024; qp:0,None,None,8.48;ICF World ranking Tacen 2024; qp:1.01,None,None,None,None,None,None,None,None,None,10.64;ICF World ranking Ile de la Reunion 2024; qp:8.57,None,None,None,None,None,None,None,4.34;World Cup Vaires sur Marne 2023; qp:0,21.97;World Championships Lee Valley 2023; qp:0,2.59;World Cup La Seu 2023; qp:0,None,None,None,None,None,None,7.83;World Cup Tacen 2023; qp:0,1.47;World Cup Prague 2023; qp:0,15.93;World Cup Augsburg 2023; qp:0,None,None,None,None,None,None,None,None,None,None,None,None,None,None,None,None,None,None,None,None,None,None,None,None,None,None,None,None
add7eddfb0c863c5f366bf8bfca71479,1778586295805429,Vit PRINDIS,PRINDIS,Vit,2025-04-03,2025,MK1,CZE,36,7,3.43,None,None,None,None,None,None,None,None,None,None,None,12.09;ICF World ranking Ile de la Reunion 2025; qp:6.06,None,None,None,None,None,None,None,None,20.29;World Cup La Seu 2024; qp:0,21.66;World Cup Ivrea 2024; qp:0,None,None,None,None,0.93;World Cup Krakow 2024; qp:0,27.75;World Cup Prague 2024; qp:0,15.84;World Cup Augsburg 2024; qp:0,None,None,8.48;ICF World ranking Tacen 2024; qp:1.01,None,None,None,None,None,None,None,None,None,10.64;ICF World ranking Ile de la Reunion 2024; qp:8.57,None,None,None,None,None,None,None,4.34;World Cup Vaires sur Marne 2023; qp:0,21.97;World Championships Lee Valley 2023; qp:0,2.59;World Cup La Seu 2023; qp:0,None,None,None,None,None,19.29;ICF World ranking Krakow 2023; qp:0.71,None,7.83;World Cup Tacen 2023; qp:0,1.47;World Cup Prague 2023; qp:0,15.93;World Cup Augsburg 2023; qp:0,None,None,None,None,None,None,None,None,None,None,None,None,None,None,None,None,None,None,None,None,None,None,None,None,None,None,None,None,None,None,None,None,None,None,None,None,None,None
99b472c14f40e6459e81338ac213cb48,1778586295805429,Vit PRINDIS,PRINDIS,Vit,2024-09-25,2024,MK1,CZE,35,7,3.43,20.29;World Cup La Seu 2024; qp:0,21.66;World Cup Ivrea 2024; qp:0,None,None,None,None,0.93;World Cup Krakow 2024; qp:0,27.75;World Cup Prague 2024; qp:0,15.84;World Cup Augsburg 2024; qp:0,None,None,8.48;Euros Tacen 2024; qp:1.01,None,None,None,None,None,None,None,None,None,10.64;ICF World ranking Ile de la Reunion 2024; qp:8.57,None,None,None,None,None,None,None,4.34;World Cup Vaires sur Marne 2023; qp:0,21.97;World Championships Lee Valley 2023; qp:0,2.59;World Cup La Seu 2023; qp:0,None,None,None,None,None,19.29;ICF World ranking Krakow 2023; qp:0.71,None,7.83;World Cup Tacen 2023; qp:0,1.47;World Cup Prague 2023; qp:0,15.93;World Cup Augsburg 2023; qp:0,None,None,None,None,None,None,None,None,None,None,20.88;ICF World ranking Ile de la Reunion 2023; qp:2.6,None,None,None,None,None,None,None,None,None,None,None,None,None,None,None,None,None,None,None,None,None,None,None,None,None,None,None,None,None,None,None,None,None,None,None,None,None,None,None,None,None,None,None,None,None,None,None
7d8a252540a707e02e09655dd21febeb,1778586295805429,Vit PRINDIS,PRINDIS,Vit,2024-06-20,2024,MK1,CZE,35,3,1.13,0.93;World Cup Krakow 2024; qp:0,27.75;World Cup Prague 2024; qp:0,15.84;World Cup Augsburg 2024; qp:0,None,None,8.48;Euros Tacen 2024; qp:1.01,None,None,None,None,None,None,None,None,None,10.64;ICF World ranking Ile de la Reunion 2024; qp:8.57,None,None,None,None,None,None,None,4.34;World Cup Vaires sur Marne 2023; qp:0,21.97;World Championships Lee Valley 2023; qp:0,2.59;World Cup La Seu 2023; qp:0,None,None,None,None,None,19.29;Euros Krakow 2023; qp:0.71,None,7.83;World Cup Tacen 2023; qp:0,1.47;World Cup Prague 2023; qp:0,15.93;World Cup Augsburg 2023; qp:0,None,None,None,None,None,None,None,None,None,None,20.88;ICF World ranking Ile de la Reunion 2023; qp:2.6,None,35.22;ICF World ranking Lee Valley 2022; qp:0.96,None,0.64;World Cup La Seu 2022; qp:0,17.65;World Cup Pau 2022; qp:0,None,0;World Championships Augsburg 2022; qp:0,None,None,None,None,None,None,None,None,None,None,None,None,None,None,None,None,None,None,None,None,None,None,None,None,None,None,None,None,None,None,None,None,None,None,None,None,None,None,None,None,None,None,None,None,None,None
2bee1a392527f8feab1e211fda59116e,1778586295805429,Vit PRINDIS,PRINDIS,Vit,2024-05-22,2024,MK1,CZE,35,2,0.94,8.48;Euros Tacen 2024; qp:1.01,None,None,None,None,None,None,None,None,None,10.64;ICF World ranking Ile de la Reunion 2024; qp:8.57,None,None,None,None,None,None,None,4.34;World Cup Vaires sur Marne 2023; qp:0,21.97;World Championships Lee Valley 2023; qp:0,2.59;World Cup La Seu 2023; qp:0,None,None,None,None,None,19.29;Euros Krakow 2023; qp:0.71,None,7.83;World Cup Tacen 2023; qp:0,1.47;World Cup Prague 2023; qp:0,15.93;World Cup Augsburg 2023; qp:0,None,None,None,None,None,None,None,None,None,None,20.88;ICF World ranking Ile de la Reunion 2023; qp:2.6,None,35.22;ICF World ranking Lee Valley 2022; qp:0.96,None,0.64;World Cup La Seu 2022; qp:0,17.65;World Cup Pau 2022; qp:0,None,0;World Championships Augsburg 2022; qp:0,None,None,18.44;World Cup Tacen 2022; qp:0,0;World Cup Krakow 2022; qp:0,14.61;World Cup Prague 2022; qp:0,None,None,None,None,None,None,None,None,None,None,None,None,None,None,None,None,None,None,None,None,None,None,None,None,None,None,None,None,None,None,None,None,None,None,None,None,None,None,None,None,None,None,None,None,None,None
940d3cc8b7e7089afc741723bbbfac5b,1778586295805429,Vit PRINDIS,PRINDIS,Vit,2023-11-16,2023,MK1,CZE,34,2,0.94,None,None,None,None,4.34;World Cup Vaires sur Marne 2023; qp:0,21.97;World Championships Lee Valley 2023; qp:0,2.59;World Cup La Seu 2023; qp:0,None,None,None,None,None,19.29;Euros Krakow 2023; qp:0.71,None,7.83;World Cup Tacen 2023; qp:0,1.47;World Cup Prague 2023; qp:0,15.93;World Cup Augsburg 2023; qp:0,None,None,None,None,None,None,None,None,None,None,20.88;ICF World ranking Ile de la Reunion 2023; qp:2.6,None,35.22;ICF World ranking Lee Valley 2022; qp:0.96,None,0.64;World Cup La Seu 2022; qp:0,17.65;World Cup Pau 2022; qp:0,None,0;World Championships Augsburg 2022; qp:0,None,None,18.44;World Cup Tacen 2022; qp:0,0;World Cup Krakow 2022; qp:0,14.61;World Cup Prague 2022; qp:0,None,None,14.62;ICF World ranking Liptovsky Mikulas 2022; qp:1.34,None,None,None,None,None,None,None,None,None,125.07;ICF World ranking Ile de la Reunion 2022; qp:1.91,None,None,None,None,None,None,None,None,None,None,None,None,None,None,None,None,None,None,None,None,None,None,None,None,None,None,None,None,None,None,None,None,None,None,None,None,None,None,None,None,None,None,None,None,None,None,None
a0f9fa690851c653427b8ed8c99c5c6d,1778586295805429,Vit PRINDIS,PRINDIS,Vit,2023-09-04,2023,MK1,CZE,34,2,0.13,2.59;World Cup La Seu 2023; qp:0,None,None,None,None,None,19.29;Euros Krakow 2023; qp:0.71,None,7.83;World Cup Tacen 2023; qp:0,1.47;World Cup Prague 2023; qp:0,15.93;World Cup Augsburg 2023; qp:0,None,None,None,None,None,None,None,None,None,None,20.88;ICF World ranking Ile de la Reunion 2023; qp:2.6,None,35.22;ICF World ranking Lee Valley 2022; qp:0.96,None,0.64;World Cup La Seu 2022; qp:0,17.65;World Cup Pau 2022; qp:0,None,0;World Championships Augsburg 2022; qp:0,None,None,18.44;World Cup Tacen 2022; qp:0,0;World Cup Krakow 2022; qp:0,14.61;World Cup Prague 2022; qp:0,None,None,14.62;ICF World ranking Liptovsky Mikulas 2022; qp:1.34,None,None,None,None,None,None,None,None,None,125.07;ICF World ranking Ile de la Reunion 2022; qp:1.91,None,20.68;World Championships Bratislava 2021; qp:0,0;World Cup Pau 2021; qp:0,0;World Cup La Seu 2021; qp:0,None,None,None,None,8.28;World Championships La Seu 2019; qp:0,4.19;World Cup Prague 2019; qp:0,None,None,None,None,None,None,None,None,None,None,None,None,None,None,None,None,None,None,None,None,None,None,None,None,None,None,None,None,None,None,None,None,None,None,None,None,None,None,None,None,None,None,None
733c2228b97a8ea8f7b1bc9e13e9c55b,1778586295805429,Vit PRINDIS,PRINDIS,Vit,2023-07-03,2023,MK1,CZE,34,2,0,7.83;World Cup Tacen 2023; qp:0,1.47;World Cup Prague 2023; qp:0,15.93;World Cup Augsburg 2023; qp:0,None,None,None,None,None,None,None,None,None,None,20.88;ICF World ranking Ile de la Reunion 2023; qp:2.6,None,35.22;ICF World ranking Lee Valley 2022; qp:0.96,None,0.64;World Cup La Seu 2022; qp:0,17.65;World Cup Pau 2022; qp:0,None,0;World Championships Augsburg 2022; qp:0,None,None,18.44;World Cup Tacen 2022; qp:0,0;World Cup Krakow 2022; qp:0,14.61;World Cup Prague 2022; qp:0,None,None,14.62;ICF World ranking Liptovsky Mikulas 2022; qp:1.34,None,None,None,None,None,None,None,None,None,125.07;ICF World ranking Ile de la Reunion 2022; qp:1.91,None,20.68;World Championships Bratislava 2021; qp:0,0;World Cup Pau 2021; qp:0,0;World Cup La Seu 2021; qp:0,None,None,None,None,8.28;World Championships La Seu 2019; qp:0,4.19;World Cup Prague 2019; qp:0,0;World Cup Markkleeberg 2019; qp:0,None,None,None,14.08;ICF World ranking Prague 2019; qp:5.29,None,None,None,None,None,None,None,None,None,None,None,None,None,None,None,None,None,None,None,None,None,None,None,None,None,None,None,None,None,None,None,None,None,None,None,None,None,None,None,None,None,None,None,None,None,None
28b841301df59751e3887413301c60ca,1778586295805429,Vit PRINDIS,PRINDIS,Vit,2023-05-29,2023,MK1,CZE,34,1,0,None,None,None,None,None,None,None,None,None,20.88;ICF World ranking Ile de la Reunion 2023; qp:2.6,None,35.22;ICF World ranking Lee Valley 2022; qp:0.96,None,0.64;World Cup La Seu 2022; qp:0,17.65;World Cup Pau 2022; qp:0,None,0;World Championships Augsburg 2022; qp:0,None,None,18.44;World Cup Tacen 2022; qp:0,0;World Cup Krakow 2022; qp:0,14.61;World Cup Prague 2022; qp:0,None,None,14.62;ICF World ranking Liptovsky Mikulas 2022; qp:1.34,None,None,None,None,None,None,None,None,None,125.07;ICF World ranking Ile de la Reunion 2022; qp:1.91,None,20.68;World Championships Bratislava 2021; qp:0,0;World Cup Pau 2021; qp:0,0;World Cup La Seu 2021; qp:0,None,None,None,None,8.28;World Championships La Seu 2019; qp:0,4.19;World Cup Prague 2019; qp:0,0;World Cup Markkleeberg 2019; qp:0,None,None,None,14.08;ICF World ranking Prague 2019; qp:5.29,None,None,5.76;World Cup Tacen 2019; qp:0,11.1;World Cup Bratislava 2019; qp:0,33.02;World Cup Lee Valley 2019; qp:0,None,None,None,None,None,None,None,None,None,None,None,None,None,None,None,None,None,None,None,None,None,None,None,None,None,None,None,None,None,None,None,None,None,None,None,None,None,None,None,None,None,None,None,None,None
0c9126784a8e90e5dbd25cb61b013c63,1778586295805429,Vit PRINDIS,PRINDIS,Vit,2022-09-23,2022,MK1,CZE,33,1,0,35.22;ICF World ranking Lee Valley 2022; qp:0.96,None,0.64;World Cup La Seu 2022; qp:0,17.65;World Cup Pau 2022; qp:0,None,0;World Championships Augsburg 2022; qp:0,None,None,18.44;World Cup Tacen 2022; qp:0,0;World Cup Krakow 2022; qp:0,14.61;World Cup Prague 2022; qp:0,None,None,14.62;ICF World ranking Liptovsky Mikulas 2022; qp:1.34,None,None,None,None,None,None,None,None,None,125.07;ICF World ranking Ile de la Reunion 2022; qp:1.91,None,20.68;World Championships Bratislava 2021; qp:0,0;World Cup Pau 2021; qp:0,0;World Cup La Seu 2021; qp:0,None,None,None,None,8.28;World Championships La Seu 2019; qp:0,4.19;World Cup Prague 2019; qp:0,0;World Cup Markkleeberg 2019; qp:0,None,None,None,14.08;ICF World ranking Prague 2019; qp:5.29,None,None,5.76;World Cup Tacen 2019; qp:0,11.1;World Cup Bratislava 2019; qp:0,33.02;World Cup Lee Valley 2019; qp:0,None,None,None,None,None,None,9.28;ICF World ranking Markkleeberg 2019; qp:5.04,None,None,29.84;Oceania Championships Penrith 2019; qp:2.13,None,None,None,None,None,None,None,None,None,None,None,None,None,None,None,None,None,None,None,None,None,None,None,None,None,None,None,None,None,None,None,None,None,None,None,None,None,None,None,None,None,None,None,None,None,None
da8b28035616a31118a02c86725a1e7e,1778586295805429,Vit PRINDIS,PRINDIS,Vit,2022-08-01,2022,MK1,CZE,33,1,0,None,0;World Championships Augsburg 2022; qp:0,None,None,18.44;World Cup Tacen 2022; qp:0,0;World Cup Krakow 2022; qp:0,14.61;World Cup Prague 2022; qp:0,None,None,14.62;ICF World ranking Liptovsky Mikulas 2022; qp:1.34,None,None,None,None,None,None,None,None,None,125.07;ICF World ranking Ile de la Reunion 2022; qp:1.91,None,20.68;World Championships Bratislava 2021; qp:0,0;World Cup Pau 2021; qp:0,0;World Cup La Seu 2021; qp:0,None,None,None,None,8.28;World Championships La Seu 2019; qp:0,4.19;World Cup Prague 2019; qp:0,0;World Cup Markkleeberg 2019; qp:0,None,None,None,14.08;ICF World ranking Prague 2019; qp:5.29,None,None,5.76;World Cup Tacen 2019; qp:0,11.1;World Cup Bratislava 2019; qp:0,33.02;World Cup Lee Valley 2019; qp:0,None,None,None,None,None,None,9.28;ICF World ranking Markkleeberg 2019; qp:5.04,None,None,29.84;Oceania Championships Penrith 2019; qp:2.13,None,None,None,"8.63;World Championships Deodoro, Rio 2018; qp:0",None,5.05;World Cup La Seu 2018; qp:0,25.85;World Cup Tacen 2018; qp:0,None,6.66;ICF World ranking Prague 2018; qp:6.66,None,None,None,None,None,None,None,None,None,None,None,None,None,None,None,None,None,None,None,None,None,None,None,None,None,None,None,None,None,None,None,None,None,None,None,None,None,None,None,None,None
076807e7059c0b9c8a4a75be679b4802,1778586295805429,Vit PRINDIS,PRINDIS,Vit,2022-05-01,2022,MK1,CZE,33,4,1.85,None,None,None,None,None,None,None,None,None,125.07;ICF World ranking Ile de la Reunion 2022; qp:1.91,None,20.68;World Championships Bratislava 2021; qp:0,0;World Cup Pau 2021; qp:0,0;World Cup La Seu 2021; qp:0,None,None,None,None,8.28;World Championships La Seu 2019; qp:0,4.19;World Cup Prague 2019; qp:0,0;World Cup Markkleeberg 2019; qp:0,None,None,None,14.08;ICF World ranking Prague 2019; qp:5.29,None,None,5.76;World Cup Tacen 2019; qp:0,11.1;World Cup Bratislava 2019; qp:0,33.02;World Cup Lee Valley 2019; qp:0,None,None,None,None,None,None,9.28;ICF World ranking Markkleeberg 2019; qp:5.04,None,None,29.84;Oceania Championships Penrith 2019; qp:2.13,None,None,None,"8.63;World Championships Deodoro, Rio 2018; qp:0",None,5.05;World Cup La Seu 2018; qp:0,25.85;World Cup Tacen 2018; qp:0,None,6.66;ICF World ranking Prague 2018; qp:6.66,None,None,None,None,None,22.82;World Cup Augsburg 2018; qp:0,8.4;World Cup Krakow 2018; qp:0,8.59;World Cup Liptovsky Mikulas 2018; qp:0,None,None,None,None,None,None,None,None,None,None,None,None,None,None,None,None,None,None,None,None,None,None,None,None,None,None,None,None,None,None,None,None,None,None,None,None,None,None,None,None,None,None,None
5a8c3774ac2431e3729039e5b0a38ce2,1778586295805429,Vit PRINDIS,PRINDIS,Vit,2021-11-01,2021,MK1,CZE,32,4,1.85,20.68;World Championships Bratislava 2021; qp:0,0;World Cup Pau 2021; qp:0,0;World Cup La Seu 2021; qp:0,None,None,None,None,8.28;World Championships La Seu 2019; qp:0,4.19;World Cup Prague 2019; qp:0,0;World Cup Markkleeberg 2019; qp:0,None,None,None,14.08;ICF World ranking Prague 2019; qp:5.29,None,None,5.76;World Cup Tacen 2019; qp:0,11.1;World Cup Bratislava 2019; qp:0,33.02;World Cup Lee Valley 2019; qp:0,None,None,None,None,None,None,9.28;ICF World ranking Markkleeberg 2019; qp:5.04,None,None,29.84;Oceania Championships Penrith 2019; qp:2.13,None,None,None,"8.63;World Championships Deodoro, Rio 2018; qp:0",None,5.05;World Cup La Seu 2018; qp:0,25.85;World Cup Tacen 2018; qp:0,None,6.66;ICF World ranking Prague 2018; qp:6.66,None,None,None,None,None,22.82;World Cup Augsburg 2018; qp:0,8.4;World Cup Krakow 2018; qp:0,8.59;World Cup Liptovsky Mikulas 2018; qp:0,None,None,None,None,None,None,None,None,"25.67;ICF World ranking Deodoro, Rio 2018; qp:8.84",None,None,None,None,None,None,None,None,None,None,None,None,None,None,None,None,None,None,None,None,None,None,None,None,None,None,None,None,None,None,None,None,None,None,None,None,None,None,None,None,None,None,None,None,None
36b74da7575b61b88e065acbce2c2cbc,1778586295805429,Vit PRINDIS,PRINDIS,Vit,2021-09-10,2021,MK1,CZE,32,4,1.85,0;World Cup Pau 2021; qp:0,0;World Cup La Seu 2021; qp:0,None,None,None,None,8.28;World Championships La Seu 2019; qp:0,4.19;World Cup Prague 2019; qp:0,0;World Cup Markkleeberg 2019; qp:0,None,None,None,14.08;ICF World ranking Prague 2019; qp:5.29,None,None,5.76;World Cup Tacen 2019; qp:0,11.1;World Cup Bratislava 2019; qp:0,33.02;World Cup Lee Valley 2019; qp:0,None,None,None,None,None,None,9.28;ICF World ranking Markkleeberg 2019; qp:5.04,None,None,29.84;Oceania Championships Penrith 2019; qp:2.13,None,None,None,"8.63;World Championships Deodoro, Rio 2018; qp:0",None,5.05;World Cup La Seu 2018; qp:0,25.85;World Cup Tacen 2018; qp:0,None,6.66;ICF World ranking Prague 2018; qp:6.66,None,None,None,None,None,22.82;World Cup Augsburg 2018; qp:0,8.4;World Cup Krakow 2018; qp:0,8.59;World Cup Liptovsky Mikulas 2018; qp:0,None,None,None,None,None,None,None,None,"25.67;ICF World ranking Deodoro, Rio 2018; qp:8.84",None,None,None,None,None,None,None,None,None,None,None,None,None,None,None,None,None,None,None,None,None,None,None,None,None,None,None,None,None,None,None,None,None,None,None,None,None,None,None,None,None,None,None,None,None,None
3bce4d4c4b15ae89343bb167b9ac822f,1778586295805429,Vit PRINDIS,PRINDIS,Vit,2020-02-01,2020,MK1,CZE,31,6,4.33,None,None,None,8.28;World Championships La Seu 2019; qp:0,4.19;World Cup Prague 2019; qp:0,0;World Cup Markkleeberg 2019; qp:0,None,None,None,14.08;ICF World ranking Prague 2019; qp:5.29,None,None,5.76;World Cup Tacen 2019; qp:0,11.1;World Cup Bratislava 2019; qp:0,33.02;World Cup Lee Valley 2019; qp:0,None,None,None,None,None,None,9.28;ICF World ranking Markkleeberg 2019; qp:5.04,None,None,29.84;Oceania Championships Penrith 2019; qp:2.13,None,None,None,"8.63;World Championships Deodoro, Rio 2018; qp:0",None,5.05;World Cup La Seu 2018; qp:0,25.85;World Cup Tacen 2018; qp:0,None,6.66;ICF World ranking Prague 2018; qp:6.66,None,None,None,None,None,22.82;World Cup Augsburg 2018; qp:0,8.4;World Cup Krakow 2018; qp:0,8.59;World Cup Liptovsky Mikulas 2018; qp:0,None,None,None,None,None,None,None,None,"25.67;ICF World ranking Deodoro, Rio 2018; qp:8.84",27.73;ICF World ranking Penrith 2018; qp:1.54,None,None,None,None,None,None,None,None,None,None,None,None,None,None,None,None,None,None,None,None,None,None,None,None,None,None,None,None,None,None,None,None,None,None,None,None,None,None,None,None,None,None,None,None,None,None,None,None
45d1006c9325a5722007336f4784da91,1778586295805429,Vit PRINDIS,PRINDIS,Vit,2019-09-25,2019,MK1,CZE,30,6,4.33,8.28;World Championships La Seu 2019; qp:0,4.19;World Cup Prague 2019; qp:0,0;World Cup Markkleeberg 2019; qp:0,None,None,None,14.08;ICF World ranking Prague 2019; qp:5.29,None,None,5.76;World Cup Tacen 2019; qp:0,11.1;World Cup Bratislava 2019; qp:0,33.02;World Cup Lee Valley 2019; qp:0,None,None,None,None,None,None,9.28;ICF World ranking Markkleeberg 2019; qp:5.04,None,None,29.84;Oceania Championships Penrith 2019; qp:2.13,None,None,None,"8.63;World Championships Deodoro, Rio 2018; qp:0",None,5.05;World Cup La Seu 2018; qp:0,25.85;World Cup Tacen 2018; qp:0,None,6.66;ICF World ranking Prague 2018; qp:6.66,None,None,None,None,None,22.82;World Cup Augsburg 2018; qp:0,8.4;World Cup Krakow 2018; qp:0,8.59;World Cup Liptovsky Mikulas 2018; qp:0,None,None,None,None,None,None,None,None,"25.67;ICF World ranking Deodoro, Rio 2018; qp:8.84",27.73;ICF World ranking Penrith 2018; qp:1.54,None,None,None,None,None,None,None,None,None,None,None,None,None,None,None,None,None,None,None,None,None,None,None,None,None,None,None,None,None,None,None,None,None,None,None,None,None,None,None,None,None,None,None,None,None,None,None,None,None,None,None
720edcddcb93865b0fdf9e05e04951e0,1778586295805429,Vit PRINDIS,PRINDIS,Vit,2019-09-06,2019,MK1,CZE,30,6,3.01,4.19;World Cup Prague 2019; qp:0,0;World Cup Markkleeberg 2019; qp:0,None,None,None,14.08;ICF World ranking Prague 2019; qp:5.29,None,None,5.76;World Cup Tacen 2019; qp:0,11.1;World Cup Bratislava 2019; qp:0,33.02;World Cup Lee Valley 2019; qp:0,None,None,None,None,None,None,9.28;ICF World ranking Markkleeberg 2019; qp:5.04,None,None,29.84;Oceania Championships Penrith 2019; qp:2.13,None,None,None,"8.63;World Championships Deodoro, Rio 2018; qp:0",None,5.05;World Cup La Seu 2018; qp:0,25.85;World Cup Tacen 2018; qp:0,None,6.66;ICF World ranking Prague 2018; qp:6.66,None,None,None,None,None,22.82;World Cup Augsburg 2018; qp:0,8.4;World Cup Krakow 2018; qp:0,8.59;World Cup Liptovsky Mikulas 2018; qp:0,None,None,None,None,None,None,None,None,"25.67;ICF World ranking Deodoro, Rio 2018; qp:8.84",27.73;ICF World ranking Penrith 2018; qp:1.54,None,None,0.03;World Championships Pau 2017; qp:0,None,None,None,None,None,None,None,None,None,None,None,None,None,None,None,None,None,None,None,None,None,None,None,None,None,None,None,None,None,None,None,None,None,None,None,None,None,None,None,None,None,None,None,None,None,None,None,None,None
5ee608e3a811f19daa317f5b65d447ef,1778586295805429,Vit PRINDIS,PRINDIS,Vit,2019-06-28,2019,MK1,CZE,30,6,3.31,5.76;World Cup Tacen 2019; qp:0,11.1;World Cup Bratislava 2019; qp:0,33.02;World Cup Lee Valley 2019; qp:0,None,None,None,None,None,None,9.28;ICF World ranking Markkleeberg 2019; qp:5.04,None,None,29.84;Oceania Championships Penrith 2019; qp:2.13,None,None,None,"8.63;World Championships Deodoro, Rio 2018; qp:0",None,5.05;World Cup La Seu 2018; qp:0,25.85;World Cup Tacen 2018; qp:0,None,6.66;ICF World ranking Prague 2018; qp:6.66,None,None,None,None,None,22.82;World Cup Augsburg 2018; qp:0,8.4;World Cup Krakow 2018; qp:0,8.59;World Cup Liptovsky Mikulas 2018; qp:0,None,None,None,None,None,None,None,None,"25.67;ICF World ranking Deodoro, Rio 2018; qp:8.84",27.73;ICF World ranking Penrith 2018; qp:1.54,None,None,0.03;World Championships Pau 2017; qp:0,None,5.73;World Cup La Seu 2017; qp:0,0;World Cup Ivrea 2017; qp:0,None,None,None,None,None,None,None,None,None,None,None,None,None,None,None,None,None,None,None,None,None,None,None,None,None,None,None,None,None,None,None,None,None,None,None,None,None,None,None,None,None,None,None,None,None,None,None,None,None,None,None,None,None,None
ae0a7cb44102daaa5edfd0e991999231,1778586295805429,Vit PRINDIS,PRINDIS,Vit,2019-05-11,2019,MK1,CZE,30,1,1.02,None,None,None,None,9.28;ICF World ranking Markkleeberg 2019; qp:5.04,None,None,29.84;Oceania Championships Penrith 2019; qp:2.13,None,None,None,"8.63;World Championships Deodoro, Rio 2018; qp:0",None,5.05;World Cup La Seu 2018; qp:0,25.85;World Cup Tacen 2018; qp:0,None,6.66;ICF World ranking Prague 2018; qp:6.66,None,None,None,None,None,22.82;World Cup Augsburg 2018; qp:0,8.4;World Cup Krakow 2018; qp:0,8.59;World Cup Liptovsky Mikulas 2018; qp:0,None,None,None,None,None,None,None,None,"25.67;ICF World ranking Deodoro, Rio 2018; qp:8.84",27.73;ICF World ranking Penrith 2018; qp:1.54,None,None,None,0.03;World Championships Pau 2017; qp:0,None,5.73;World Cup La Seu 2017; qp:0,0;World Cup Ivrea 2017; qp:0,None,None,None,17.04;World Cup Markkleeberg 2017; qp:0,0;World Cup Augsburg 2017; qp:0,0;World Cup Prague 2017; qp:0,None,None,None,None,None,None,None,None,None,None,None,None,None,None,None,None,None,None,None,None,None,None,None,None,None,None,None,None,None,None,None,None,None,None,None,None,None,None,None,None,None,None,None,None,None,None,None,None,None,None,None,None
9e986c6c8b6deffb163a0486d2bc9b96,1778586295805429,Vit PRINDIS,PRINDIS,Vit,2018-09-25,2018,MK1,CZE,29,1,1.02,"8.63;World Championships Deodoro, Rio 2018; qp:0",None,5.05;World Cup La Seu 2018; qp:0,25.85;World Cup Tacen 2018; qp:0,None,6.66;ICF World ranking Prague 2018; qp:6.66,None,None,None,None,None,22.82;World Cup Augsburg 2018; qp:0,8.4;World Cup Krakow 2018; qp:0,8.59;World Cup Liptovsky Mikulas 2018; qp:0,None,None,None,None,None,None,None,None,"25.67;ICF World ranking Deodoro, Rio 2018; qp:8.84",27.73;ICF World ranking Penrith 2018; qp:1.54,None,None,None,0.03;World Championships Pau 2017; qp:0,None,5.73;World Cup La Seu 2017; qp:0,0;World Cup Ivrea 2017; qp:0,None,None,None,17.04;World Cup Markkleeberg 2017; qp:0,0;World Cup Augsburg 2017; qp:0,0;World Cup Prague 2017; qp:0,None,None,None,None,20.44;ICF World ranking Markkleeberg 2017; qp:4,None,None,None,None,None,None,None,None,None,None,None,None,None,None,None,None,None,None,None,None,None,None,None,None,None,None,None,None,None,None,None,None,None,None,None,None,None,None,None,None,None,None,None,None,None,None,None,None,None,None,None,None,None,None,None,None,None,None
973400e8fe1949c1d14882cef3f0e13a,1778586295805429,Vit PRINDIS,PRINDIS,Vit,2018-09-07,2018,MK1,CZE,29,2,1.02,5.05;World Cup La Seu 2018; qp:0,25.85;World Cup Tacen 2018; qp:0,None,6.66;ICF World ranking Prague 2018; qp:6.66,None,None,None,None,None,22.82;World Cup Augsburg 2018; qp:0,8.4;World Cup Krakow 2018; qp:0,8.59;World Cup Liptovsky Mikulas 2018; qp:0,None,None,None,None,None,None,None,None,"25.67;ICF World ranking Deodoro, Rio 2018; qp:8.84",27.73;ICF World ranking Penrith 2018; qp:1.54,None,None,None,0.03;World Championships Pau 2017; qp:0,None,5.73;World Cup La Seu 2017; qp:0,0;World Cup Ivrea 2017; qp:0,None,None,None,17.04;World Cup Markkleeberg 2017; qp:0,0;World Cup Augsburg 2017; qp:0,0;World Cup Prague 2017; qp:0,None,None,None,None,20.44;ICF World ranking Markkleeberg 2017; qp:4,None,None,None,None,None,None,None,None,None,None,None,None,None,None,None,None,None,None,None,None,None,None,None,None,None,None,None,None,None,None,None,None,None,None,None,None,None,None,None,None,None,None,None,None,None,None,None,None,None,None,None,None,None,None,None,None,None,None,None,None
77cb69f45ed5b085d4d3c6251860ca1e,1778586295805429,Vit PRINDIS,PRINDIS,Vit,2018-07-06,2018,MK1,CZE,29,2,0.23,22.82;World Cup Augsburg 2018; qp:0,8.4;World Cup Krakow 2018; qp:0,8.59;World Cup Liptovsky Mikulas 2018; qp:0,None,None,None,None,None,None,None,None,"25.67;ICF World ranking Deodoro, Rio 2018; qp:8.84",27.73;ICF World ranking Penrith 2018; qp:1.54,None,None,None,0.03;World Championships Pau 2017; qp:0,None,5.73;World Cup La Seu 2017; qp:0,0;World Cup Ivrea 2017; qp:0,None,None,None,17.04;World Cup Markkleeberg 2017; qp:0,0;World Cup Augsburg 2017; qp:0,0;World Cup Prague 2017; qp:0,None,None,None,None,20.44;ICF World ranking Markkleeberg 2017; qp:4,None,None,None,None,None,None,21.01;World Cup Tacen 2016; qp:0,1.13;World Cup Prague 2016; qp:0,None,None,None,None,None,None,None,None,None,None,None,None,None,None,None,None,None,None,None,None,None,None,None,None,None,None,None,None,None,None,None,None,None,None,None,None,None,None,None,None,None,None,None,None,None,None,None,None,None,None,None,None,None,None,None,None,None,None,None,None,None
ba903c90b2c5da9265221f87382ad6d6,1778586295805429,Vit PRINDIS,PRINDIS,Vit,2018-06-08,2018,MK1,CZE,29,1,0.01,None,None,None,None,None,None,None,None,"25.67;ICF World ranking Deodoro, Rio 2018; qp:8.84",27.73;ICF World ranking Penrith 2018; qp:1.54,None,None,None,0.03;World Championships Pau 2017; qp:0,None,5.73;World Cup La Seu 2017; qp:0,0;World Cup Ivrea 2017; qp:0,None,None,None,17.04;World Cup Markkleeberg 2017; qp:0,0;World Cup Augsburg 2017; qp:0,0;World Cup Prague 2017; qp:0,None,None,None,None,20.44;ICF World ranking Markkleeberg 2017; qp:4,None,None,None,None,None,None,21.01;World Cup Tacen 2016; qp:0,1.13;World Cup Prague 2016; qp:0,None,None,None,15.77;World Cup Pau 2016; qp:0,0;World Cup La Seu 2016; qp:0,19.37;World Cup Ivrea 2016; qp:0,None,None,None,None,None,None,None,None,None,None,None,None,None,None,None,None,None,None,None,None,None,None,None,None,None,None,None,None,None,None,None,None,None,None,None,None,None,None,None,None,None,None,None,None,None,None,None,None,None,None,None,None,None,None,None,None,None,None
a702e4a97e80827e976dcbaa5b6b52a6,1778586295805429,Vit PRINDIS,PRINDIS,Vit,2017-09-27,2017,MK1,CZE,28,1,0.01,0.03;World Championships Pau 2017; qp:0,None,5.73;World Cup La Seu 2017; qp:0,0;World Cup Ivrea 2017; qp:0,None,None,None,17.04;World Cup Markkleeberg 2017; qp:0,0;World Cup Augsburg 2017; qp:0,0;World Cup Prague 2017; qp:0,None,None,None,None,20.44;ICF World ranking Markkleeberg 2017; qp:4,None,None,None,None,None,None,21.01;World Cup Tacen 2016; qp:0,1.13;World Cup Prague 2016; qp:0,None,None,None,15.77;World Cup Pau 2016; qp:0,0;World Cup La Seu 2016; qp:0,19.37;World Cup Ivrea 2016; qp:0,None,None,None,None,None,None,None,None,None,4.2;ICF World ranking Penrith 2016; qp:4.2,None,None,None,None,None,None,None,None,None,None,None,None,None,None,None,None,None,None,None,None,None,None,None,None,None,None,None,None,None,None,None,None,None,None,None,None,None,None,None,None,None,None,None,None,None,None,None,None,None,None,None,None,None,None,None,None,None,None,None,None,None
9c073da7288822f7cc630d338200ddd0,1778586295805429,Vit PRINDIS,PRINDIS,Vit,2017-09-08,2017,MK1,CZE,28,1,0.23,5.73;World Cup La Seu 2017; qp:0,0;World Cup Ivrea 2017; qp:0,None,None,None,17.04;World Cup Markkleeberg 2017; qp:0,0;World Cup Augsburg 2017; qp:0,0;World Cup Prague 2017; qp:0,None,None,None,None,20.44;ICF World ranking Markkleeberg 2017; qp:4,None,None,None,None,None,None,21.01;World Cup Tacen 2016; qp:0,1.13;World Cup Prague 2016; qp:0,None,None,None,15.77;World Cup Pau 2016; qp:0,0;World Cup La Seu 2016; qp:0,19.37;World Cup Ivrea 2016; qp:0,None,None,None,None,None,None,None,None,None,4.2;ICF World ranking Penrith 2016; qp:4.2,None,None,None,None,None,None,None,None,None,None,None,None,None,None,None,None,None,None,None,None,None,None,None,None,None,None,None,None,None,None,None,None,None,None,None,None,None,None,None,None,None,None,None,None,None,None,None,None,None,None,None,None,None,None,None,None,None,None,None,None,None,None,None
b831cd1b6c417182551f042201ae7cba,1778586295805429,Vit PRINDIS,PRINDIS,Vit,2017-06-30,2017,MK1,CZE,28,2,1.07,17.04;World Cup Markkleeberg 2017; qp:0,0;World Cup Augsburg 2017; qp:0,0;World Cup Prague 2017; qp:0,None,None,None,None,20.44;ICF World ranking Markkleeberg 2017; qp:4,None,None,None,None,None,None,21.01;World Cup Tacen 2016; qp:0,1.13;World Cup Prague 2016; qp:0,None,None,None,15.77;World Cup Pau 2016; qp:0,0;World Cup La Seu 2016; qp:0,19.37;World Cup Ivrea 2016; qp:0,None,None,None,None,None,None,None,None,None,4.2;ICF World ranking Penrith 2016; qp:4.2,None,None,24.09;World Cup Pau 2015; qp:0,5.15;World Cup La Seu 2015; qp:0,None,None,None,None,None,None,None,None,None,None,None,None,None,None,None,None,None,None,None,None,None,None,None,None,None,None,None,None,None,None,None,None,None,None,None,None,None,None,None,None,None,None,None,None,None,None,None,None,None,None,None,None,None,None,None,None,None,None,None,None,None,None,None,None
f7dbe9171c2f82f27db7684ed49aa1fd,1778586295805429,Vit PRINDIS,PRINDIS,Vit,2017-05-26,2017,MK1,CZE,28,10,5.25,None,None,None,None,20.44;ICF World ranking Markkleeberg 2017; qp:4,None,None,None,None,None,None,21.01;World Cup Tacen 2016; qp:0,1.13;World Cup Prague 2016; qp:0,None,None,None,15.77;World Cup Pau 2016; qp:0,0;World Cup La Seu 2016; qp:0,19.37;World Cup Ivrea 2016; qp:0,None,None,None,None,None,None,None,None,None,4.2;ICF World ranking Penrith 2016; qp:4.2,None,None,24.09;World Cup Pau 2015; qp:0,5.15;World Cup La Seu 2015; qp:0,None,None,None,None,None,None,None,None,None,None,None,None,None,None,None,None,None,None,None,None,None,None,None,None,None,None,None,None,None,None,None,None,None,None,None,None,None,None,None,None,None,None,None,None,None,None,None,None,None,None,None,None,None,None,None,None,None,None,None,None,None,None,None,None,None,None,None
efc6299de4a3d62c5b6ffcc783c05ba5,1778586295805429,Vit PRINDIS,PRINDIS,Vit,2016-09-09,2016,MK1,CZE,27,7,4.83,21.01;World Cup Tacen 2016; qp:0,1.13;World Cup Prague 2016; qp:0,None,None,None,15.77;World Cup Pau 2016; qp:0,0;World Cup La Seu 2016; qp:0,19.37;World Cup Ivrea 2016; qp:0,None,None,None,None,None,None,None,None,None,4.2;ICF World ranking Penrith 2016; qp:4.2,None,None,24.09;World Cup Pau 2015; qp:0,5.15;World Cup La Seu 2015; qp:0,34.1;ICF World ranking Ivrea 2015; qp:10.63,None,None,None,13.67;ICF World ranking Meran 2015; qp:13.67,None,None,None,None,None,None,None,14.67;ICF World ranking Markleeberg 2015; qp:3.5,None,None,None,None,None,None,None,None,None,None,None,None,None,None,None,None,None,None,None,None,None,None,None,None,None,None,None,None,None,None,None,None,None,None,None,None,None,None,None,None,None,None,None,None,None,None,None,None,None,None,None,None,None,None,None,None,None,None,None,None,None,None,None,None,None
2d7d95caba69ff23e29d474530798541,1778586295805429,Vit PRINDIS,PRINDIS,Vit,2016-08-07,2016,MK1,CZE,27,12,6.05,None,None,None,15.77;World Cup Pau 2016; qp:0,0;World Cup La Seu 2016; qp:0,19.37;World Cup Ivrea 2016; qp:0,None,None,None,None,None,None,None,None,None,4.2;ICF World ranking Penrith 2016; qp:4.2,None,None,24.09;World Cup Pau 2015; qp:0,5.15;World Cup La Seu 2015; qp:0,34.1;ICF World ranking Ivrea 2015; qp:10.63,None,None,None,13.67;ICF World ranking Meran 2015; qp:13.67,None,None,None,None,None,None,None,14.67;ICF World ranking Markleeberg 2015; qp:3.5,None,None,None,23.2;World Championships Deep Creek 2014; qp:0,9.37;World Cup Augsburg 2014; qp:0,11.55;World Cup La Seu 2014; qp:0,None,None,None,None,None,None,None,None,None,None,None,None,None,None,None,None,None,None,None,None,None,None,None,None,None,None,None,None,None,None,None,None,None,None,None,None,None,None,None,None,None,None,None,None,None,None,None,None,None,None,None,None,None,None,None,None,None,None,None,None,None
a800558c81f9676206370c9fe6c3e5f8,1778586295805429,Vit PRINDIS,PRINDIS,Vit,2016-06-17,2016,MK1,CZE,27,10,6.05,15.77;World Cup Pau 2016; qp:0,0;World Cup La Seu 2016; qp:0,19.37;World Cup Ivrea 2016; qp:0,None,None,None,None,None,None,None,None,None,4.2;ICF World ranking Penrith 2016; qp:4.2,None,None,24.09;World Cup Pau 2015; qp:0,5.15;World Cup La Seu 2015; qp:0,34.1;ICF World ranking Ivrea 2015; qp:10.63,None,None,None,13.67;ICF World ranking Meran 2015; qp:13.67,None,None,None,None,None,None,None,14.67;ICF World ranking Markleeberg 2015; qp:3.5,None,None,None,23.2;World Championships Deep Creek 2014; qp:0,9.37;World Cup Augsburg 2014; qp:0,11.55;World Cup La Seu 2014; qp:0,None,None,None,None,None,None,None,None,None,None,None,None,None,None,None,None,None,None,None,None,None,None,None,None,None,None,None,None,None,None,None,None,None,None,None,None,None,None,None,None,None,None,None,None,None,None,None,None,None,None,None,None,None,None,None,None,None,None,None,None,None,None,None,None
eecdd03e7ba5d2550e1ecd6274e062c4,1778586295805429,Vit PRINDIS,PRINDIS,Vit,2016-04-30,2016,MK1,CZE,27,10,6.54,None,None,None,None,None,None,None,None,4.2;ICF World ranking Penrith 2016; qp:4.2,None,None,24.09;World Cup Pau 2015; qp:0,5.15;World Cup La Seu 2015; qp:0,34.1;ICF World ranking Ivrea 2015; qp:10.63,None,None,None,13.67;ICF World ranking Meran 2015; qp:13.67,None,None,None,None,None,None,None,14.67;ICF World ranking Markleeberg 2015; qp:3.5,None,None,None,23.2;World Championships Deep Creek 2014; qp:0,None,9.37;World Cup Augsburg 2014; qp:0,11.55;World Cup La Seu 2014; qp:0,None,10.27;World Cup Prague 2014; qp:0,15.56;World Cup Tacen 2014; qp:0,3.69;World Cup Lee Valley 2014; qp:0,None,None,None,None,None,None,None,None,None,None,None,None,None,None,None,None,None,None,None,None,None,None,None,None,None,None,None,None,None,None,None,None,None,None,None,None,None,None,None,None,None,None,None,None,None,None,None,None,None,None,None,None,None,None,None,None,None,None,None,None,None,None,None
3706ee2a59799d88825df07fcfbf9523,1778586295805429,Vit PRINDIS,PRINDIS,Vit,2015-09-16,2015,MK1,CZE,26,11,6.59,None,24.09;World Cup Pau 2015; qp:0,5.15;World Cup La Seu 2015; qp:0,34.1;ICF World ranking Ivrea 2015; qp:10.63,None,None,None,13.67;ICF World ranking Meran 2015; qp:13.67,None,None,None,None,None,None,None,14.67;ICF World ranking Markleeberg 2015; qp:3.5,None,None,None,23.2;World Championships Deep Creek 2014; qp:0,None,9.37;World Cup Augsburg 2014; qp:0,11.55;World Cup La Seu 2014; qp:0,None,None,10.27;World Cup Prague 2014; qp:0,15.56;World Cup Tacen 2014; qp:0,3.69;World Cup Lee Valley 2014; qp:0,None,None,None,None,None,None,None,21.01;ICF World ranking Markleeberg 2014; qp:4.03,4.45;ICF World ranking Solkan 2014; qp:4.45,None,None,None,None,None,None,None,None,None,None,None,None,None,None,None,None,None,None,None,None,None,None,None,None,None,None,None,None,None,None,None,None,None,None,None,None,None,None,None,None,None,None,None,None,None,None,None,None,None,None,None,None,None,None,None,None,None,None,None,None,None,None,None
0c147a8c31b1cc3b4fcef3f5bf0d514f,1778586295805429,Vit PRINDIS,PRINDIS,Vit,2015-08-14,2015,MK1,CZE,26,12,6.59,24.09;World Cup Pau 2015; qp:0,5.15;World Cup La Seu 2015; qp:0,34.1;ICF World ranking Ivrea 2015; qp:10.63,None,None,None,13.67;ICF World ranking Meran 2015; qp:13.67,None,None,None,None,None,None,None,14.67;ICF World ranking Markleeberg 2015; qp:3.5,None,None,None,23.2;World Championships Deep Creek 2014; qp:0,None,9.37;World Cup Augsburg 2014; qp:0,11.55;World Cup La Seu 2014; qp:0,None,None,10.27;World Cup Prague 2014; qp:0,15.56;World Cup Tacen 2014; qp:0,3.69;World Cup Lee Valley 2014; qp:0,None,None,None,None,None,None,None,21.01;ICF World ranking Markleeberg 2014; qp:4.03,4.45;ICF World ranking Solkan 2014; qp:4.45,None,None,None,None,None,None,None,None,None,None,None,None,None,None,None,None,None,None,None,None,None,None,None,None,None,None,None,None,None,None,None,None,None,None,None,None,None,None,None,None,None,None,None,None,None,None,None,None,None,None,None,None,None,None,None,None,None,None,None,None,None,None,None,None
80dcae9b7f24adca20244fdd0f2c41d6,1778586295805429,Vit PRINDIS,PRINDIS,Vit,2015-07-03,2015,MK1,CZE,26,12,7.87,None,None,None,13.67;ICF World ranking Meran 2015; qp:13.67,None,None,None,None,None,None,None,14.67;ICF World ranking Markleeberg 2015; qp:3.5,None,None,None,23.2;World Championships Deep Creek 2014; qp:0,None,9.37;World Cup Augsburg 2014; qp:0,11.55;World Cup La Seu 2014; qp:0,None,None,10.27;World Cup Prague 2014; qp:0,15.56;World Cup Tacen 2014; qp:0,3.69;World Cup Lee Valley 2014; qp:0,None,None,None,None,None,None,None,21.01;ICF World ranking Markleeberg 2014; qp:4.03,4.45;ICF World ranking Solkan 2014; qp:4.45,None,None,None,None,None,None,None,None,None,None,None,None,None,None,None,None,None,None,None,None,None,None,None,None,None,None,None,None,None,None,None,None,None,None,None,None,None,None,None,None,None,None,None,None,None,None,None,None,None,None,None,None,None,None,None,None,None,None,None,None,None,None,None,None,None,None,None
4b421dca0ee8d33459db9313ee686d82,1778586295805429,Vit PRINDIS,PRINDIS,Vit,2015-06-06,2015,MK1,CZE,26,13,7.87,13.67;ICF World ranking Meran 2015; qp:13.67,None,None,None,None,None,None,None,14.67;ICF World ranking Markleeberg 2015; qp:3.5,None,None,None,23.2;World Championships Deep Creek 2014; qp:0,None,9.37;World Cup Augsburg 2014; qp:0,11.55;World Cup La Seu 2014; qp:0,None,None,10.27;World Cup Prague 2014; qp:0,15.56;World Cup Tacen 2014; qp:0,3.69;World Cup Lee Valley 2014; qp:0,None,None,None,None,None,None,None,21.01;ICF World ranking Markleeberg 2014; qp:4.03,4.45;ICF World ranking Solkan 2014; qp:4.45,None,None,None,None,None,None,None,None,20;World Cup La Seu 2013; qp:0,17.7;World Cup Augsburg 2013; qp:0,32.39;World Cup Cardiff 2013; qp:0,None,None,None,None,None,None,None,None,None,None,None,None,None,None,None,None,None,None,None,None,None,None,None,None,None,None,None,None,None,None,None,None,None,None,None,None,None,None,None,None,None,None,None,None,None,None,None,None,None,None,None,None,None,None,None,None,None,None,None
e5ddd2ed051fa95561e57c3c129a9c09,1778586295805429,Vit PRINDIS,PRINDIS,Vit,2014-09-17,2014,MK1,CZE,25,13,7.87,23.2;World Championships Deep Creek 2014; qp:0,None,9.37;World Cup Augsburg 2014; qp:0,11.55;World Cup La Seu 2014; qp:0,None,None,10.27;World Cup Prague 2014; qp:0,15.56;World Cup Tacen 2014; qp:0,3.69;World Cup Lee Valley 2014; qp:0,None,None,None,None,None,None,None,21.01;ICF World ranking Markleeberg 2014; qp:4.03,4.45;ICF World ranking Solkan 2014; qp:4.45,None,None,None,None,None,None,None,None,20;World Cup La Seu 2013; qp:0,17.7;World Cup Augsburg 2013; qp:0,32.39;World Cup Cardiff 2013; qp:0,None,None,None,None,None,None,None,None,None,None,None,None,None,None,None,None,None,None,None,None,None,None,None,None,None,None,None,None,None,None,None,None,None,None,None,None,None,None,None,None,None,None,None,None,None,None,None,None,None,None,None,None,None,None,None,None,None,None,None,None,None,None,None,None,None,None,None,None,None,None,None
4721f46c9a77c2b27b1e7f7ccedc8f36,1778586295805429,Vit PRINDIS,PRINDIS,Vit,2014-08-15,2014,MK1,CZE,25,12,7.87,9.37;World Cup Augsburg 2014; qp:0,11.55;World Cup La Seu 2014; qp:0,None,None,10.27;World Cup Prague 2014; qp:0,15.56;World Cup Tacen 2014; qp:0,3.69;World Cup Lee Valley 2014; qp:0,None,None,None,None,None,None,None,21.01;ICF World ranking Markleeberg 2014; qp:4.03,4.45;ICF World ranking Solkan 2014; qp:4.45,None,None,None,None,None,None,None,None,None,None,20;World Cup La Seu 2013; qp:0,17.7;World Cup Augsburg 2013; qp:0,32.39;World Cup Cardiff 2013; qp:0,None,None,None,None,None,None,None,None,None,None,None,None,None,None,None,None,None,None,None,None,None,None,None,None,None,None,None,None,None,None,None,None,None,None,None,None,None,None,None,None,None,None,None,None,None,None,None,None,None,None,None,None,None,None,None,None,None,None,None,None,None,None,None,None,None,None,None,None,None,None,None
c9c80c793cf465e615c1b4e371cdc44d,1778586295805429,Vit PRINDIS,PRINDIS,Vit,2014-06-20,2014,MK1,CZE,25,11,7.53,10.27;World Cup Prague 2014; qp:0,15.56;World Cup Tacen 2014; qp:0,3.69;World Cup Lee Valley 2014; qp:0,None,None,None,None,None,None,None,21.01;ICF World ranking Markleeberg 2014; qp:4.03,4.45;ICF World ranking Solkan 2014; qp:4.45,None,None,None,None,None,None,None,None,None,None,20;World Cup La Seu 2013; qp:0,17.7;World Cup Augsburg 2013; qp:0,32.39;World Cup Cardiff 2013; qp:0,None,None,None,None,None,None,None,None,None,None,None,None,None,None,3.66;World Cup Bratislava 2012; qp:0,16.63;World Cup Prague 2012; qp:0,None,None,None,None,None,None,None,None,None,None,None,None,None,None,None,None,None,None,None,None,None,None,None,None,None,None,None,None,None,None,None,None,None,None,None,None,None,None,None,None,None,None,None,None,None,None,None,None,None,None,None,None,None,None,None,None,None,None,None
103d3a03bb14c83fbac15ba8399abd53,1778586295805429,Vit PRINDIS,PRINDIS,Vit,2014-05-23,2014,MK1,CZE,25,22,12.23,None,None,None,None,None,None,None,21.01;ICF World ranking Markleeberg 2014; qp:4.03,4.45;ICF World ranking Solkan 2014; qp:4.45,None,None,None,None,None,None,None,None,None,None,20;World Cup La Seu 2013; qp:0,17.7;World Cup Augsburg 2013; qp:0,32.39;World Cup Cardiff 2013; qp:0,None,None,None,None,None,None,None,None,None,None,None,None,None,None,3.66;World Cup Bratislava 2012; qp:0,16.63;World Cup Prague 2012; qp:0,None,None,19.95;World Cup La Seu 2012; qp:0,32.57;World Cup Pau 2012; qp:0,18.7;World Cup Cardiff 2012; qp:0,None,None,None,None,None,None,None,None,None,None,None,None,None,None,None,None,None,None,None,None,None,None,None,None,None,None,None,None,None,None,None,None,None,None,None,None,None,None,None,None,None,None,None,None,None,None,None,None,None,None,None,None,None,None,None,None,None
6540079af8f5615c39901f2e3865ced1,1778586295805429,Vit PRINDIS,PRINDIS,Vit,2013-09-11,2013,MK1,CZE,24,29,14.09,None,None,None,None,None,None,None,20;World Cup La Seu 2013; qp:0,17.7;World Cup Augsburg 2013; qp:0,32.39;World Cup Cardiff 2013; qp:0,None,None,None,None,None,None,None,None,None,None,None,None,None,None,3.66;World Cup Bratislava 2012; qp:0,16.63;World Cup Prague 2012; qp:0,None,35.86;ICF World ranking Wausau 2012; qp:8.28,None,None,19.95;World Cup La Seu 2012; qp:0,32.57;World Cup Pau 2012; qp:0,18.7;World Cup Cardiff 2012; qp:0,None,None,None,None,None,30.11;ICF World ranking Markleeberg 2012; qp:3.71,None,13.74;Oceania Championships Penrith 2012; qp:1.41,None,None,None,None,None,None,None,None,None,None,None,None,None,None,None,None,None,None,None,None,None,None,None,None,None,None,None,None,None,None,None,None,None,None,None,None,None,None,None,None,None,None,None,None,None,None,None,None,None,None,None,None,None,None,None,None,None,None,None
4ecc3d328629ac04b37f6dfd3ce50c46,1778586295805429,Vit PRINDIS,PRINDIS,Vit,2013-08-23,2013,MK1,CZE,24,29,14.09,None,None,None,None,None,None,20;World Cup La Seu 2013; qp:0,17.7;World Cup Augsburg 2013; qp:0,32.39;World Cup Cardiff 2013; qp:0,None,None,None,None,None,None,None,None,None,None,None,None,None,None,3.66;World Cup Bratislava 2012; qp:0,16.63;World Cup Prague 2012; qp:0,None,35.86;ICF World ranking Wausau 2012; qp:8.28,None,None,19.95;World Cup La Seu 2012; qp:0,32.57;World Cup Pau 2012; qp:0,18.7;World Cup Cardiff 2012; qp:0,None,None,None,None,None,30.11;ICF World ranking Markleeberg 2012; qp:3.71,None,13.74;Oceania Championships Penrith 2012; qp:1.41,None,None,None,None,None,None,None,None,None,None,None,None,None,None,None,None,None,None,None,None,None,None,None,None,None,None,None,None,None,None,None,None,None,None,None,None,None,None,None,None,None,None,None,None,None,None,None,None,None,None,None,None,None,None,None,None,None,None,None,None
c0fa3f7986ee77f3a113ef243c72055c,1778586295805429,Vit PRINDIS,PRINDIS,Vit,2013-05-25,2013,MK1,CZE,24,29,14.19,None,None,None,None,None,None,None,None,None,None,None,None,None,None,3.66;World Cup Bratislava 2012; qp:0,16.63;World Cup Prague 2012; qp:0,None,35.86;ICF World ranking Wausau 2012; qp:8.28,None,None,19.95;World Cup La Seu 2012; qp:0,32.57;World Cup Pau 2012; qp:0,18.7;World Cup Cardiff 2012; qp:0,None,None,None,None,None,30.11;ICF World ranking Markleeberg 2012; qp:3.71,None,13.74;Oceania Championships Penrith 2012; qp:1.41,None,None,None,None,29.72;World Cup Prague 2011; qp:0,None,34.23;World Cup Markkleeberg 2011; qp:0,None,24.42;World Cup Tacen 2011; qp:0,None,None,None,None,None,None,None,None,None,None,None,None,None,None,None,None,None,None,None,None,None,None,None,None,None,None,None,None,None,None,None,None,None,None,None,None,None,None,None,None,None,None,None,None,None,None,None,None,None,None,None,None,None,None,None,None,None,None,None,None
db99aab82fd41885b1584ac82a60b511,1778586295805429,Vit PRINDIS,PRINDIS,Vit,2013-04-13,2013,MK1,CZE,24,30,14.19,None,None,None,None,None,None,3.66;World Cup Bratislava 2012; qp:0,16.63;World Cup Prague 2012; qp:0,None,35.86;ICF World ranking Wausau 2012; qp:8.28,None,None,19.95;World Cup La Seu 2012; qp:0,32.57;World Cup Pau 2012; qp:0,18.7;World Cup Cardiff 2012; qp:0,None,None,None,None,None,30.11;ICF World ranking Markleeberg 2012; qp:3.71,None,13.74;Oceania Championships Penrith 2012; qp:1.41,None,None,None,None,29.72;World Cup Prague 2011; qp:0,None,34.23;World Cup Markkleeberg 2011; qp:0,None,24.42;World Cup Tacen 2011; qp:0,None,None,None,None,None,None,None,None,None,None,None,None,None,None,None,None,None,None,None,None,None,None,None,None,None,None,None,None,None,None,None,None,None,None,None,None,None,None,None,None,None,None,None,None,None,None,None,None,None,None,None,None,None,None,None,None,None,None,None,None,None,None,None,None,None,None,None,None
f9d6f3d4a7ee627d8a6e073278e8a496,1778586295805429,Vit PRINDIS,PRINDIS,Vit,2012-08-31,2012,MK1,CZE,23,25,8.74,3.66;World Cup Bratislava 2012; qp:0,16.63;World Cup Prague 2012; qp:0,None,35.86;ICF World ranking Wausau 2012; qp:8.28,None,None,19.95;World Cup La Seu 2012; qp:0,32.57;World Cup Pau 2012; qp:0,18.7;World Cup Cardiff 2012; qp:0,None,None,None,None,None,30.11;ICF World ranking Markleeberg 2012; qp:3.71,None,13.74;Oceania Championships Penrith 2012; qp:1.41,None,None,None,None,29.72;World Cup Prague 2011; qp:0,None,34.23;World Cup Markkleeberg 2011; qp:0,18.23;World Cup Argentiere la Bessee 2011; qp:0,24.42;World Cup Tacen 2011; qp:0,None,None,None,None,None,None,8.83;ICF World ranking Penrith 2011; qp:2.17,None,None,None,None,None,None,None,None,None,None,None,None,None,None,None,None,None,None,None,None,None,None,None,None,None,None,None,None,None,None,None,None,None,None,None,None,None,None,None,None,None,None,None,None,None,None,None,None,None,None,None,None,None,None,None,None,None,None,None,None,None,None,None,None,None,None,None
3fdda03b040061421ace69e979719b02,1778586295805429,Vit PRINDIS,PRINDIS,Vit,2012-07-28,2012,MK1,CZE,23,45,13.56,None,35.86;ICF World ranking Wausau 2012; qp:8.28,None,None,19.95;World Cup La Seu 2012; qp:0,32.57;World Cup Pau 2012; qp:0,18.7;World Cup Cardiff 2012; qp:0,None,None,None,None,None,30.11;ICF World ranking Markleeberg 2012; qp:3.71,None,13.74;Oceania Championships Penrith 2012; qp:1.41,None,None,None,None,29.72;World Cup Prague 2011; qp:0,None,34.23;World Cup Markkleeberg 2011; qp:0,18.23;World Cup Argentiere la Bessee 2011; qp:0,24.42;World Cup Tacen 2011; qp:0,None,None,None,None,None,None,8.83;ICF World ranking Penrith 2011; qp:2.17,None,None,18.1;World Championships Tacen 2010; qp:0,None,None,None,None,None,None,None,None,None,None,None,None,None,None,None,None,None,None,None,None,None,None,None,None,None,None,None,None,None,None,None,None,None,None,None,None,None,None,None,None,None,None,None,None,None,None,None,None,None,None,None,None,None,None,None,None,None,None,None,None,None,None,None,None,None,None
c28b9f98b9db6226bcff14907c8b8cd8,1778586295805429,Vit PRINDIS,PRINDIS,Vit,2012-06-22,2012,MK1,CZE,23,48,13.56,19.95;World Cup La Seu 2012; qp:0,32.57;World Cup Pau 2012; qp:0,18.7;World Cup Cardiff 2012; qp:0,None,None,None,None,None,30.11;ICF World ranking Markleeberg 2012; qp:3.71,None,13.74;Oceania Championships Penrith 2012; qp:1.41,None,None,None,None,29.72;World Cup Prague 2011; qp:0,None,34.23;World Cup Markkleeberg 2011; qp:0,18.23;World Cup Argentiere la Bessee 2011; qp:0,24.42;World Cup Tacen 2011; qp:0,None,None,None,None,None,None,8.83;ICF World ranking Penrith 2011; qp:2.17,None,None,18.1;World Championships Tacen 2010; qp:0,None,33.41;ICF World ranking Cunovo 2010; qp:1.44,28.04;ICF World ranking Markkleeberg 2010; qp:5.79,None,24.69;World Cup Augsburg 2010; qp:0,None,None,None,None,None,None,None,None,None,None,None,None,None,None,None,None,None,None,None,None,None,None,None,None,None,None,None,None,None,None,None,None,None,None,None,None,None,None,None,None,None,None,None,None,None,None,None,None,None,None,None,None,None,None,None,None,None,None,None,None,None,None,None,None,None
6faf3ba07885e1a74bb40ccf3ba419cb,1778586295805429,Vit PRINDIS,PRINDIS,Vit,2012-05-05,2012,MK1,CZE,23,42,12.39,None,None,None,None,None,30.11;ICF World ranking Markleeberg 2012; qp:3.71,None,13.74;Oceania Championships Penrith 2012; qp:1.41,None,None,None,None,29.72;World Cup Prague 2011; qp:0,None,34.23;World Cup Markkleeberg 2011; qp:0,None,24.42;World Cup Tacen 2011; qp:0,None,None,None,None,None,None,8.83;ICF World ranking Penrith 2011; qp:2.17,None,None,18.1;World Championships Tacen 2010; qp:0,None,33.41;ICF World ranking Cunovo 2010; qp:1.44,28.04;ICF World ranking Markkleeberg 2010; qp:5.79,None,24.69;World Cup Augsburg 2010; qp:0,14.6;World Cup La Seu 2010; qp:0,17.38;World Cup Prague 2010; qp:0,None,None,None,None,None,None,None,None,None,None,None,None,None,None,None,None,None,None,None,None,None,None,None,None,None,None,None,None,None,None,None,None,None,None,None,None,None,None,None,None,None,None,None,None,None,None,None,None,None,None,None,None,None,None,None,None,None,None,None,None,None,None,None,None,None,None
5200ef0c87db970d6be78f60e60e3782,1778586295805429,Vit PRINDIS,PRINDIS,Vit,2011-09-07,2011,MK1,CZE,22,25,8.99,None,29.72;World Cup Prague 2011; qp:0,None,34.23;World Cup Markkleeberg 2011; qp:0,18.23;World Cup Argentiere la Bessee 2011; qp:0,24.42;World Cup Tacen 2011; qp:0,None,None,None,None,None,None,8.83;ICF World ranking Penrith 2011; qp:2.17,None,None,18.1;World Championships Tacen 2010; qp:0,None,33.41;ICF World ranking Cunovo 2010; qp:1.44,28.04;ICF World ranking Markkleeberg 2010; qp:5.79,None,24.69;World Cup Augsburg 2010; qp:0,14.6;World Cup La Seu 2010; qp:0,17.38;World Cup Prague 2010; qp:0,None,8.94;ICF World ranking Bourg St. Maurice 2010; qp:8.94,None,None,None,None,None,None,None,9.21;ICF World ranking Penrith 2010; qp:2.43,None,None,None,None,None,None,None,None,None,None,None,None,None,None,None,None,None,None,None,None,None,None,None,None,None,None,None,None,None,None,None,None,None,None,None,None,None,None,None,None,None,None,None,None,None,None,None,None,None,None,None,None,None,None,None,None,None,None,None,None,None,None,None,None,None,None,None
a8e23ea20d4ddae473004a6017a8c904,1778586295805429,Vit PRINDIS,PRINDIS,Vit,2011-08-12,2011,MK1,CZE,22,28,8.99,29.72;World Cup Prague 2011; qp:0,None,34.23;World Cup Markkleeberg 2011; qp:0,18.23;World Cup Argentiere la Bessee 2011; qp:0,24.42;World Cup Tacen 2011; qp:0,None,None,None,None,None,None,8.83;ICF World ranking Penrith 2011; qp:2.17,None,None,18.1;World Championships Tacen 2010; qp:0,None,33.41;ICF World ranking Cunovo 2010; qp:1.44,28.04;ICF World ranking Markkleeberg 2010; qp:5.79,None,24.69;World Cup Augsburg 2010; qp:0,14.6;World Cup La Seu 2010; qp:0,17.38;World Cup Prague 2010; qp:0,None,8.94;ICF World ranking Bourg St. Maurice 2010; qp:8.94,None,None,None,None,None,None,None,9.21;ICF World ranking Penrith 2010; qp:2.43,None,None,None,None,None,None,None,None,None,None,None,None,None,None,None,None,None,None,None,None,None,None,None,None,None,None,None,None,None,None,None,None,None,None,None,None,None,None,None,None,None,None,None,None,None,None,None,None,None,None,None,None,None,None,None,None,None,None,None,None,None,None,None,None,None,None,None,None
a617cf2b84c01091d213c6688cbcf4c2,1778586295805429,Vit PRINDIS,PRINDIS,Vit,2011-07-08,2011,MK1,CZE,22,29,8.99,34.23;World Cup Markkleeberg 2011; qp:0,18.23;World Cup Argentiere la Bessee 2011; qp:0,24.42;World Cup Tacen 2011; qp:0,None,None,None,None,None,None,8.83;ICF World ranking Penrith 2011; qp:2.17,None,None,18.1;World Championships Tacen 2010; qp:0,None,33.41;ICF World ranking Cunovo 2010; qp:1.44,28.04;ICF World ranking Markkleeberg 2010; qp:5.79,None,24.69;World Cup Augsburg 2010; qp:0,14.6;World Cup La Seu 2010; qp:0,17.38;World Cup Prague 2010; qp:0,None,8.94;ICF World ranking Bourg St. Maurice 2010; qp:8.94,None,None,None,None,None,None,None,9.21;ICF World ranking Penrith 2010; qp:2.43,None,None,None,None,None,None,None,36.11;Slovak Open Bratislava 2009; qp:2.82,26.04;ICF World ranking Markkleeberg 2009; qp:2.86,None,None,None,None,None,None,None,None,None,None,None,None,None,None,None,None,None,None,None,None,None,None,None,None,None,None,None,None,None,None,None,None,None,None,None,None,None,None,None,None,None,None,None,None,None,None,None,None,None,None,None,None,None,None,None,None,None,None,None,None,None
f25cb845ff4efd7d576cc45b242d0ac9,1778586295805429,Vit PRINDIS,PRINDIS,Vit,2011-05-21,2011,MK1,CZE,22,25,8.99,None,None,None,None,None,8.83;ICF World ranking Penrith 2011; qp:2.17,None,None,18.1;World Championships Tacen 2010; qp:0,None,33.41;ICF World ranking Cunovo 2010; qp:1.44,28.04;ICF World ranking Markkleeberg 2010; qp:5.79,None,24.69;World Cup Augsburg 2010; qp:0,14.6;World Cup La Seu 2010; qp:0,17.38;World Cup Prague 2010; qp:0,None,8.94;ICF World ranking Bourg St. Maurice 2010; qp:8.94,None,None,None,None,None,None,None,9.21;ICF World ranking Penrith 2010; qp:2.43,None,None,None,None,None,None,None,36.11;Slovak Open Bratislava 2009; qp:2.82,26.04;ICF World ranking Markkleeberg 2009; qp:2.86,None,None,None,None,None,None,None,None,None,None,None,None,None,None,None,None,None,None,None,None,None,None,None,None,None,None,None,None,None,None,None,None,None,None,None,None,None,None,None,None,None,None,None,None,None,None,None,None,None,None,None,None,None,None,None,None,None,None,None,None,None,None,None,None,None
8c4d63de063caf32a3b097b3fa1852f6,1778586295805429,Vit PRINDIS,PRINDIS,Vit,2010-09-09,2010,MK1,CZE,21,25,8.94,18.1;World Championships Tacen 2010; qp:0,None,33.41;ICF World ranking Cunovo 2010; qp:1.44,28.04;ICF World ranking Markkleeberg 2010; qp:5.79,None,24.69;World Cup Augsburg 2010; qp:0,14.6;World Cup La Seu 2010; qp:0,17.38;World Cup Prague 2010; qp:0,None,8.94;ICF World ranking Bourg St. Maurice 2010; qp:8.94,None,None,None,None,None,None,None,9.21;ICF World ranking Penrith 2010; qp:2.43,None,None,None,None,None,None,None,36.11;Slovak Open Bratislava 2009; qp:2.82,26.04;ICF World ranking Markkleeberg 2009; qp:2.86,None,None,None,None,8.67;ICF World ranking Prague 2009; qp:2.43,None,None,None,19.23;Tatra slalom Liptovsky Mikulas 2009; qp:2.36,None,None,None,None,None,None,None,None,None,None,None,None,None,None,None,None,None,None,None,None,None,None,None,None,None,None,None,None,None,None,None,None,None,None,None,None,None,None,None,None,None,None,None,None,None,None,None,None,None,None,None,None,None,None,None,None,None,None,None,None,None,None,None,None
fe60f2a3a7bea6cad8a991d36a684836,1778586295805429,Vit PRINDIS,PRINDIS,Vit,2010-08-21,2010,MK1,CZE,21,27,8.94,None,33.41;ICF World ranking Cunovo 2010; qp:1.44,28.04;ICF World ranking Markkleeberg 2010; qp:5.79,None,24.69;World Cup Augsburg 2010; qp:0,14.6;World Cup La Seu 2010; qp:0,17.38;World Cup Prague 2010; qp:0,None,8.94;ICF World ranking Bourg St. Maurice 2010; qp:8.94,None,None,None,None,None,None,None,9.21;ICF World ranking Penrith 2010; qp:2.43,None,None,None,None,None,None,None,36.11;Slovak Open Bratislava 2009; qp:2.82,26.04;ICF World ranking Markkleeberg 2009; qp:2.86,None,None,None,None,8.67;ICF World ranking Prague 2009; qp:2.43,None,None,None,19.23;Tatra slalom Liptovsky Mikulas 2009; qp:2.36,None,None,None,None,None,None,None,None,None,None,None,None,None,None,None,None,None,None,None,None,None,None,None,None,None,None,None,None,None,None,None,None,None,None,None,None,None,None,None,None,None,None,None,None,None,None,None,None,None,None,None,None,None,None,None,None,None,None,None,None,None,None,None,None,None
378160876a13c5a7d8e0c5ffadfae569,1778586295805429,Vit PRINDIS,PRINDIS,Vit,2010-07-02,2010,MK1,CZE,21,30,8.94,24.69;World Cup Augsburg 2010; qp:0,14.6;World Cup La Seu 2010; qp:0,17.38;World Cup Prague 2010; qp:0,None,None,8.94;ICF World ranking Bourg St. Maurice 2010; qp:8.94,None,None,None,None,None,None,None,9.21;ICF World ranking Penrith 2010; qp:2.43,None,None,None,None,None,None,36.11;Slovak Open Bratislava 2009; qp:2.82,26.04;ICF World ranking Markkleeberg 2009; qp:2.86,None,None,None,None,8.67;ICF World ranking Prague 2009; qp:2.43,None,None,None,19.23;Tatra slalom Liptovsky Mikulas 2009; qp:2.36,None,None,None,None,None,None,None,None,None,None,None,None,None,None,None,None,None,None,None,None,None,None,None,None,None,None,None,None,None,None,None,None,None,None,None,None,None,None,None,None,None,None,None,None,None,None,None,None,None,None,None,None,None,None,None,None,None,None,None,None,None,None,None,None,None,None,None,None,None
5b9bbe6012fd6d434a664e2df85ff8a5,1778586295805429,Vit PRINDIS,PRINDIS,Vit,2010-06-05,2010,MK1,CZE,21,34,8.94,None,None,8.94;ICF World ranking Bourg St. Maurice 2010; qp:8.94,None,None,None,None,None,None,None,9.21;ICF World ranking Penrith 2010; qp:2.43,None,None,None,None,None,None,None,36.11;Slovak Open Bratislava 2009; qp:2.82,26.04;ICF World ranking Markkleeberg 2009; qp:2.86,None,None,None,None,8.67;ICF World ranking Prague 2009; qp:2.43,None,None,None,19.23;Tatra slalom Liptovsky Mikulas 2009; qp:2.36,None,None,None,None,None,None,None,None,None,None,None,None,None,None,None,None,None,None,None,None,None,None,None,None,None,None,None,None,None,None,None,None,None,None,None,None,None,None,None,None,None,None,None,None,None,None,None,None,None,None,None,None,None,None,None,None,None,None,None,None,None,None,None,None,None,None,None,None,None,None,None
0d65ef2e688652befa3334a769338453,1778586295805429,Vit PRINDIS,PRINDIS,Vit,2009-10-24,2009,MK1,CZE,20,56,17.98,None,None,None,None,None,None,36.11;Slovak Open Bratislava 2009; qp:2.82,26.04;ICF World ranking Markkleeberg 2009; qp:2.86,None,None,None,None,8.67;ICF World ranking Prague 2009; qp:2.43,None,None,None,19.23;Tatra slalom Liptovsky Mikulas 2009; qp:2.36,None,None,None,None,None,None,None,None,None,None,None,None,None,None,None,None,None,None,None,None,None,None,None,None,None,None,None,None,None,None,None,None,None,None,None,None,None,None,None,None,None,None,None,None,None,None,None,None,None,None,None,None,None,None,None,None,None,None,None,None,None,None,None,None,None,None,None,None,None,None,None,None,None,None,None,None,None,None,None,None,None,None,None
b5658867bba3456ab6e2d96837cea93a,1778586295805429,Vit PRINDIS,PRINDIS,Vit,2009-08-22,2009,MK1,CZE,20,52,17.98,None,36.11;Slovak Open Bratislava 2009; qp:2.82,26.04;ICF World ranking Markkleeberg 2009; qp:2.86,None,None,None,None,8.67;ICF World ranking Prague 2009; qp:2.43,None,None,None,19.23;Tatra slalom Liptovsky Mikulas 2009; qp:2.36,None,None,None,None,None,None,None,None,None,None,None,None,None,None,None,None,None,None,None,None,None,None,None,None,None,None,None,None,None,None,None,None,None,None,None,None,None,None,None,None,None,None,None,None,None,None,None,None,None,None,None,None,None,None,None,None,None,None,None,None,None,None,None,None,None,None,None,None,None,None,None,None,None,None,None,None,None,None,None,None,None,None,None,None,None,None,None,None
0b8b1f07225cc44f9e6f7f6b8f26ca54,1778586295805429,Vit PRINDIS,PRINDIS,Vit,2009-07-11,2009,MK1,CZE,20,149,13.95,None,None,None,8.67;ICF World ranking Prague 2009; qp:2.43,None,None,None,19.23;Tatra slalom Liptovsky Mikulas 2009; qp:2.36,None,None,None,None,None,None,None,None,None,None,None,None,None,None,None,None,None,None,None,None,None,None,None,None,None,None,None,None,None,None,None,None,None,None,None,None,None,None,None,None,None,None,None,None,None,None,None,None,None,None,None,None,None,None,None,None,None,None,None,None,None,None,None,None,None,None,None,None,None,None,None,None,None,None,None,None,None,None,None,None,None,None,None,None,None,None,None,None,None,None,None,None
44c6f662503a7259351b0effeba92893,1778586295805429,Vit PRINDIS,PRINDIS,Vit,2009-06-20,2009,MK1,CZE,20,157,13.95,8.67;ICF World ranking Prague 2009; qp:2.43,None,None,None,19.23;Tatra slalom Liptovsky Mikulas 2009; qp:2.36,None,None,None,None,None,None,None,None,None,None,None,None,None,None,None,None,None,None,None,None,None,None,None,None,None,None,None,None,None,None,None,None,None,None,None,None,None,None,None,None,None,None,None,None,None,None,None,None,None,None,None,None,None,None,None,None,None,None,None,None,None,None,None,None,None,None,None,None,None,None,None,None,None,None,None,None,None,None,None,None,None,None,None,None,None,None,None,None,None,None,None,None,None,None,None
